data,hora,natureza_acidente,situacao,bairro,endereco,numero,detalhe_endereco_acidente,complemento,endereco_cruzamento,numero_cruzamento,referencia_cruzamento,bairro_cruzamento,num_semaforo,sentido_via,tipo,descricao,auto,moto,ciclom,ciclista,pedestre,onibus,caminhao,viatura,outros,vitimas,vitimasfatais,acidente_verificado,tempo_clima,situacao_semaforo,sinalizacao,condicao_via,conservacao_via,ponto_controle,situacao_placa,velocidade_max_via,mao_direcao,divisao_via1,divisao_via2,divisao_via3
2018-01-11,10:46:00,SEM VÍTIMA,FINALIZADA,SANTO AMARO,RUA BARROS BARRETO,,,E/F A ESCOLA ESTADUAL ESTACIO COIMBRA,RUA BARROS BARRETO,,E/F A ESCOLA ESTADUAL ESTACIO COIMBRA,SANTO AMARO,,,COLISÃO,SEM VÍTIMAS,2,,,,,,,,,0,,,,,,,,,,,,,,
2018-01-11,10:55:00,SEM VÍTIMA,FINALIZADA,SANTO AMARO,AV GOVERNADOR AGAMENON MAGALHAES,,,SEMAforo 049 SOBRE A PONTE SENTIDO SANTO AMARO,AV GOVERNADOR AGAMENON MAGALHAES,,SEMAforo 049 SOBRE A PONTE SENTIDO SANTO AMARO,SANTO AMARO,,,CHOQUE,VEICULO CHOCOU-SE COM O POSTE DO SEMAFORO,1,,,,,,,,,0,,,,,,,,,,,,,,
2018-01-11,11:19:00,SEM VÍTIMA,FINALIZADA,SAN MARTIN,AV GENERAL SAN MARTIN,,,PRÓXIMO A LOMBADA ELETRÔNICA E A CAVALARIA DA PMPE,AV GENERAL SAN MARTIN,,PRÓXIMO A LOMBADA ELETRÔNICA E A CAVALARIA DA PMPE,SAN MARTIN,,,COLISÃO,ENVOLVENDO A VIATURA DA PMPE E AUTO PASSEIO,1,,,,,,,1,,0,,,,,,,,,,,,,,
2018-01-11,11:30:00,SEM VÍTIMA,FINALIZADA,ILHA DO LEITE,RUA DOS COELHOS,,,EM FRENTE DA ESCOLA MUNICIPAL DOS COELHO,RUA DOS COELHOS,,EM FRENTE DA ESCOLA MUNICIPAL DOS COELHO,ILHA DO LEITE,,,COLISÃO,COL.S/V,2,,,,,,,,,0,,,,,,,,,,,,,,
2018-01-11,12:20:00,COM VÍTIMA,FINALIZADA,BOA VISTA,TRV CORREIA NETO,,,AO LADO DA ASSEMBLEIA LEGISLATIVA,TRV CORREIA NETO,,AO LADO DA ASSEMBLEIA LEGISLATIVA,BOA VISTA,,,COLISÃO,COLISÃO COM VITIMA,1,1,,,,,,,,1,,,,,,,,,,,,,,
2018-01-11,12:28:00,SEM VÍTIMA,FINALIZADA,ESTÂNCIA,RUA SAO MIGUEL,2072,,PROX. AO COLEGIO VISAO  EM FRENTE AO POSTO IPIRANGA  SENTIDO AREIAS,RUA SAO MIGUEL,2072,PROX. AO COLEGIO VISAO  EM FRENTE AO POSTO IPIRANGA  SENTIDO AREIAS,ESTÂNCIA,,,COLISÃO,AUTO E CAMINHAO,1,,,,,,1,,,0,,,,,,,,,,,,,,
2018-01-11,12:37:00,SEM VÍTIMA,FINALIZADA,JARDIM SÃO PAULO,AV RECIFE,,,EM FRENTE AO POSTO TOTAL  SEMAFORO 261  SENTIDO BR,AV RECIFE,,EM FRENTE AO POSTO TOTAL  SEMAFORO 261  SENTIDO BR,JARDIM SÃO PAULO,,,ENGAVETAMENTO,TREA AUTOS,3,,,,,,,,,0,,,,,,,,,,,,,,
2018-01-11,13:02:00,SEM VÍTIMA,FINALIZADA,ILHA DO RETIRO,RUA SPORT CLUBE DO RECIFE,,,EM FRENTE AO TÚNEL CHICO SCIENCE,RUA SPORT CLUBE DO RECIFE,,EM FRENTE AO TÚNEL CHICO SCIENCE,ILHA DO RETIRO,,,COLISÃO,COLISÃO SEM VÍTIMA,2,,,,,,,,,0,,,,,,,,,,,,,,
2018-01-11,13:35:00,SEM VÍTIMA,FINALIZADA,BOA VIAGEM,RUA RIBEIRO DE BRITO,530,,NA RUA DO CANAL  SENTIDO TANGREDO NEVES / GALERIA DO EMPRESARIAL MONTEIRO DE MELO,RUA RIBEIRO DE BRITO,530,NA RUA DO CANAL  SENTIDO TANGREDO NEVES / GALERIA DO EMPRESARIAL MONTEIRO DE MELO,BOA VIAGEM,,,COLISÃO,COLISÃO SEM VITIMAS,2,,,,,,,,,0,,,,,,,,,,,,,,
2018-01-11,13:53:00,COM VÍTIMA,FINALIZADA,IPSEP,RUA FRANCISCO BARRETO,,,DEFRONTE AO 19º,RUA FRANCISCO BARRETO,,DEFRONTE AO 19º,IPSEP,,,COLISÃO,COLISÃO COM VITIMA/ CARRO E MOTO,1,1,,,,,,,,1,,,,,,,,,,,,,,
2018-01-11,14:19:00,SEM VÍTIMA,FINALIZADA,GUABIRABA,AV DA RECUPERACAO,,,PERTO DO LADO DA MARACANÃ,AV DA RECUPERACAO,,PERTO DO LADO DA MARACANÃ,GUABIRABA,,,COLISÃO,COLISÃO SEM VITIMAS,1,,,,,1,,,,0,,,,,,,,,,,,,,
2018-01-11,14:20:00,SEM VÍTIMA,FINALIZADA,BOA VIAGEM,AV CONSELHEIRO AGUIAR,4741,,AO LADO BRADESCO,AV CONSELHEIRO AGUIAR,4741,AO LADO BRADESCO,BOA VIAGEM,,,COLISÃO,AUTO E ONIBUS ,1,,,,,1,,,,0,,,,,,,,,,,,,,
2018-01-11,15:00:00,SEM VÍTIMA,FINALIZADA,AREIAS,AV RECIFE,,,SENTIDO BOA VIAGEM EM FRENTE AO SUPERMERCADO ECONOMICO,AV RECIFE,,SENTIDO BOA VIAGEM EM FRENTE AO SUPERMERCADO ECONOMICO,AREIAS,,,COLISÃO,COLISÃO SEM VITIMAS,1,1,,,,,,,,0,,,,,,,,,,,,,,
2018-01-11,15:05:00,SEM VÍTIMA,CANCELADA,BEBERIBE,AV BEBERIBE,,,PRAÇA DA CONVENÇÃO EJUNTO AO MERCADO PUBLICO,AV BEBERIBE,,PRAÇA DA CONVENÇÃO EJUNTO AO MERCADO PUBLICO,BEBERIBE,,,COLISÃO,COLISÃO SEM VITMAS,1,,,,,,,,1,0,,,,,,,,,,,,,,
2018-01-11,15:30:00,SEM VÍTIMA,FINALIZADA,BOA VIAGEM,AV CONSELHEIRO AGUIAR,3321,,EM FRENTE AO EDIFICIO NOSSA SENHORA DA PAZ,AV CONSELHEIRO AGUIAR,3321,EM FRENTE AO EDIFICIO NOSSA SENHORA DA PAZ,BOA VIAGEM,,,COLISÃO,COLISÃO SEM VITIMAS,1,1,,,,,,,,0,,,,,,,,,,,,,,
2018-01-11,16:39:00,COM VÍTIMA,FINALIZADA,IMBIRIBEIRA,AV GENERAL MAC ARTHUR,211,,PROX A ESTAÇÃO ANTONIO FALCÃO EM FRENTE A LOJA DE PADARIA PADEIRÃO,AV GENERAL MAC ARTHUR,211,PROX A ESTAÇÃO ANTONIO FALCÃO EM FRENTE A LOJA DE PADARIA PADEIRÃO,IMBIRIBEIRA,,,COLISÃO,COLISÃO COM VITIMA MOTOCICLISTA A ESPERA DO SAMU,1,1,,,,,,,,1,,,,,,,,,,,,,,
2018-01-11,16:59:00,SEM VÍTIMA,FINALIZADA,BOA VISTA,RUA DO HOSPICIO,,,EM FRENTE A LOJA AMERICANA,RUA DO HOSPICIO,,EM FRENTE A LOJA AMERICANA,BOA VISTA,,,COLISÃO,COLISÃO SEM VÍTIMA,2,,,,,,,,,0,,,,,,,,,,,,,,
2018-01-11,17:23:00,SEM VÍTIMA,FINALIZADA,BOA VIAGEM,RUA RIBEIRO DE BRITO,,RUA SIMOES BARBOSA,CRUZ COM A REUA SIMOES BARBOSA EM FRENTE A LOTERICA,RUA RIBEIRO DE BRITO,,CRUZ COM A REUA SIMOES BARBOSA EM FRENTE A LOTERICA,BOA VIAGEM,,,COLISÃO,COLISÃO SEM VITIMAS,2,,,,,,,,,0,,,,,,,,,,,,,,
2018-01-11,18:02:00,SEM VÍTIMA,FINALIZADA,BOA VIAGEM,RUA PADRE CARAPUCEIRO,22,,PROX. DO SHOPPING RECIFE EM FRENTE Á GALERIA SANTO ANTONIO,RUA PADRE CARAPUCEIRO,22,PROX. DO SHOPPING RECIFE EM FRENTE Á GALERIA SANTO ANTONIO,BOA VIAGEM,,,COLISÃO,DOIS AUTOS,2,,,,,,,,,0,,,,,,,,,,,,,,
2018-01-11,19:26:00,SEM VÍTIMA,FINALIZADA,IPSEP,RUA JEAN EMILE FAVRE,,,EM FRENTE Á PRAÇA DA MAURICEIA,RUA JEAN EMILE FAVRE,,EM FRENTE Á PRAÇA DA MAURICEIA,IPSEP,,,COLISÃO,DOIS AUTOS,2,,,,,,,,,0,,,,,,,,,,,,,,
2018-01-11,19:54:00,SEM VÍTIMA,FINALIZADA,DERBY,RUA JENER DE SOUZA,202,RUA AMAURI DE MEDEIROS,CRUZ COM A R AMAURI DE MENDEIROS. PROX AO QUARTEL DO DERBY,RUA JENER DE SOUZA,202,CRUZ COM A R AMAURI DE MENDEIROS. PROX AO QUARTEL DO DERBY,DERBY,,,COLISÃO,ÕNIBUAS E AUTO. S/V,1,,,,,,,,,0,,,,,,,,,,,,,,
2018-01-11,20:53:00,SEM VÍTIMA,FINALIZADA,CASA AMARELA,RUA CONS NABUCO,444,,ESQUINA COM O EDF DORIA CAMARO / PROX AO POSTO BR,RUA CONS NABUCO,444,ESQUINA COM O EDF DORIA CAMARO / PROX AO POSTO BR,CASA AMARELA,,,COLISÃO,2 AUTOS. S/V,2,,,,,,,,,0,,,,,,,,,,,,,,
2018-01-11,21:12:00,SEM VÍTIMA,FINALIZADA,SANTO AMARO,RUA TREZE DE MAIO,,,EM FRENTE DO CENTRO EDUCACIONAL,RUA TREZE DE MAIO,,EM FRENTE DO CENTRO EDUCACIONAL,SANTO AMARO,,,COLISÃO,DOIS AUTOS  VT-15 NO LOCAL,2,,,,,,,,,0,,,,,,,,,,,,,,
2018-01-11,21:36:00,COM VÍTIMA,CANCELADA,VÁRZEA,AV AFONSO OLINDENSE,730,,ANTES DA LOMBADA ELETRONICA,AV AFONSO OLINDENSE,730,ANTES DA LOMBADA ELETRONICA,VÁRZEA,,,COLISÃO,MOTO E AUTO,1,1,,,,,,,,1,,,,,,,,,,,,,,
2018-01-11,23:08:00,SEM VÍTIMA,FINALIZADA,VASCO DA GAMA,RUA CANAPI,56,,E/F A ESCOLA CHICO SCIENCE E PROX A QUDRA DO VASCO // CASA,RUA CANAPI,56,E/F A ESCOLA CHICO SCIENCE E PROX A QUDRA DO VASCO // CASA,VASCO DA GAMA,,,CHOQUE,CHOQUE ENTRE AUTO PASSEIO E PORTÃO DE GARAGEM . S/V,1,,,,,,,,,0,,,,,,,,,,,,,,
2018-01-12,05:38:00,VÍTIMA FATAL,FINALIZADA,IMBIRIBEIRA,VIADUTO TANCREDO NEVES,,,EM CIMA DO VIADUTO TANCREDO NEVES,VIADUTO TANCREDO NEVES,,EM CIMA DO VIADUTO TANCREDO NEVES,IMBIRIBEIRA,,,COLISÃO,MOTOCICLISTA BATEU NA MURETA E CAIU SOB VIADUTO,,1,,,,,,,,,1,,,,,,,,,,,,,
2018-01-12,06:01:00,SEM VÍTIMA,CANCELADA,IPSEP,RUA JEAN EMILE FAVRE,,RUA BLUMENAU,CRUZAMENTO COM A RUA BLUMENAU SEMAFORO 101,RUA JEAN EMILE FAVRE,,CRUZAMENTO COM A RUA BLUMENAU SEMAFORO 101,IPSEP,,,COLISÃO,SEM VITIMAS,2,,,,,,,,,0,,,,,,,,,,,,,,
2018-01-12,06:38:00,SEM VÍTIMA,FINALIZADA,TORRÕES,AV BICENTENARIO DA REVOLUCAO FRANCESA,95,,EM FRENTE DA LOJINHA FRANCER,AV BICENTENARIO DA REVOLUCAO FRANCESA,95,EM FRENTE DA LOJINHA FRANCER,TORRÕES,,,COLISÃO,COL.S/V SET.CD,1,,,,,,1,,,0,,,,,,,,,,,,,,
2018-01-12,06:56:00,COM VÍTIMA,FINALIZADA,MONTEIRO,AV DEZESSETE DE AGOSTO,2078,,EM FRENTE A ESCOLA SILVA JARDIM,AV DEZESSETE DE AGOSTO,2078,EM FRENTE A ESCOLA SILVA JARDIM,MONTEIRO,,,COLISÃO,COLISÃO COM VITIMA A ESPERA DO SAMU,,1,,,,1,,,,1,,,,,,,,,,,,,,
2018-01-12,07:25:00,COM VÍTIMA,CANCELADA,CAMPO GRANDE,RUA CATULO DA PAIXAO CEARENSE,480,RUA PROFESSOR FRANCISCO TRINDADE,CRUZ RUA PROFESSOR FRANCISCO DA TRINDADE,RUA CATULO DA PAIXAO CEARENSE,480,CRUZ RUA PROFESSOR FRANCISCO DA TRINDADE,CAMPO GRANDE,,,COLISÃO,VAN E MOTO,1,1,,,,,,,,2,,,,,,,,,,,,,,
2018-01-12,07:49:00,SEM VÍTIMA,FINALIZADA,BOA VIAGEM,RUA PADRE CARAPUCEIRO,590,,EM FRENTE AO COLEGIO MOTIVO,RUA PADRE CARAPUCEIRO,590,EM FRENTE AO COLEGIO MOTIVO,BOA VIAGEM,,,COLISÃO,COLISÃO SEM VITIMAS,1,,,,,,,,1,0,,,,,,,,,,,,,,
2018-01-12,07:52:00,SEM VÍTIMA,FINALIZADA,BOA VISTA,RUA DA SOLEDADE,293,,NA RUA DO ALTINO VENTURA,RUA DA SOLEDADE,293,NA RUA DO ALTINO VENTURA,BOA VISTA,,,COLISÃO,COL.S/V,2,,,,,,,,,0,,,,,,,,,,,,,,
2018-01-12,07:57:00,SEM VÍTIMA,FINALIZADA,CAMPO GRANDE,RUA FRANKLIN TAVORA,24,,EM AO EDF HENRIQUE TAVORA,RUA FRANKLIN TAVORA,24,EM AO EDF HENRIQUE TAVORA,CAMPO GRANDE,,,COLISÃO,DOIS AUTOS,2,,,,,,,,,0,,,,,,,,,,,,,,
2018-01-12,08:33:00,SEM VÍTIMA,FINALIZADA,CAXANGÁ,AV JOAQUIM RIBEIRO,,,EM FRENTE AO TERMINAL DE ONIBUS PADRE CICERO SENT CIDADE,AV JOAQUIM RIBEIRO,,EM FRENTE AO TERMINAL DE ONIBUS PADRE CICERO SENT CIDADE,CAXANGÁ,,,COLISÃO,TRES AUTOS,2,,,,,,,,,0,,,,,,,,,,,,,,
2018-01-12,10:15:00,SEM VÍTIMA,FINALIZADA,CORDEIRO,AV CAXANGA,2200,,EM FRENTE DA EXPOSIÇÃO DE ANIMAL DO CORDEIRO,AV CAXANGA,2200,EM FRENTE DA EXPOSIÇÃO DE ANIMAL DO CORDEIRO,CORDEIRO,,,COLISÃO,COL. S/V SET.SUB,1,,,,,,1,,,0,,,,,,,,,,,,,,
2018-01-12,10:50:00,SEM VÍTIMA,CANCELADA,ESTÂNCIA,AV RECIFE,924,,AO LADO DA FARMACIA BIG BEN,AV RECIFE,924,AO LADO DA FARMACIA BIG BEN,ESTÂNCIA,,,COLISÃO,COLISÃO SEM VITIMAS,1,1,,,,,,,,0,,,,,,,,,,,,,,
2018-01-12,11:03:00,SEM VÍTIMA,FINALIZADA,CASA AMARELA,EST DO ARRAIAL,3407,,AO DA FARMACIA PAGUE MENOS,EST DO ARRAIAL,3407,AO DA FARMACIA PAGUE MENOS,CASA AMARELA,,,COLISÃO,SEM VITIMAS IDOSO ENVOLVIDO NA COLISÃO,2,,,,,,,,,0,,,,,,,,,,,,,,
2018-01-12,11:07:00,SEM VÍTIMA,FINALIZADA,BOA VISTA,RUA MONTE CASTELO,,,SENTIDO AGAMENON MAGALHAES EM FRENTE AO BANCO SANTANDER,RUA MONTE CASTELO,,SENTIDO AGAMENON MAGALHAES EM FRENTE AO BANCO SANTANDER,BOA VISTA,,,COLISÃO,COLISÃO SEM VITIMAS,2,,,,,,,,,0,,,,,,,,,,,,,,
2018-01-12,11:12:00,SEM VÍTIMA,CANCELADA,ROSARINHO,AV NORTE,,,PRAÇA DO ROSARINHO  SEMAFORO 081,AV NORTE,,PRAÇA DO ROSARINHO  SEMAFORO 081,ROSARINHO,,,COLISÃO,SEM VITIMAS,2,,,,,,,,,0,,,,,,,,,,,,,,
2018-01-12,11:42:00,SEM VÍTIMA,FINALIZADA,MANGABEIRA,RUA GUIMARAES PEIXOTO,405,,EM FRENTE AO EDF/SENA  NO RETORNO SENT. CAMPO DO ARRUDA EM FRENTE DO SESC,RUA GUIMARAES PEIXOTO,405,EM FRENTE AO EDF/SENA  NO RETORNO SENT. CAMPO DO ARRUDA EM FRENTE DO SESC,MANGABEIRA,,,COLISÃO,COL.S/V CD,1,,,,,,1,,,0,,,,,,,,,,,,,,
2018-01-12,12:07:00,SEM VÍTIMA,FINALIZADA,ARRUDA,AV PROFESSOR JOSE DOS ANJOS,,EST VELHA DE AGUA FRIA,CRUZ COM A EST VELHA DE ÁGUA FRIA / SEMÁFORO 306.- SNT BEBERIBE,AV PROFESSOR JOSE DOS ANJOS,,CRUZ COM A EST VELHA DE ÁGUA FRIA / SEMÁFORO 306.- SNT BEBERIBE,ARRUDA,,,COLISÃO,ENTRE AUTO E MOTO. S/V,1,1,,,,,,,,0,,,,,,,,,,,,,,
2018-01-12,12:07:00,SEM VÍTIMA,CANCELADA,ALTO JOSÉ DO PINHO,RUA CABO EPITACIO LUCENA,136,,NA RUA DO RESTAURANTE DA PICANHA,RUA CABO EPITACIO LUCENA,136,NA RUA DO RESTAURANTE DA PICANHA,ALTO JOSÉ DO PINHO,,,ACID. DE PERCURSO,CAMINHAO TOMBA NO MEIO DA RUA PROX A UMA DECIDA E O MESMO DERRUBOU UM POSTE,,,,,,,1,,,0,,,,,,,,,,,,,,
2018-01-12,12:25:00,SEM VÍTIMA,CANCELADA,APIPUCOS,RUA MASSARANDUBA,20,,PROX AO AÇUDE PROX AO MIRANTE,RUA MASSARANDUBA,20,PROX AO AÇUDE PROX AO MIRANTE,APIPUCOS,,,COLISÃO,DOIS CAMINHOES,,,,,,,2,,,0,,,,,,,,,,,,,,
2018-01-12,12:38:00,SEM VÍTIMA,FINALIZADA,IPSEP,RUA DR RAPOSO PINTO,82,,APÓS AO SUPERMERCADO IGUAÇU  PRIMEIRA RUA A DIREITA,RUA DR RAPOSO PINTO,82,APÓS AO SUPERMERCADO IGUAÇU  PRIMEIRA RUA A DIREITA,IPSEP,,,COLISÃO,2 AUTOS. S/V,2,,,,,,,,,0,,,,,,,,,,,,,,
2018-01-12,12:59:00,SEM VÍTIMA,FINALIZADA,BOA VIAGEM,RUA SETUBAL,1462,RUA BALTAZAR PASSOS,CRUZAMENTO COM A RUA BALTAZAR PASSOS,RUA SETUBAL,1462,CRUZAMENTO COM A RUA BALTAZAR PASSOS,BOA VIAGEM,,,COLISÃO,DOIS AUTO,2,,,,,,,,,0,,,,,,,,,,,,,,
2018-01-12,13:35:00,SEM VÍTIMA,FINALIZADA,BOA VIAGEM,RUA RIBEIRO DE BRITO,830,,APOS A ENTRADA DO SHOPPING RECIFE  GALERIA EMPRESARIAL RIBEIRO DE BRITO,RUA RIBEIRO DE BRITO,830,APOS A ENTRADA DO SHOPPING RECIFE  GALERIA EMPRESARIAL RIBEIRO DE BRITO,BOA VIAGEM,,,COLISÃO,DOIS AUTOS,2,,,,,,,,,0,,,,,,,,,,,,,,
2018-01-12,13:53:00,COM VÍTIMA,CANCELADA,CASA AMARELA,AV NORTE,,,DEPOIS DO SESC DE CASA AMARELA APOIS O SEMAFORO 346,AV NORTE,,DEPOIS DO SESC DE CASA AMARELA APOIS O SEMAFORO 346,CASA AMARELA,,,COLISÃO,MOTO E AUTO,1,1,,,,,,,,1,,,,,,,,,,,,,,
2018-01-12,15:01:00,SEM VÍTIMA,FINALIZADA,GRAÇAS,AV GOVERNADOR AGAMENON MAGALHAES,,RUA JOAQUIM NABUCO,CRUZ COM A R JOAQUIM NABUCO / SEMÁFORO 174. GUARDAS- FABIO PEREIRA E IVANGENILDO FARIAS NO LOCAL,AV GOVERNADOR AGAMENON MAGALHAES,,CRUZ COM A R JOAQUIM NABUCO / SEMÁFORO 174. GUARDAS- FABIO PEREIRA E IVANGENILDO FARIAS NO LOCAL,GRAÇAS,,,COLISÃO,2 AUTOS. S/V,2,,,,,,,,,0,,,,,,,,,,,,,,
2018-01-12,16:40:00,SEM VÍTIMA,FINALIZADA,SÃO JOSÉ,AV SUL,,,POR BAIXO DO VIADUTO / POR TRÁS DO FORTE DAS 5 PONTAS / SEMÁFORO 072. SNT CIDADE/CENTRO,AV SUL,,POR BAIXO DO VIADUTO / POR TRÁS DO FORTE DAS 5 PONTAS / SEMÁFORO 072. SNT CIDADE/CENTRO,SÃO JOSÉ,,,COLISÃO,ONIBUS E AUTO PASSEIO. S/V,1,,,,,1,,,,0,,,,,,,,,,,,,,
2018-01-12,17:36:00,COM VÍTIMA,FINALIZADA,AFOGADOS,RUA COSME VIANA,,RUA PADRE TEOFILO TWROZ,CRUZ COM A R PADRE TEÓFILO TWORZ. E/F A TUPAN / SEMÁFORO 499,RUA COSME VIANA,,CRUZ COM A R PADRE TEÓFILO TWORZ. E/F A TUPAN / SEMÁFORO 499,AFOGADOS,,,COLISÃO,ENTRE AUTO E MOTO. C/V,1,1,,,,,,,,1,,,,,,,,,,,,,,
2018-01-12,18:04:00,SEM VÍTIMA,EQUIPE NO LOCAL,CASA AMARELA,RUA CASA AMARELA,136,,,RUA CASA AMARELA,136,,CASA AMARELA,,,COLISÃO,DOIS AUTOS,2,,,,,,,,,0,,,,,,,,,,,,,,
2018-01-12,18:26:00,COM VÍTIMA,FINALIZADA,BOA VISTA,RUA VISCONDE DE GOIANA,,RUA MARQUES DE AMORIM,CRUZAMENTO COM A RUA MARQUES DE AMORIM,RUA VISCONDE DE GOIANA,,CRUZAMENTO COM A RUA MARQUES DE AMORIM,BOA VISTA,,,COLISÃO COM CICLISTA,AUTO E CICLISTA,1,,,1,,,,,,1,,,,,,,,,,,,,,
2018-01-12,18:44:00,SEM VÍTIMA,CANCELADA,JARDIM SÃO PAULO,RUA LEANDRO BARRETO,484,,ENF AO SUPERMERCADO LA ROQUE,RUA LEANDRO BARRETO,484,ENF AO SUPERMERCADO LA ROQUE,JARDIM SÃO PAULO,,,COLISÃO,DOIS AUTO,2,,,,,,,,,0,,,,,,,,,,,,,,
2018-01-12,19:00:00,COM VÍTIMA,FINALIZADA,PINA,AV ANTONIO DE GOES,,,POR DENTRO DO TÚNEL MANOEL DE BRITO. SENTIDO AV AGAMENON (QUASE JÁ NA SAÍDA DO TÚNEL),AV ANTONIO DE GOES,,POR DENTRO DO TÚNEL MANOEL DE BRITO. SENTIDO AV AGAMENON (QUASE JÁ NA SAÍDA DO TÚNEL),PINA,,,ENGAVETAMENTO,ENTRE 2 AUTOS E UMA MOTO. C/V,3,1,,,,,,,,1,,,,,,,,,,,,,,
2018-01-12,19:21:00,SEM VÍTIMA,FINALIZADA,VÁRZEA,RUA ABATIA,295,,ENFR AO SUPERMERCADO RIO CLARO,RUA ABATIA,295,ENFR AO SUPERMERCADO RIO CLARO,VÁRZEA,,,COLISÃO,CAMINHAO BAU X AUTO,1,,,,,,1,,,0,,,,,,,,,,,,,,
2018-01-12,19:47:00,SEM VÍTIMA,FINALIZADA,BOA VISTA,RUA MIGUEL COUTO,155,AV GOV CARLOS DE LIMA CAVALCANTI,E/F AO LUCILO MARANHÃO E AO GRUPO ESSENCIAL DE APROVAÇÃO. NO CRUZAMENTO COM AV GOV CARLOS DE LIMA CAVALCANTI. SNT SHOPPING BOA VISTA,RUA MIGUEL COUTO,155,E/F AO LUCILO MARANHÃO E AO GRUPO ESSENCIAL DE APROVAÇÃO. NO CRUZAMENTO COM AV GOV CARLOS DE LIMA CAVALCANTI. SNT SHOPPING BOA VISTA,BOA VISTA,,,COLISÃO,ENTRE 2 AUTOS. S/V,2,,,,,,,,,0,,,,,,,,,,,,,,
2018-01-12,22:59:00,COM VÍTIMA,FINALIZADA,CASA FORTE,AV DEZESSETE DE AGOSTO,1893,,E/F AO BAR CHEF E COLÉGIO MOTIVO,AV DEZESSETE DE AGOSTO,1893,E/F AO BAR CHEF E COLÉGIO MOTIVO,CASA FORTE,,,COLISÃO,ENTRE AUTO E MOTO. C/V,1,1,,,,,,,,1,,,,,,,,,,,,,,
2018-01-13,01:22:00,COM VÍTIMA,CANCELADA,BOA VISTA,AV JOAO DE BARROS,,,ESQUINA COM O POSTO IPIRANGA  PROX AO QUARTEL DOS BOMBEIOS,AV JOAO DE BARROS,,ESQUINA COM O POSTO IPIRANGA  PROX AO QUARTEL DOS BOMBEIOS,BOA VISTA,,,COLISÃO,COLISÃO ENTRE AUTO E MOTO C/V,1,1,,,,,,,,1,,,,,,,,,,,,,,
2018-01-13,08:02:00,SEM VÍTIMA,FINALIZADA,IPUTINGA,RUA SAO MATEUS,510,,EM FRENTE AO EDIFICIO SÃO MATEUS,RUA SAO MATEUS,510,EM FRENTE AO EDIFICIO SÃO MATEUS,IPUTINGA,,,COLISÃO,COLISÃO SEM VITIMAS,1,1,,,,,,,,0,,,,,,,,,,,,,,
2018-01-13,08:14:00,SEM VÍTIMA,FINALIZADA,VÁRZEA,AV AFONSO OLINDENSE,72,,EM FRENTE DA GALERIA SUPER CENTER CAXANGA,AV AFONSO OLINDENSE,72,EM FRENTE DA GALERIA SUPER CENTER CAXANGA,VÁRZEA,,,COLISÃO,COL.S/V SET.SUB,2,,,,,,,,,0,,,,,,,,,,,,,,
2018-01-13,08:30:00,SEM VÍTIMA,FINALIZADA,BOA VIAGEM,RUA CAPITAO ZUZINHA,180,,AO LADO DA PRACINHA DE BOA VIAGEM E A LOCALIZA,RUA CAPITAO ZUZINHA,180,AO LADO DA PRACINHA DE BOA VIAGEM E A LOCALIZA,BOA VIAGEM,,,COLISÃO,COLISÃO SEM VITIMAS,1,,,,,1,,,,0,,,,,,,,,,,,,,
2018-01-13,09:08:00,SEM VÍTIMA,FINALIZADA,CAXANGÁ,AV CAXANGA,,,SENTIDO CIDADE EM FRENTE A CONCESSIONARIA ITALIANA,AV CAXANGA,,SENTIDO CIDADE EM FRENTE A CONCESSIONARIA ITALIANA,CAXANGÁ,,,COLISÃO,COLISÃO SEM VITIMAS,2,,,,,,,,,0,,,,,,,,,,,,,,
2018-01-13,09:11:00,SEM VÍTIMA,CANCELADA,TORRÕES,RUA DO FORTE,251,AV ENG ABDIAS DE CARVALHO,CRUZ COM A AV ABDIAS DE CARVALHO DENTRO DO POSTO DE GASOLINA IPIRANGA,RUA DO FORTE,251,CRUZ COM A AV ABDIAS DE CARVALHO DENTRO DO POSTO DE GASOLINA IPIRANGA,TORRÕES,,,COLISÃO,COLISÃO SEM VITIMAS,2,,,,,,,,,0,,,,,,,,,,,,,,
2018-01-13,09:27:00,SEM VÍTIMA,FINALIZADA,MADALENA,AV ENGENHEIRO ABDIAS DE CARVALHO,,,NO SEMAFORO Nº052,AV ENGENHEIRO ABDIAS DE CARVALHO,,NO SEMAFORO Nº052,MADALENA,,,COLISÃO,COL.S/V.SET..SUB,2,,,,,,1,,,0,,,,,,,,,,,,,,
2018-01-13,09:40:00,SEM VÍTIMA,CANCELADA,SAN MARTIN,AV GENERAL SAN MARTIN,,AV ENG ABDIAS DE CARVALHO,CRUZ COM A AV ABDIAS DE CARVALHO EM FRENTE AO COMPAZ,AV GENERAL SAN MARTIN,,CRUZ COM A AV ABDIAS DE CARVALHO EM FRENTE AO COMPAZ,SAN MARTIN,,,COLISÃO,COLISÃO COM VITIMA A ESPERA DO SAMU,1,1,,,,,,,,0,,,,,,,,,,,,,,
2018-01-13,09:47:00,SEM VÍTIMA,FINALIZADA,ENCRUZILHADA,AV BEBERIBE,,EST DE BELEM,EM FRENTE AO ESTACIONAMENTO DA FARMACIA PAGUE MENOS EM BAIXO DO SEMAFORO 042 (COM ESTRADA DE BELÉM),AV BEBERIBE,,EM FRENTE AO ESTACIONAMENTO DA FARMACIA PAGUE MENOS EM BAIXO DO SEMAFORO 042 (COM ESTRADA DE BELÉM),ENCRUZILHADA,,,COLISÃO,COLISÃO SEM VITIMAS,2,,,,,,,,,0,,,,,,,,,,,,,,