data,hora,natureza_acidente,situacao,bairro,endereco,numero,detalhe_endereco_acidente,complemento,endereco_cruzamento,numero_cruzamento,referencia_cruzamento,bairro_cruzamento,num_semaforo,sentido_via,tipo,descricao,auto,moto,ciclom,ciclista,pedestre,onibus,caminhao,viatura,outros,vitimas,vitimasfatais,acidente_verificado,tempo_clima,situacao_semaforo,sinalizacao,condicao_via,conservacao_via,ponto_controle,situacao_placa,velocidade_max_via,mao_direcao,divisao_via1,divisao_via2,divisao_via3
2018-01-13,09:53:00,SEM VÍTIMA,FINALIZADA,PINA,AV ANTONIO DE GOES,62,,EM FRENTE AO RESTAURANTE BARGAÇO,AV ANTONIO DE GOES,62,EM FRENTE AO RESTAURANTE BARGAÇO,PINA,,,COLISÃO,COLISÃO SEM VITIMAS GM QTH,3,,,,,,,,,0,,,,,,,,,,,,,,
2018-01-13,10:04:00,SEM VÍTIMA,FINALIZADA,ROSARINHO,RUA DR JOSE MARIA,578,RUA BELMIRO CORREIA,CRUZ COM A RUA BELMIRO CORREIA POR TRAS DO HOSPITAL JORGE MEDEIROS,RUA DR JOSE MARIA,578,CRUZ COM A RUA BELMIRO CORREIA POR TRAS DO HOSPITAL JORGE MEDEIROS,ROSARINHO,,,COLISÃO,COLISÃO SEM VITIMAS,1,1,,,,,,,,0,,,,,,,,,,,,,,
2018-01-13,11:37:00,SEM VÍTIMA,FINALIZADA,CASA AMARELA,EST DO ARRAIAL,,,EM FRENTE AO POSTO DE GASOLINA IPIRANGA,EST DO ARRAIAL,,EM FRENTE AO POSTO DE GASOLINA IPIRANGA,CASA AMARELA,,,COLISÃO,COLISÃO SEM VITIMAS,2,,,,,,,,,0,,,,,,,,,,,,,,
2018-01-13,12:07:00,SEM VÍTIMA,FINALIZADA,IBURA,AV MATO GROSSO,268,,RESIDENCIA UR 01 IBURA PROX AO COLEGIO SAMPAIO LUCENA,AV MATO GROSSO,268,RESIDENCIA UR 01 IBURA PROX AO COLEGIO SAMPAIO LUCENA,IBURA,,,COLISÃO,COLISÃO SEM VITIMAS,3,,,,,,,,,0,,,,,,,,,,,,,,
2018-01-13,13:01:00,SEM VÍTIMA,CANCELADA,BOA VIAGEM,AV BOA VIAGEM,2258,,EM FRENTE AO EDIFICIO BETULA,AV BOA VIAGEM,2258,EM FRENTE AO EDIFICIO BETULA,BOA VIAGEM,,,COLISÃO,COLISÃO SEM VÍTIMA,2,,,,,,,,,0,,,,,,,,,,,,,,
2018-01-13,15:31:00,SEM VÍTIMA,FINALIZADA,ARRUDA,RUA ZEFERINO AGRA,,RUA DO MACHADO,CRUZ COM A RUA DO MACHADO EM FRENTE A IGREJA SANTO ANTONIO,RUA ZEFERINO AGRA,,CRUZ COM A RUA DO MACHADO EM FRENTE A IGREJA SANTO ANTONIO,ARRUDA,,,COLISÃO,COLISÃO COM VITIMA SOCORRIDA PELO SAMU,1,1,,,,,,,,0,,,,,,,,,,,,,,
2018-01-13,15:44:00,SEM VÍTIMA,FINALIZADA,BOA VISTA,AV GOVERNADOR AGAMENON MAGALHAES,2997,,EM FRENTE A CAIXA ECONOMICA SENT. OLINDA,AV GOVERNADOR AGAMENON MAGALHAES,2997,EM FRENTE A CAIXA ECONOMICA SENT. OLINDA,BOA VISTA,,,COLISÃO,ONIBUS E AUTO,1,,,,,1,,,,0,,,,,,,,,,,,,,
2018-01-13,15:47:00,COM VÍTIMA,FINALIZADA,CAMPO GRANDE,RUA MARQUES DE BAIPENDI,433,,PROXIMO A PADARIA PAN BENICIO,RUA MARQUES DE BAIPENDI,433,PROXIMO A PADARIA PAN BENICIO,CAMPO GRANDE,,,COLISÃO,COLISÃO COM VÍTIMA,,2,,,,,,,,2,,,,,,,,,,,,,,
2018-01-13,15:49:00,SEM VÍTIMA,FINALIZADA,PINA,AV ANTONIO DE GOES,218,,NA SAIDA DO TUNEL DO PINA DENTRO DO POSTO DE GASOLINA BR,AV ANTONIO DE GOES,218,NA SAIDA DO TUNEL DO PINA DENTRO DO POSTO DE GASOLINA BR,PINA,,,COLISÃO,COLISÃO SEM VITIMAS,2,,,,,,,,,0,,,,,,,,,,,,,,
2018-01-13,16:39:00,SEM VÍTIMA,FINALIZADA,TORRE,AV BEIRA RIO,,,SENTIDO CONDE DO IRAJA NA DESCIDA PONTE DA TORRE,AV BEIRA RIO,,SENTIDO CONDE DO IRAJA NA DESCIDA PONTE DA TORRE,TORRE,,,CHOQUE,COLISÃO SEM VITIMAS,1,,,,,,1,,,0,,,,,,,,,,,,,,
2018-01-13,18:39:00,SEM VÍTIMA,FINALIZADA,CORDEIRO,RUA EURICO DE SOUZA LEAO,651,,PROX AO MERCADO TUDO DE BOM,RUA EURICO DE SOUZA LEAO,651,PROX AO MERCADO TUDO DE BOM,CORDEIRO,,,COLISÃO,TRES AUTO SUSPEITA DE EMBRIAGUEZ,3,,,,,,,,,0,,,,,,,,,,,,,,
2018-01-13,20:04:00,SEM VÍTIMA,FINALIZADA,IMBIRIBEIRA,AV MARECHAL MASCARENHAS DE MORAES,,,PROX. DO ASSAI,AV MARECHAL MASCARENHAS DE MORAES,,PROX. DO ASSAI,IMBIRIBEIRA,,,COLISÃO,DOIS AUTOS,2,,,,,,,,,0,,,,,,,,,,,,,,
2018-01-13,20:15:00,COM VÍTIMA,CANCELADA,ARRUDA,RUA DA REGENERACAO,,RUA DAS MOCAS,COM A RUA DAS MOÇAS  PROX. DO CAMPO DO ARRUDA NO SEMAFORO 472,RUA DA REGENERACAO,,COM A RUA DAS MOÇAS  PROX. DO CAMPO DO ARRUDA NO SEMAFORO 472,ARRUDA,,,COLISÃO,AUTO E MOTO,1,1,,,,,,,,1,,,,,,,,,,,,,,
2018-01-13,20:24:00,SEM VÍTIMA,FINALIZADA,ÁGUA FRIA,RUA DO MACHADO,827,,PROX. DO CALDINHO DO PORTUGA E GRUPO OS IRRESPONSAVEIS,RUA DO MACHADO,827,PROX. DO CALDINHO DO PORTUGA E GRUPO OS IRRESPONSAVEIS,ÁGUA FRIA,,,COLISÃO,DOIS AUTOS,2,,,,,,,,,0,,,,,,,,,,,,,,
2018-01-13,21:21:00,SEM VÍTIMA,FINALIZADA,SANTO AMARO,AV CRUZ CABUGA,,,EM FRENTE AO HOSPITAL DO CANCER,AV CRUZ CABUGA,,EM FRENTE AO HOSPITAL DO CANCER,SANTO AMARO,,,COLISÃO,CAMINHÃO E AUTO,1,,,,,,1,,,0,,,,,,,,,,,,,,
2018-01-13,22:09:00,COM VÍTIMA,FINALIZADA,BOA VIAGEM,AV CONSELHEIRO AGUIAR,4599,,DEPOIS DO MERCADO DE BOA VIAGEM PROX A FARMACIA PAGUE MENOS,AV CONSELHEIRO AGUIAR,4599,DEPOIS DO MERCADO DE BOA VIAGEM PROX A FARMACIA PAGUE MENOS,BOA VIAGEM,,,COLISÃO,AUTO E MOTO,1,1,,,,,,,,1,,,,,,,,,,,,,,
2018-01-13,22:59:00,SEM VÍTIMA,FINALIZADA,SÃO JOSÉ,RUA IMPERIAL,1638,TRV DO GASPAR,CRUZAMENTO COM A TV DO GASPAR E POSTO DESATIVADO,RUA IMPERIAL,1638,CRUZAMENTO COM A TV DO GASPAR E POSTO DESATIVADO,SÃO JOSÉ,,,COLISÃO,DOIS AUTO,2,,,,,,,,,0,,,,,,,,,,,,,,
2018-01-14,02:48:00,SEM VÍTIMA,FINALIZADA,CAMPO GRANDE,RUA ODORICO MENDES,1164,EST DE BELEM,CRUZAMENTO COM A ESTRADA DE BELÉM  EM FRENTE AO COLEGIO JESUS CRUSIFICDO  SEMÁFORO 026,RUA ODORICO MENDES,1164,CRUZAMENTO COM A ESTRADA DE BELÉM  EM FRENTE AO COLEGIO JESUS CRUSIFICDO  SEMÁFORO 026,CAMPO GRANDE,,,COLISÃO,COLISÃO ENTRE DOIS AUTOS S/V,2,,,,,,,,,0,,,,,,,,,,,,,,
2018-01-14,05:50:00,SEM VÍTIMA,FINALIZADA,AFOGADOS,RUA MOTOCOLOMBO,,,PROX DA POLICLINICA AGAMENOM MAGALHÃES  PROX DO BANCO SANTANDER,RUA MOTOCOLOMBO,,PROX DA POLICLINICA AGAMENOM MAGALHÃES  PROX DO BANCO SANTANDER,AFOGADOS,,,CHOQUE,VEÍCULO CHOCOU-SE CONTRA UM POSTE S/V,1,,,,,,,,,0,,,,,,,,,,,,,,
2018-01-14,06:42:00,SEM VÍTIMA,CANCELADA,ENGENHO DO MEIO,RUA FRANCISCO BEZERRA MONTEIRO,686,RUA PANTALEAO CIRNE,EM FRENTE DA CASA DE FESTA  CRUZAMENTO COM RUA PANTALEAO CIRNE  PROX. A EUROFINS,RUA FRANCISCO BEZERRA MONTEIRO,686,EM FRENTE DA CASA DE FESTA  CRUZAMENTO COM RUA PANTALEAO CIRNE  PROX. A EUROFINS,ENGENHO DO MEIO,,,COLISÃO,COLISAO ENTRE DOIS AUTOS S/V,2,,,,,,,,,0,,,,,,,,,,,,,,
2018-01-14,07:14:00,SEM VÍTIMA,FINALIZADA,ILHA DO LEITE,AV GOVERNADOR AGAMENON MAGALHAES,,,SENT/BOA VIAGEM SEMAFORO 069  AO LADO DO HOSPITAL PORTUGUES,AV GOVERNADOR AGAMENON MAGALHAES,,SENT/BOA VIAGEM SEMAFORO 069  AO LADO DO HOSPITAL PORTUGUES,ILHA DO LEITE,,,COLISÃO,SEM VITIMAS  AMBULANCIA DA UPA ENVOLVIDA NA COLISÃO,1,,,,,,,1,,0,,,,,,,,,,,,,,
2018-01-14,08:11:00,SEM VÍTIMA,FINALIZADA,TORREÃO,RUA PADRE MIGUELINHO,,,AO LADO DA PRAÇA  PROX. A IGREJA BATISTA DO FEITOSA,RUA PADRE MIGUELINHO,,AO LADO DA PRAÇA  PROX. A IGREJA BATISTA DO FEITOSA,TORREÃO,,,COLISÃO,AUTO E CAMINHAO DA CTTU,1,,,,,,1,,,0,,,,,,,,,,,,,,
2018-01-14,14:09:00,SEM VÍTIMA,FINALIZADA,AFOGADOS,RUA VINTE E UM DE ABRIL,,,EM FRENTE AO CLUBE FERROVIARIO,RUA VINTE E UM DE ABRIL,,EM FRENTE AO CLUBE FERROVIARIO,AFOGADOS,,,COLISÃO,COLISÃO SEM VÍTIMA,2,,,,,,,,,0,,,,,,,,,,,,,,
2018-01-14,16:04:00,SEM VÍTIMA,EQUIPE EM DESLOCAMENTO,PRADO,AV ENGENHEIRO ABDIAS DE CARVALHO,,,NO SEMÁFORO 057/ SENTIDO CIDADE,AV ENGENHEIRO ABDIAS DE CARVALHO,,NO SEMÁFORO 057/ SENTIDO CIDADE,PRADO,,,COLISÃO,COLISÃO SEM VÍTIMA,2,,,,,,,,,0,,,,,,,,,,,,,,
2018-01-14,18:56:00,SEM VÍTIMA,FINALIZADA,BOA VIAGEM,RUA ENGENHEIRO ZAEL DIOGENES,,AV VISCONDE DE JEQUITINHONHA,C/ AV. VISCONDE JEQUITINHONHA - POR TRÁS DO EDIFÍCIO IUCA,RUA ENGENHEIRO ZAEL DIOGENES,,C/ AV. VISCONDE JEQUITINHONHA - POR TRÁS DO EDIFÍCIO IUCA,BOA VIAGEM,,,COLISÃO,COLISÃO ENTRE DOIS AUTOS SEM VÍTIMAS,,,,,,,,,,0,,,,,,,,,,,,,,
2018-01-14,19:16:00,SEM VÍTIMA,FINALIZADA,TAMARINEIRA,AV NORTE,3388,,PROX A PONTE DO JACARE E POSTO BR SENTIDO CASA AMARELA,AV NORTE,3388,PROX A PONTE DO JACARE E POSTO BR SENTIDO CASA AMARELA,TAMARINEIRA,,,COLISÃO,DOIS AUTO,2,,,,,,,,,0,,,,,,,,,,,,,,
2018-01-14,19:32:00,SEM VÍTIMA,FINALIZADA,ROSARINHO,RUA COUTO MAGALHAES,,,DE FRENTRE AO COLEGIO FAZER CRESECER,RUA COUTO MAGALHAES,,DE FRENTRE AO COLEGIO FAZER CRESECER,ROSARINHO,,,COLISÃO,TAXI X AUTO,2,,,,,,,,,0,,,,,,,,,,,,,,
2018-01-14,20:07:00,COM VÍTIMA,FINALIZADA,CAXANGÁ,AV CAXANGA,5612 A,,NO SEMAFORO 232  EM FRENTE DO RESIDENCIAL CAXANGA E A IGREJA ASSEMBLEIA DE DEUS,AV CAXANGA,5612 A,NO SEMAFORO 232  EM FRENTE DO RESIDENCIAL CAXANGA E A IGREJA ASSEMBLEIA DE DEUS,CAXANGÁ,,,COLISÃO,MOTO E AUTO,1,1,,,,,,,,1,,,,,,,,,,,,,,
2018-01-15,01:55:00,SEM VÍTIMA,FINALIZADA,SÃO JOSÉ,AV SUL,,,PROXIMO AO SEMÁFORO 509,AV SUL,,PROXIMO AO SEMÁFORO 509,SÃO JOSÉ,,,COLISÃO,COLISÃO 2 AUTOS S/VITIMA,2,,,,,,,,,0,,,,,,,,,,,,,,
2018-01-15,02:03:00,COM VÍTIMA,FINALIZADA,BOMBA DO HEMETÉRIO,RUA SAO SEBASTIAO,74,,E/F AO CHAVEIRO DO GORDINHO,RUA SAO SEBASTIAO,74,E/F AO CHAVEIRO DO GORDINHO,BOMBA DO HEMETÉRIO,,,COLISÃO,AUTO X MOTO C/VITIMA,1,1,,,,,,,,1,,,,,,,,,,,,,,
2018-01-15,02:56:00,SEM VÍTIMA,FINALIZADA,AFOGADOS,RUA COSME VIANA,1041,,APÓS O ARMAZÉM CORAL,RUA COSME VIANA,1041,APÓS O ARMAZÉM CORAL,AFOGADOS,,,CHOQUE,VEICULO SE CHOCOU CONTRA UM PRISMA DE CONCRETO  EM SEGUIDA FOI ABANDINADO NA VIA  PELO CONDUTOR.,1,,,,,,,,,0,,,,,,,,,,,,,,
2018-01-15,07:12:00,SEM VÍTIMA,FINALIZADA,BOA VIAGEM,RUA MIRANDA FALCAO,50,,EM FRENTE A GALERIA SANTA RITA,RUA MIRANDA FALCAO,50,EM FRENTE A GALERIA SANTA RITA,BOA VIAGEM,,,COLISÃO,MOTO E AUTO SEM VÍTIMA,1,1,,,,,,,,0,,,,,,,,,,,,,,
2018-01-15,07:55:00,SEM VÍTIMA,CANCELADA,TORRE,RUA JOSE BONIFACIO,,,EM FRENTE DO CARREFOUR .,RUA JOSE BONIFACIO,,EM FRENTE DO CARREFOUR .,TORRE,,,ACID. DE PERCURSO,SEM VÍTIMA - MOTO .,,1,,,,,,,,0,,,,,,,,,,,,,,
2018-01-15,08:01:00,SEM VÍTIMA,FINALIZADA,DERBY,RUA JENER DE SOUZA,629,,EM FRENTE DO CAMPO DE DERBY,RUA JENER DE SOUZA,629,EM FRENTE DO CAMPO DE DERBY,DERBY,,,COLISÃO,SEM VÍTIMA - DOIS AUTOS.,2,,,,,,,,,0,,,,,,,,,,,,,,
2018-01-15,08:23:00,SEM VÍTIMA,FINALIZADA,AREIAS,AV RECIFE,,,EM FRENTE AO HOSPITAL PAM DE AREIAS SENT/BR 232,AV RECIFE,,EM FRENTE AO HOSPITAL PAM DE AREIAS SENT/BR 232,AREIAS,,,COLISÃO,SEM VITIMAS.,2,,,,,,1,,,0,,,,,,,,,,,,,,
2018-01-15,08:30:00,COM VÍTIMA,FINALIZADA,BARRO,AV DR JOSE RUFINO,548,,SENTIDO CIDADE - SUBURBIO,AV DR JOSE RUFINO,548,SENTIDO CIDADE - SUBURBIO,BARRO,,,COLISÃO,COM VITIMA - MOTO E KOMBI,,1,,,,,,,,1,,,,,,,,,,,,,,
2018-01-15,08:37:00,SEM VÍTIMA,CANCELADA,VÁRZEA,AV AFONSO OLINDENSE,1764,,HA 50 METROS DA GARAGEM DO CRT,AV AFONSO OLINDENSE,1764,HA 50 METROS DA GARAGEM DO CRT,VÁRZEA,,,COLISÃO,SEM VITIMAS,1,,,,,1,,,,0,,,,,,,,,,,,,,
2018-01-15,09:42:00,COM VÍTIMA,FINALIZADA,CAXANGÁ,RUA RIBEIRO PESSOA,234,,EM FRENTE AO CONDOMINIO FICOS BENJAMIM,RUA RIBEIRO PESSOA,234,EM FRENTE AO CONDOMINIO FICOS BENJAMIM,CAXANGÁ,,,COLISÃO,COM VITIMA AGUARDANDO BOMBEIROS,1,1,,,,,,,,1,,,,,,,,,,,,,,
2018-01-15,09:44:00,SEM VÍTIMA,CANCELADA,ESTÂNCIA,AV RECIFE,657,,SENTIDO CAXANGÁ. E/F A RADIADORES PEÇAS E SERVIÇOS,AV RECIFE,657,SENTIDO CAXANGÁ. E/F A RADIADORES PEÇAS E SERVIÇOS,ESTÂNCIA,,,COLISÃO,SEM VÍTIMAS,2,,,,,,,,,0,,,,,,,,,,,,,,
2018-01-15,11:03:00,SEM VÍTIMA,FINALIZADA,PAISSANDU,AV GOVERNADOR AGAMENON MAGALHAES,,,SENT OLINDA / DESCIDA DO VIADUTO JOANA BEZERRA FALIXA DA DIREITA,AV GOVERNADOR AGAMENON MAGALHAES,,SENT OLINDA / DESCIDA DO VIADUTO JOANA BEZERRA FALIXA DA DIREITA,PAISSANDU,,,COLISÃO,DOIS AUTOS,2,,,,,,,,,0,,,,,,,,,,,,,,
2018-01-15,11:25:00,COM VÍTIMA,FINALIZADA,IBURA,AV RECIFE,,,SOB O SEMÁFORO 247 SENTIDO BOA VIAGEM,AV RECIFE,,SOB O SEMÁFORO 247 SENTIDO BOA VIAGEM,IBURA,,,COLISÃO,COM VÍTIMA,,1,,,,,,,,2,,,,,,,,,,,,,,
2018-01-15,11:49:00,SEM VÍTIMA,FINALIZADA,GRAÇAS,RUA PAULINO GOMES DE SOUZA,50,,POR TRAS DO COLEGIO SAO LUIS,RUA PAULINO GOMES DE SOUZA,50,POR TRAS DO COLEGIO SAO LUIS,GRAÇAS,,,COLISÃO,DOIS AUTOS,2,,,,,,,,,0,,,,,,,,,,,,,,
2018-01-15,12:03:00,SEM VÍTIMA,FINALIZADA,SANTO AMARO,AV CRUZ CABUGA,,,EM FRENTE AO TACARUNA OLINDA RECIFE,AV CRUZ CABUGA,,EM FRENTE AO TACARUNA OLINDA RECIFE,SANTO AMARO,,,COLISÃO,AUTO E ONIBUS,1,,,,,1,,,,0,,,,,,,,,,,,,,
2018-01-15,12:44:00,SEM VÍTIMA,FINALIZADA,BOA VIAGEM,RUA PROFESSOR JOSE BRANDAO,2682,,AO LADO DO EDF. MIRANTE,RUA PROFESSOR JOSE BRANDAO,2682,AO LADO DO EDF. MIRANTE,BOA VIAGEM,,,ENGAVETAMENTO,TRES AUTOS,3,,,,,,,,,0,,,,,,,,,,,,,,
2018-01-15,13:49:00,COM VÍTIMA,FINALIZADA,ESPINHEIRO,AV JOAO DE BARROS,1311,,EM FRENTE A GALERIA SALES/ SENTIDO SUBURBIO,AV JOAO DE BARROS,1311,EM FRENTE A GALERIA SALES/ SENTIDO SUBURBIO,ESPINHEIRO,,,ACID. DE PERCURSO,GALHOS CAIU SOBRE MOTOCICLISTA OCASIONADO ACIDENTE DE PERCURSO/ COM VÍTIMA,,,,,,,,,,1,,,,,,,,,,,,,,
2018-01-15,14:08:00,SEM VÍTIMA,FINALIZADA,AFLITOS,AV CONS ROSA E SILVA,1455,,EM FRENTE AO SHOPPING ROSA E SILVA,AV CONS ROSA E SILVA,1455,EM FRENTE AO SHOPPING ROSA E SILVA,AFLITOS,,,COLISÃO,DOIS AUTOS S/V,2,,,,,,,,,0,,,,,,,,,,,,,,
2018-01-15,14:14:00,SEM VÍTIMA,FINALIZADA,DOIS IRMÃOS,RUA MANUEL DE MEDEIROS,,,EM FRENTE A ESCOLA LIONS,RUA MANUEL DE MEDEIROS,,EM FRENTE A ESCOLA LIONS,DOIS IRMÃOS,,,COLISÃO,COLISÃO SEM VÍTIMA,1,1,,,,,,,,0,,,,,,,,,,,,,,
2018-01-15,14:40:00,SEM VÍTIMA,FINALIZADA,PINA,AV ANTONIO DE GOES,534,,EM FRENTE A SULAMERICA,AV ANTONIO DE GOES,534,EM FRENTE A SULAMERICA,PINA,,,COLISÃO,COLISÃO SEM VÍTIMA,2,,,,,,,,,0,,,,,,,,,,,,,,
2018-01-15,15:13:00,COM VÍTIMA,FINALIZADA,ENCRUZILHADA,LGO ENCRUZILHADA,,,EM FRENTE A BIG BEN,LGO ENCRUZILHADA,,EM FRENTE A BIG BEN,ENCRUZILHADA,,,ACID. DE PERCURSO,MOTORISTA INF. QUE PASSAGEIRO COLOCOU O BRAÇO PARA FORA DO ONIBUS,,,,,,1,,,,1,,,,,,,,,,,,,,
2018-01-15,15:24:00,SEM VÍTIMA,FINALIZADA,AREIAS,RUA BARROS SOBRINHO,57,,PROX. AO MERCADO DE AREIAS,RUA BARROS SOBRINHO,57,PROX. AO MERCADO DE AREIAS,AREIAS,,,COLISÃO,DOISA AUTOS S/V,2,,,,,,,,,0,,,,,,,,,,,,,,
2018-01-15,15:28:00,SEM VÍTIMA,FINALIZADA,MANGUEIRA,RUA DR JOAO ELISIO,34,,PROX ARMAZEM CONSTROAÇO,RUA DR JOAO ELISIO,34,PROX ARMAZEM CONSTROAÇO,MANGUEIRA,,,COLISÃO,DOIS AUTO E MOTO TRICICLO,2,1,,,,,,,,0,,,,,,,,,,,,,,
2018-01-15,15:30:00,SEM VÍTIMA,FINALIZADA,BONGI,EST DO BONGI,388,,EM FRENTE AO TRANSPORTADORA TBFORTE,EST DO BONGI,388,EM FRENTE AO TRANSPORTADORA TBFORTE,BONGI,,,COLISÃO,COLISÃO SEM VÍTIMA,1,,,,,,,,1,0,,,,,,,,,,,,,,
2018-01-15,15:33:00,SEM VÍTIMA,FINALIZADA,SAN MARTIN,AV GENERAL SAN MARTIN,1449,,EM FRENTE A FACULDADE ESTACIO  SENTIDO SUB.,AV GENERAL SAN MARTIN,1449,EM FRENTE A FACULDADE ESTACIO  SENTIDO SUB.,SAN MARTIN,,,COLISÃO,AUTO E CAMINHAO,1,,,,,,1,,,0,,,,,,,,,,,,,,
2018-01-15,15:37:00,SEM VÍTIMA,FINALIZADA,ESPINHEIRO,AV CONS ROSA E SILVA,,,EM FRENTE AO CLUBE PORTUGUES,AV CONS ROSA E SILVA,,EM FRENTE AO CLUBE PORTUGUES,ESPINHEIRO,,,COLISÃO,COLISÃO SEM VÍTIMA,1,,,,,,1,,,0,,,,,,,,,,,,,,
2018-01-15,16:06:00,SEM VÍTIMA,FINALIZADA,AFOGADOS,RUA COSME VIANA,179,,ENF TROCAO APÓS O HEROS HOTEL,RUA COSME VIANA,179,ENF TROCAO APÓS O HEROS HOTEL,AFOGADOS,,,COLISÃO,DOIS AUTO,2,,,,,,,,,0,,,,,,,,,,,,,,
2018-01-15,16:22:00,SEM VÍTIMA,FINALIZADA,BOA VIAGEM,AV ENGENHEIRO DOMINGOS FERREIRA,604,,ENF ADVOCACIA GERAL DA UNIAO,AV ENGENHEIRO DOMINGOS FERREIRA,604,ENF ADVOCACIA GERAL DA UNIAO,BOA VIAGEM,,,COLISÃO,SANDERO X ONIBUS ,1,,,,,1,,,,0,,,,,,,,,,,,,,
2018-01-15,16:22:00,SEM VÍTIMA,FINALIZADA,IBURA,AV DOIS RIOS,,,PROXIMO AO POSTO BR,AV DOIS RIOS,,PROXIMO AO POSTO BR,IBURA,,,COLISÃO,COLISÃO SEM VÍTIMA,2,,,,,,,,,0,,,,,,,,,,,,,,
2018-01-15,16:27:00,,CANCELADA,BOA VIAGEM,AV ENGENHEIRO DOMINGOS FERREIRA,604,,PARADA 4  EM FRENTE A PROCURADORIA REGIONAL FEDERAL,AV ENGENHEIRO DOMINGOS FERREIRA,604,PARADA 4  EM FRENTE A PROCURADORIA REGIONAL FEDERAL,BOA VIAGEM,,,COLISÃO,AUTO EONIBUS ,1,,,,,1,,,,0,,,,,,,,,,,,,,
2018-01-15,16:42:00,SEM VÍTIMA,FINALIZADA,BONGI,AV ENGENHEIRO ABDIAS DE CARVALHO,,,EM FRENTE A CHESF/ SENTIDO CIDADE,AV ENGENHEIRO ABDIAS DE CARVALHO,,EM FRENTE A CHESF/ SENTIDO CIDADE,BONGI,,,COLISÃO,COLISÃO SEM VÍTIMA,2,,,,,,,,,0,,,,,,,,,,,,,,
2018-01-15,16:51:00,COM VÍTIMA,EQUIPE NO LOCAL,IPSEP,RUA ITAJAI,200,,PROX A PANIFICADORA VALE DO RIO DOCE,RUA ITAJAI,200,PROX A PANIFICADORA VALE DO RIO DOCE,IPSEP,,,COLISÃO,DOIS AUTO OBS MOTORISTA NAS FERRAGENS,2,,,,,,,,,1,,,,,,,,,,,,,,
2018-01-15,17:20:00,SEM VÍTIMA,CANCELADA,ENCRUZILHADA,RUA FERNANDO CESAR,301,AV BEBERIBE,AO LADO DO BANCO DO BRASIL CRUZAMENTO COM AV BEBERIBE,RUA FERNANDO CESAR,301,AO LADO DO BANCO DO BRASIL CRUZAMENTO COM AV BEBERIBE,ENCRUZILHADA,,,COLISÃO,UNO X VOYAGE,2,,,,,,,,,0,,,,,,,,,,,,,,
2018-01-15,17:23:00,SEM VÍTIMA,FINALIZADA,TORRE,RUA CONDE DE IRAJA,327,,EM FRENTE A ASSISTENCIA DA SAMSUNG,RUA CONDE DE IRAJA,327,EM FRENTE A ASSISTENCIA DA SAMSUNG,TORRE,,,COLISÃO,COLISÃO SEM VÍTIMA,1,1,,,,,,,,0,,,,,,,,,,,,,,
2018-01-15,17:51:00,SEM VÍTIMA,FINALIZADA,PARNAMIRIM,RUA JOAO TUDE DE MELO,77,,E/F AO SHOPPING PARNAMIRIM. SNT ÁGUA FRIA,RUA JOAO TUDE DE MELO,77,E/F AO SHOPPING PARNAMIRIM. SNT ÁGUA FRIA,PARNAMIRIM,,,COLISÃO COM CICLISTA,ENTRE AUTO E BICICLETA,1,,,1,,,,,,0,,,,,,,,,,,,,,
2018-01-15,17:59:00,SEM VÍTIMA,FINALIZADA,SANTO ANTÔNIO,AV MARTINS DE BARROS,593,,ENFR AO FORUM THOMAZ DE AQUINO,AV MARTINS DE BARROS,593,ENFR AO FORUM THOMAZ DE AQUINO,SANTO ANTÔNIO,,,COLISÃO,TAXI X UBER,2,,,,,,,,,0,,,,,,,,,,,,,,
2018-01-15,18:04:00,SEM VÍTIMA,FINALIZADA,AFOGADOS,RUA SAO MIGUEL,412,,E/F AO MARCOS' SAPATO / PROX A IGREJA LARGO DA PAZ,RUA SAO MIGUEL,412,E/F AO MARCOS' SAPATO / PROX A IGREJA LARGO DA PAZ,AFOGADOS,,,COLISÃO,ÕNIBUS E AUTO PASSEIO. S/V,1,,,,,1,,,,0,,,,,,,,,,,,,,
2018-01-15,18:21:00,COM VÍTIMA,FINALIZADA,MADALENA,AV VISCONDE DE ALBUQUERQUE,964,RUA JOSE BONIFACIO,PROX AO POSTO IPIRANGA CRUZAMENTO COM A RUA JOSE BONIFACIO,AV VISCONDE DE ALBUQUERQUE,964,PROX AO POSTO IPIRANGA CRUZAMENTO COM A RUA JOSE BONIFACIO,MADALENA,,,COLISÃO COM CICLISTA,ONIBUS X CICLISTA,,,,1,,1,,,,1,,,,,,,,,,,,,,
2018-01-15,18:56:00,SEM VÍTIMA,FINALIZADA,AFOGADOS,RUA SAO MIGUEL,800,,AO LADO DO 14 BATALHAO DE LOGITICA DO EXERCITO / AO LADO DA GUARITA E E/F A RN DISTRIBUIDORA,RUA SAO MIGUEL,800,AO LADO DO 14 BATALHAO DE LOGITICA DO EXERCITO / AO LADO DA GUARITA E E/F A RN DISTRIBUIDORA,AFOGADOS,,,COLISÃO,DOIS AUTO,2,,,,,,,,,0,,,,,,,,,,,,,,
2018-01-15,18:58:00,SEM VÍTIMA,FINALIZADA,CAXANGÁ,RUA EMILIANO BRAGA,185,,E/F AO RESTAURANTE PARAIBANO E PROX AO ANTIGO HIPERBOMPREÇO,RUA EMILIANO BRAGA,185,E/F AO RESTAURANTE PARAIBANO E PROX AO ANTIGO HIPERBOMPREÇO,CAXANGÁ,,,COLISÃO,AUTO E CAMINHÃO. S/V,1,,,,,,1,,,0,,,,,,,,,,,,,,
2018-01-15,19:35:00,SEM VÍTIMA,FINALIZADA,CASA AMARELA,AV NORTE,,,E/F A RECIFICA PADRÃO / SEMÁFORO 095,AV NORTE,,E/F A RECIFICA PADRÃO / SEMÁFORO 095,CASA AMARELA,,,COLISÃO,ÕNIBUS E AUTO PASSEIO. S/V,1,,,,,1,,,,0,,,,,,,,,,,,,,