data,hora,natureza_acidente,situacao,bairro,endereco,numero,detalhe_endereco_acidente,complemento,endereco_cruzamento,numero_cruzamento,referencia_cruzamento,bairro_cruzamento,num_semaforo,sentido_via,tipo,descricao,auto,moto,ciclom,ciclista,pedestre,onibus,caminhao,viatura,outros,vitimas,vitimasfatais,acidente_verificado,tempo_clima,situacao_semaforo,sinalizacao,condicao_via,conservacao_via,ponto_controle,situacao_placa,velocidade_max_via,mao_direcao,divisao_via1,divisao_via2,divisao_via3
2018-01-18,07:40:00,SEM VÍTIMA,FINALIZADA,AFLITOS,AV CONS ROSA E SILVA,1086,,À 100 METROS DO CLUBE NÁUTICO CAPIBARIBE,AV CONS ROSA E SILVA,1086,À 100 METROS DO CLUBE NÁUTICO CAPIBARIBE,AFLITOS,,,CHOQUE,CAMINHÃO CHOCOU COM POSTE SEM VÍTIMA,1,,,,,,,,,0,,,,,,,,,,,,,,
2018-01-18,07:59:00,SEM VÍTIMA,FINALIZADA,AFLITOS,AV CONS ROSA E SILVA,1283,,EM FRENTE AO CALTREN CLUBE,AV CONS ROSA E SILVA,1283,EM FRENTE AO CALTREN CLUBE,AFLITOS,,,COLISÃO,DOIS AUTOS,2,,,,,,,,,0,,,,,,,,,,,,,,
2018-01-18,09:08:00,SEM VÍTIMA,FINALIZADA,IBURA,AV DOIS RIOS,,,AO LADO DO MOTEL GIRADOR,AV DOIS RIOS,,AO LADO DO MOTEL GIRADOR,IBURA,,,COLISÃO,DOIS AUTOS,2,,,,,,,,,0,,,,,,,,,,,,,,
2018-01-18,09:12:00,SEM VÍTIMA,FINALIZADA,PINA,RUA MANOEL DE BRITO,,AV REPUBLICA ARABE UNIDA,COM A AV REPUBLICA UNIDA SEM 659 / SENT PRAIA/ AO LADO DO POSTO POLICIAL,RUA MANOEL DE BRITO,,COM A AV REPUBLICA UNIDA SEM 659 / SENT PRAIA/ AO LADO DO POSTO POLICIAL,PINA,,,COLISÃO,MOTO E AUTO,1,1,,,,,,,,0,,,,,,,,,,,,,,
2018-01-18,09:22:00,SEM VÍTIMA,FINALIZADA,SANTO AMARO,AV GOVERNADOR AGAMENON MAGALHAES,,,EM FRENTE AO MINISTERIO DO TRABALHO SENTIDO CENTRO,AV GOVERNADOR AGAMENON MAGALHAES,,EM FRENTE AO MINISTERIO DO TRABALHO SENTIDO CENTRO,SANTO AMARO,,,COLISÃO,COLISÃO SEM VITIMAS,2,,,,,,,,,0,,,,,,,,,,,,,,
2018-01-18,09:46:00,COM VÍTIMA,FINALIZADA,ENCRUZILHADA,RUA OLIMPIO DE ARROUXELAS GALVAO,73,,EM FRENTE AO CENTRO DE CONVIVÊNCIA GERIÁTRICA SANTA BARBARA,RUA OLIMPIO DE ARROUXELAS GALVAO,73,EM FRENTE AO CENTRO DE CONVIVÊNCIA GERIÁTRICA SANTA BARBARA,ENCRUZILHADA,,,COLISÃO,COLISÃO COM VÍTIMA,1,1,,,,,,,,1,,,,,,,,,,,,,,
2018-01-18,09:56:00,SEM VÍTIMA,CANCELADA,MUSTARDINHA,RUA JOSE BEZERRA CAVALCANTE,,,NUCLEO DA PRAÇA DO ABC,RUA JOSE BEZERRA CAVALCANTE,,NUCLEO DA PRAÇA DO ABC,MUSTARDINHA,,,COLISÃO,COLISÃO SEM VÍTIMA,2,,,,,,,,,0,,,,,,,,,,,,,,
2018-01-18,10:07:00,SEM VÍTIMA,FINALIZADA,TORRE,AV BEIRA RIO,51,,EM FRENTE AO EDF. EQUIPAGE...AO LADO DE UMA BARRACA DE FANTASIAS  ANTES DA ACADEMIA DA CIDADE,AV BEIRA RIO,51,EM FRENTE AO EDF. EQUIPAGE...AO LADO DE UMA BARRACA DE FANTASIAS  ANTES DA ACADEMIA DA CIDADE,TORRE,,,COLISÃO,DOIS AUTOS,2,,,,,,,,,0,,,,,,,,,,,,,,
2018-01-18,10:28:00,SEM VÍTIMA,CANCELADA,PINA,AV ANTONIO DE GOES,,,DENTRO DO TUNEL DO PINA,AV ANTONIO DE GOES,,DENTRO DO TUNEL DO PINA,PINA,,,COLISÃO,COLISÃO SEM VÍTIMA,2,,,,,,,,,0,,,,,,,,,,,,,,
2018-01-18,10:54:00,SEM VÍTIMA,FINALIZADA,CASA AMARELA,AV PROFESSOR JOSE DOS ANJOS,,AV NORTE,PROX. AO SESC  ELA ESTA PARADA NO POSTO PETROBRAZ  SENTIDO ARRUDA,AV PROFESSOR JOSE DOS ANJOS,,PROX. AO SESC  ELA ESTA PARADA NO POSTO PETROBRAZ  SENTIDO ARRUDA,CASA AMARELA,,,COLISÃO,COLISÃO SEM VÍTIMA,1,,,,,,1,,,0,,,,,,,,,,,,,,
2018-01-18,11:03:00,SEM VÍTIMA,FINALIZADA,IPUTINGA,AV CAXANGA,,,PROX. AO BANCO DO BRASIL   SENTIDO SUBURBIO,AV CAXANGA,,PROX. AO BANCO DO BRASIL   SENTIDO SUBURBIO,IPUTINGA,,,COLISÃO,COLISÃO SEM VÍTIMA,2,,,,,,,,,0,,,,,,,,,,,,,,
2018-01-18,11:22:00,COM VÍTIMA,FINALIZADA,MACAXEIRA,AV NORTE,,,SENT CIDADE / SEMAFORO 451,AV NORTE,,SENT CIDADE / SEMAFORO 451,MACAXEIRA,,,COLISÃO,AUTO E MOTO,1,1,,,,,,,,1,,,,,,,,,,,,,,
2018-01-18,12:08:00,SEM VÍTIMA,FINALIZADA,PRADO,AV ENGENHEIRO ABDIAS DE CARVALHO,1142,,EM FRENTE AO POSTO BR/ SENTIDO BR,AV ENGENHEIRO ABDIAS DE CARVALHO,1142,EM FRENTE AO POSTO BR/ SENTIDO BR,PRADO,,,COLISÃO,COLISÃO SEM VÍTIMA,,1,,,,,1,,,0,,,,,,,,,,,,,,
2018-01-18,12:27:00,SEM VÍTIMA,FINALIZADA,CAMPO GRANDE,AV GOVERNADOR AGAMENON MAGALHAES,S/N,,CENTRAL DE FLAGRANTES,AV GOVERNADOR AGAMENON MAGALHAES,S/N,CENTRAL DE FLAGRANTES,CAMPO GRANDE,,,COLISÃO,COLISÃO ENVOLVENDO VIATURA PMPE X MOTOCICLETA SEM VÍTIMA,,,,,,,,,,0,,,,,,,,,,,,,,
2018-01-18,12:34:00,COM VÍTIMA,CANCELADA,BOA VIAGEM,RUA ERNESTO DE PAULA SANTOS,620,,PROX. DO COLEGIO ANCHIETA,RUA ERNESTO DE PAULA SANTOS,620,PROX. DO COLEGIO ANCHIETA,BOA VIAGEM,,,COLISÃO,AUTO E MOTO,1,1,,,,,,,,1,,,,,,,,,,,,,,
2018-01-18,12:45:00,SEM VÍTIMA,FINALIZADA,BOA VIAGEM,RUA PADRE BERNADINO PESSOA,690,,E/F DO COLEGIO SANTA MARIA,RUA PADRE BERNADINO PESSOA,690,E/F DO COLEGIO SANTA MARIA,BOA VIAGEM,,,COLISÃO,COLISAO DE DOIS AUTOS S/V,2,,,,,,,,,0,,,,,,,,,,,,,,
2018-01-18,13:32:00,COM VÍTIMA,FINALIZADA,BONGI,AV ENGENHEIRO ABDIAS DE CARVALHO,,,NO SEMÁFORO 422/ SENTIDO BR,AV ENGENHEIRO ABDIAS DE CARVALHO,,NO SEMÁFORO 422/ SENTIDO BR,BONGI,,,COLISÃO,COLISÃO COM VÍTIMA,1,1,,,,,,,,1,,,,,,,,,,,,,,
2018-01-18,14:00:00,SEM VÍTIMA,FINALIZADA,PINA,RUA IVONETE FERREIRA DA SILVA,54,,AO LADO DO DNIT,RUA IVONETE FERREIRA DA SILVA,54,AO LADO DO DNIT,PINA,,,COLISÃO,COLISÃO SEM VÍTIMA,1,,,,,,1,,,0,,,,,,,,,,,,,,
2018-01-18,14:37:00,SEM VÍTIMA,FINALIZADA,BOA VIAGEM,AV ENGENHEIRO DOMINGOS FERREIRA,,,AO LADO DO CARREFOUR,AV ENGENHEIRO DOMINGOS FERREIRA,,AO LADO DO CARREFOUR,BOA VIAGEM,,,COLISÃO,COLISAO DE ONIBUS E AUTO S/V,,,,,,,,,,0,,,,,,,,,,,,,,
2018-01-18,15:02:00,SEM VÍTIMA,FINALIZADA,SÃO JOSÉ,AV ENGENHEIRO JOSE ESTELITA,,,APOS O VIADULTO SENT. BOA VIAGEM,AV ENGENHEIRO JOSE ESTELITA,,APOS O VIADULTO SENT. BOA VIAGEM,SÃO JOSÉ,,,COLISÃO,DOIS AUTOS E ONIBUS,2,,,,,1,,,,0,,,,,,,,,,,,,,
2018-01-18,15:05:00,SEM VÍTIMA,FINALIZADA,BONGI,AV ENGENHEIRO ABDIAS DE CARVALHO,,,E/F DA SUBWAY S/T CID,AV ENGENHEIRO ABDIAS DE CARVALHO,,E/F DA SUBWAY S/T CID,BONGI,,,ENGAVETAMENTO,ENGAVETAMENTO DE TRES AUTOS E AMBULANCIA DO SAMU,3,,,,,,,,1,0,,,,,,,,,,,,,,
2018-01-18,15:10:00,COM VÍTIMA,FINALIZADA,ENCRUZILHADA,AV JOAO DE BARROS,,,NO SEMÁFORO 043/ SENTIDO CIDADE,AV JOAO DE BARROS,,NO SEMÁFORO 043/ SENTIDO CIDADE,ENCRUZILHADA,,,COLISÃO,COLISÃO COM VÍTIMA,,1,,,,1,,,,1,,,,,,,,,,,,,,
2018-01-18,15:19:00,COM VÍTIMA,FINALIZADA,ÁGUA FRIA,RUA DA REGENERACAO,,RUA DAS MOCAS,CRUZAMENTO COM RUA DAS MOÇAS,RUA DA REGENERACAO,,CRUZAMENTO COM RUA DAS MOÇAS,ÁGUA FRIA,,,COLISÃO,DUAS MOTOCICLETAS,,2,,,,,,,,2,,,,,,,,,,,,,,
2018-01-18,15:45:00,SEM VÍTIMA,CANCELADA,SÃO JOSÉ,RUA SAO JOAO,,,EM FRENTE A GUARDA PATRIMONIAL,RUA SAO JOAO,,EM FRENTE A GUARDA PATRIMONIAL,SÃO JOSÉ,,,COLISÃO,COLISÃO SEM VÍTIMA,2,,,,,,,,,0,,,,,,,,,,,,,,
2018-01-18,16:01:00,,CANCELADA,SÃO JOSÉ,AV ENGENHEIRO JOSE ESTELITA,,,NA DESCIDA DO VIADUTO E/F DOS ARMAZEM S/T BOA VIAGEM,AV ENGENHEIRO JOSE ESTELITA,,NA DESCIDA DO VIADUTO E/F DOS ARMAZEM S/T BOA VIAGEM,SÃO JOSÉ,,,COLISÃO,COLISAO DE DOIS AUTOS S/V,2,,,,,,,,,0,,,,,,,,,,,,,,
2018-01-18,16:05:00,COM VÍTIMA,CANCELADA,ESPINHEIRO,RUA DO ESPINHEIRO,,RUA AMELIA,COM RUA AMELIA  EM FRENTE Á FARMACIA PERNAMBUCO,RUA DO ESPINHEIRO,,COM RUA AMELIA  EM FRENTE Á FARMACIA PERNAMBUCO,ESPINHEIRO,,,COLISÃO,AUTO E MOTO,1,1,,,,,,,,2,,,,,,,,,,,,,,
2018-01-18,16:14:00,COM VÍTIMA,FINALIZADA,PINA,AV HERCULANO BANDEIRA,,,E/F DA CAIXA ECONOMICA FEDERAL,AV HERCULANO BANDEIRA,,E/F DA CAIXA ECONOMICA FEDERAL,PINA,,,COLISÃO COM CICLISTA,COLISAO DE MOTO COM CICLISTA COM VITIMA,,1,,1,,,,,,1,,,,,,,,,,,,,,
2018-01-18,16:30:00,SEM VÍTIMA,FINALIZADA,CASA AMARELA,RUA CONS PERETTI,,,NA RUA DA CAIXA ECONOMICA E/F DA CASA LOTERICA,RUA CONS PERETTI,,NA RUA DA CAIXA ECONOMICA E/F DA CASA LOTERICA,CASA AMARELA,,,COLISÃO,COLISAO DE ONIBUS E AUTO S/V,1,,,,,1,,,,0,,,,,,,,,,,,,,
2018-01-18,17:27:00,SEM VÍTIMA,EQUIPE EM DESLOCAMENTO,CORDEIRO,RUA GOMES TABORDA,1172,,E/F DA CENTRO SERVICE,RUA GOMES TABORDA,1172,E/F DA CENTRO SERVICE,CORDEIRO,,,COLISÃO,COLISA DE QUATRO AUTOS S/V,4,,,,,,,,,0,,,,,,,,,,,,,,
2018-01-18,17:30:00,SEM VÍTIMA,FINALIZADA,BOA VIAGEM,AV ENGENHEIRO DOMINGOS FERREIRA,,,EM FRENTE DO RESTAURANTE PONTEIO,AV ENGENHEIRO DOMINGOS FERREIRA,,EM FRENTE DO RESTAURANTE PONTEIO,BOA VIAGEM,,,COLISÃO,ONIBUS E AUTO,1,,,,,1,,,,0,,,,,,,,,,,,,,
2018-01-18,17:56:00,SEM VÍTIMA,EQUIPE EM DESLOCAMENTO,BOA VISTA,RUA DA AURORA,175,,E/F AO CINEMA SÃO LUIZ,RUA DA AURORA,175,E/F AO CINEMA SÃO LUIZ,BOA VISTA,,,COLISÃO,ENTRE AUTO E ÔNIBUS. S/V,1,,,,,1,,,,0,,,,,,,,,,,,,,
2018-01-18,18:00:00,,CANCELADA,CORDEIRO,RUA GOMES TABORDA,1172,,E/F A CENTRO SERVICE,RUA GOMES TABORDA,1172,E/F A CENTRO SERVICE,CORDEIRO,,,ENGAVETAMENTO,ENTRE 4 AUTOS. S/V,4,,,,,,,,,0,,,,,,,,,,,,,,
2018-01-18,18:28:00,COM VÍTIMA,FINALIZADA,CABANGA,VIADUTO CAPITAO TEMUDO,,,NO FINAL DO CAPITAO TEMUDO PROX A COMPESA SENTIDO RIO MAR PROX A LOMBADA ELETRONICA,VIADUTO CAPITAO TEMUDO,,NO FINAL DO CAPITAO TEMUDO PROX A COMPESA SENTIDO RIO MAR PROX A LOMBADA ELETRONICA,CABANGA,,,COLISÃO,HONDA SIT X MOTO,1,1,,,,,,,,1,,,,,,,,,,,,,,
2018-01-18,18:51:00,SEM VÍTIMA,FINALIZADA,BOA VIAGEM,AV CONSELHEIRO AGUIAR,,RUA DO ATLANTICO,CRUZAMENTO COM A RUA DO ATLANTICO,AV CONSELHEIRO AGUIAR,,CRUZAMENTO COM A RUA DO ATLANTICO,BOA VIAGEM,,,COLISÃO,ONIBUS X AUTO,1,,,,,1,,,,0,,,,,,,,,,,,,,
2018-01-18,19:40:00,SEM VÍTIMA,FINALIZADA,CASA FORTE,RUA SANTANA,171,,E/F AO EDF AGAVE E PROX AO QUARTEL CPOR,RUA SANTANA,171,E/F AO EDF AGAVE E PROX AO QUARTEL CPOR,CASA FORTE,,,COLISÃO,ENTRE 2 AUTOS. S/V,2,,,,,,,,,0,,,,,,,,,,,,,,
2018-01-18,20:35:00,COM VÍTIMA,FINALIZADA,GRAÇAS,RUA AMELIA,,,E/F AO COLÉGIO AGNES // VT 30 NO LOCAL,RUA AMELIA,,E/F AO COLÉGIO AGNES // VT 30 NO LOCAL,GRAÇAS,,,COLISÃO,ENTRE AUTO E MOTO. C/V,1,1,,,,,,,,1,,,,,,,,,,,,,,
2018-01-18,22:17:00,COM VÍTIMA,FINALIZADA,TAMARINEIRA,AV ENGENHEIRO AGAMENON DE MAGALHAES MELO,327,,E/F AO EDF IPER / APÓS O COLÉGIO ANGULO,AV ENGENHEIRO AGAMENON DE MAGALHAES MELO,327,E/F AO EDF IPER / APÓS O COLÉGIO ANGULO,TAMARINEIRA,,,COLISÃO,ENTRE AUTO E MOTO. C/V,1,1,,,,,,,,1,,,,,,,,,,,,,,
2018-01-19,06:20:00,SEM VÍTIMA,FINALIZADA,CASA FORTE,AV DEZESSETE DE AGOSTO,,,EM FRENTE A PAGUE MENOS EM BAIXO DO SEMAFORO 646,AV DEZESSETE DE AGOSTO,,EM FRENTE A PAGUE MENOS EM BAIXO DO SEMAFORO 646,CASA FORTE,,,COLISÃO,COLISÃO SEM VITIMAS,2,,,,,,,,,0,,,,,,,,,,,,,,
2018-01-19,06:58:00,SEM VÍTIMA,FINALIZADA,IBURA,AV DOIS RIOS,,,DEFRONTE AO POSTO TOTAL  SENTIDO CENTRO,AV DOIS RIOS,,DEFRONTE AO POSTO TOTAL  SENTIDO CENTRO,IBURA,,,COLISÃO,COLISÃO SEM VITIMA,1,1,,,,,,,,0,,,,,,,,,,,,,,
2018-01-19,07:10:00,SEM VÍTIMA,CANCELADA,TORRE,RUA CONS THEODORO,33,,E/F AO CENTRO ESPIRITA ANTONIO DE PADUA,RUA CONS THEODORO,33,E/F AO CENTRO ESPIRITA ANTONIO DE PADUA,TORRE,,,COLISÃO,SEM VÍTIMAS,2,,,,,,,,,0,,,,,,,,,,,,,,
2018-01-19,07:47:00,SEM VÍTIMA,FINALIZADA,ILHA JOANA BEZERRA,AV SUL,,,EM FRENTE A SECRETARIA DA FAZENDA / SENT CIDADE,AV SUL,,EM FRENTE A SECRETARIA DA FAZENDA / SENT CIDADE,ILHA JOANA BEZERRA,,,COLISÃO,CAMINHAO E AUTO,1,1,,,,,,,,0,,,,,,,,,,,,,,
2018-01-19,07:56:00,SEM VÍTIMA,FINALIZADA,PRADO,RUA SANTA EDWIRGES,131,,E/F A IGREJA PRESBITERIANA DO PRADO,RUA SANTA EDWIRGES,131,E/F A IGREJA PRESBITERIANA DO PRADO,PRADO,,,COLISÃO,COM UMA VÍTIMA,1,1,,,,,,,,0,,,,,,,,,,,,,,
2018-01-19,07:59:00,SEM VÍTIMA,CANCELADA,IPSEP,AV RECIFE,5536,,DEFRONTE A SO HIDRAULICA  SENTIDO SUBURBIO,AV RECIFE,5536,DEFRONTE A SO HIDRAULICA  SENTIDO SUBURBIO,IPSEP,,,COLISÃO,COLISÃO SEM VITIMA,1,,,,,,1,,,0,,,,,,,,,,,,,,
2018-01-19,08:10:00,SEM VÍTIMA,CANCELADA,ILHA DO RETIRO,RUA SPORT CLUBE DO RECIFE,,,E/F AO CLUBE DO SPORT  SENTIDO CIDADE. SEMÁFORO 367,RUA SPORT CLUBE DO RECIFE,,E/F AO CLUBE DO SPORT  SENTIDO CIDADE. SEMÁFORO 367,ILHA DO RETIRO,,,COLISÃO,SEM VÍTIMAS,2,,,,,,,,,0,,,,,,,,,,,,,,
2018-01-19,08:29:00,SEM VÍTIMA,FINALIZADA,ILHA JOANA BEZERRA,AV CENTRAL,,,EM FRENTE A ESTAÇÃO JOANA BEZERRA SENTIDO AV SUL,AV CENTRAL,,EM FRENTE A ESTAÇÃO JOANA BEZERRA SENTIDO AV SUL,ILHA JOANA BEZERRA,,,COLISÃO,COLISÃO SEM VITIMAS,1,,,,,1,,,,0,,,,,,,,,,,,,,
2018-01-19,08:48:00,SEM VÍTIMA,CANCELADA,ESPINHEIRO,RUA MARQUES DO PARANA,,,JUNTO AO SEMAFORO 056,RUA MARQUES DO PARANA,,JUNTO AO SEMAFORO 056,ESPINHEIRO,,,COLISÃO,COLISÃO SEM VITIMAS,1,1,,,,,,,,0,,,,,,,,,,,,,,
2018-01-19,09:10:00,SEM VÍTIMA,FINALIZADA,IMBIRIBEIRA,AV ANTONIO TORRES GALVAO,252,,DEFRONTE A BREMMER,AV ANTONIO TORRES GALVAO,252,DEFRONTE A BREMMER,IMBIRIBEIRA,,,COLISÃO,COLISÃO SEM VITIMAS,1,,,,,,,,1,0,,,,,,,,,,,,,,
2018-01-19,09:19:00,SEM VÍTIMA,FINALIZADA,BOA VIAGEM,AV ENGENHEIRO DOMINGOS FERREIRA,4070,RUA RIBEIRO DE BRITO,CRUZ COM A RIBEIRO DE BRITO EM FRENTE A LOJA PONTO NATURAL,AV ENGENHEIRO DOMINGOS FERREIRA,4070,CRUZ COM A RIBEIRO DE BRITO EM FRENTE A LOJA PONTO NATURAL,BOA VIAGEM,,,COLISÃO,COLISÃO SEM VITIMAS GM QTH,2,,,,,,,,,0,,,,,,,,,,,,,,
2018-01-19,09:32:00,SEM VÍTIMA,CANCELADA,ILHA JOANA BEZERRA,,,,DEFFRONTE AO FORUM E A ACADEMIA DA CIDADE,,,DEFFRONTE AO FORUM E A ACADEMIA DA CIDADE,ILHA JOANA BEZERRA,,,COLISÃO,COLISÃO SEM VITIMA,,1,,,,1,,,,0,,,,,,,,,,,,,,
2018-01-19,10:36:00,SEM VÍTIMA,FINALIZADA,CAMPO GRANDE,AV GOVERNADOR AGAMENON MAGALHAES,,,E/F A ACADEMIA DA CIDADE  SENTIDO BOA VIAGEM. APÓS A UPINHA DIA TASSO BEZERRA.,AV GOVERNADOR AGAMENON MAGALHAES,,E/F A ACADEMIA DA CIDADE  SENTIDO BOA VIAGEM. APÓS A UPINHA DIA TASSO BEZERRA.,CAMPO GRANDE,,,COLISÃO,SEM VÍTIMAS,,,,,,2,,,,0,,,,,,,,,,,,,,
2018-01-19,10:43:00,SEM VÍTIMA,FINALIZADA,SANTO ANTÔNIO,AV MARTINS DE BARROS,,,DEFRONTE A NAGEM,AV MARTINS DE BARROS,,DEFRONTE A NAGEM,SANTO ANTÔNIO,,,COLISÃO,COLISÃO SEM VITIMA,1,,,,,,1,,,0,,,,,,,,,,,,,,
2018-01-19,11:32:00,SEM VÍTIMA,CANCELADA,IMBIRIBEIRA,AV MARECHAL MASCARENHAS DE MORAES,5803,,E/F AO POSTO IPIRANGA  SENTIDO BOA VIAGEM,AV MARECHAL MASCARENHAS DE MORAES,5803,E/F AO POSTO IPIRANGA  SENTIDO BOA VIAGEM,IMBIRIBEIRA,,,COLISÃO,SEM VÍTIMAS,2,,,,,,,,,0,,,,,,,,,,,,,,
2018-01-19,12:45:00,SEM VÍTIMA,CANCELADA,IPUTINGA,AV CAXANGA,5693,,PROX DA INTEGRAÇAO S/T CID,AV CAXANGA,5693,PROX DA INTEGRAÇAO S/T CID,IPUTINGA,,,COLISÃO,COLISAO DE TRES AUTOS S/V,3,,,,,,,,,0,,,,,,,,,,,,,,
2018-01-19,13:08:00,SEM VÍTIMA,FINALIZADA,IMBIRIBEIRA,AV MARECHAL MASCARENHAS DE MORAES,,,E/F DO GERALDAO S/T CID NO SEMAFORO 290,AV MARECHAL MASCARENHAS DE MORAES,,E/F DO GERALDAO S/T CID NO SEMAFORO 290,IMBIRIBEIRA,,,COLISÃO,COLISAO DE DOIS AUTOS S/V,2,,,,,,,,,0,,,,,,,,,,,,,,
2018-01-19,13:28:00,SEM VÍTIMA,FINALIZADA,BOA VIAGEM,RUA BARAO DE SOUZA LEAO,156,,AO LADO DA PRACINHA DE BOA VIAGEM EM FRENTE A CASA DOS DOCES,RUA BARAO DE SOUZA LEAO,156,AO LADO DA PRACINHA DE BOA VIAGEM EM FRENTE A CASA DOS DOCES,BOA VIAGEM,,,COLISÃO,COLISÃO SEM VITIMAS,2,,,,,,,,,0,,,,,,,,,,,,,,
2018-01-19,14:44:00,SEM VÍTIMA,CANCELADA,BOA VIAGEM,AV BOA VIAGEM,100,,EM FRENTE AO POSTO DE GASOLINA POLO PINA EDIFICIO MARIA CARLA,AV BOA VIAGEM,100,EM FRENTE AO POSTO DE GASOLINA POLO PINA EDIFICIO MARIA CARLA,BOA VIAGEM,,,COLISÃO,COLISÃO SEM VITIMAS,1,,,,,,1,,,0,,,,,,,,,,,,,,
2018-01-19,15:11:00,SEM VÍTIMA,CANCELADA,BOA VIAGEM,AV ENGENHEIRO DOMINGOS FERREIRA,3972,,EM FRENTE AO RESTAURANTE FAMILIA GIULIANO,AV ENGENHEIRO DOMINGOS FERREIRA,3972,EM FRENTE AO RESTAURANTE FAMILIA GIULIANO,BOA VIAGEM,,,COLISÃO,COLISÃO SEM VITIMAS,2,,,,,,,,,0,,,,,,,,,,,,,,
2018-01-19,15:23:00,SEM VÍTIMA,FINALIZADA,SANTO AMARO,RUA PEDRO AFONSO,,,PROX A IGREJA UNIVERSAL EM FRENTE AO DIARIO DE PERNAMBUCO SENTIDO CENTRO,RUA PEDRO AFONSO,,PROX A IGREJA UNIVERSAL EM FRENTE AO DIARIO DE PERNAMBUCO SENTIDO CENTRO,SANTO AMARO,,,COLISÃO,COLISÃO SEM VITIMAS,3,,,,,,,,,0,,,,,,,,,,,,,,
2018-01-19,15:26:00,SEM VÍTIMA,CANCELADA,IMBIRIBEIRA,AV SUL,,AV GENERAL MAC ARTHUR,AO LADO DA ASSEMBLEIA DE DEUS/ CRUZAMENTO COM A AV. GENERAL MAC ARTHUR,AV SUL,,AO LADO DA ASSEMBLEIA DE DEUS/ CRUZAMENTO COM A AV. GENERAL MAC ARTHUR,IMBIRIBEIRA,,,COLISÃO,COLISÃO SEM VITIMAS,2,,,,,,,,,0,,,,,,,,,,,,,,
2018-01-19,16:36:00,SEM VÍTIMA,FINALIZADA,JOANA BEZERRA,VIADUTO CAPITAO TEMUDO,,,EM CIMA DO VIADUTO / SENTIDO BOA VIAGEM,VIADUTO CAPITAO TEMUDO,,EM CIMA DO VIADUTO / SENTIDO BOA VIAGEM,JOANA BEZERRA,,,COLISÃO,COLISÃO SEM VÍTIMA,2,,,,,,,,,0,,,,,,,,,,,,,,
2018-01-19,16:56:00,SEM VÍTIMA,CANCELADA,BOA VIAGEM,AV ENGENHEIRO DOMINGOS FERREIRA,2886,,EM FRENTE AO REI DOS GALETOS/ PISTA DA DIREITA,AV ENGENHEIRO DOMINGOS FERREIRA,2886,EM FRENTE AO REI DOS GALETOS/ PISTA DA DIREITA,BOA VIAGEM,,,COLISÃO,COLISÃO SEM VÍTIMA,3,,,,,,,,,0,,,,,,,,,,,,,,
2018-01-19,17:20:00,SEM VÍTIMA,FINALIZADA,BOA VIAGEM,RUA BARAO DE SOUZA LEAO,,,PROX DO AEROPORTO E/F MAX PISCINAS,RUA BARAO DE SOUZA LEAO,,PROX DO AEROPORTO E/F MAX PISCINAS,BOA VIAGEM,,,COLISÃO,COLISAO ENTRE CARRETA E AUTO S/V,1,,,,,,1,,,0,,,,,,,,,,,,,,
2018-01-19,17:50:00,SEM VÍTIMA,EQUIPE NO LOCAL,MADALENA,RUA COMENDADOR BENTO AGUIAR,84,AV JOSE GONCALVES DE MEDEIROS,CRUZAMENTO COM AV JOSE CONÇALVES DE MEDEIROS,RUA COMENDADOR BENTO AGUIAR,84,CRUZAMENTO COM AV JOSE CONÇALVES DE MEDEIROS,MADALENA,,,COLISÃO,COLISÃO SEM VÍTIMA,2,,,,,,,,,0,,,,,,,,,,,,,,
2018-01-19,18:23:00,SEM VÍTIMA,FINALIZADA,MADALENA,AV ENGENHEIRO ABDIAS DE CARVALHO,,EST DOS REMEDIOS,COM EST. DOS REMEDIOS  EM FRENTE Á FARMACIA BIG BEN NO SEMAFORO 052,AV ENGENHEIRO ABDIAS DE CARVALHO,,COM EST. DOS REMEDIOS  EM FRENTE Á FARMACIA BIG BEN NO SEMAFORO 052,MADALENA,,,COLISÃO,DOIS AUTOS,2,,,,,,,,,0,,,,,,,,,,,,,,
2018-01-19,19:59:00,COM VÍTIMA,FINALIZADA,CASA FORTE,EST DO ENCANAMENTO,751,,PROX. DO HOSPITAL DE OLHOS SANTA LUZIA,EST DO ENCANAMENTO,751,PROX. DO HOSPITAL DE OLHOS SANTA LUZIA,CASA FORTE,,,COLISÃO,VT- DA PM E AUTO,1,,,,,,,1,,2,,,,,,,,,,,,,,
2018-01-19,20:13:00,SEM VÍTIMA,FINALIZADA,MADALENA,RUA REAL DA TORRE,825,,ENF AO ED APOLO E LACUCA OFICINA DE PIZZA,RUA REAL DA TORRE,825,ENF AO ED APOLO E LACUCA OFICINA DE PIZZA,MADALENA,,,COLISÃO,ONIBUS E DOIS AUTO,2,,,,,1,,,,0,,,,,,,,,,,,,,
2018-01-19,20:16:00,COM VÍTIMA,FINALIZADA,PAISSANDU,AV FREI MATIAS TEVES,83,RUA SENADOR JOSE HENRIQUE,CRUZAMENTO COM A RUA SAN .JOSE HENRIQUE,AV FREI MATIAS TEVES,83,CRUZAMENTO COM A RUA SAN .JOSE HENRIQUE,PAISSANDU,,,COLISÃO,ONIBUS X AUTO,1,,,,,1,,,,2,,,,,,,,,,,,,,
2018-01-19,23:19:00,SEM VÍTIMA,FINALIZADA,BOA VIAGEM,AV ARMINDO MOURA,,RUA VISCONDE DE JEQUITINHONHA,CRUZAMENTO COM A JEQUITINHONHA SEMAFORO 258,AV ARMINDO MOURA,,CRUZAMENTO COM A JEQUITINHONHA SEMAFORO 258,BOA VIAGEM,,,COLISÃO,AUTO E CAMINHAO,1,,,,,,1,,,0,,,,,,,,,,,,,,
2018-01-20,00:09:00,SEM VÍTIMA,FINALIZADA,PINA,AV HERCULANO BANDEIRA,434,,PROX DA GALERIA JOANA D´ARC  PROX DA IGREJA NOSSA SENHORA DO ROSÁRIO DO PINA,AV HERCULANO BANDEIRA,434,PROX DA GALERIA JOANA D´ARC  PROX DA IGREJA NOSSA SENHORA DO ROSÁRIO DO PINA,PINA,,,COLISÃO,COLISÃO ENTRE AUTO E MOTO S/V,1,1,,,,,,,,0,,,,,,,,,,,,,,