data,hora,natureza_acidente,situacao,bairro,endereco,numero,detalhe_endereco_acidente,complemento,endereco_cruzamento,numero_cruzamento,referencia_cruzamento,bairro_cruzamento,num_semaforo,sentido_via,tipo,descricao,auto,moto,ciclom,ciclista,pedestre,onibus,caminhao,viatura,outros,vitimas,vitimasfatais,acidente_verificado,tempo_clima,situacao_semaforo,sinalizacao,condicao_via,conservacao_via,ponto_controle,situacao_placa,velocidade_max_via,mao_direcao,divisao_via1,divisao_via2,divisao_via3
2018-02-03,19:55:00,SEM VÍTIMA,FINALIZADA,BOA VIAGEM,RUA ANTONIO FALCAO,499,,AO LADO DA PADARIA PAN FALCAO,RUA ANTONIO FALCAO,499,AO LADO DA PADARIA PAN FALCAO,BOA VIAGEM,,,COLISÃO,DOIS AUTO,2,,,,,,,,,0,,,,,,,,,,,,,,
2018-02-03,20:05:00,SEM VÍTIMA,FINALIZADA,AFLITOS,AV CONS ROSA E SILVA,,AV SANTOS DUMONT,COM A AV SANTOS DUMONT / SEMÁFORO 047,AV CONS ROSA E SILVA,,COM A AV SANTOS DUMONT / SEMÁFORO 047,AFLITOS,,,COLISÃO,ENTRE TÁXI E AUTO PASSEIO. S/V,2,,,,,,,,,0,,,,,,,,,,,,,,
2018-02-03,21:09:00,SEM VÍTIMA,FINALIZADA,AREIAS,RUA IPOJUCA,76,,PROX AO ARMAZÉM ESPERANÇA E O ANTIGO HIPER ( ATUAL WALMART) . SNT JABOATÃO,RUA IPOJUCA,76,PROX AO ARMAZÉM ESPERANÇA E O ANTIGO HIPER ( ATUAL WALMART) . SNT JABOATÃO,AREIAS,,,ENGAVETAMENTO,ENTRE 3 AUTOS. S/V,3,,,,,,,,,0,,,,,,,,,,,,,,
2018-02-03,21:44:00,SEM VÍTIMA,CANCELADA,SANTO AMARO,RUA FREI CASSIMIRO,511,,PROX AO ESPETINHO DA TIA VALERIA E DELEGACIA FREI CASSIMIRO,RUA FREI CASSIMIRO,511,PROX AO ESPETINHO DA TIA VALERIA E DELEGACIA FREI CASSIMIRO,SANTO AMARO,,,COLISÃO,ENTRE AUTO E MOTO. S/V,1,1,,,,,,,,0,,,,,,,,,,,,,,
2018-02-03,22:19:00,SEM VÍTIMA,FINALIZADA,BOA VIAGEM,RUA ANTONIO FALCAO,,RUA FRANCISCO DA CUNHA,CRUZAMENTO COM A RUA FRANCISCO DA CUNHA,RUA ANTONIO FALCAO,,CRUZAMENTO COM A RUA FRANCISCO DA CUNHA,BOA VIAGEM,,,COLISÃO,DOIS AUTO OBS:: SUSPEITA DE EMBRIAGUEZ,2,,,,,,,,,0,,,,,,,,,,,,,,
2018-02-03,23:55:00,SEM VÍTIMA,FINALIZADA,SAN MARTIN,AV GENERAL SAN MARTIN,,,SEMÁFORO 067,AV GENERAL SAN MARTIN,,SEMÁFORO 067,SAN MARTIN,,,COLISÃO,ENTRE CAMINHÃO E ONIBUS. S/V,,,,,,1,1,,,0,,,,,,,,,,,,,,
2018-02-04,06:46:00,COM VÍTIMA,FINALIZADA,MADALENA,RUA PESSOA DE MELO,199,,NA FRENTE DA CORRETORA DE SEGUROS VALENÇA SEGUROS,RUA PESSOA DE MELO,199,NA FRENTE DA CORRETORA DE SEGUROS VALENÇA SEGUROS,MADALENA,,,COLISÃO,COLISÃO COM VITIMA UM DOS CONDUTORES COM SINTOMAS DE EMBRIAGUEZ,2,,,,,,,,,2,,,,,,,,,,,,,,
2018-02-04,11:35:00,COM VÍTIMA,FINALIZADA,SANTO AMARO,AV GOVERNADOR AGAMENON MAGALHAES,,,NA FRENTE DA JEEP  ANTES DA SUBIDA DO VIADUTO  SENTIDO DERBY,AV GOVERNADOR AGAMENON MAGALHAES,,NA FRENTE DA JEEP  ANTES DA SUBIDA DO VIADUTO  SENTIDO DERBY,SANTO AMARO,,,COLISÃO,COLISÃO COM VITIMAS,1,1,,,,,,,,2,,,,,,,,,,,,,,
2018-02-04,12:57:00,SEM VÍTIMA,FINALIZADA,IPSEP,AV RECIFE,,,NO SEMÁFORO 247/ SENTIDO CEASA,AV RECIFE,,NO SEMÁFORO 247/ SENTIDO CEASA,IPSEP,,,COLISÃO,COLISÃO SEM VÍTIMA,,,,,,,,,,0,,,,,,,,,,,,,,
2018-02-04,13:34:00,SEM VÍTIMA,CANCELADA,BOA VIAGEM,RUA BRUNO VELOSO,,,NA SAIDA DO SHOPPING  EM FRENTE AO POSTO BR (VEICULOS ESTAO DENTRO DO POSTO),RUA BRUNO VELOSO,,NA SAIDA DO SHOPPING  EM FRENTE AO POSTO BR (VEICULOS ESTAO DENTRO DO POSTO),BOA VIAGEM,,,COLISÃO,DOIS AUTOS S/V,2,,,,,,,,,0,,,,,,,,,,,,,,
2018-02-04,14:22:00,SEM VÍTIMA,CANCELADA,PAISSANDU,AV GOVERNADOR AGAMENON MAGALHAES,4318,,EM FRENTE AO EMPRESARIAL RENATO DIAS/ SENTIDO BOA VIAGEM,AV GOVERNADOR AGAMENON MAGALHAES,4318,EM FRENTE AO EMPRESARIAL RENATO DIAS/ SENTIDO BOA VIAGEM,PAISSANDU,,,COLISÃO,COLISÃO SEM VÍTIMA,1,,,,,1,,,,0,,,,,,,,,,,,,,
2018-02-04,15:19:00,COM VÍTIMA,FINALIZADA,BONGI,AV ENGENHEIRO ABDIAS DE CARVALHO,,,SEMAFORO 132  SENTIDO ILHA DO RETIRO,AV ENGENHEIRO ABDIAS DE CARVALHO,,SEMAFORO 132  SENTIDO ILHA DO RETIRO,BONGI,,,COLISÃO,AUTO E MOTO,1,1,,,,,,,,1,,,,,,,,,,,,,,
2018-02-04,16:22:00,SEM VÍTIMA,FINALIZADA,BOA VIAGEM,AV BOA VIAGEM,3738,,PROX AO RESTAURANTE ORLA,AV BOA VIAGEM,3738,PROX AO RESTAURANTE ORLA,BOA VIAGEM,,,COLISÃO,DOIS AUTOS S/V  UM DOS ENVOLVIDOS APRESENTA SINAIS DE EMBRIAGUES,2,,,,,,,,,0,,,,,,,,,,,,,,
2018-02-04,17:22:00,COM VÍTIMA,FINALIZADA,ARRUDA,EST VELHA DE AGUA FRIA,,RUA RAMIZ GALVAO,ESQUINA COM A RAMIZ GALVÃO,EST VELHA DE AGUA FRIA,,ESQUINA COM A RAMIZ GALVÃO,ARRUDA,,,COLISÃO,MOTO E AUTO,1,1,,,,,,,,1,,,,,,,,,,,,,,
2018-02-04,17:32:00,COM VÍTIMA,FINALIZADA,ARRUDA,AV PROFESSOR JOSE DOS ANJOS,123,,PROX. AO CAMPO DO ARRUDA,AV PROFESSOR JOSE DOS ANJOS,123,PROX. AO CAMPO DO ARRUDA,ARRUDA,,,ATROPELAMENTO,AUTO E PEDESTRE,1,,,,1,,,,,1,,,,,,,,,,,,,,
2018-02-04,18:15:00,SEM VÍTIMA,FINALIZADA,BOA VIAGEM,AV CONSELHEIRO AGUIAR,4734,,EM FRENTE DO BANCO BRADESCO,AV CONSELHEIRO AGUIAR,4734,EM FRENTE DO BANCO BRADESCO,BOA VIAGEM,,,ENGAVETAMENTO,4 AUTOS,4,,,,,,,,,0,,,,,,,,,,,,,,
2018-02-04,19:38:00,COM VÍTIMA,CANCELADA,CASA FORTE,AV DEZESSETE DE AGOSTO,,,EM FRENTE DO MUSEU DO HOMEM DO NORDESTE  EM FRENTE DO POSTO DE GASOLINA DO POSTO DISLUB,AV DEZESSETE DE AGOSTO,,EM FRENTE DO MUSEU DO HOMEM DO NORDESTE  EM FRENTE DO POSTO DE GASOLINA DO POSTO DISLUB,CASA FORTE,,,COLISÃO,AUTO E MOTO,1,1,,,,,,,,1,,,,,,,,,,,,,,
2018-02-04,19:44:00,SEM VÍTIMA,CANCELADA,NOVA DESCOBERTA,RUA SANTA TEREZA,,,PROX AO DEPÓSITO DE WELLIGTON BEBIDAS E E/F A LANCHONETE RAMOS,RUA SANTA TEREZA,,PROX AO DEPÓSITO DE WELLIGTON BEBIDAS E E/F A LANCHONETE RAMOS,NOVA DESCOBERTA,,,COLISÃO,ENTRE AUTO E ÔNUBOS. S/V,1,,,,,1,,,,0,,,,,,,,,,,,,,
2018-02-04,20:07:00,SEM VÍTIMA,FINALIZADA,TORRE,RUA PADRE ANCHIETA,359,,EM FRENTE Á FARMACIA DROGASIL E PAGUE MENOS,RUA PADRE ANCHIETA,359,EM FRENTE Á FARMACIA DROGASIL E PAGUE MENOS,TORRE,,,COLISÃO,ONIBUS E AUTO,1,,,,,1,,,,0,,,,,,,,,,,,,,
2018-02-04,21:10:00,SEM VÍTIMA,CANCELADA,ESPINHEIRO,RUA DO FUTURO,428,,EM FRENTE DO POSTO DE GASOLINA BR  NO SEMAFORO 188,RUA DO FUTURO,428,EM FRENTE DO POSTO DE GASOLINA BR  NO SEMAFORO 188,ESPINHEIRO,,,COLISÃO,DOIS AUTOS,2,,,,,,,,,0,,,,,,,,,,,,,,
2018-02-05,08:03:00,SEM VÍTIMA,CANCELADA,CABANGA,AV SATURNINO DE BRITO,355,,EM FRENTE A DEFESORIA PUBLICA,AV SATURNINO DE BRITO,355,EM FRENTE A DEFESORIA PUBLICA,CABANGA,,,COLISÃO,DOIS AUTOS,2,,,,,,,,,0,,,,,,,,,,,,,,
2018-02-05,08:17:00,SEM VÍTIMA,CANCELADA,ILHA DO RETIRO,AV ENGENHEIRO ABDIAS DE CARVALHO,,,EM BAIXO DO SEMAFORO 367 EM FRENTE AO ESTADIO DA ILHA DO RETIRO,AV ENGENHEIRO ABDIAS DE CARVALHO,,EM BAIXO DO SEMAFORO 367 EM FRENTE AO ESTADIO DA ILHA DO RETIRO,ILHA DO RETIRO,,,COLISÃO,COLISÃO SEM VITIMAS,1,1,,,,,,,,0,,,,,,,,,,,,,,
2018-02-05,08:23:00,SEM VÍTIMA,FINALIZADA,ESPINHEIRO,AV GOVERNADOR AGAMENON MAGALHAES,3158,,NA FRENTE DA UNIMED RECIFE  SENTIDO BOA VIAGEM,AV GOVERNADOR AGAMENON MAGALHAES,3158,NA FRENTE DA UNIMED RECIFE  SENTIDO BOA VIAGEM,ESPINHEIRO,,,COLISÃO,COLISÃO SEM VÍTIMA,2,,,,,,,,,0,,,,,,,,,,,,,,
2018-02-05,08:39:00,SEM VÍTIMA,FINALIZADA,BOA VIAGEM,AV CONSELHEIRO AGUIAR,1360,RUA FREI LEONARDO,COM A RUA FREI LEONARDO / EM FRENTE A GALERIA CENTRO SUL / SEM 240,AV CONSELHEIRO AGUIAR,1360,COM A RUA FREI LEONARDO / EM FRENTE A GALERIA CENTRO SUL / SEM 240,BOA VIAGEM,,,COLISÃO,CAMINHAO VEICULO OFICIAL,1,,,,,,1,,,0,,,,,,,,,,,,,,
2018-02-05,08:52:00,SEM VÍTIMA,FINALIZADA,ROSARINHO,RUA DR JOSE MARIA,517,RUA DELMIRO GOUVEIA,CRUZ COM A RUA DELMIRO CORREIA EM FRENTE AO EDIFICIO TRES MARIAS,RUA DR JOSE MARIA,517,CRUZ COM A RUA DELMIRO CORREIA EM FRENTE AO EDIFICIO TRES MARIAS,ROSARINHO,,,COLISÃO,COLISÃO SEM VITIMAS,2,,,,,,,,,0,,,,,,,,,,,,,,
2018-02-05,09:06:00,SEM VÍTIMA,FINALIZADA,BOA VISTA,RUA AURORA,457,,SEMAFORO 022 EM FRENTE ASSITENCIA TECNICA WALITA,RUA AURORA,457,SEMAFORO 022 EM FRENTE ASSITENCIA TECNICA WALITA,BOA VISTA,,,COLISÃO,SEM VITIMAS,1,,,,,1,,,,0,,,,,,,,,,,,,,
2018-02-05,09:36:00,COM VÍTIMA,FINALIZADA,ARRUDA,RUA DO MACHADO,,RUA ZEFERINO ALVES,EM FRENTE DE SANTO ANTONIO CRUZ/COM A ZEFERINO ALVES,RUA DO MACHADO,,EM FRENTE DE SANTO ANTONIO CRUZ/COM A ZEFERINO ALVES,ARRUDA,,,COLISÃO,COM UMA VITIMA IDOSA,2,,,,,,,,,1,,,,,,,,,,,,,,
2018-02-05,09:43:00,COM VÍTIMA,FINALIZADA,DOIS IRMÃOS,RUA DOIS IRMAOS,,,EM FRENTE A COMPESA SENT SUB / E AO HORTO DE DOIS IRMAOS,RUA DOIS IRMAOS,,EM FRENTE A COMPESA SENT SUB / E AO HORTO DE DOIS IRMAOS,DOIS IRMÃOS,,,COLISÃO,MOTO E AUTO,1,1,,,,,,,,2,,,,,,,,,,,,,,
2018-02-05,09:58:00,SEM VÍTIMA,FINALIZADA,ESPINHEIRO,RUA MARQUES DO PARANA,209,RUA ALFREDO DE CARVALHO,RUA ALFREDO DE CARVALHO / EM FRENTE AO MARTELINHO DE OURO,RUA MARQUES DO PARANA,209,RUA ALFREDO DE CARVALHO / EM FRENTE AO MARTELINHO DE OURO,ESPINHEIRO,,,COLISÃO,DOIS AUTOS,2,,,,,,,,,0,,,,,,,,,,,,,,
2018-02-05,10:01:00,SEM VÍTIMA,FINALIZADA,ENGENHO DO MEIO,RUA BOM PASTOR,335,,EM FRENTE AO SALÃO DE BELEZA RELANCER HAIR E A CHURRASCARIA CARRETA,RUA BOM PASTOR,335,EM FRENTE AO SALÃO DE BELEZA RELANCER HAIR E A CHURRASCARIA CARRETA,ENGENHO DO MEIO,,,COLISÃO,COLISÃO SEM VITIMAS,2,,,,,,,,,0,,,,,,,,,,,,,,
2018-02-05,10:02:00,SEM VÍTIMA,FINALIZADA,IPUTINGA,RUA EMILIANO BRAGA,96,,AO LADO COSTAMED...SENTIDO CENTRO,RUA EMILIANO BRAGA,96,AO LADO COSTAMED...SENTIDO CENTRO,IPUTINGA,,,COLISÃO,COLISÃO SEM VITIMA,2,,,,,,,,,0,,,,,,,,,,,,,,
2018-02-05,11:16:00,SEM VÍTIMA,FINALIZADA,BOMBA DO HEMETÉRIO,RUA CHA DE ALEGRIA,780,,EM FRENTE A LOJA DE MOVEIS MOVELAC,RUA CHA DE ALEGRIA,780,EM FRENTE A LOJA DE MOVEIS MOVELAC,BOMBA DO HEMETÉRIO,,,COLISÃO,MOTO E AUTO,1,1,,,,,,,,0,,,,,,,,,,,,,,
2018-02-05,11:35:00,SEM VÍTIMA,FINALIZADA,IMBIRIBEIRA,AV MARECHAL MASCARENHAS DE MORAES,,,SENTIDO AFOGADOS EM FRENTE A CAIXA ECONOMICA E AO AEROPORTO,AV MARECHAL MASCARENHAS DE MORAES,,SENTIDO AFOGADOS EM FRENTE A CAIXA ECONOMICA E AO AEROPORTO,IMBIRIBEIRA,,,COLISÃO,COLISÃO SEM VITIMAS,1,,,,,,1,,,0,,,,,,,,,,,,,,
2018-02-05,12:27:00,COM VÍTIMA,FINALIZADA,ILHA DO RETIRO,EST DOS REMEDIOS,2034,,EM FRENTE Á BOB´S E RECIFE NAUTICA OFICINA,EST DOS REMEDIOS,2034,EM FRENTE Á BOB´S E RECIFE NAUTICA OFICINA,ILHA DO RETIRO,,,COLISÃO,CAMINHÃO E MOTO,,1,,,,,1,,,1,,,,,,,,,,,,,,
2018-02-05,13:27:00,SEM VÍTIMA,FINALIZADA,BOA VIAGEM,AV CONSELHEIRO AGUIAR,1156,,ENTRE A CAPELA MENINO JESUS E O COLEGIO LORETO,AV CONSELHEIRO AGUIAR,1156,ENTRE A CAPELA MENINO JESUS E O COLEGIO LORETO,BOA VIAGEM,,,COLISÃO,COLISAO DE ONIBUS E AUTO S/V,1,,,,,1,,,,0,,,,,,,,,,,,,,
2018-02-05,13:33:00,SEM VÍTIMA,FINALIZADA,SANTO AMARO,RUA AURORA,,,NO SEMÁFORO 243,RUA AURORA,,NO SEMÁFORO 243,SANTO AMARO,,,COLISÃO,COLISÃO SEM VÍTIMA,3,,,,,,,,,0,,,,,,,,,,,,,,
2018-02-05,13:33:00,SEM VÍTIMA,FINALIZADA,TORRE,RUA MARCOS ANDRE,,RUA JOSE BONIFACIO,COM A RUA JOSE BONIFACIO E/F DO CARREFOUR DA TORRE NO SEMAFORO 487,RUA MARCOS ANDRE,,COM A RUA JOSE BONIFACIO E/F DO CARREFOUR DA TORRE NO SEMAFORO 487,TORRE,,,COLISÃO,COLISAO DE AUTO E MOTO S/V,1,1,,,,,,,,0,,,,,,,,,,,,,,
2018-02-05,13:45:00,SEM VÍTIMA,FINALIZADA,MADALENA,RUA BENFICA,1008,,EM FRENTE A DPCA,RUA BENFICA,1008,EM FRENTE A DPCA,MADALENA,,,COLISÃO,COLISÃO SEM VÍTIMA,1,,,,,,,,1,0,,,,,,,,,,,,,,
2018-02-05,13:46:00,SEM VÍTIMA,FINALIZADA,BOA VIAGEM,RUA PROFESSOR AUGUSTO LINS E SILVA,196,,E/F DA PADARIA ALÉM DO PÃO,RUA PROFESSOR AUGUSTO LINS E SILVA,196,E/F DA PADARIA ALÉM DO PÃO,BOA VIAGEM,,,COLISÃO,COLISAO DE DOIS AUTOS S/V,2,,,,,,,,,0,,,,,,,,,,,,,,
2018-02-05,14:07:00,SEM VÍTIMA,FINALIZADA,BOA VIAGEM,AV BOA VIAGEM,4070,,GRAND MERCURE HOTEL,AV BOA VIAGEM,4070,GRAND MERCURE HOTEL,BOA VIAGEM,,,COLISÃO,COLISAO DE AUTO E MOTO S/V,1,1,,,,,,,,0,,,,,,,,,,,,,,
2018-02-05,15:02:00,SEM VÍTIMA,FINALIZADA,AFLITOS,AV CONS ROSA E SILVA,322,,ANTES DO HOSPITAL DO SERVIDOR,AV CONS ROSA E SILVA,322,ANTES DO HOSPITAL DO SERVIDOR,AFLITOS,,,COLISÃO,COLISAO DE CAMINHAO E AUTO S/V,1,,,,,,1,,,0,,,,,,,,,,,,,,
2018-02-05,15:07:00,SEM VÍTIMA,CANCELADA,BOA VIAGEM,RUA BARAO DE SOUZA LEAO,,RUA DESEMBARGADOR JOSE NEVES,ESQUINA DO SUPERMERCADO TREVO NO SEMAFORO 476,RUA BARAO DE SOUZA LEAO,,ESQUINA DO SUPERMERCADO TREVO NO SEMAFORO 476,BOA VIAGEM,,,COLISÃO,COLISAO DE DOIS AUTOS S/V,2,,,,,,,,,0,,,,,,,,,,,,,,
2018-02-05,15:17:00,COM VÍTIMA,FINALIZADA,ARRUDA,RUA DO MACHADO,557,,PROX DA IGREJA SANTO ANTONIO,RUA DO MACHADO,557,PROX DA IGREJA SANTO ANTONIO,ARRUDA,,,COLISÃO,COLISAO DE CAMINHAO E MOTO COM UMA VITIMA,,1,,,,,1,,,1,,,,,,,,,,,,,,
2018-02-05,15:29:00,COM VÍTIMA,FINALIZADA,AFLITOS,RUA CARNEIRO VILELA,356,,PROXIMO A GELERIA ESQUINA 48,RUA CARNEIRO VILELA,356,PROXIMO A GELERIA ESQUINA 48,AFLITOS,,,COLISÃO,COLISÃO COM VÍTIMA,1,1,,,,,,,,1,,,,,,,,,,,,,,
2018-02-05,15:46:00,SEM VÍTIMA,FINALIZADA,ILHA DO RETIRO,RUA BENFICA,,,EM FRENTE A PRAÇA DA BANDEIRA,RUA BENFICA,,EM FRENTE A PRAÇA DA BANDEIRA,ILHA DO RETIRO,,,COLISÃO,COLISÃO SEM VÍTIMA,2,,,,,,,,,0,,,,,,,,,,,,,,
2018-02-05,15:59:00,SEM VÍTIMA,FINALIZADA,PINA,RUA CAPITAO REBELINHO,300,,EM FRENTE AO EDIFICIO PUERTO VILLAS,RUA CAPITAO REBELINHO,300,EM FRENTE AO EDIFICIO PUERTO VILLAS,PINA,,,COLISÃO,COLISÃO SEM VÍTIMA,1,1,,,,,,,,0,,,,,,,,,,,,,,
2018-02-05,16:17:00,SEM VÍTIMA,FINALIZADA,SÃO JOSÉ,RUA SAO JOAO,29,,AO LADO DO FORTE DAS CINCO PONTAS E/F DO ESTACIONAMENTO SAN PARK,RUA SAO JOAO,29,AO LADO DO FORTE DAS CINCO PONTAS E/F DO ESTACIONAMENTO SAN PARK,SÃO JOSÉ,,,COLISÃO,COLISAO DE ONIBUS E AUTO S/V,1,,,,,1,,,,0,,,,,,,,,,,,,,
2018-02-05,16:44:00,COM VÍTIMA,EQUIPE EM DESLOCAMENTO,SÃO JOSÉ,AV DANTAS BARRETO,,,C/ RUA SÃO JOÃO,AV DANTAS BARRETO,,C/ RUA SÃO JOÃO,SÃO JOSÉ,,,COLISÃO,UM AUTO DE PLACA NÃO ANOTADA E UMA MOTOCICLETA,1,1,,,,,,,,1,,,,,,,,,,,,,,
2018-02-05,17:26:00,SEM VÍTIMA,FINALIZADA,IMBIRIBEIRA,AV ENGENHEIRO ALVES DE SOUZA,305B,,PROXIMO AO SUBESTAÇÃO DA CELPE,AV ENGENHEIRO ALVES DE SOUZA,305B,PROXIMO AO SUBESTAÇÃO DA CELPE,IMBIRIBEIRA,,,COLISÃO,COLISÃO SEM VÍTIMA,1,1,,,,,,,,0,,,,,,,,,,,,,,
2018-02-05,17:41:00,SEM VÍTIMA,FINALIZADA,GRAÇAS,RUA GUILHERME PINTO,,RUA JOAQUIM NABUCO,COM JOAQUIM NABUCO  PROX. Á ACADEMIA TRENO FITNES,RUA GUILHERME PINTO,,COM JOAQUIM NABUCO  PROX. Á ACADEMIA TRENO FITNES,GRAÇAS,,,COLISÃO,DOIS AUTOS,2,,,,,,,,,0,,,,,,,,,,,,,,
2018-02-05,17:48:00,SEM VÍTIMA,FINALIZADA,IMBIRIBEIRA,AV MARECHAL MASCARENHAS DE MORAES,4561,,AO LADO DO MINISTERIO DO TRABALHO  SENT. CIDADE,AV MARECHAL MASCARENHAS DE MORAES,4561,AO LADO DO MINISTERIO DO TRABALHO  SENT. CIDADE,IMBIRIBEIRA,,,COLISÃO,ONIBUS E AUTO,1,,,,,1,,,,0,,,,,,,,,,,,,,
2018-02-05,18:53:00,SEM VÍTIMA,FINALIZADA,SANTO AMARO,AV NORTE,,,POR TRAS DO CEMITERIO DOS INGLESES,AV NORTE,,POR TRAS DO CEMITERIO DOS INGLESES,SANTO AMARO,,,ENGAVETAMENTO,TRES AUTO,3,,,,,,,,,0,,,,,,,,,,,,,,
2018-02-05,19:10:00,SEM VÍTIMA,CANCELADA,BOA VISTA,RUA PAISSANDU,419,,NA VIA LOCAL SENTIDO OLINDA PROX AO MEMORIAL SAO JOSE,RUA PAISSANDU,419,NA VIA LOCAL SENTIDO OLINDA PROX AO MEMORIAL SAO JOSE,BOA VISTA,,,COLISÃO,DOIS ONIBUS ( E ),,,,,,2,,,,0,,,,,,,,,,,,,,
2018-02-05,19:28:00,COM VÍTIMA,FINALIZADA,PORTO DA MADEIRA,AV BEBERIBE,3390,,E/F AO ARENA IBIZA CLUB  SNT ILHA DO TIRO // PROX AO POSTO IVINI,AV BEBERIBE,3390,E/F AO ARENA IBIZA CLUB  SNT ILHA DO TIRO // PROX AO POSTO IVINI,PORTO DA MADEIRA,,,COLISÃO,ENTRE AUTO E MOTO. C/V,1,1,,,,,,,,1,,,,,,,,,,,,,,
2018-02-05,19:53:00,SEM VÍTIMA,FINALIZADA,BOA VIAGEM,RUA FELIX DE BRITO E MELO,,AV ENG DOMINGO FERREIRA,CRUZAMENTO COM A DOMINGOS FERREIRA,RUA FELIX DE BRITO E MELO,,CRUZAMENTO COM A DOMINGOS FERREIRA,BOA VIAGEM,,,COLISÃO,DOIS AUTO,2,,,,,,,,,0,,,,,,,,,,,,,,
2018-02-05,20:17:00,SEM VÍTIMA,FINALIZADA,SÃO JOSÉ,C SANTA RITA,591,,E/F AS TORRES GÊMEAS E PROX AO 16° BPM BATALHÃO FREI CANECA,C SANTA RITA,591,E/F AS TORRES GÊMEAS E PROX AO 16° BPM BATALHÃO FREI CANECA,SÃO JOSÉ,,,COLISÃO,ENTRE 2 AUTOS. S/V,2,,,,,,,,,0,,,,,,,,,,,,,,
2018-02-05,20:58:00,SEM VÍTIMA,FINALIZADA,MADALENA,AV VISCONDE DE ALBUQUERQUE,205,,E/F A CULTURA INGLESA,AV VISCONDE DE ALBUQUERQUE,205,E/F A CULTURA INGLESA,MADALENA,,,COLISÃO,ENTRE 2 AUTOS. S/V,2,,,,,,,,,0,,,,,,,,,,,,,,
2018-02-05,21:11:00,SEM VÍTIMA,FINALIZADA,CAXANGÁ,AV CAXANGA,,RUA PROF JOAQUIM CAVALCANTI,AO LADO DO VIAUTO DE CAXANGÁ E SUPRANOR RECIFE / CRUZAMENTO COM A R PROF JOAQUIM CAVALCANTI,AV CAXANGA,,AO LADO DO VIAUTO DE CAXANGÁ E SUPRANOR RECIFE / CRUZAMENTO COM A R PROF JOAQUIM CAVALCANTI,CAXANGÁ,,,COLISÃO,ENTRE AUTOS. S/V,2,,,,,,,,,0,,,,,,,,,,,,,,
2018-02-05,22:30:00,SEM VÍTIMA,FINALIZADA,IMBIRIBEIRA,AV MARECHAL MASCARENHAS DE MORAES,,,E/F A TOYOYA E PROX AO TRIBUNAL DO TRABALHO  NA SAIDA DA AV RECIFE / SNT AEROPORTO,AV MARECHAL MASCARENHAS DE MORAES,,E/F A TOYOYA E PROX AO TRIBUNAL DO TRABALHO  NA SAIDA DA AV RECIFE / SNT AEROPORTO,IMBIRIBEIRA,,,COLISÃO,ENTRE AUTO E CAMINHÃO. S/V,1,,,,,,1,,,0,,,,,,,,,,,,,,
2018-02-05,23:42:00,SEM VÍTIMA,FINALIZADA,ENCRUZILHADA,RUA PROFESSOR MIRANDA CURIO,101,,PROX DO BODEGA RETRÔ  EM FRENTE AO TABERNÁCULO ESPIRITA APOSTOLOS CRISTO,RUA PROFESSOR MIRANDA CURIO,101,PROX DO BODEGA RETRÔ  EM FRENTE AO TABERNÁCULO ESPIRITA APOSTOLOS CRISTO,ENCRUZILHADA,,,COLISÃO,COLISÃO ENTRE DOIS AUTOS S/V,2,,,,,,,,,0,,,,,,,,,,,,,,
2018-02-06,06:55:00,COM VÍTIMA,FINALIZADA,SANTO AMARO,AV JOAO DE BARROS,,,SOBRE O VIADUTO  SENTIDO OLINDA,AV JOAO DE BARROS,,SOBRE O VIADUTO  SENTIDO OLINDA,SANTO AMARO,,,COLISÃO,COM UMA VÍTIMA. VT 03 NO LOCAL,1,1,,,,,,,,1,,,,,,,,,,,,,,
2018-02-06,07:12:00,COM VÍTIMA,FINALIZADA,CAMPO GRANDE,AV PROFESSOR JOSE DOS ANJOS,354,,PROX  AO TERMINAL DE CHÃO DE ESTRELAS,AV PROFESSOR JOSE DOS ANJOS,354,PROX  AO TERMINAL DE CHÃO DE ESTRELAS,CAMPO GRANDE,,,COLISÃO,COLISÃO COM VITIMAS,1,1,,,,,,,,1,,,,,,,,,,,,,,
2018-02-06,08:25:00,SEM VÍTIMA,FINALIZADA,CORDEIRO,AV GENERAL SAN MARTIN,,,SEMÁFORO 067  E/F AO POSTO TOTAL,AV GENERAL SAN MARTIN,,SEMÁFORO 067  E/F AO POSTO TOTAL,CORDEIRO,,,COLISÃO,SEM VÍTIMAS. VT 14 NO LOCAL,2,,,,,,,,,0,,,,,,,,,,,,,,
2018-02-06,08:34:00,COM VÍTIMA,FINALIZADA,CAXANGÁ,AV CAXANGA,5073,,E/F A ACADEMIA SHALON E A IGREJA PAZ E VIDA. SENTIDOCIDADE,AV CAXANGA,5073,E/F A ACADEMIA SHALON E A IGREJA PAZ E VIDA. SENTIDOCIDADE,CAXANGÁ,,,ATROPELAMENTO,ATROPELAMENTO SEGUIDO DE COLISÃO. COM UMA VÍTIMA EM ATENDIMENTO PELOS BOMBEIROS.,1,1,,,1,,,,,1,,,,,,,,,,,,,,
2018-02-06,08:35:00,SEM VÍTIMA,FINALIZADA,AFOGADOS,RUA COSME VIANA,1042,,DAFRENTE DA OFICINA RECUPERAÇÃO DE RODAS,RUA COSME VIANA,1042,DAFRENTE DA OFICINA RECUPERAÇÃO DE RODAS,AFOGADOS,,,COLISÃO,COLISÃO SEM VITIMAS,1,,,,,1,,,,0,,,,,,,,,,,,,,
2018-02-06,08:48:00,SEM VÍTIMA,CANCELADA,IPUTINGA,EST DO BARBALHO,247,,E/F AO SALÃO DO REINO DAS TESTEMUNHAS DE JEOVÁ,EST DO BARBALHO,247,E/F AO SALÃO DO REINO DAS TESTEMUNHAS DE JEOVÁ,IPUTINGA,,,COLISÃO,SEM VÍTIMAS.,2,,,,,,,,,0,,,,,,,,,,,,,,