data,hora,natureza_acidente,situacao,bairro,endereco,numero,detalhe_endereco_acidente,complemento,endereco_cruzamento,numero_cruzamento,referencia_cruzamento,bairro_cruzamento,num_semaforo,sentido_via,tipo,descricao,auto,moto,ciclom,ciclista,pedestre,onibus,caminhao,viatura,outros,vitimas,vitimasfatais,acidente_verificado,tempo_clima,situacao_semaforo,sinalizacao,condicao_via,conservacao_via,ponto_controle,situacao_placa,velocidade_max_via,mao_direcao,divisao_via1,divisao_via2,divisao_via3
2018-02-08,10:42:00,SEM VÍTIMA,FINALIZADA,CASA FORTE,AV DEZESSETE DE AGOSTO,375,,APOS O SHOPPING  SENTIDO CENTRO,AV DEZESSETE DE AGOSTO,375,APOS O SHOPPING  SENTIDO CENTRO,CASA FORTE,,,COLISÃO,COLISÃO SEM VITIMA,1,,,,,,1,,,0,,,,,,,,,,,,,,
2018-02-08,10:55:00,SEM VÍTIMA,FINALIZADA,DOIS IRMÃOS,RUA RIBEIRO PESSOA,,,EM FRENTE A FABRICA DE MILHO PINTO FORMOSO,RUA RIBEIRO PESSOA,,EM FRENTE A FABRICA DE MILHO PINTO FORMOSO,DOIS IRMÃOS,,,COLISÃO,DOIS AUTOS S/V,2,,,,,,,,,0,,,,,,,,,,,,,,
2018-02-08,11:38:00,SEM VÍTIMA,FINALIZADA,BOA VIAGEM,RUA DOM JOSE LOPES,871,,EM FRENTE AO RESTAURANTE GUAIAMUM,RUA DOM JOSE LOPES,871,EM FRENTE AO RESTAURANTE GUAIAMUM,BOA VIAGEM,,,COLISÃO,AUTO E CAMINHAO,1,,,,,,1,,,0,,,,,,,,,,,,,,
2018-02-08,12:03:00,SEM VÍTIMA,FINALIZADA,ILHA DO RETIRO,AV ENGENHEIRO ABDIAS DE CARVALHO,,,EM FRENTE AO SPORT CLUB,AV ENGENHEIRO ABDIAS DE CARVALHO,,EM FRENTE AO SPORT CLUB,ILHA DO RETIRO,,,COLISÃO,COM VÍTIMA,1,1,,,,,,,,0,,,,,,,,,,,,,,
2018-02-08,12:03:00,SEM VÍTIMA,FINALIZADA,IMBIRIBEIRA,AV MARECHAL MASCARENHAS DE MORAES,666,,EM FRENTE A LOJA IRMÃOS CARVALHO/ SENTIDO BOA VIAGEM,AV MARECHAL MASCARENHAS DE MORAES,666,EM FRENTE A LOJA IRMÃOS CARVALHO/ SENTIDO BOA VIAGEM,IMBIRIBEIRA,,,COLISÃO,COLISÃO SEM VÍTIMA,1,,,,,1,,,,0,,,,,,,,,,,,,,
2018-02-08,13:00:00,SEM VÍTIMA,FINALIZADA,CORDEIRO,AV GENERAL SAN MARTIN,,,PRÓXIMO AO COMPAZ,AV GENERAL SAN MARTIN,,PRÓXIMO AO COMPAZ,CORDEIRO,,,COLISÃO,SEM VITIMA,1,1,,,,,,,,0,,,,,,,,,,,,,,
2018-02-08,13:39:00,SEM VÍTIMA,FINALIZADA,IPSEP,AV RECIFE,114,,APOS O RESTAURANTE SAL E BRASA NO SEMAFORO 319 S/T SUB,AV RECIFE,114,APOS O RESTAURANTE SAL E BRASA NO SEMAFORO 319 S/T SUB,IPSEP,,,COLISÃO,COLISAO DE DOIS AUTOS S/V,2,,,,,,,,,0,,,,,,,,,,,,,,
2018-02-08,13:46:00,COM VÍTIMA,FINALIZADA,SANTO AMARO,AV MILITAR,,,NA DESCIDA DA PONTE DO LIMOEIRO,AV MILITAR,,NA DESCIDA DA PONTE DO LIMOEIRO,SANTO AMARO,,,COLISÃO,COLISÃO COM VÍTIMA  ENVOLVENDO UMA MOTO E UM AUTO.,1,1,,,,,,,,1,,,,,,,,,,,,,,
2018-02-08,13:54:00,SEM VÍTIMA,FINALIZADA,SANTO AMARO,AV CRUZ CABUGA,,,EM FRENTE A IGREJA UNIVERSAL,AV CRUZ CABUGA,,EM FRENTE A IGREJA UNIVERSAL,SANTO AMARO,,,COLISÃO,COLISÃO SEM VÍTIMA,1,1,,,,,,,,0,,,,,,,,,,,,,,
2018-02-08,14:02:00,SEM VÍTIMA,FINALIZADA,JARDIM SÃO PAULO,RUA NOSSA SENHORA DE FATIMA,,,PRÓXIMO AO RESTAURANTE MARIA MARIA,RUA NOSSA SENHORA DE FATIMA,,PRÓXIMO AO RESTAURANTE MARIA MARIA,JARDIM SÃO PAULO,,,COLISÃO,COLISÃO SEM VÍTIMA,2,,,,,,,,,0,,,,,,,,,,,,,,
2018-02-08,14:04:00,SEM VÍTIMA,FINALIZADA,IMBIRIBEIRA,AV MARECHAL MASCARENHAS DE MORAES,,,ANTES DO VIA DUTO TANCREDO NEVES  E APOS A JUSTIÇA DO TRABALHO  SENTIDO AFOGADOS,AV MARECHAL MASCARENHAS DE MORAES,,ANTES DO VIA DUTO TANCREDO NEVES  E APOS A JUSTIÇA DO TRABALHO  SENTIDO AFOGADOS,IMBIRIBEIRA,,,COLISÃO,CAMINHAO E AUTO,1,,,,,,1,,,0,,,,,,,,,,,,,,
2018-02-08,14:15:00,SEM VÍTIMA,FINALIZADA,VÁRZEA,RUA ACADEMICO HELIO RAMOS,,RUA INACIO DE BARROS BARRETO,ESQUINA COM A RUA INÁCIO DE BARROS BARRETO.,RUA ACADEMICO HELIO RAMOS,,ESQUINA COM A RUA INÁCIO DE BARROS BARRETO.,VÁRZEA,,,COLISÃO,AUTO E ÔNIBUS  SEM VÍTIMAS.,1,,,,,1,,,,0,,,,,,,,,,,,,,
2018-02-08,14:28:00,SEM VÍTIMA,FINALIZADA,APIPUCOS,RUA DE APIPUCOS,,,PROXIMO AO AÇUDE DE APIPUCOS SENTIDO 2 IRMAOS,RUA DE APIPUCOS,,PROXIMO AO AÇUDE DE APIPUCOS SENTIDO 2 IRMAOS,APIPUCOS,,,COLISÃO,COLISÃO ENVOLVENDO 02 AUTOS,2,,,,,,,,,0,,,,,,,,,,,,,,
2018-02-08,14:32:00,COM VÍTIMA,FINALIZADA,AFOGADOS,RUA COSME VIANA,,PADRE TEOFILO TWORZ,COM PADRE TEÓFILO TWORZ,RUA COSME VIANA,,COM PADRE TEÓFILO TWORZ,AFOGADOS,,,COLISÃO,COLISÃO COM VÍTIMA  ENVOLVENDO UMA MOTO E UM AUTO.,1,1,,,,,,,,1,,,,,,,,,,,,,,
2018-02-08,15:46:00,SEM VÍTIMA,FINALIZADA,CASA FORTE,RUA MARQUES DE TAMANDARE,,,AO LADO DO BARCHEF,RUA MARQUES DE TAMANDARE,,AO LADO DO BARCHEF,CASA FORTE,,,COLISÃO,COLISÃO SEM VÍTIMA,2,,,,,,,,,0,,,,,,,,,,,,,,
2018-02-08,15:56:00,SEM VÍTIMA,FINALIZADA,AREIAS,AV CAPITAO GREGORIO DE CALDAS,,,NA ESQUINA DO HIPER BOMPREÇO,AV CAPITAO GREGORIO DE CALDAS,,NA ESQUINA DO HIPER BOMPREÇO,AREIAS,,,COLISÃO,AUTO E ONIBUS ,1,,,,,1,,,,0,,,,,,,,,,,,,,
2018-02-08,15:59:00,SEM VÍTIMA,FINALIZADA,ESPINHEIRO,RUA CONS PORTELA,161,,EM FRENTE A ADVOCACIA R,RUA CONS PORTELA,161,EM FRENTE A ADVOCACIA R,ESPINHEIRO,,,COLISÃO,COLISÃO SEM VÍTIMA,1,1,,,,,,,,0,,,,,,,,,,,,,,
2018-02-08,17:12:00,SEM VÍTIMA,FINALIZADA,IPSEP,AV RECIFE,2960,,EM FRENTE A MUNDO DA IMPERMEABILIZAÇÃO/ SENTIDO BR,AV RECIFE,2960,EM FRENTE A MUNDO DA IMPERMEABILIZAÇÃO/ SENTIDO BR,IPSEP,,,COLISÃO,COLISÃO SEM VÍTIMA,2,,,,,,1,,,0,,,,,,,,,,,,,,
2018-02-08,17:34:00,SEM VÍTIMA,FINALIZADA,ESPINHEIRO,RUA DA HORA,936,,EM FRENTE AO LABORATORIO DO HOSPITAL DOS SERVIDORES,RUA DA HORA,936,EM FRENTE AO LABORATORIO DO HOSPITAL DOS SERVIDORES,ESPINHEIRO,,,COLISÃO,COLISÃO SEM VÍTIMA,1,,,,,,,,1,0,,,,,,,,,,,,,,
2018-02-08,17:36:00,SEM VÍTIMA,FINALIZADA,JORDÃO,AV MARIA IRENE,1225,,PROX. AO BOCAO CHINES,AV MARIA IRENE,1225,PROX. AO BOCAO CHINES,JORDÃO,,,COLISÃO,DOIS AUTOS S/V,2,,,,,,,,,0,,,,,,,,,,,,,,
2018-02-08,17:41:00,SEM VÍTIMA,FINALIZADA,BONGI,EST DOS REMEDIOS,1988,AV ENG ABDIAS DE CARVALHO,COM AV ABDIAS DE CARVALHO E/F DA HC PNEUS PROX DO SPORT NO SEMAFORO 052,EST DOS REMEDIOS,1988,COM AV ABDIAS DE CARVALHO E/F DA HC PNEUS PROX DO SPORT NO SEMAFORO 052,BONGI,,,COLISÃO,COLISAO DE AUTO E CAMINHAO,1,,,,,,1,,,0,,,,,,,,,,,,,,
2018-02-08,18:08:00,SEM VÍTIMA,CANCELADA,SANTO ANTÔNIO,RUA PRIMEIRO DE MARCO,,AV MARTINS DE BARROS,CRUZAMENTO COM AV MARTINS DE BARRO PROX A PONTO MAURICIO DE NASSAU,RUA PRIMEIRO DE MARCO,,CRUZAMENTO COM AV MARTINS DE BARRO PROX A PONTO MAURICIO DE NASSAU,SANTO ANTÔNIO,,,COLISÃO,CAMINHAO REBOQUE X UNO DA SECRETARIA DA RESOCIALIZAÇAO,1,,,,,,1,,,0,,,,,,,,,,,,,,
2018-02-08,19:02:00,SEM VÍTIMA,FINALIZADA,BONGI,RUA ISAAC MARKMAN,,,ENFR A CELPE DO BONGI ENTRADA PRINCIPAL,RUA ISAAC MARKMAN,,ENFR A CELPE DO BONGI ENTRADA PRINCIPAL,BONGI,,,COLISÃO,DOIS AUTO,2,,,,,,,,,0,,,,,,,,,,,,,,
2018-02-08,19:05:00,SEM VÍTIMA,CANCELADA,PINA,AV CONSELHEIRO AGUIAR,,RUA TOMÉ GIBSON,SEMÁFORO 002 / CRUZ COM A R TOMÉ GIBSON,AV CONSELHEIRO AGUIAR,,SEMÁFORO 002 / CRUZ COM A R TOMÉ GIBSON,PINA,,,COLISÃO,ENTRE AUTO E ÔNIBUS. S/V,1,,,,,1,,,,0,,,,,,,,,,,,,,
2018-02-08,19:26:00,SEM VÍTIMA,FINALIZADA,CAXANGÁ,AV CAXANGA,400,,E/F AO SORRISO CIA E PROX AO BANCO SANTANDER E ITAU . SNT CIDADE/SUB / NA VIA DA ESQUERDA,AV CAXANGA,400,E/F AO SORRISO CIA E PROX AO BANCO SANTANDER E ITAU . SNT CIDADE/SUB / NA VIA DA ESQUERDA,CAXANGÁ,,,ENGAVETAMENTO,ENTRE 4 AUTOS,4,,,,,,,,,0,,,,,,,,,,,,,,
2018-02-08,20:08:00,SEM VÍTIMA,CANCELADA,ILHA DO RETIRO,AV BEIRA RIO,,,POR BAIXO DO TUNEL CHICO SCIENCE,AV BEIRA RIO,,POR BAIXO DO TUNEL CHICO SCIENCE,ILHA DO RETIRO,,,COLISÃO,CAMINHAO X PRISMA,1,,,,,,1,,,0,,,,,,,,,,,,,,
2018-02-08,20:18:00,COM VÍTIMA,FINALIZADA,CASA AMARELA,AV NORTE,,,ENF AO REI DA PICANHA,AV NORTE,,ENF AO REI DA PICANHA,CASA AMARELA,,,COLISÃO,MOTO E ONIBUS ,,,1,,,1,,,,1,,,,,,,,,,,,,,
2018-02-08,20:36:00,SEM VÍTIMA,FINALIZADA,IMBIRIBEIRA,RUA JOSE DA SILVA LUCENA,273,,PROX A FACULDADE FGV / E/F A LA MONEX NA RUA DO COLEGIO GGE,RUA JOSE DA SILVA LUCENA,273,PROX A FACULDADE FGV / E/F A LA MONEX NA RUA DO COLEGIO GGE,IMBIRIBEIRA,,,COLISÃO,ENTRE 2 AUTOS. S/V,2,,,,,,,,,0,,,,,,,,,,,,,,
2018-02-08,20:44:00,SEM VÍTIMA,FINALIZADA,BOA VIAGEM,AV BOA VIAGEM,,,SEMÁFORO 120,AV BOA VIAGEM,,SEMÁFORO 120,BOA VIAGEM,,,ENGAVETAMENTO,ENTRE 3 AUTOS S/V,3,,,,,,,,,0,,,,,,,,,,,,,,
2018-02-08,21:40:00,SEM VÍTIMA,CANCELADA,BOA VIAGEM,AV FERNANDO SIMOES BARBOSA,S/N,,ENF AO ANTIGO BOM PREÇO,AV FERNANDO SIMOES BARBOSA,S/N,ENF AO ANTIGO BOM PREÇO,BOA VIAGEM,,,ACID. DE PERCURSO,VEICULO PEGOU FOGO,1,,,,,,,,,0,,,,,,,,,,,,,,
2018-02-08,22:22:00,SEM VÍTIMA,CANCELADA,ARRUDA,AV BEBERIBE,,,NO POSTO BUDEGA ENF A CENTRAL DE ATENDIMENTO AO CIDADAO E PIZZARIA DO CHICAO,AV BEBERIBE,,NO POSTO BUDEGA ENF A CENTRAL DE ATENDIMENTO AO CIDADAO E PIZZARIA DO CHICAO,ARRUDA,,,COLISÃO,DOIS AUTO,2,,,,,,,,,0,,,,,,,,,,,,,,
2018-02-08,23:01:00,SEM VÍTIMA,FINALIZADA,BOA VISTA,AV CONDE DA BOA VISTA,,,PROX AO SHOPPING ENF AO MUSTANGUE,AV CONDE DA BOA VISTA,,PROX AO SHOPPING ENF AO MUSTANGUE,BOA VISTA,,,COLISÃO,DOIS AUTO,2,,,,,,,,,0,,,,,,,,,,,,,,
2018-02-08,23:10:00,SEM VÍTIMA,FINALIZADA,CABANGA,AV SUL,,RUA NOVA DA CABANGA,CRUZAMENTO COM A R NOVA DA CABANGA / SEMÁFORO 260,AV SUL,,CRUZAMENTO COM A R NOVA DA CABANGA / SEMÁFORO 260,CABANGA,,,COLISÃO,ENTRE AUTO E ÔNIBUS. S/V,1,,,,,1,,,,0,,,,,,,,,,,,,,
2018-02-09,00:25:00,SEM VÍTIMA,FINALIZADA,BOA VIAGEM,AV CONSELHEIRO AGUIAR,,RUA ARTHUR MUNIZ,CRUZAMENTO COM A RUA ARTUR MUNIZ // AO LADO MC DONALD'S,AV CONSELHEIRO AGUIAR,,CRUZAMENTO COM A RUA ARTUR MUNIZ // AO LADO MC DONALD'S,BOA VIAGEM,,,COLISÃO,COLISÃO ENTRE DOIS AUTOS SEM VÍTIMAS,2,,,,,,,,,0,,,,,,,,,,,,,,
2018-02-09,02:54:00,COM VÍTIMA,FINALIZADA,ÁGUA FRIA,AV BEBERIBE,,,PRÓX AO MERCADO DE ÁGUA FRIA// EM FRENTE A LOJA MILENA MÓVEIS,AV BEBERIBE,,PRÓX AO MERCADO DE ÁGUA FRIA// EM FRENTE A LOJA MILENA MÓVEIS,ÁGUA FRIA,,,CHOQUE,VEÍCULO CHOCOU-SE CONTRA UMA ESTRUTURA DE EVENTO MONTADA AO LONGO DA VIA,1,,,,,,,,,2,,,,,,,,,,,,,,
2018-02-09,06:06:00,COM VÍTIMA,FINALIZADA,CAXANGÁ,AV PROFESSOR ESTEVAO FRANCISCO DA COSTA,,RUA ODETE MONTEIRO,NO SEMAFORO 589 ESQUINA DO POSTO PETROCAL S/T CID,AV PROFESSOR ESTEVAO FRANCISCO DA COSTA,,NO SEMAFORO 589 ESQUINA DO POSTO PETROCAL S/T CID,CAXANGÁ,,,COLISÃO,COLISAO AUTO E MOTO COM UMA VITIMA,1,1,,,,,,,,1,,,,,,,,,,,,,,
2018-02-09,07:01:00,SEM VÍTIMA,FINALIZADA,COELHOS,RUA DOS COELHOS,,,AO LADO DA SAUDE DA FAMILIA  SENTIDO IMIP,RUA DOS COELHOS,,AO LADO DA SAUDE DA FAMILIA  SENTIDO IMIP,COELHOS,,,COLISÃO,COLISÃO SEM VÍTIMA,3,,,,,,,,,0,,,,,,,,,,,,,,
2018-02-09,07:06:00,SEM VÍTIMA,FINALIZADA,BOA VIAGEM,AV CONSELHEIRO AGUIAR,,,ENTRE AO TEATRO BARRETO JUNIOR E A PADARIA DIPLOMATA,AV CONSELHEIRO AGUIAR,,ENTRE AO TEATRO BARRETO JUNIOR E A PADARIA DIPLOMATA,BOA VIAGEM,,,COLISÃO,COLISAO DE ONIBUS E AUTO S/V,1,,,,,1,,,,0,,,,,,,,,,,,,,
2018-02-09,07:42:00,SEM VÍTIMA,FINALIZADA,SANTO ANTÔNIO,RUA DO SOL,,,AO LADO DOS CORREIOS,RUA DO SOL,,AO LADO DOS CORREIOS,SANTO ANTÔNIO,,,COLISÃO,SEM VÍTIMAS,2,,,,,,,,,0,,,,,,,,,,,,,,
2018-02-09,07:54:00,SEM VÍTIMA,FINALIZADA,IMBIRIBEIRA,RUA ITACARI,162,,EM FRENTE A LOJA DRYFLOR PISOS E FORROS,RUA ITACARI,162,EM FRENTE A LOJA DRYFLOR PISOS E FORROS,IMBIRIBEIRA,,,COLISÃO,COLISÃO SEM VITIMAS,2,,,,,,,,,0,,,,,,,,,,,,,,
2018-02-09,08:01:00,SEM VÍTIMA,FINALIZADA,ARRUDA,RUA DO TRIUNFO,,RUA DO MACHADO,CRUZ A RUA DO MACHADO POR TRAS DO ARRUDA EM FRENTE AO MERCADINHO DO ARRUDA,RUA DO TRIUNFO,,CRUZ A RUA DO MACHADO POR TRAS DO ARRUDA EM FRENTE AO MERCADINHO DO ARRUDA,ARRUDA,,,COLISÃO,COLISÃO SEM VITIMAS,2,,,,,,,,,0,,,,,,,,,,,,,,
2018-02-09,08:18:00,SEM VÍTIMA,FINALIZADA,AFOGADOS,EST DOS REMEDIOS,,,SENTIDO LARGO DA PAZ EM BAIXO DO PONTILHÃO DO METRO,EST DOS REMEDIOS,,SENTIDO LARGO DA PAZ EM BAIXO DO PONTILHÃO DO METRO,AFOGADOS,,,COLISÃO,COLISÃO SEM VITIMAS,2,,,,,,,,,0,,,,,,,,,,,,,,
2018-02-09,09:14:00,SEM VÍTIMA,FINALIZADA,IMBIRIBEIRA,AV MARECHAL MASCARENHAS DE MORAES,,,SENTIDO CIDADE EM FRENTE AOS CORREIOS E A MADER CENTER,AV MARECHAL MASCARENHAS DE MORAES,,SENTIDO CIDADE EM FRENTE AOS CORREIOS E A MADER CENTER,IMBIRIBEIRA,,,COLISÃO,COLISÃO SEM VITIMAS,3,,,,,,,,,0,,,,,,,,,,,,,,
2018-02-09,09:27:00,SEM VÍTIMA,FINALIZADA,MADALENA,RUA BENFICA,,,E/F DO BRADESCO VT 17 NO LOCAL,RUA BENFICA,,E/F DO BRADESCO VT 17 NO LOCAL,MADALENA,,,COLISÃO,COLISAO DE ONIBUS E AUTO S/V,1,,,,,1,,,,0,,,,,,,,,,,,,,
2018-02-09,09:29:00,COM VÍTIMA,FINALIZADA,ALTO JOSÉ BONIFÁCIO,RUA CORREGO DO EUCLIDES,,,PROX AO GIRADOURO DA BOMBA,RUA CORREGO DO EUCLIDES,,PROX AO GIRADOURO DA BOMBA,ALTO JOSÉ BONIFÁCIO,,,COLISÃO,COLISÃO COM VITIMA A ESPERA DO SAMU GM QTH,1,1,,,,,,,,1,,,,,,,,,,,,,,
2018-02-09,09:29:00,SEM VÍTIMA,FINALIZADA,DERBY,AV GOVERNADOR AGAMENON MAGALHAES,,,JUNTO AO SEMAFORO 173  SENTIDO CIDADE,AV GOVERNADOR AGAMENON MAGALHAES,,JUNTO AO SEMAFORO 173  SENTIDO CIDADE,DERBY,,,COLISÃO,COLISÃO SEM VITIMAS,1,,,,,1,,,,0,,,,,,,,,,,,,,
2018-02-09,09:39:00,SEM VÍTIMA,FINALIZADA,SÃO JOSÉ,RUA IMPERADOR PEDRO SEGUNDO,,,EM FRENTE A PRAÇA 17,RUA IMPERADOR PEDRO SEGUNDO,,EM FRENTE A PRAÇA 17,SÃO JOSÉ,,,COLISÃO,COLISÃO SEM VITIMAS,1,,,,,1,,,,0,,,,,,,,,,,,,,
2018-02-09,09:52:00,SEM VÍTIMA,FINALIZADA,VÁRZEA,AV AFONSO OLINDENSE,,,E/F AO INSTITUTO PADRE VENANCIO,AV AFONSO OLINDENSE,,E/F AO INSTITUTO PADRE VENANCIO,VÁRZEA,,,COLISÃO,SEM VÍTIMAS,1,,,,,,1,,,0,,,,,,,,,,,,,,
2018-02-09,09:59:00,COM VÍTIMA,FINALIZADA,AREIAS,AV RECIFE,,,SENTIDO CAXANGÁ. SEMÁFORO 617 E/F AO HOSPITAL GERAL DE AREIAS,AV RECIFE,,SENTIDO CAXANGÁ. SEMÁFORO 617 E/F AO HOSPITAL GERAL DE AREIAS,AREIAS,,,COLISÃO,COM UMA VÍTIMA,1,1,,,,,,,,1,,,,,,,,,,,,,,
2018-02-09,10:11:00,SEM VÍTIMA,PENDENTE,DERBY,RUA BENFICA,,,NA FRENTE DO INTERNACIONAL  PROX. AO SEMAFORO 515,RUA BENFICA,,NA FRENTE DO INTERNACIONAL  PROX. AO SEMAFORO 515,DERBY,,,COLISÃO,COLISÃO SEM VITIMAS,2,,,,,,,,,0,,,,,,,,,,,,,,
2018-02-09,10:33:00,SEM VÍTIMA,FINALIZADA,IPSEP,AV SENADOR ROBERT KENNEDY,,,BEIRA CANAL DA VILA DA SUDENE NO TERMINAL DE ONIBUS,AV SENADOR ROBERT KENNEDY,,BEIRA CANAL DA VILA DA SUDENE NO TERMINAL DE ONIBUS,IPSEP,,,COLISÃO,COLISAO DE AUTO E MOTO S/V,1,1,,,,,,,,0,,,,,,,,,,,,,,
2018-02-09,11:20:00,SEM VÍTIMA,FINALIZADA,AFOGADOS,RUA COSME VIANA,761 A,,E/F A CASA DO BORRACHEIRO. PROX. A SERTTEL,RUA COSME VIANA,761 A,E/F A CASA DO BORRACHEIRO. PROX. A SERTTEL,AFOGADOS,,,COLISÃO,SEM VÍTIMAS,,1,,,,1,,,,0,,,,,,,,,,,,,,
2018-02-09,12:03:00,SEM VÍTIMA,FINALIZADA,AFOGADOS,RUA NICOLAU PEREIRA,,RUA DO ACRE,COM A RUA DO ACRE POR TRAS DO MERCADO DE PEIXE DE AFOGADOS,RUA NICOLAU PEREIRA,,COM A RUA DO ACRE POR TRAS DO MERCADO DE PEIXE DE AFOGADOS,AFOGADOS,,,COLISÃO,COLISAO DE DOIS AUTOS S/V,2,,,,,,,,,0,,,,,,,,,,,,,,
2018-02-09,12:17:00,SEM VÍTIMA,FINALIZADA,TEJIPIÓ,AV DR JOSE RUFINO,,,NA FRENTE DA ESTAÇÃO,AV DR JOSE RUFINO,,NA FRENTE DA ESTAÇÃO,TEJIPIÓ,,,COLISÃO,COLISÃO SEM VITIMAS,2,,,,,,,,1,0,,,,,,,,,,,,,,
2018-02-09,12:29:00,SEM VÍTIMA,FINALIZADA,PAISSANDU,RUA EPAMINONDAS DE MELO,,,APOS O CERPE  SENTIDO HOSP. PORTUGUES,RUA EPAMINONDAS DE MELO,,APOS O CERPE  SENTIDO HOSP. PORTUGUES,PAISSANDU,,,COLISÃO,COLISÃO SEM VITIMAS,2,,,,,,,,,0,,,,,,,,,,,,,,
2018-02-09,12:30:00,,CANCELADA,PAISSANDU,RUA EPAMINONDAS DE MELO,,,NA RUA DO SPETTUS PISTA LOCAL S/T COLEGIO GGE,RUA EPAMINONDAS DE MELO,,NA RUA DO SPETTUS PISTA LOCAL S/T COLEGIO GGE,PAISSANDU,,,COLISÃO,COLISAO DE DOIS AUTOS S/V,2,,,,,,,,,0,,,,,,,,,,,,,,
2018-02-09,12:40:00,SEM VÍTIMA,CANCELADA,GRAÇAS,AV GOVERNADOR AGAMENON MAGALHAES,,,E/F DA MC DONALD´S,AV GOVERNADOR AGAMENON MAGALHAES,,E/F DA MC DONALD´S,GRAÇAS,,,COLISÃO,COLISAO DE DOIS AUITOS S/V,2,,,,,,,,,0,,,,,,,,,,,,,,
2018-02-09,12:43:00,SEM VÍTIMA,FINALIZADA,ARRUDA,AV BEBERIBE,,,ANTES DO CAMPO DO ARRUDA E/F AO TROCÃO,AV BEBERIBE,,ANTES DO CAMPO DO ARRUDA E/F AO TROCÃO,ARRUDA,,,COLISÃO,COLISAO DE DOIS AUTOS S/V,2,,,,,,,,,0,,,,,,,,,,,,,,
2018-02-09,13:49:00,SEM VÍTIMA,FINALIZADA,BOA VISTA,RUA DOM BOSCO,,AV CONDE DA BOA VISTA,CRUZAMENTO COM COM CONDE DA BOA VISTA  SEMAFORO 021,RUA DOM BOSCO,,CRUZAMENTO COM COM CONDE DA BOA VISTA  SEMAFORO 021,BOA VISTA,,,COLISÃO,DOIS AUTOS,2,,,,,,,,,0,,,,,,,,,,,,,,
2018-02-09,14:00:00,SEM VÍTIMA,CANCELADA,VÁRZEA,RUA FRANCISCO TORRES,,,AO LADO DO CLUBE CAFUNDO  APOS A PONTE DA CAXANGA  SENTIDO CAMARAGIBE  PRIMEIRA A DIREITA,RUA FRANCISCO TORRES,,AO LADO DO CLUBE CAFUNDO  APOS A PONTE DA CAXANGA  SENTIDO CAMARAGIBE  PRIMEIRA A DIREITA,VÁRZEA,,,COLISÃO,DOIS AUTOS,2,,,,,,,,,0,,,,,,,,,,,,,,
2018-02-09,14:37:00,SEM VÍTIMA,CANCELADA,MADALENA,AV VISCONDE DE ALBUQUERQUE,123,,DE FRENTE A SPUNK,AV VISCONDE DE ALBUQUERQUE,123,DE FRENTE A SPUNK,MADALENA,,,COLISÃO,COLISÃO SEM VITIMA,1,1,,,,,,,,0,,,,,,,,,,,,,,
2018-02-09,14:40:00,SEM VÍTIMA,FINALIZADA,SÃO JOSÉ,C SANTA RITA,,,EM FRENTE AO 16 PBM,C SANTA RITA,,EM FRENTE AO 16 PBM,SÃO JOSÉ,,,CHOQUE,PRISMA DE CONCRETO,,,,,,,,,,0,,,,,,,,,,,,,,
2018-02-09,14:42:00,SEM VÍTIMA,FINALIZADA,IPSEP,RUA JEAN EMILE FAVRE,796,,EM FRENTE A PAGUE MENOS,RUA JEAN EMILE FAVRE,796,EM FRENTE A PAGUE MENOS,IPSEP,,,COLISÃO,DOIS AUTOS S/V,2,,,,,,,,,0,,,,,,,,,,,,,,
2018-02-09,14:47:00,SEM VÍTIMA,FINALIZADA,DERBY,PRC DO DERBY,,,E/F DA PARADA DO BRT NO SEMAFORO 075 S/T RECIFE,PRC DO DERBY,,E/F DA PARADA DO BRT NO SEMAFORO 075 S/T RECIFE,DERBY,,,COLISÃO,COLISAO DE DOIS AUTOS S/V,2,,,,,,,,,0,,,,,,,,,,,,,,
2018-02-09,15:15:00,SEM VÍTIMA,CANCELADA,BOA VIAGEM,RUA PADRE BERNADINO PESSOA,,,NAVEGANTES,RUA PADRE BERNADINO PESSOA,,NAVEGANTES,BOA VIAGEM,,,COLISÃO,COLISÃO SEM VITIMA,2,,,,,,,,,0,,,,,,,,,,,,,,
2018-02-09,15:33:00,SEM VÍTIMA,FINALIZADA,IPSEP,RUA PAMPULHA,,,JUNTO AO SEMAFORO 564  SENTIDO BOA VIAGEM,RUA PAMPULHA,,JUNTO AO SEMAFORO 564  SENTIDO BOA VIAGEM,IPSEP,,,COLISÃO,COLISÃO SEM VITIMA,2,,,,,,,,,0,,,,,,,,,,,,,,
2018-02-09,15:36:00,SEM VÍTIMA,CANCELADA,MADALENA,AV VISCONDE DE ALBUQUERQUE,,,EM FRENTE AO POSTO SHELL  SENTIDO MADALENA,AV VISCONDE DE ALBUQUERQUE,,EM FRENTE AO POSTO SHELL  SENTIDO MADALENA,MADALENA,,,COLISÃO,AUTO E CAMINHAO,1,,,,,,1,,,0,,,,,,,,,,,,,,
2018-02-09,15:40:00,SEM VÍTIMA,FINALIZADA,CASA AMARELA,RUA CORREGO JOSE GRANDE,609,,NO GIRADOURO  NA ESQUINA DA PADANIFICADORA SENHOR DO BONFIM,RUA CORREGO JOSE GRANDE,609,NO GIRADOURO  NA ESQUINA DA PADANIFICADORA SENHOR DO BONFIM,CASA AMARELA,,,COLISÃO,COLISÃO SEM VITIMA,2,,,,,,,,,0,,,,,,,,,,,,,,
2018-02-09,15:46:00,SEM VÍTIMA,FINALIZADA,TORRE,RUA PADRE ANCHIETA,473,,PROX. A CASA DE FESTA DI BRANCO,RUA PADRE ANCHIETA,473,PROX. A CASA DE FESTA DI BRANCO,TORRE,,,ENGAVETAMENTO,ENVOLVENDO 5 AUTOS PASSEIO,5,,,,,,,,,0,,,,,,,,,,,,,,
2018-02-09,15:47:00,SEM VÍTIMA,FINALIZADA,AFLITOS,AV CONS ROSA E SILVA,,,DENTRO DO ESTACIONAMENTO DO PÃO DE AÇÚCAR,AV CONS ROSA E SILVA,,DENTRO DO ESTACIONAMENTO DO PÃO DE AÇÚCAR,AFLITOS,,,COLISÃO,COLISÃO SEM VITIMA,2,,,,,,,,,0,,,,,,,,,,,,,,