data,hora,natureza_acidente,situacao,bairro,endereco,numero,detalhe_endereco_acidente,complemento,endereco_cruzamento,numero_cruzamento,referencia_cruzamento,bairro_cruzamento,num_semaforo,sentido_via,tipo,descricao,auto,moto,ciclom,ciclista,pedestre,onibus,caminhao,viatura,outros,vitimas,vitimasfatais,acidente_verificado,tempo_clima,situacao_semaforo,sinalizacao,condicao_via,conservacao_via,ponto_controle,situacao_placa,velocidade_max_via,mao_direcao,divisao_via1,divisao_via2,divisao_via3
2018-02-09,16:11:00,SEM VÍTIMA,FINALIZADA,BOA VISTA,RUA DA AURORA,127,,,RUA DA AURORA,127,,BOA VISTA,,,COLISÃO,COLISÃO SEM VITIMA - SITUAÇÃO REPASSADA PELO SI DÁRIO,1,,,,,,1,,,0,,,,,,,,,,,,,,
2018-02-09,16:30:00,SEM VÍTIMA,FINALIZADA,IPUTINGA,RUA GASPAR PEREZ,365,,ANTES DA ANTIGA SEDE DO BOMPREÇO,RUA GASPAR PEREZ,365,ANTES DA ANTIGA SEDE DO BOMPREÇO,IPUTINGA,,,COLISÃO,COLISAO DE AUTO E MOTO S/V,1,1,,,,,,,,0,,,,,,,,,,,,,,
2018-02-09,16:32:00,SEM VÍTIMA,FINALIZADA,CAMPO GRANDE,RUA FRANKLIN TAVORA,,,PROX. A ESCOLA MARIO MELLO,RUA FRANKLIN TAVORA,,PROX. A ESCOLA MARIO MELLO,CAMPO GRANDE,,,COLISÃO,COLISÃO SEM VITIMA,1,,,,,,1,,,0,,,,,,,,,,,,,,
2018-02-09,16:47:00,COM VÍTIMA,FINALIZADA,SANTO AMARO,AV CRUZ CABUGA,,,EM FRENTE AO COLEGIO GINÁSIO PERNAMBUCANO,AV CRUZ CABUGA,,EM FRENTE AO COLEGIO GINÁSIO PERNAMBUCANO,SANTO AMARO,,,COLISÃO,COLISÃO COM VITIMA,1,1,,,,,,,,1,,,,,,,,,,,,,,
2018-02-09,17:14:00,SEM VÍTIMA,EQUIPE EM DESLOCAMENTO,IPSEP,AV RECIFE,,,ANTES DO MARTELINHO DE OURO  SENTIDO AEROPORTO,AV RECIFE,,ANTES DO MARTELINHO DE OURO  SENTIDO AEROPORTO,IPSEP,,,COLISÃO,COLISÃO SEM VITIMA,1,1,,,,,,,,0,,,,,,,,,,,,,,
2018-02-09,17:43:00,SEM VÍTIMA,FINALIZADA,IBURA,AV DOM HELDER CAMARA,351,,PROX. A ESCOLA APOLONO SALES,AV DOM HELDER CAMARA,351,PROX. A ESCOLA APOLONO SALES,IBURA,,,COLISÃO,COLISÃO SEM VITIMA,3,,,,,,,,,0,,,,,,,,,,,,,,
2018-02-09,18:18:00,,CANCELADA,IBURA,AV DOM HELDER CAMARA,,,PROX A BORRACHARIA RAY,AV DOM HELDER CAMARA,,PROX A BORRACHARIA RAY,IBURA,,,ENGAVETAMENTO,TRES AUTO OBS::: BATEDORES DA CTTU 19 X 21 NO LOCAL,3,,,,,,,,,0,,,,,,,,,,,,,,
2018-02-09,18:34:00,SEM VÍTIMA,FINALIZADA,ROSARINHO,AV NORTE,,,NA DECIDA DO VIADUTO DA AV NORTE PROX A PRC DA PICANHA SENTIDO CIDADE SUB,AV NORTE,,NA DECIDA DO VIADUTO DA AV NORTE PROX A PRC DA PICANHA SENTIDO CIDADE SUB,ROSARINHO,,,COLISÃO,ONIBUS X AUTO,1,,,,,1,,,,0,,,,,,,,,,,,,,
2018-02-09,18:47:00,COM VÍTIMA,FINALIZADA,PINA,AVENIDA CELSO FURTADO (VIA MANGUE),,,SNT RIO MAR / AO LADO DO ANTIGO AEROCLUBE DO PINA,AVENIDA CELSO FURTADO (VIA MANGUE),,SNT RIO MAR / AO LADO DO ANTIGO AEROCLUBE DO PINA,PINA,,,COLISÃO,ENTRE AUTO E MOTO. C/V,1,1,,,,,,,,1,,,,,,,,,,,,,,
2018-02-09,19:07:00,SEM VÍTIMA,CANCELADA,BOA VIAGEM,RUA PROF AURELIO DE CASTRO CAVALCANTI,211,,EM FRENTE AO DEPÓSITO DA SEAWAY - PRÓXIMO A PASSARELA,RUA PROF AURELIO DE CASTRO CAVALCANTI,211,EM FRENTE AO DEPÓSITO DA SEAWAY - PRÓXIMO A PASSARELA,BOA VIAGEM,,,COLISÃO,COLISÃO ENVOLVENDO 02 AUTOS SEM VÍTIMAS,2,,,,,,,,,0,,,,,,,,,,,,,,
2018-02-09,19:34:00,SEM VÍTIMA,FINALIZADA,IPSEP,RUA HELIO BRANDAO,,RUA PINTOR ANTONIO ALBUQUERQUE,CRUZAMENTO COM A RUA PINTO ANTONIO DE ALBUQUERQUE SEMAFORO 293,RUA HELIO BRANDAO,,CRUZAMENTO COM A RUA PINTO ANTONIO DE ALBUQUERQUE SEMAFORO 293,IPSEP,,,COLISÃO,DOIS AUTO,2,,,,,,,,,0,,,,,,,,,,,,,,
2018-02-09,20:57:00,SEM VÍTIMA,FINALIZADA,CAXANGÁ,AV GENERAL SAN MARTIN,49,,ESQUINA COM O TERMINAL DA CAXANGÁ,AV GENERAL SAN MARTIN,49,ESQUINA COM O TERMINAL DA CAXANGÁ,CAXANGÁ,,,COLISÃO,ENTRE 2 AUTOS. S/V,2,,,,,,,,,0,,,,,,,,,,,,,,
2018-02-09,21:41:00,COM VÍTIMA,FINALIZADA,CASA FORTE,AV DEZESSETE DE AGOSTO,,,ENF A FARMACIA PAGUE MENOS SEMAFORO 646,AV DEZESSETE DE AGOSTO,,ENF A FARMACIA PAGUE MENOS SEMAFORO 646,CASA FORTE,,,COLISÃO,FIESTA X AUTO,2,,,,,,,,,1,,,,,,,,,,,,,,
2018-02-09,22:05:00,SEM VÍTIMA,FINALIZADA,GRAÇAS,RUA DES MARTINS PEREIRA,,,APÓS O CLUBE NAUTICO  PRIMEIRA A DIREITA,RUA DES MARTINS PEREIRA,,APÓS O CLUBE NAUTICO  PRIMEIRA A DIREITA,GRAÇAS,,,COLISÃO,ENTRE 2 AUTOS. S/V,2,,,,,,,,,0,,,,,,,,,,,,,,
2018-02-09,22:13:00,SEM VÍTIMA,FINALIZADA,BOA VIAGEM,RUA TENENTE DOMINGOS DE BRITO,1009,RUA RIBEIRO DE BRITO,ENF A DROGASIL CRUZAMENTO COM A RIBEIRO DE BRITO,RUA TENENTE DOMINGOS DE BRITO,1009,ENF A DROGASIL CRUZAMENTO COM A RIBEIRO DE BRITO,BOA VIAGEM,,,COLISÃO,DOIS AUTO,2,,,,,,,,,0,,,,,,,,,,,,,,
2018-02-09,23:27:00,COM VÍTIMA,FINALIZADA,IPSEP,RUA JEAN EMILE FAVRE,,RUA RIO AMAZONAS,ENFR A PADARIA PAO NORTE CRUZAMENTO COM A RUA RIO AMAZONAS,RUA JEAN EMILE FAVRE,,ENFR A PADARIA PAO NORTE CRUZAMENTO COM A RUA RIO AMAZONAS,IPSEP,,,COLISÃO,DUAS MOTO,,2,,,,,,,,1,,,,,,,,,,,,,,
2018-02-10,00:40:00,SEM VÍTIMA,FINALIZADA,SANTANA,RUA JORGE GOMES DE SA,,,EM FRENTE AO PARQUE SANTANA,RUA JORGE GOMES DE SA,,EM FRENTE AO PARQUE SANTANA,SANTANA,,,COLISÃO,COLISÃO ENTRE DOIS AUTOS S/V,2,,,,,,,,,0,,,,,,,,,,,,,,
2018-02-10,00:58:00,SEM VÍTIMA,FINALIZADA,BOA VIAGEM,RUA PADRE CARAPUCEIRO,,AV FERNANDO SIMOES BARBOSA,CRUZAMENTO COM A AV. FERNANDO SIMÕES BARBOSA  SEMAFORO 321,RUA PADRE CARAPUCEIRO,,CRUZAMENTO COM A AV. FERNANDO SIMÕES BARBOSA  SEMAFORO 321,BOA VIAGEM,,,COLISÃO,COLISÃO ENTRE DOIS AUTOS S/V,2,,,,,,,,,0,,,,,,,,,,,,,,
2018-02-10,01:32:00,SEM VÍTIMA,FINALIZADA,CORDEIRO,AV CAXANGA,,RUA SOUZA BANDEIRA,CRUZAMENTO COM RUA SOUZA BANDEIRA,AV CAXANGA,,CRUZAMENTO COM RUA SOUZA BANDEIRA,CORDEIRO,,,COLISÃO,COLISÃO ENTRE DOIS AUTOS S/V,2,,,,,,,,,0,,,,,,,,,,,,,,
2018-02-10,07:24:00,COM VÍTIMA,FINALIZADA,BOA VIAGEM,AV CONSELHEIRO AGUIAR,,,MERCADO DE BOA VIAGEM  PROX. AO PONTO DO AÇAI,AV CONSELHEIRO AGUIAR,,MERCADO DE BOA VIAGEM  PROX. AO PONTO DO AÇAI,BOA VIAGEM,,,COLISÃO,COLISÃO COM VITIMA,1,1,,,,,,,,1,,,,,,,,,,,,,,
2018-02-10,08:07:00,COM VÍTIMA,FINALIZADA,TOTÓ,RUA ONZE DE AGOSTO,550,,EM FRENTE AO CONDOMINO JARDIM BOTANICO,RUA ONZE DE AGOSTO,550,EM FRENTE AO CONDOMINO JARDIM BOTANICO,TOTÓ,,,COLISÃO,COM UMA VITIMA AGUARDANDO SAMU,1,1,,,,,,,,1,,,,,,,,,,,,,,
2018-02-10,09:22:00,SEM VÍTIMA,FINALIZADA,IPSEP,RUA POTENGY,431,,EM FRENTE A GALERIA POTENGY,RUA POTENGY,431,EM FRENTE A GALERIA POTENGY,IPSEP,,,COLISÃO,TRES AUTOS,3,,,,,,,,,0,,,,,,,,,,,,,,
2018-02-10,10:47:00,SEM VÍTIMA,FINALIZADA,CAMPO GRANDE,RUA SAO CAETANO,,AV PROF FRANCISCO DA TRINDADE,POR TRAZ DO CLUB DAA PAES  NO CRUZAMENTO DA SÃO CAETANO COM A PROF. FRANCISCO DA TRINDADE,RUA SAO CAETANO,,POR TRAZ DO CLUB DAA PAES  NO CRUZAMENTO DA SÃO CAETANO COM A PROF. FRANCISCO DA TRINDADE,CAMPO GRANDE,,,COLISÃO,COLISÃO COLISÃO,2,,,,,,,,,0,,,,,,,,,,,,,,
2018-02-10,11:30:00,SEM VÍTIMA,FINALIZADA,CAMPO GRANDE,RUA SAO CAETANO,,AV PROF FRANCISCO DA TRINDADE,POR TRAZ DO CLUB DAA PAES  NO CRUZAMENTO DA SÃO CAETANO COM A PROF. FRANCISCO DA TRINDADE,RUA SAO CAETANO,,POR TRAZ DO CLUB DAA PAES  NO CRUZAMENTO DA SÃO CAETANO COM A PROF. FRANCISCO DA TRINDADE,CAMPO GRANDE,,,COLISÃO,COLISÃO SEM VITIMA,2,,,,,,,,,0,,,,,,,,,,,,,,
2018-02-10,12:45:00,COM VÍTIMA,CANCELADA,AREIAS,AV DR JOSE RUFINO,,,EM FRENTE A HONDA SENTIDO CIDADE /SUBURBIO,AV DR JOSE RUFINO,,EM FRENTE A HONDA SENTIDO CIDADE /SUBURBIO,AREIAS,,,COLISÃO,COLISÃO COM VITIMA,,,,,,,,,,1,,,,,,,,,,,,,,
2018-02-10,14:32:00,SEM VÍTIMA,FINALIZADA,IMBIRIBEIRA,AV MARECHAL MASCARENHAS DE MORAES,,,SENTIDO BOA VIAGEM PROX AO AEROPORTO EM FRENTE AO POSTO DE GASOLINA IPIRANGA,AV MARECHAL MASCARENHAS DE MORAES,,SENTIDO BOA VIAGEM PROX AO AEROPORTO EM FRENTE AO POSTO DE GASOLINA IPIRANGA,IMBIRIBEIRA,,,COLISÃO,COLISÃO SEM VITIMAS,2,,,,,1,,,,0,,,,,,,,,,,,,,
2018-02-10,14:40:00,SEM VÍTIMA,FINALIZADA,CAMPO GRANDE,RUA VISCONDE DE CAIRU,110,RUA ODORICO MENDES,ESQUINA COM A R ODORICO MENDES,RUA VISCONDE DE CAIRU,110,ESQUINA COM A R ODORICO MENDES,CAMPO GRANDE,,,COLISÃO,ENTRE 2 AUTOS. S/V,2,,,,,,,,,0,,,,,,,,,,,,,,
2018-02-10,15:19:00,COM VÍTIMA,FINALIZADA,CAXANGÁ,AV CAXANGA,,,SENTIDO SUBURBIO CIDADE EM FRENTE A PARADA DO BRT ESTAÇÃO ABOLIÇÃO E A CELPE,AV CAXANGA,,SENTIDO SUBURBIO CIDADE EM FRENTE A PARADA DO BRT ESTAÇÃO ABOLIÇÃO E A CELPE,CAXANGÁ,,,COLISÃO,COLISÃO COM 1 VITIMA,1,1,,,,,,,,1,,,,,,,,,,,,,,
2018-02-10,18:00:00,SEM VÍTIMA,CANCELADA,SANTO AMARO,RUA DOS PALMARES,707,,AO LADO DO PREDIO DO INSS E CONSELHO MUNICIPAL DE SAUDE,RUA DOS PALMARES,707,AO LADO DO PREDIO DO INSS E CONSELHO MUNICIPAL DE SAUDE,SANTO AMARO,,,COLISÃO,ONIBUS E AUTO,1,,,,,1,,,,0,,,,,,,,,,,,,,
2018-02-10,18:43:00,COM VÍTIMA,FINALIZADA,BOA VISTA,AV CONDE DA BOA VISTA,,,1º PARADA APÓS O SHOPPING SENTIDO SUBÚRBIO,AV CONDE DA BOA VISTA,,1º PARADA APÓS O SHOPPING SENTIDO SUBÚRBIO,BOA VISTA,,,ATROPELAMENTO,ÔNIBUS,,,,,,1,,,,1,,,,,,,,,,,,,,
2018-02-10,19:01:00,COM VÍTIMA,FINALIZADA,CASA FORTE,AV DEZESSETE DE AGOSTO,,RUA LAURINDO COELHO,COM A RUA LAURINDO COELHO PROX. AO BANCO ITAU  EM FRENTE Á HYUNDAI,AV DEZESSETE DE AGOSTO,,COM A RUA LAURINDO COELHO PROX. AO BANCO ITAU  EM FRENTE Á HYUNDAI,CASA FORTE,,,COLISÃO,AUTO E MOTO,1,1,,,,,,,,1,,,,,,,,,,,,,,
2018-02-10,19:08:00,SEM VÍTIMA,FINALIZADA,BOA VISTA,AV GOVERNADOR AGAMENON MAGALHAES,,,E/F A MCDONALDS E AO WALMART / SNT ROSA E SILVA,AV GOVERNADOR AGAMENON MAGALHAES,,E/F A MCDONALDS E AO WALMART / SNT ROSA E SILVA,BOA VISTA,,,COLISÃO,ENTRE AUTO E ÔNIBUS. S/V,1,,,,,1,,,,0,,,,,,,,,,,,,,
2018-02-10,19:10:00,,CANCELADA,BOA VISTA,AV CONDE DA BOA VISTA,,,APOS O SHOPPING BOA VISTA  EM FRENTE Á FAFIRE,AV CONDE DA BOA VISTA,,APOS O SHOPPING BOA VISTA  EM FRENTE Á FAFIRE,BOA VISTA,,,ATROPELAMENTO,ONIBUS E PEDESTRE,,,,,1,1,,,,1,,,,,,,,,,,,,,
2018-02-10,,SEM VÍTIMA,CANCELADA,MACAXEIRA,RUA TEREZA CARNEIRO,,,PROX A ENTRADA DO BOLO DA NOIVA E BARRACA DO SPORT,RUA TEREZA CARNEIRO,,PROX A ENTRADA DO BOLO DA NOIVA E BARRACA DO SPORT,MACAXEIRA,,,COLISÃO,ENTRE AUTO E MOTO. S/V,1,1,,,,,,,,0,,,,,,,,,,,,,,
2018-02-10,21:21:00,SEM VÍTIMA,FINALIZADA,ENCRUZILHADA,EST DE BELEM,1303,RUA MARIO SETE,ESQUINA COM A R MARIO SETE / E/F A PAM DOÇURA,EST DE BELEM,1303,ESQUINA COM A R MARIO SETE / E/F A PAM DOÇURA,ENCRUZILHADA,,,COLISÃO,ENTRE 2 AUTOS. S/V,2,,,,,,,,,0,,,,,,,,,,,,,,
2018-02-11,01:14:00,COM VÍTIMA,FINALIZADA,SANTO AMARO,AV GOVERNADOR AGAMENON MAGALHAES,,,EM FRENTE AO SHOPPING TACARUNA,AV GOVERNADOR AGAMENON MAGALHAES,,EM FRENTE AO SHOPPING TACARUNA,SANTO AMARO,,,COLISÃO,COLISÃO ENTRE DOIS AUTOS COM VÍTIMAS,2,,,,,,,,,1,,,,,,,,,,,,,,
2018-02-11,05:14:00,SEM VÍTIMA,FINALIZADA,BOA VIAGEM,RUA VISCONDE DE JEQUITINHONHA,S/N,RUA MARIO DE CASTRO,COM A RUA MÁRIO DE CASTRO,RUA VISCONDE DE JEQUITINHONHA,S/N,COM A RUA MÁRIO DE CASTRO,BOA VIAGEM,,,CHOQUE,CHOCOU-SE NO POSTE DE FERRO COM FOTO CESOR SERTEL,1,,,,,,,,,0,,,,,,,,,,,,,,
2018-02-11,07:07:00,SEM VÍTIMA,FINALIZADA,IMBIRIBEIRA,AV MARECHAL MASCARENHAS DE MORAES,,,FINAL DO MURO DO AEROPORTO ENTRANDO PARA O JORDAO ALTO,AV MARECHAL MASCARENHAS DE MORAES,,FINAL DO MURO DO AEROPORTO ENTRANDO PARA O JORDAO ALTO,IMBIRIBEIRA,,,CHOQUE,VEICULO CHOCOU-SE COM O MURO DO AEROPORTO,1,,,,,,,,,0,,,,,,,,,,,,,,
2018-02-11,07:16:00,VÍTIMA FATAL,FINALIZADA,IBURA,AV DOIS RIOS,1483,,IBURA DE BAIXO NA SUBIDA DO JORDÃO PROX AO POSTO DE GASOLINA BR EM FRENTE AO ARMAZEM FERRAGENS EM BAIXO DO SEMAFORO 351,AV DOIS RIOS,1483,IBURA DE BAIXO NA SUBIDA DO JORDÃO PROX AO POSTO DE GASOLINA BR EM FRENTE AO ARMAZEM FERRAGENS EM BAIXO DO SEMAFORO 351,IBURA,,,COLISÃO,COLISÃO COM 2 VITIMAS,,2,,,,,,,,2,1,,,,,,,,,,,,,
2018-02-11,07:20:00,SEM VÍTIMA,CANCELADA,IPSEP,AV RECIFE,,,SEMAFORO 393 SENT BOA VIAGEM / EM FRENTE AO POSTO BR,AV RECIFE,,SEMAFORO 393 SENT BOA VIAGEM / EM FRENTE AO POSTO BR,IPSEP,,,COLISÃO,CARRETA E AUTO,1,,,,,,1,,,0,,,,,,,,,,,,,,
2018-02-11,08:57:00,SEM VÍTIMA,FINALIZADA,MADALENA,RUA BENFICA,,,EM FRENTE AO MUSEU A ABOLISAO SEMAFORO 257,RUA BENFICA,,EM FRENTE AO MUSEU A ABOLISAO SEMAFORO 257,MADALENA,,,COLISÃO,ONIBUS E AUTO PASSEIO,1,,,,,1,,,,0,,,,,,,,,,,,,,
2018-02-11,14:04:00,SEM VÍTIMA,CANCELADA,AFLITOS,AV CONS ROSA E SILVA,999,,AO LADO DO CAMPO DO NAUTICO,AV CONS ROSA E SILVA,999,AO LADO DO CAMPO DO NAUTICO,AFLITOS,,,COLISÃO,DOIS AUTOS S/V,2,,,,,,,,,0,,,,,,,,,,,,,,
2018-02-11,15:22:00,SEM VÍTIMA,FINALIZADA,DERBY,AV GOVERNADOR AGAMENON MAGALHAES,,,NA FRENTE DO TRE  SENTIDO BOA VIAGEM,AV GOVERNADOR AGAMENON MAGALHAES,,NA FRENTE DO TRE  SENTIDO BOA VIAGEM,DERBY,,,COLISÃO,COLISÃO SEM VITIMAS,1,1,,,,,,,,0,,,,,,,,,,,,,,
2018-02-11,16:39:00,COM VÍTIMA,FINALIZADA,MUSTARDINHA,AV MANOEL GONCALVES DA LUZ,,,EM FRENTE Á GRAFICA ABC,AV MANOEL GONCALVES DA LUZ,,EM FRENTE Á GRAFICA ABC,MUSTARDINHA,,,COLISÃO,AUTO E MOTO,1,1,,,,,,,,1,,,,,,,,,,,,,,
2018-02-11,17:09:00,SEM VÍTIMA,FINALIZADA,CORDEIRO,RUA CLAUDIO BROTHERHOOD,,RUA MIGUEL VIEIRA,NO CRUSAMENTO COM A MIGUEL VIEIRA  COLEGIO NOVA GERALÇÃO 2000,RUA CLAUDIO BROTHERHOOD,,NO CRUSAMENTO COM A MIGUEL VIEIRA  COLEGIO NOVA GERALÇÃO 2000,CORDEIRO,,,COLISÃO,COLISÃO SEM VITMA,2,,,,,,,,,0,,,,,,,,,,,,,,
2018-02-11,17:19:00,COM VÍTIMA,FINALIZADA,MACAXEIRA,AV NORTE,7490,,EM FRENTE DO RESTAURANTE NORTE GRILL SENT. INTEGRAÇÃO,AV NORTE,7490,EM FRENTE DO RESTAURANTE NORTE GRILL SENT. INTEGRAÇÃO,MACAXEIRA,,,COLISÃO,DUAS MOTOS,,2,,,,,,,,3,,,,,,,,,,,,,,
2018-02-11,19:33:00,SEM VÍTIMA,CANCELADA,BAIRRO DO RECIFE,PTE BUARQUE DE MACEDO,,,ENCIMA DA PONTE,PTE BUARQUE DE MACEDO,,ENCIMA DA PONTE,BAIRRO DO RECIFE,,,COLISÃO,ONIBUS X TAXI,1,,,,,1,,,,0,,,,,,,,,,,,,,
2018-02-11,19:56:00,SEM VÍTIMA,FINALIZADA,FUNDÃO,AV BEBERIBE,2666,,PROX AO ALTO E BAIXO DEPOIS DO CAMPO DO SANTA CRUZ,AV BEBERIBE,2666,PROX AO ALTO E BAIXO DEPOIS DO CAMPO DO SANTA CRUZ,FUNDÃO,,,ENGAVETAMENTO,TRES AUTO,3,,,,,,,,,0,,,,,,,,,,,,,,
2018-02-11,20:48:00,COM VÍTIMA,FINALIZADA,CASA AMARELA,AV NORTE,,,ENFR AO DESCONTAO DA AV NORTE SENTIDO CENTRO,AV NORTE,,ENFR AO DESCONTAO DA AV NORTE SENTIDO CENTRO,CASA AMARELA,,,ATROPELAMENTO,MOTO X PEDESTRE,,1,,,1,,,,,1,,,,,,,,,,,,,,
2018-02-11,23:39:00,SEM VÍTIMA,FINALIZADA,SANTO ANTÔNIO,PRC DA REPUBLICA,,AV DANTAS BARRETO,AO LADO DO TEATRO SANTA IZABEL PROX A CAXIA ECONOMICA DE ESQUINA COM AV TANTAS BARRETO,PRC DA REPUBLICA,,AO LADO DO TEATRO SANTA IZABEL PROX A CAXIA ECONOMICA DE ESQUINA COM AV TANTAS BARRETO,SANTO ANTÔNIO,,,COLISÃO,ONIBUS GLOBO X TAXI,1,,,,,,,,,0,,,,,,,,,,,,,,
2018-02-12,00:18:00,COM VÍTIMA,FINALIZADA,PORTO DA MADEIRA,AV BEBERIBE,,,PRÓXIMO AO ANTIGO BAR DALVA DE OLIVEIRA // PRÓXIMO AO SEST/SENAT,AV BEBERIBE,,PRÓXIMO AO ANTIGO BAR DALVA DE OLIVEIRA // PRÓXIMO AO SEST/SENAT,PORTO DA MADEIRA,,,COLISÃO,COLISÃO ENTRE MOTO E TÁXI COM VÍTIMAS,1,1,,,,,,,,2,,,,,,,,,,,,,,
2018-02-12,00:49:00,SEM VÍTIMA,CANCELADA,SÃO JOSÉ,AV N S DO CARMO,,RUA IMPERADOR PEDRO II,SEMÁFORO 203 DE ESQUINA CO A LOJA NARCISO,AV N S DO CARMO,,SEMÁFORO 203 DE ESQUINA CO A LOJA NARCISO,SÃO JOSÉ,,,COLISÃO,SEM VÍTIMAS,2,,,,,,,,,0,,,,,,,,,,,,,,
2018-02-12,01:20:00,SEM VÍTIMA,FINALIZADA,SÃO JOSÉ,RUA DR JOSE MARIANO,,PTE VELHA,CRUZAMENTO COM A PONTE VELHA,RUA DR JOSE MARIANO,,CRUZAMENTO COM A PONTE VELHA,SÃO JOSÉ,,,COLISÃO,COLISÃO ENTRE DOIS AUTOS SEM VÍTIMAS,2,,,,,,,,,0,,,,,,,,,,,,,,
2018-02-12,03:50:00,SEM VÍTIMA,FINALIZADA,BOA VIAGEM,AV ENGENHEIRO DOMINGOS FERREIRA,2842,,E/F A TORRE DE MADRID,AV ENGENHEIRO DOMINGOS FERREIRA,2842,E/F A TORRE DE MADRID,BOA VIAGEM,,,COLISÃO,SEM VÍTIMAS,2,,,,,,,,,0,,,,,,,,,,,,,,
2018-02-12,06:49:00,SEM VÍTIMA,CANCELADA,BOA VIAGEM,RUA MAMANGUAPE,936,,E/F AO EDF. CHATEAU VERSALES,RUA MAMANGUAPE,936,E/F AO EDF. CHATEAU VERSALES,BOA VIAGEM,,,COLISÃO,SEM VÍTIMAS,1,,,,,1,,,,0,,,,,,,,,,,,,,
2018-02-12,07:47:00,SEM VÍTIMA,FINALIZADA,CAXANGÁ,AV CAXANGA,4251,,NA FRENTE DA CAXANGÁ VEICULO   SENTIDO CIDADE,AV CAXANGA,4251,NA FRENTE DA CAXANGÁ VEICULO   SENTIDO CIDADE,CAXANGÁ,,,COLISÃO,COLISÃO SEM VITIMA,2,,,,,,,,,0,,,,,,,,,,,,,,
2018-02-12,10:48:00,SEM VÍTIMA,FINALIZADA,ENCRUZILHADA,RUA AMARO COUTINHO,40,,AO LADO DA BIG BEN EM FRENTE AO MERCADO DA ENCRUZILHADA,RUA AMARO COUTINHO,40,AO LADO DA BIG BEN EM FRENTE AO MERCADO DA ENCRUZILHADA,ENCRUZILHADA,,,COLISÃO,COLISÃO SEM VITIMAS,2,,,,,,,,,0,,,,,,,,,,,,,,
2018-02-12,12:21:00,SEM VÍTIMA,FINALIZADA,CAMPO GRANDE,RUA JONAS GUERRA,45,,AO LADO DA ESCOLA MARIO MELO,RUA JONAS GUERRA,45,AO LADO DA ESCOLA MARIO MELO,CAMPO GRANDE,,,COLISÃO,COLISÃO SEM VITIMAS,,,,,,,,,,0,,,,,,,,,,,,,,
2018-02-12,12:44:00,SEM VÍTIMA,CANCELADA,TORRE,RUA JOSE BONIFACIO,1315,,ESTÃO DENTRO DO CARREFOR  NA ENTRADA PRINCIPAL,RUA JOSE BONIFACIO,1315,ESTÃO DENTRO DO CARREFOR  NA ENTRADA PRINCIPAL,TORRE,,,COLISÃO,COLISÃO SEM VITIMA,2,,,,,,,,,0,,,,,,,,,,,,,,
2018-02-12,14:26:00,SEM VÍTIMA,FINALIZADA,AFOGADOS,EST DOS REMEDIOS,988,,PROX AO BAR DO CABOCLINHO EM FRENTE AO POSTO DE GASOLINA IPIRANGA,EST DOS REMEDIOS,988,PROX AO BAR DO CABOCLINHO EM FRENTE AO POSTO DE GASOLINA IPIRANGA,AFOGADOS,,,COLISÃO,COLISÃO SEM VITIMAS,2,,,,,,,,,0,,,,,,,,,,,,,,
2018-02-12,16:36:00,SEM VÍTIMA,CANCELADA,BOA VIAGEM,AV BOA VIAGEM,3610,,EM FRENTE AO EDIFICIO PORTO CANOAS,AV BOA VIAGEM,3610,EM FRENTE AO EDIFICIO PORTO CANOAS,BOA VIAGEM,,,COLISÃO,COLISÃO SEM VÍTIMA,2,,,,,,,,,0,,,,,,,,,,,,,,
2018-02-12,16:59:00,SEM VÍTIMA,FINALIZADA,NOVA DESCOBERTA,TRV DO COMISSARIO,A8,,APÓS O BAR JOSE PEQUENO,TRV DO COMISSARIO,A8,APÓS O BAR JOSE PEQUENO,NOVA DESCOBERTA,,,CHOQUE,VIATURA DA POLICIA CHOCOU-SE COM CANO DE CONCRETO,,,,,,,,1,,0,,,,,,,,,,,,,,
2018-02-12,18:30:00,SEM VÍTIMA,FINALIZADA,BOA VISTA,RUA DA SANTA CRUZ,,,ENFR AO MERCADO DA BOA VISTA,RUA DA SANTA CRUZ,,ENFR AO MERCADO DA BOA VISTA,BOA VISTA,,,COLISÃO,ONIBUS X PRISMA,1,,,,,1,,,,0,,,,,,,,,,,,,,
2018-02-12,18:43:00,SEM VÍTIMA,FINALIZADA,BOA VIAGEM,RUA JORGE COUCEIRO DA COSTA EIRAS,685,,PROX A ECOLA ESTADUAL PROFESSORA NALDA ESTINELE,RUA JORGE COUCEIRO DA COSTA EIRAS,685,PROX A ECOLA ESTADUAL PROFESSORA NALDA ESTINELE,BOA VIAGEM,,,COLISÃO,VEICULO X VAN,1,,,,,1,,,,0,,,,,,,,,,,,,,
2018-02-12,19:51:00,SEM VÍTIMA,FINALIZADA,AREIAS,AV RECIFE,657,,EM FRENTE AO LABORATORIO CERPE,AV RECIFE,657,EM FRENTE AO LABORATORIO CERPE,AREIAS,,,COLISÃO,DOIS AUTOS S/V,2,,,,,,,,,0,,,,,,,,,,,,,,
2018-02-12,20:56:00,SEM VÍTIMA,FINALIZADA,BOA VISTA,RUA DA AURORA,,,ENF AO BANCO CENTRAL DO BRASIL E CLUB NAUTICO REMO,RUA DA AURORA,,ENF AO BANCO CENTRAL DO BRASIL E CLUB NAUTICO REMO,BOA VISTA,,,ENGAVETAMENTO,TAXI X CLASSIC X SANDERO,3,,,,,,,,,0,,,,,,,,,,,,,,