data,hora,natureza_acidente,situacao,bairro,endereco,numero,detalhe_endereco_acidente,complemento,endereco_cruzamento,numero_cruzamento,referencia_cruzamento,bairro_cruzamento,num_semaforo,sentido_via,tipo,descricao,auto,moto,ciclom,ciclista,pedestre,onibus,caminhao,viatura,outros,vitimas,vitimasfatais,acidente_verificado,tempo_clima,situacao_semaforo,sinalizacao,condicao_via,conservacao_via,ponto_controle,situacao_placa,velocidade_max_via,mao_direcao,divisao_via1,divisao_via2,divisao_via3
2018-02-12,21:19:00,SEM VÍTIMA,FINALIZADA,PRADO,AV ENGENHEIRO ABDIAS DE CARVALHO,,,AO LADO OPOSTO DO HABIB´S SENTIDO ESPORT OBS::: VT 06 DA CTTU ESTA NO LOCAL,AV ENGENHEIRO ABDIAS DE CARVALHO,,AO LADO OPOSTO DO HABIB´S SENTIDO ESPORT OBS::: VT 06 DA CTTU ESTA NO LOCAL,PRADO,,,COLISÃO,DOIS AUTO OBS::: VT 06 DA CTTU ESTA NO LOCAL,2,,,,,,,,,0,,,,,,,,,,,,,,
2018-02-12,22:30:00,SEM VÍTIMA,FINALIZADA,SANTO AMARO,RUA CAPITAO LIMA,,RUA DA FUNDICAO,CRUZAMENTO DA RUA DA FUNDICAO PROX A ANTENA DA RED GLOBO,RUA CAPITAO LIMA,,CRUZAMENTO DA RUA DA FUNDICAO PROX A ANTENA DA RED GLOBO,SANTO AMARO,,,COLISÃO,AUTO E MOTO,1,1,,,,,,,,0,,,,,,,,,,,,,,
2018-02-12,23:30:00,SEM VÍTIMA,CANCELADA,BEBERIBE,AV BEBERIBE,4446,,ENF FRANGO AVE DEPOIS DA ROGE PIZZA,AV BEBERIBE,4446,ENF FRANGO AVE DEPOIS DA ROGE PIZZA,BEBERIBE,,,COLISÃO,TAXI X MOTO,1,1,,,,,,,,0,,,,,,,,,,,,,,
2018-02-13,04:44:00,SEM VÍTIMA,FINALIZADA,BAIRRO DO RECIFE,CAIS DO APOLO,,,EM FRENTE A PCR,CAIS DO APOLO,,EM FRENTE A PCR,BAIRRO DO RECIFE,,,CAPOTAMENTO,,1,,,,,,,,,0,,,,,,,,,,,,,,
2018-02-13,06:55:00,SEM VÍTIMA,CANCELADA,ARRUDA,RUA DAS MOCAS,77,,EM FRENTE AO EDF SEPTEMB / POR TRS DO ARMAZEM CORAL,RUA DAS MOCAS,77,EM FRENTE AO EDF SEPTEMB / POR TRS DO ARMAZEM CORAL,ARRUDA,,,CHOQUE,TAXI CHOCOU-SE COM O PORTAO DO EDF,1,,,,,,,,,0,,,,,,,,,,,,,,
2018-02-13,07:11:00,SEM VÍTIMA,CANCELADA,IMBIRIBEIRA,AV MARECHAL MASCARENHAS DE MORAES,1022,,E/F AO POSTO DE GASOLINA PETROMEGA  SENTIDO BOA VIAGEM. APÓS O SEMÁFORO 396,AV MARECHAL MASCARENHAS DE MORAES,1022,E/F AO POSTO DE GASOLINA PETROMEGA  SENTIDO BOA VIAGEM. APÓS O SEMÁFORO 396,IMBIRIBEIRA,,,COLISÃO,SEM VÍTIMAS,2,,,,,,,,,0,,,,,,,,,,,,,,
2018-02-13,09:17:00,COM VÍTIMA,FINALIZADA,SANTO AMARO,AV NORTE,XXX,AV CRUZ CABUGA,CRUZAMENTO COM A AVENIDA CRUZ CABUGÁ,AV NORTE,XXX,CRUZAMENTO COM A AVENIDA CRUZ CABUGÁ,SANTO AMARO,,,COLISÃO,COLISÃO ENVOLVENDO VIATURA DA PM-PE E MOTO,2,,,,,,,,,2,,,,,,,,,,,,,,
2018-02-13,11:29:00,SEM VÍTIMA,FINALIZADA,BOA VIAGEM,RUA DR VICENTE GOMES,,,SEMAFORO 060,RUA DR VICENTE GOMES,,SEMAFORO 060,BOA VIAGEM,,,COLISÃO,AUTO E ONIBUS ,1,,,,,1,,,,0,,,,,,,,,,,,,,
2018-02-13,12:13:00,SEM VÍTIMA,CANCELADA,PINA,AV ANTONIO DE GOES,,,EM FRENTE AO POSTO PRETOCAL,AV ANTONIO DE GOES,,EM FRENTE AO POSTO PRETOCAL,PINA,,,COLISÃO,COLISÃO SEM VÍTIMA,1,1,,,,,,,,0,,,,,,,,,,,,,,
2018-02-13,12:17:00,SEM VÍTIMA,CANCELADA,SANTO AMARO,RUA DR MARIO MELO FILHO,292,,EM FRENTE A ESCOLA SILVIO RABELO,RUA DR MARIO MELO FILHO,292,EM FRENTE A ESCOLA SILVIO RABELO,SANTO AMARO,,,COLISÃO,DOIS AUTOS S/V,2,,,,,,,,,0,,,,,,,,,,,,,,
2018-02-13,12:37:00,SEM VÍTIMA,FINALIZADA,VÁRZEA,AV CAXANGA,,,EM FRENTE AO RESIDENCIAL CAXANGA  SEMAFORO 232  SENTIDO VARZEA,AV CAXANGA,,EM FRENTE AO RESIDENCIAL CAXANGA  SEMAFORO 232  SENTIDO VARZEA,VÁRZEA,,,ENGAVETAMENTO,ENTRE 4 AUTOS PASSEIO,4,,,,,,,,,0,,,,,,,,,,,,,,
2018-02-13,13:39:00,SEM VÍTIMA,FINALIZADA,ENCRUZILHADA,RUA FERNANDO CESAR,,,PROX. AO BAR DO TOINHAO  E A PRAÇA DO CAMINHONEIRO,RUA FERNANDO CESAR,,PROX. AO BAR DO TOINHAO  E A PRAÇA DO CAMINHONEIRO,ENCRUZILHADA,,,COLISÃO,DOIS AUTOS S/V,2,,,,,,,,,0,,,,,,,,,,,,,,
2018-02-13,16:15:00,SEM VÍTIMA,FINALIZADA,IMBIRIBEIRA,AV MARECHAL MASCARENHAS DE MORAES,,,EM FRENTE AO GERALDAO  SENTIDO PALMARES,AV MARECHAL MASCARENHAS DE MORAES,,EM FRENTE AO GERALDAO  SENTIDO PALMARES,IMBIRIBEIRA,,,COLISÃO,AUTO E ONIBUS ,1,,,,,1,,,,0,,,,,,,,,,,,,,
2018-02-13,19:34:00,SEM VÍTIMA,FINALIZADA,CORDEIRO,AV MARIO ALVARES PEREIRA DE LYRA,323,,PROX. DO PARAISO DISTRIBUIDORA E MERCADINHO E PADARIA O BARATÃO,AV MARIO ALVARES PEREIRA DE LYRA,323,PROX. DO PARAISO DISTRIBUIDORA E MERCADINHO E PADARIA O BARATÃO,CORDEIRO,,,COLISÃO,DOIS AUTOS S/V,2,,,,,,,,,0,,,,,,,,,,,,,,
2018-02-13,20:03:00,SEM VÍTIMA,FINALIZADA,CASA AMARELA,RUA PADRE LEMOS,,,AO LADO DA FIGUEIRAS CALÇADOS E A IGREJA UNIVERSAL,RUA PADRE LEMOS,,AO LADO DA FIGUEIRAS CALÇADOS E A IGREJA UNIVERSAL,CASA AMARELA,,,COLISÃO,DOIS AUTO,2,,,,,,,,,0,,,,,,,,,,,,,,
2018-02-14,00:19:00,SEM VÍTIMA,FINALIZADA,IMBIRIBEIRA,AV MARECHAL MASCARENHAS DE MORAES,,,NO POSTO DE GASOLINA PETROCAL  EM FRENTE DO JUIZADO ESPECIAL DO RECIFE,AV MARECHAL MASCARENHAS DE MORAES,,NO POSTO DE GASOLINA PETROCAL  EM FRENTE DO JUIZADO ESPECIAL DO RECIFE,IMBIRIBEIRA,,,COLISÃO,TAXI E AUTO,2,,,,,,,,,0,,,,,,,,,,,,,,
2018-02-14,01:45:00,SEM VÍTIMA,FINALIZADA,BOA VISTA,RUA DA AURORA,,RUA PRINCESA IZABEL,COM A RUA PRINCESA IZABEL,RUA DA AURORA,,COM A RUA PRINCESA IZABEL,BOA VISTA,,,COLISÃO,DOIS AUTO,,,,,,,,,,0,,,,,,,,,,,,,,
2018-02-14,04:36:00,SEM VÍTIMA,FINALIZADA,BOA VIAGEM,AV ENGENHEIRO DOMINGOS FERREIRA,,RUA FELIZ DE BRITO E MELO,CRUZAMENTO COM A RUA FÉLIX DE BRITO // LOGO APÓS O CARREFUOR,AV ENGENHEIRO DOMINGOS FERREIRA,,CRUZAMENTO COM A RUA FÉLIX DE BRITO // LOGO APÓS O CARREFUOR,BOA VIAGEM,,,COLISÃO,COLISÃO ENTRE DOIS AUTOS SEM VÍTIMAS,2,,,,,,,,,0,,,,,,,,,,,,,,
2018-02-14,07:25:00,COM VÍTIMA,FINALIZADA,TORRÕES,EST DO FORTE DO ARRAIAL N. DO B. JESUS,1615,,EM FRENTE A LAVANDERIA ROUPA LIMPA HA DERZ METROS DO RESTAURANTE YOKI,EST DO FORTE DO ARRAIAL N. DO B. JESUS,1615,EM FRENTE A LAVANDERIA ROUPA LIMPA HA DERZ METROS DO RESTAURANTE YOKI,TORRÕES,,,COLISÃO COM CICLISTA,COM UMA VITIMA BOMBEIROS NO LOCAL,1,,,1,,,,,,1,,,,,,,,,,,,,,
2018-02-14,08:23:00,COM VÍTIMA,FINALIZADA,SAN MARTIN,AV JOAO CABRAL DE MELO NETO,,,EM FRENTE RESTAURANTE E PIZARIA GIGANTE NEGRO,AV JOAO CABRAL DE MELO NETO,,EM FRENTE RESTAURANTE E PIZARIA GIGANTE NEGRO,SAN MARTIN,,,COLISÃO COM CICLISTA,COLISÃO ENVOLVENDO ALTO E CICLISTA,1,,,1,,,,,,1,,,,,,,,,,,,,,
2018-02-14,08:30:00,SEM VÍTIMA,FINALIZADA,ÁGUA FRIA,AV BEBERIBE,,,EM FRENTE AO MERCADO D.AGUA FRIA,AV BEBERIBE,,EM FRENTE AO MERCADO D.AGUA FRIA,ÁGUA FRIA,,,COLISÃO,COLISÃO SEM VITIMAS,1,,,,,1,,,,0,,,,,,,,,,,,,,
2018-02-14,10:09:00,COM VÍTIMA,FINALIZADA,AFOGADOS,RUA SAO MIGUEL,670,,EM FRENTE DA OFICINA MECANICA O PORTUGUES,RUA SAO MIGUEL,670,EM FRENTE DA OFICINA MECANICA O PORTUGUES,AFOGADOS,,,COLISÃO,COM UMA VITIMA AGUARDANDO SOCORRO,1,1,,,,,,,,1,,,,,,,,,,,,,,
2018-02-14,10:47:00,SEM VÍTIMA,FINALIZADA,ÁGUA FRIA,RUA ALEGRE,36,AV BEBERIBE,COM A AV BEBERIBE / SENT SUB,RUA ALEGRE,36,COM A AV BEBERIBE / SENT SUB,ÁGUA FRIA,,,COLISÃO,DOIS AUTOS,2,,,,,,,,,0,,,,,,,,,,,,,,
2018-02-14,11:10:00,SEM VÍTIMA,FINALIZADA,IMBIRIBEIRA,RUA MINISTRO SALGADO FILHO,,,DENTRO DO AEROPORTO,RUA MINISTRO SALGADO FILHO,,DENTRO DO AEROPORTO,IMBIRIBEIRA,,,COLISÃO,SEM VITIMAS CTTU NO LOCAL VT 29,1,,,,,1,,,,0,,,,,,,,,,,,,,
2018-02-14,11:11:00,SEM VÍTIMA,FINALIZADA,IPSEP,AV RECIFE,,,SEMAFORO 130 / SENT SUB,AV RECIFE,,SEMAFORO 130 / SENT SUB,IPSEP,,,COLISÃO,MOTO E AUTO,1,1,,,,,,,,0,,,,,,,,,,,,,,
2018-02-14,12:10:00,COM VÍTIMA,FINALIZADA,BOA VISTA,RUA PRINCESA IZABEL,,RUA DO HOSPICIO,COM RUA HOSPICIO,RUA PRINCESA IZABEL,,COM RUA HOSPICIO,BOA VISTA,,,COLISÃO,,1,1,,,,,,,,1,,,,,,,,,,,,,,
2018-02-14,12:51:00,SEM VÍTIMA,FINALIZADA,BOA VIAGEM,AV ARMINDO MOURA,500,,EM FRENTE AO QUARTEL E AO POSTO DE GASOLINA IPIRANGA,AV ARMINDO MOURA,500,EM FRENTE AO QUARTEL E AO POSTO DE GASOLINA IPIRANGA,BOA VIAGEM,,,COLISÃO,COLISÃO SEM VITIMAS,1,,,,,,,,,0,,,,,,,,,,,,,,
2018-02-14,13:11:00,SEM VÍTIMA,FINALIZADA,SANTO AMARO,RUA FRANCISCO JACINTO,135,,EM FRENTE AO ESQUINA GRILL,RUA FRANCISCO JACINTO,135,EM FRENTE AO ESQUINA GRILL,SANTO AMARO,,,COLISÃO,COLISÃO SEM VITIMAS,2,,,,,,,,,0,,,,,,,,,,,,,,
2018-02-14,13:14:00,SEM VÍTIMA,FINALIZADA,BOA VIAGEM,RUA ERNESTO DE PAULA SANTOS,,RUA DOS NAVEGANTES,CRUZAMENTO COM A NAVEGANTES,RUA ERNESTO DE PAULA SANTOS,,CRUZAMENTO COM A NAVEGANTES,BOA VIAGEM,,,COLISÃO,DOIS AUTOS,2,,,,,,,,,0,,,,,,,,,,,,,,
2018-02-14,13:58:00,SEM VÍTIMA,FINALIZADA,IMBIRIBEIRA,RUA DUQUE ESTRADA,,RUA BARAO DE AGUA BRANCA,COM BARÃO DE ÁGUA BRANCA,RUA DUQUE ESTRADA,,COM BARÃO DE ÁGUA BRANCA,IMBIRIBEIRA,,,COLISÃO,,2,,,,,,,,,0,,,,,,,,,,,,,,
2018-02-14,15:19:00,SEM VÍTIMA,FINALIZADA,BOA VIAGEM,RUA VISCONDE DE JEQUITINHONHA,,RUA DOM JOSE LOPES,NO CRUZAMENTO COM RUA DOM JOSE LOPES,RUA VISCONDE DE JEQUITINHONHA,,NO CRUZAMENTO COM RUA DOM JOSE LOPES,BOA VIAGEM,,,COLISÃO,DOIS AUTOS S/V,2,,,,,,,,,0,,,,,,,,,,,,,,
2018-02-14,16:58:00,COM VÍTIMA,FINALIZADA,MANGABEIRA,AV NORTE,,,EM FRENTE AO ARMAZEM CORAL,AV NORTE,,EM FRENTE AO ARMAZEM CORAL,MANGABEIRA,,,COLISÃO,COLISÃO COM VITIMA GM QTH,1,1,,,,,,,,1,,,,,,,,,,,,,,
2018-02-14,17:07:00,SEM VÍTIMA,FINALIZADA,IMBIRIBEIRA,AV MARECHAL MASCARENHAS DE MORAES,,,EM FRENTE A INFRAERO/ SENTIDO PRAZERES RECIFE,AV MARECHAL MASCARENHAS DE MORAES,,EM FRENTE A INFRAERO/ SENTIDO PRAZERES RECIFE,IMBIRIBEIRA,,,COLISÃO,COLISÃO SEM VÍTIMA,2,,,,,,,,,0,,,,,,,,,,,,,,
2018-02-14,17:47:00,COM VÍTIMA,FINALIZADA,ARRUDA,RUA DO MACHADO,,,POR TRAS DO CAMPO,RUA DO MACHADO,,POR TRAS DO CAMPO,ARRUDA,,,ATROPELAMENTO,TRIO ELETRICO E PEDESTRE,,,,,1,,,,,1,,,,,,,,,,,,,,
2018-02-14,19:36:00,SEM VÍTIMA,FINALIZADA,MADALENA,RUA JOSE OSORIO,364,,E/F AO SUPERMERCADO RM EXPRESS E POSTO BR,RUA JOSE OSORIO,364,E/F AO SUPERMERCADO RM EXPRESS E POSTO BR,MADALENA,,,COLISÃO,ENTRE 2 AUTOS. S/V,2,,,,,,,,,0,,,,,,,,,,,,,,
2018-02-14,19:37:00,SEM VÍTIMA,FINALIZADA,ENGENHO DO MEIO,AV CAMARAO,,RUA MARIO ALVES PEREIRA DE LIRA,CRUZAMENTO RUA MARIO ALVES PEREIRA DE LIRA PROX AS TORRES GEMIAS (QUEIROS GALVAO),AV CAMARAO,,CRUZAMENTO RUA MARIO ALVES PEREIRA DE LIRA PROX AS TORRES GEMIAS (QUEIROS GALVAO),ENGENHO DO MEIO,,,COLISÃO,DOIS AUTO,2,,,,,,,,,0,,,,,,,,,,,,,,
2018-02-14,21:16:00,SEM VÍTIMA,FINALIZADA,IPSEP,RUA FRANCISCO BARRETO,115,,DEPOIS DO ANTIGO BATALHAO DECIMO NONO SENTIDO SUL,RUA FRANCISCO BARRETO,115,DEPOIS DO ANTIGO BATALHAO DECIMO NONO SENTIDO SUL,IPSEP,,,COLISÃO,DOIS AUTO,2,,,,,,,,,0,,,,,,,,,,,,,,
2018-02-14,22:18:00,COM VÍTIMA,FINALIZADA,CASA AMARELA,RUA CONS NABUCO,210,,PROX AO BOMPREÇO DE CASA AMARELA ENF AO RESTAURANTE KINAY,RUA CONS NABUCO,210,PROX AO BOMPREÇO DE CASA AMARELA ENF AO RESTAURANTE KINAY,CASA AMARELA,,,COLISÃO,AUTO E MOTO,1,1,,,,,,,,1,,,,,,,,,,,,,,
2018-02-14,23:33:00,SEM VÍTIMA,FINALIZADA,DERBY,AV GOVERNADOR AGAMENON MAGALHAES,S/N,,E/F AO HOSPITAL DA RESTAURAÇÃO . SNT BOA VIAGEM,AV GOVERNADOR AGAMENON MAGALHAES,S/N,E/F AO HOSPITAL DA RESTAURAÇÃO . SNT BOA VIAGEM,DERBY,,,COLISÃO,ENTRE 2 AUTOS. S/V,1,,,,,,1,,,0,,,,,,,,,,,,,,
2018-02-15,01:30:00,SEM VÍTIMA,FINALIZADA,ÁGUA FRIA,EST VELHA DE AGUA FRIA,,AV NORTE,CRUZAMENTO COM AV NORTE // SEMÁFORO 062,EST VELHA DE AGUA FRIA,,CRUZAMENTO COM AV NORTE // SEMÁFORO 062,ÁGUA FRIA,,,COLISÃO,COLISÃO ENTRE DOIS AUTOS SEM VÍTIMAS,2,,,,,,,,,0,,,,,,,,,,,,,,
2018-02-15,04:07:00,COM VÍTIMA,FINALIZADA,ÁGUA FRIA,AV BEBERIBE,,,EM FRENTE A FEIRA LIVRE DE ÁGUA FRIA,AV BEBERIBE,,EM FRENTE A FEIRA LIVRE DE ÁGUA FRIA,ÁGUA FRIA,,,CHOQUE,VEÍCULO CHOCOU-SE CONTRA UMA ESTRUTURA DE EVENTO,1,,,,,,,,,1,,,,,,,,,,,,,,
2018-02-15,06:38:00,SEM VÍTIMA,FINALIZADA,BOA VIAGEM,RUA DOS NAVEGANTES,1706,,HOTEL MERCULE,RUA DOS NAVEGANTES,1706,HOTEL MERCULE,BOA VIAGEM,,,COLISÃO,DOIS AUTOS,2,,,,,,,,,0,,,,,,,,,,,,,,
2018-02-15,06:49:00,SEM VÍTIMA,CANCELADA,CAXANGÁ,AV CAXANGA,,,SENTIDO SUBURBIO CIDADE EM CIMA DA PONTE DA CAXANGA,AV CAXANGA,,SENTIDO SUBURBIO CIDADE EM CIMA DA PONTE DA CAXANGA,CAXANGÁ,,,COLISÃO,COLISÃO SEM VITIMAS,1,1,,,,,,,,0,,,,,,,,,,,,,,
2018-02-15,06:52:00,SEM VÍTIMA,CANCELADA,PARNAMIRIM,AV RUI BARBOSA,,,EM FRENTE AO BANCO SANTANDER,AV RUI BARBOSA,,EM FRENTE AO BANCO SANTANDER,PARNAMIRIM,,,COLISÃO,SEM VITIMAS,1,,,,,1,,,,0,,,,,,,,,,,,,,
2018-02-15,08:12:00,SEM VÍTIMA,FINALIZADA,CASA FORTE,AV DEZESSETE DE AGOSTO,,,EM FRENTE AO CPOR,AV DEZESSETE DE AGOSTO,,EM FRENTE AO CPOR,CASA FORTE,,,COLISÃO,COLISÃO SEM VITIMA,1,1,,,,,,,,0,,,,,,,,,,,,,,
2018-02-15,08:42:00,SEM VÍTIMA,FINALIZADA,ILHA DO LEITE,AV FREI MATIAS TEVES,224,RUA SENADOR JOSE HENRIQUE,EM FRENTE AO EDF ALFRED NOBEL / COM A RUA SEN JOSE HENRIQUE,AV FREI MATIAS TEVES,224,EM FRENTE AO EDF ALFRED NOBEL / COM A RUA SEN JOSE HENRIQUE,ILHA DO LEITE,,,COLISÃO,DOIS AUTOS,2,,,,,,,,,0,,,,,,,,,,,,,,
2018-02-15,09:09:00,SEM VÍTIMA,CANCELADA,PINA,RUA CAPITAO REBELINHO,,RUA PEREIRA DA COSTA,COM A RUA PEREIRA DA COSTA,RUA CAPITAO REBELINHO,,COM A RUA PEREIRA DA COSTA,PINA,,,COLISÃO,COLISÃO SEM VITIMA,2,,,,,,,,,0,,,,,,,,,,,,,,
2018-02-15,09:20:00,SEM VÍTIMA,FINALIZADA,IMBIRIBEIRA,AV MARECHAL MASCARENHAS DE MORAES,,,AO LADO DO POSTO SHELL  NA ENTRADA DO ANGAR DO AEROPORTO,AV MARECHAL MASCARENHAS DE MORAES,,AO LADO DO POSTO SHELL  NA ENTRADA DO ANGAR DO AEROPORTO,IMBIRIBEIRA,,,COLISÃO,DOIS AUTOS,2,,,,,,,,,0,,,,,,,,,,,,,,
2018-02-15,09:48:00,SEM VÍTIMA,FINALIZADA,PINA,RUA CAPITAO REBELINHO,512,RUA PEREIRA DA COSTA,CRUZ COMA RUA PEREIRA DA COSTA EM FRENTE AO RESTAURANTE FIDALGO,RUA CAPITAO REBELINHO,512,CRUZ COMA RUA PEREIRA DA COSTA EM FRENTE AO RESTAURANTE FIDALGO,PINA,,,COLISÃO,COLISÃO SEM VITIMA,2,,,,,,,,,0,,,,,,,,,,,,,,
2018-02-15,10:00:00,COM VÍTIMA,FINALIZADA,BOA VISTA,RUA DO PRINCIPE,114,,EM FRENTE A FARMACIA CANDEIA,RUA DO PRINCIPE,114,EM FRENTE A FARMACIA CANDEIA,BOA VISTA,,,ATROPELAMENTO,ATROPELAMENTO EM SEGUIDA DE COLISÃO PEDESTRE A ESPERA DO SAMU,1,1,,,1,,,,,1,,,,,,,,,,,,,,
2018-02-15,10:14:00,SEM VÍTIMA,FINALIZADA,GRAÇAS,RUA ALBERTO PAIVA,222,,PROX DA FAMILIA LUCCO DELIVERY  SEMÁFORO 360,RUA ALBERTO PAIVA,222,PROX DA FAMILIA LUCCO DELIVERY  SEMÁFORO 360,GRAÇAS,,,COLISÃO,COLISÃO ENTRE AUTO E MOTO S/V,1,1,,,,,,,,0,,,,,,,,,,,,,,
2018-02-15,11:16:00,SEM VÍTIMA,FINALIZADA,AFOGADOS,LARGO DA PAZ,,,SENT/IMBIRIBEIRA  EM FRENTE DA IGREJA PRESBITERIANA,LARGO DA PAZ,,SENT/IMBIRIBEIRA  EM FRENTE DA IGREJA PRESBITERIANA,AFOGADOS,,,COLISÃO,SEM VITIMAS,,,,,,1,1,,,0,,,,,,,,,,,,,,
2018-02-15,11:27:00,SEM VÍTIMA,FINALIZADA,APIPUCOS,RUA DE APIPUCOS,,,EM FRENTE AO AÇUDE DE APIPUCO  EM FRENTE AO PARQUE DE APIPUCOS,RUA DE APIPUCOS,,EM FRENTE AO AÇUDE DE APIPUCO  EM FRENTE AO PARQUE DE APIPUCOS,APIPUCOS,,,COLISÃO,COLISÃO ENTRE DOIS AUTOS S/V,2,,,,,,,,,0,,,,,,,,,,,,,,
2018-02-15,11:23:00,SEM VÍTIMA,FINALIZADA,MADALENA,RUA JOSE OSORIO,369,,EM FRENTE AO RM EXPRESSO,RUA JOSE OSORIO,369,EM FRENTE AO RM EXPRESSO,MADALENA,,,COLISÃO,SEM VITIMAS,2,,,,,,,,,0,,,,,,,,,,,,,,
2018-02-15,12:15:00,COM VÍTIMA,FINALIZADA,BAIRRO DO RECIFE,CAIS DO APOLO,,,NO MARCO ZERO E/F AO BANCO DO BRASIL,CAIS DO APOLO,,NO MARCO ZERO E/F AO BANCO DO BRASIL,BAIRRO DO RECIFE,,,COLISÃO,COLISAO DE ONIBUS E MOTO COM UMA VITIMA,,1,,,,1,,,,1,,,,,,,,,,,,,,
2018-02-15,13:03:00,SEM VÍTIMA,FINALIZADA,MADALENA,AV VISCONDE DE ALBUQUERQUE,400,,APOS O BOMPREÇO SENTIDO A PONTE DA TORRE,AV VISCONDE DE ALBUQUERQUE,400,APOS O BOMPREÇO SENTIDO A PONTE DA TORRE,MADALENA,,,COLISÃO,DOIS AUTOS,2,,,,,,,,,0,,,,,,,,,,,,,,
2018-02-15,13:14:00,SEM VÍTIMA,CANCELADA,ROSARINHO,AV NORTE,,,APOS A PADARIA DO ROSARINHO E/F AO POSTO BR MANIA S/T SUB,AV NORTE,,APOS A PADARIA DO ROSARINHO E/F AO POSTO BR MANIA S/T SUB,ROSARINHO,,,COLISÃO,COLISAO DE DOIS AUTOS S/V,2,,,,,,,,,0,,,,,,,,,,,,,,
2018-02-15,14:29:00,SEM VÍTIMA,FINALIZADA,BOA VIAGEM,AV CONSELHEIRO AGUIAR,3655,,EM FRENTE AO BANCO ITAU,AV CONSELHEIRO AGUIAR,3655,EM FRENTE AO BANCO ITAU,BOA VIAGEM,,,COLISÃO,AUTO E ONIBUS ,1,,,,,1,,,,0,,,,,,,,,,,,,,
2018-02-15,15:06:00,SEM VÍTIMA,FINALIZADA,DOIS UNIDOS,AV HILDEBRANDO DE VASCONCELOS,,RUA RAU VALENCA,COM A RUA RAU VALENÇA- APÓS O FORRO DO ARLINDO,AV HILDEBRANDO DE VASCONCELOS,,COM A RUA RAU VALENÇA- APÓS O FORRO DO ARLINDO,DOIS UNIDOS,,,COLISÃO,COLISÃO SEM VITIMA,2,,,,,,,,,0,,,,,,,,,,,,,,
2018-02-15,15:24:00,SEM VÍTIMA,FINALIZADA,GRAÇAS,AV DR MALAQUIAS,349,,E/F DO ARMAZEM DE COSTRUÇAO QUATRO CANTOS,AV DR MALAQUIAS,349,E/F DO ARMAZEM DE COSTRUÇAO QUATRO CANTOS,GRAÇAS,,,COLISÃO,COLISAO DE VEICULO OFICIAL E AUTO S/V VT 13 NO LOCAL,1,,,,,,,,,0,,,,,,,,,,,,,,
2018-02-15,16:10:00,COM VÍTIMA,FINALIZADA,AFOGADOS,LARGO DA PAZ,,,SEMAFORO 053,LARGO DA PAZ,,SEMAFORO 053,AFOGADOS,,,COLISÃO,AUTO E MOTO,1,1,,,,,,,,1,,,,,,,,,,,,,,
2018-02-15,16:20:00,SEM VÍTIMA,FINALIZADA,BOA VIAGEM,AV ENGENHEIRO DOMINGOS FERREIRA,,,E/F AO SUPERMERCADO EXTRA / SNT PINA,AV ENGENHEIRO DOMINGOS FERREIRA,,E/F AO SUPERMERCADO EXTRA / SNT PINA,BOA VIAGEM,,,ENGAVETAMENTO,ENTRE 2 AUTOS E ONIBUS. S/V,2,,,,,1,,,,0,,,,,,,,,,,,,,
2018-02-15,16:50:00,SEM VÍTIMA,FINALIZADA,AREIAS,RUA AURORA CACOTE,523,,NA VILA CARDEAL E SILVA E/F DA CARDEAL PET,RUA AURORA CACOTE,523,NA VILA CARDEAL E SILVA E/F DA CARDEAL PET,AREIAS,,,COLISÃO,COLISAO DE TRESAUTOS S/V,3,,,,,,,,,0,,,,,,,,,,,,,,
2018-02-15,16:56:00,SEM VÍTIMA,FINALIZADA,ILHA DO RETIRO,RUA SPORT CLUBE DO RECIFE,,,NA DESCIDA DA PONTE  SNT BR / E/F AO CAMPO DA ILHA DO RETIRO,RUA SPORT CLUBE DO RECIFE,,NA DESCIDA DA PONTE  SNT BR / E/F AO CAMPO DA ILHA DO RETIRO,ILHA DO RETIRO,,,COLISÃO,ENTRE AUTO E CAMINHÃO. S/V,1,,,,,,1,,,0,,,,,,,,,,,,,,
2018-02-15,17:50:00,SEM VÍTIMA,FINALIZADA,IBURA,RUA RIO TAPADO,55,,,RUA RIO TAPADO,55,,IBURA,,,COLISÃO,COLISÃO SEM VITIMA,2,,,,,,,,,0,,,,,,,,,,,,,,
2018-02-15,17:53:00,SEM VÍTIMA,FINALIZADA,BAIRRO DO RECIFE,PTE DO LIMOEIRO,,RUA DA AURORA,AO LADO DA PREFEITURA DO RECIFE E ESQUINA COM A R DA AURORA,PTE DO LIMOEIRO,,AO LADO DA PREFEITURA DO RECIFE E ESQUINA COM A R DA AURORA,BAIRRO DO RECIFE,,,COLISÃO,ENTRE 2 AUTOS .S/V,2,,,,,,,,,0,,,,,,,,,,,,,,
2018-02-15,17:56:00,SEM VÍTIMA,EQUIPE EM DESLOCAMENTO,IPSEP,AV RECIFE,33,,PROX AO POSTO TOTAL. SNT ESTÂNCIA,AV RECIFE,33,PROX AO POSTO TOTAL. SNT ESTÂNCIA,IPSEP,,,COLISÃO,ENTRE 2 AUTOS. S/V,2,,,,,,,,,0,,,,,,,,,,,,,,
2018-02-15,18:08:00,COM VÍTIMA,FINALIZADA,AREIAS,AV RECIFE,,,ENF AO RECIDENCIAL INES ANDRE ASA --OBS:- VT 21 DA CTTU ESTA NO LOCAL,AV RECIFE,,ENF AO RECIDENCIAL INES ANDRE ASA --OBS:- VT 21 DA CTTU ESTA NO LOCAL,AREIAS,,,COLISÃO,MOTO E AUTO,1,1,,,,,,,,1,,,,,,,,,,,,,,
2018-02-15,18:19:00,SEM VÍTIMA,FINALIZADA,ESPINHEIRO,AV GOVERNADOR AGAMENON MAGALHAES,,,EM FRENTE AO CREA,AV GOVERNADOR AGAMENON MAGALHAES,,EM FRENTE AO CREA,ESPINHEIRO,,,CHOQUE,CAMINHÃO DERRUBOU UM POSTE,,,,,,,1,,,0,,,,,,,,,,,,,,
2018-02-15,18:30:00,SEM VÍTIMA,FINALIZADA,SANTO AMARO,AV MARIO MELO,,,E/F AO CEMITÉRIO SANTO AMARO E MERCADO RM EXPRESS . SNT SUB / CENTRO,AV MARIO MELO,,E/F AO CEMITÉRIO SANTO AMARO E MERCADO RM EXPRESS . SNT SUB / CENTRO,SANTO AMARO,,,COLISÃO,ENTRE 2 AUTOS. S/V,2,,,,,,,,,0,,,,,,,,,,,,,,