data,hora,natureza_acidente,situacao,bairro,endereco,numero,detalhe_endereco_acidente,complemento,endereco_cruzamento,numero_cruzamento,referencia_cruzamento,bairro_cruzamento,num_semaforo,sentido_via,tipo,descricao,auto,moto,ciclom,ciclista,pedestre,onibus,caminhao,viatura,outros,vitimas,vitimasfatais,acidente_verificado,tempo_clima,situacao_semaforo,sinalizacao,condicao_via,conservacao_via,ponto_controle,situacao_placa,velocidade_max_via,mao_direcao,divisao_via1,divisao_via2,divisao_via3
2018-02-15,18:32:00,SEM VÍTIMA,CANCELADA,SANTO AMARO,AV CRUZ CABUGA,,,ENFR ACADEMIA MILITAR SENTIDO OLINDA,AV CRUZ CABUGA,,ENFR ACADEMIA MILITAR SENTIDO OLINDA,SANTO AMARO,,,COLISÃO,CAMINHAO REBOQUE X AUTO E MOTO,1,1,,,,,1,,,0,,,,,,,,,,,,,,
2018-02-15,18:48:00,COM VÍTIMA,FINALIZADA,PORTO DA MADEIRA,AV BEBERIBE,,,ENF AO COLEGIO NOVENTA GRAU E SEMAFORO 559,AV BEBERIBE,,ENF AO COLEGIO NOVENTA GRAU E SEMAFORO 559,PORTO DA MADEIRA,,,COLISÃO,AUTO X MOTO,1,1,,,,,,,,1,,,,,,,,,,,,,,
2018-02-15,19:49:00,SEM VÍTIMA,FINALIZADA,ESTÂNCIA,AV DR JOSE RUFINO,299,,ENFR AO COLEGIO VISAO,AV DR JOSE RUFINO,299,ENFR AO COLEGIO VISAO,ESTÂNCIA,,,COLISÃO,MOTO E AUTO,1,1,,,,,,,,0,,,,,,,,,,,,,,
2018-02-15,22:35:00,SEM VÍTIMA,CANCELADA,BOA VIAGEM,RUA BRUNO VELOSO,,,E/F AO SHOPPING RECIFE,RUA BRUNO VELOSO,,E/F AO SHOPPING RECIFE,BOA VIAGEM,,,COLISÃO,ENTRE AUTO E ÔNIBUS. S/V,1,,,,,1,,,,0,,,,,,,,,,,,,,
2018-02-15,23:25:00,SEM VÍTIMA,FINALIZADA,ILHA DO LEITE,RUA GENERAL JOAQUIM INACIO,,,E/F AO POSTO MEGA E ESQUINA COM A PAGUE MENOS,RUA GENERAL JOAQUIM INACIO,,E/F AO POSTO MEGA E ESQUINA COM A PAGUE MENOS,ILHA DO LEITE,,,COLISÃO,ENTRE 2 AUTOS. S/V,2,,,,,,,,,0,,,,,,,,,,,,,,
2018-02-16,03:53:00,SEM VÍTIMA,FINALIZADA,BAIRRO DO RECIFE,RUA DR ASCANIO PEIXOTO,,,AO LADO DA MARINHA // EM FRENTE AO PRÉDIO VERMELHO,RUA DR ASCANIO PEIXOTO,,AO LADO DA MARINHA // EM FRENTE AO PRÉDIO VERMELHO,BAIRRO DO RECIFE,,,CHOQUE,VEÍCULO CHOCOU-SE CONTRA O MURO DO PORTO,1,,,,,,,,,0,,,,,,,,,,,,,,
2018-02-16,06:08:00,SEM VÍTIMA,FINALIZADA,TAMARINEIRA,RUA CONEGO BARATA,618,,E/F A PADARIA MANÁ  SENTIDO ESTRADA VELHA DE ÁGUA FRIA.,RUA CONEGO BARATA,618,E/F A PADARIA MANÁ  SENTIDO ESTRADA VELHA DE ÁGUA FRIA.,TAMARINEIRA,,,COLISÃO,SEM VÍTIMAS,2,,,,,,,,,0,,,,,,,,,,,,,,
2018-02-16,06:13:00,SEM VÍTIMA,FINALIZADA,AREIAS,AV RECIFE,1644,,EM FRENTE A GALETOS / SENT BOA VIAGEM,AV RECIFE,1644,EM FRENTE A GALETOS / SENT BOA VIAGEM,AREIAS,,,COLISÃO,AUTO E CAMINHAO,1,,,,,,1,,,0,,,,,,,,,,,,,,
2018-02-16,07:40:00,SEM VÍTIMA,CANCELADA,ILHA DO RETIRO,RUA TABAIARES,1700,,EM FRENTE A HYUNDAI,RUA TABAIARES,1700,EM FRENTE A HYUNDAI,ILHA DO RETIRO,,,COLISÃO,SEM VITIMAS,1,1,,,,,,,,0,,,,,,,,,,,,,,
2018-02-16,07:43:00,COM VÍTIMA,FINALIZADA,SANTO AMARO,AV CRUZ CABUGA,,,PRÓXIMO A PARADA DO BRT E LADO OPOSTO A CONCESSIONÁRIA HONDA - SENTIDO OLINDA,AV CRUZ CABUGA,,PRÓXIMO A PARADA DO BRT E LADO OPOSTO A CONCESSIONÁRIA HONDA - SENTIDO OLINDA,SANTO AMARO,,,COLISÃO,COM VÍTIMA - VÍTIMA SOCORRIDA PELO CBMPE,,2,,,,,,,,1,,,,,,,,,,,,,,
2018-02-16,08:08:00,SEM VÍTIMA,FINALIZADA,BOA VIAGEM,AV HERCULANO BANDEIRA,636,,E/F A VICENTE AUTO PEÇAS  SENTIDO PINA.  PADARIA FRUTA PÃO,AV HERCULANO BANDEIRA,636,E/F A VICENTE AUTO PEÇAS  SENTIDO PINA.  PADARIA FRUTA PÃO,BOA VIAGEM,,,COLISÃO,SEM VÍTIMAS.,2,,,,,,,,,0,,,,,,,,,,,,,,
2018-02-16,08:41:00,SEM VÍTIMA,FINALIZADA,BAIRRO DO RECIFE,AV MILITAR,,,NA CURVA DE ESQUINA COM O POSTO SHELL NA DESCIDA DA PONTE DO LIMOEIRO SENT/PCR,AV MILITAR,,NA CURVA DE ESQUINA COM O POSTO SHELL NA DESCIDA DA PONTE DO LIMOEIRO SENT/PCR,BAIRRO DO RECIFE,,,COLISÃO,SEM VITIMAS,1,,,,,1,,,,0,,,,,,,,,,,,,,
2018-02-16,08:45:00,SEM VÍTIMA,CANCELADA,PINA,AV ANTONIO DE GOES,636,,EM FRENTE A AUTO PEÇAS,AV ANTONIO DE GOES,636,EM FRENTE A AUTO PEÇAS,PINA,,,COLISÃO,DOIS AUTOS,2,,,,,,,,,0,,,,,,,,,,,,,,
2018-02-16,09:03:00,SEM VÍTIMA,FINALIZADA,ESPINHEIRO,RUA MARQUES DO PARANA,209,RUA ALFREDO DE CARVALHO,E/F AO MARTELINHO DE OURO,RUA MARQUES DO PARANA,209,E/F AO MARTELINHO DE OURO,ESPINHEIRO,,,COLISÃO,SEM VÍTIMAS,2,,,,,,,,,0,,,,,,,,,,,,,,
2018-02-16,09:30:00,SEM VÍTIMA,FINALIZADA,IMBIRIBEIRA,RUA JOSE DA SILVA LUCENA,38,,EM FRENTE A ACADEMIA BUNKER EQUILIBRIO CROSSFIT,RUA JOSE DA SILVA LUCENA,38,EM FRENTE A ACADEMIA BUNKER EQUILIBRIO CROSSFIT,IMBIRIBEIRA,,,COLISÃO,DOIS AUTOS,2,,,,,,,,,0,,,,,,,,,,,,,,
2018-02-16,10:45:00,SEM VÍTIMA,FINALIZADA,BOA VIAGEM,RUA JOAO CARDOSO AIRES,600,,EM FRENTE AO RESTAURANTE PARK DA PIZZA,RUA JOAO CARDOSO AIRES,600,EM FRENTE AO RESTAURANTE PARK DA PIZZA,BOA VIAGEM,,,COLISÃO,DOIS AUTOS,2,,,,,,,,,0,,,,,,,,,,,,,,
2018-02-16,10:56:00,SEM VÍTIMA,FINALIZADA,TORRÕES,AV ENGENHEIRO ABDIAS DE CARVALHO,962,,EM FRENTE A DLP DISTRIBUICOES,AV ENGENHEIRO ABDIAS DE CARVALHO,962,EM FRENTE A DLP DISTRIBUICOES,TORRÕES,,,COLISÃO,DOIS AUTOS,2,,,,,,,,,0,,,,,,,,,,,,,,
2018-02-16,10:59:00,SEM VÍTIMA,FINALIZADA,PAISSANDU,RUA PAISSANDU,,,EM FRENTE AO EMPRESARIAL RENATO DIAS AO LADO DO COLEGIO GGE,RUA PAISSANDU,,EM FRENTE AO EMPRESARIAL RENATO DIAS AO LADO DO COLEGIO GGE,PAISSANDU,,,COLISÃO,SEM VITIMAS,2,,,,,,,,,0,,,,,,,,,,,,,,
2018-02-16,11:11:00,SEM VÍTIMA,FINALIZADA,CASA FORTE,RUA NESTOR SILVA,,RUA AFONSO DE ALBUQUERQUE MELO,COM A RUA AFONSO DE ALBUQUERQUE MELO / POR TRAS DO HIPER DE CASA FORTE,RUA NESTOR SILVA,,COM A RUA AFONSO DE ALBUQUERQUE MELO / POR TRAS DO HIPER DE CASA FORTE,CASA FORTE,,,COLISÃO,,2,,,,,,,,,0,,,,,,,,,,,,,,
2018-02-16,11:26:00,SEM VÍTIMA,CANCELADA,BOA VISTA,RUA DA SANTA CRUZ,,,E/F A IGREJA DA SANTA CRUZ,RUA DA SANTA CRUZ,,E/F A IGREJA DA SANTA CRUZ,BOA VISTA,,,COLISÃO,SEM VÍTIMAS,2,,,,,,,,,0,,,,,,,,,,,,,,
2018-02-16,11:46:00,SEM VÍTIMA,FINALIZADA,PINA,AV HERCULANO BANDEIRA,855,,EM FRRENTE NEW SEDAN SEMINOVOS,AV HERCULANO BANDEIRA,855,EM FRRENTE NEW SEDAN SEMINOVOS,PINA,,,COLISÃO,SEM VITIMAS,2,,,,,,,,,0,,,,,,,,,,,,,,
2018-02-16,11:48:00,SEM VÍTIMA,FINALIZADA,DERBY,AV GOVERNADOR AGAMENON MAGALHAES,,,SEMAFORO 174 / SENT SUB OLINDA / EM FRENTE A DROGA ZIL,AV GOVERNADOR AGAMENON MAGALHAES,,SEMAFORO 174 / SENT SUB OLINDA / EM FRENTE A DROGA ZIL,DERBY,,,COLISÃO,DOIS AUTOS,2,,,,,,,,,0,,,,,,,,,,,,,,
2018-02-16,12:04:00,SEM VÍTIMA,FINALIZADA,BOA VISTA,AV GOVERNADOR AGAMENON MAGALHAES,,,SENTIDO OLINDA BEIRA CANAL NA ENTRADA DO CLUBE DOS OFICIAIS,AV GOVERNADOR AGAMENON MAGALHAES,,SENTIDO OLINDA BEIRA CANAL NA ENTRADA DO CLUBE DOS OFICIAIS,BOA VISTA,,,COLISÃO,COLISÃO SEM VITIMAS,2,,,,,,,,,0,,,,,,,,,,,,,,
2018-02-16,13:56:00,COM VÍTIMA,FINALIZADA,BOA VISTA,RUA JOSE DE ALENCAR,725,,EM FRENTE A ALERGO IMUNO,RUA JOSE DE ALENCAR,725,EM FRENTE A ALERGO IMUNO,BOA VISTA,,,COLISÃO,COLISÃO COM VÍTIMA,1,1,,,,,,,,1,,,,,,,,,,,,,,
2018-02-16,15:47:00,SEM VÍTIMA,FINALIZADA,SANTO ANTÔNIO,RUA SIQUEIRA CAMPOS,254,AV DANTAS BARRETO,COM AV DANTAS BARRETO PROX DAS SECRETARIA DE EDUCAÇÃO,RUA SIQUEIRA CAMPOS,254,COM AV DANTAS BARRETO PROX DAS SECRETARIA DE EDUCAÇÃO,SANTO ANTÔNIO,,,COLISÃO,COLISAO DE ONIBUS E AUTO S/V,1,,,,,1,,,,0,,,,,,,,,,,,,,
2018-02-16,16:00:00,SEM VÍTIMA,FINALIZADA,AFOGADOS,RUA COSME VIANA,95,,EM FRENTE A OFICINA RECIFE RODAS,RUA COSME VIANA,95,EM FRENTE A OFICINA RECIFE RODAS,AFOGADOS,,,COLISÃO,COLISÃO SEM VITIMAS GM QTH,2,,,,,,,,,0,,,,,,,,,,,,,,
2018-02-16,17:02:00,SEM VÍTIMA,FINALIZADA,MADALENA,AV ENGENHEIRO ABDIAS DE CARVALHO,1055,,EM FRENTE AO POSTO BR SENT/CIDADE,AV ENGENHEIRO ABDIAS DE CARVALHO,1055,EM FRENTE AO POSTO BR SENT/CIDADE,MADALENA,,,COLISÃO,SEM VITIMAS,3,,,,,,,,,0,,,,,,,,,,,,,,
2018-02-16,17:08:00,SEM VÍTIMA,FINALIZADA,SANTO AMARO,RUA GOUVEIA DE BARROS,136,,EM FRENTE A CASA DE APOIO GRAVATA,RUA GOUVEIA DE BARROS,136,EM FRENTE A CASA DE APOIO GRAVATA,SANTO AMARO,,,COLISÃO,COLISÃO SEM VÍTIMA,2,,,,,,,,,0,,,,,,,,,,,,,,
2018-02-16,17:46:00,COM VÍTIMA,FINALIZADA,NOVA DESCOBERTA,AV VEREADOR OTACILIO AZEVEDO,3021,,PROX A FABRICA DA KINITOS EM FRENTE A IGREJA CATOLICA,AV VEREADOR OTACILIO AZEVEDO,3021,PROX A FABRICA DA KINITOS EM FRENTE A IGREJA CATOLICA,NOVA DESCOBERTA,,,ATROPELAMENTO,ATROPELAMENTO VITIMA SENDO SOCORRIDA PELOS BOMBEIROS,,,,,1,,,,,1,,,,,,,,,,,,,,
2018-02-16,18:15:00,SEM VÍTIMA,FINALIZADA,MADALENA,RUA JOSE OSORIO,127,,EM FRENTE DO EMPORIO DOCES E SALGADOS,RUA JOSE OSORIO,127,EM FRENTE DO EMPORIO DOCES E SALGADOS,MADALENA,,,COLISÃO,ONIBUS E AUTO,1,,,,,1,,,,0,,,,,,,,,,,,,,
2018-02-16,18:25:00,COM VÍTIMA,CANCELADA,NOVA DESCOBERTA,AV VEREADOR OTACILIO AZEVEDO,3333,,APÓS A FABRICA DA PIPOCA KINITOS E E/F A IGREJA. PROX AO HOTEL RAROS,AV VEREADOR OTACILIO AZEVEDO,3333,APÓS A FABRICA DA PIPOCA KINITOS E E/F A IGREJA. PROX AO HOTEL RAROS,NOVA DESCOBERTA,,,ATROPELAMENTO,ENTRE AUTO E CRIANÇA NO LOCAL. C/V,1,,,,1,,,,,1,,,,,,,,,,,,,,
2018-02-16,19:33:00,COM VÍTIMA,FINALIZADA,PAISSANDU,AV GOVERNADOR AGAMENON MAGALHAES,,,EM FRENTE AO HOSPITAL PORTUGUES SENT. BOA VIAGEM,AV GOVERNADOR AGAMENON MAGALHAES,,EM FRENTE AO HOSPITAL PORTUGUES SENT. BOA VIAGEM,PAISSANDU,,,COLISÃO,AUTO E MOTO,1,1,,,,,,,,1,,,,,,,,,,,,,,
2018-02-16,19:44:00,SEM VÍTIMA,FINALIZADA,MADALENA,RUA JOSE BONIFACIO,,,PROX AO HOSPITAL DE ÁVILA  PRC DA MADALENA E E/F AO CENTRO HOSPITAL VETERINÁRIO HARMONIA,RUA JOSE BONIFACIO,,PROX AO HOSPITAL DE ÁVILA  PRC DA MADALENA E E/F AO CENTRO HOSPITAL VETERINÁRIO HARMONIA,MADALENA,,,COLISÃO,ENTRE ÕNIBUS E AUTO PASSEIO. S/V,1,,,,,1,,,,0,,,,,,,,,,,,,,
2018-02-16,20:35:00,SEM VÍTIMA,FINALIZADA,MADALENA,AV VISCONDE DE ALBUQUERQUE,400,RUA LOPEZ DE CARVALHO,CRUZ COM A R LOPEZ DE CARVALHO,AV VISCONDE DE ALBUQUERQUE,400,CRUZ COM A R LOPEZ DE CARVALHO,MADALENA,,,COLISÃO,ENTRE AUTO E MOTO. S/V,2,,,,,,,,,0,,,,,,,,,,,,,,
2018-02-16,21:04:00,SEM VÍTIMA,FINALIZADA,PINA,RUA NOGUEIRA DE SOUZA,146,,PROX. DO RESTAURANTE CALDINHO DO NENEM  E EMPRESARIAL JOSE DAVID GIL RODRIGUES,RUA NOGUEIRA DE SOUZA,146,PROX. DO RESTAURANTE CALDINHO DO NENEM  E EMPRESARIAL JOSE DAVID GIL RODRIGUES,PINA,,,COLISÃO,DOIS AUTOS,2,,,,,,,,,0,,,,,,,,,,,,,,
2018-02-16,23:27:00,SEM VÍTIMA,FINALIZADA,PINA,AV ANTONIO DE GOES,,RUA MANOEL DE BRITO,CRUZ COM A R MANOEL BRITO E E/F AO EDF JOAQUIM,AV ANTONIO DE GOES,,CRUZ COM A R MANOEL BRITO E E/F AO EDF JOAQUIM,PINA,,,COLISÃO,ENTRE AUTO E ONIBUS. S/V,2,,,,,1,,,,0,,,,,,,,,,,,,,
2018-02-17,00:53:00,SEM VÍTIMA,FINALIZADA,BOA VIAGEM,RUA DEZ DE JULHO,113,,SEMÁFORO 437  E/F A RESIDENCIA.,RUA DEZ DE JULHO,113,SEMÁFORO 437  E/F A RESIDENCIA.,BOA VIAGEM,,,COLISÃO,SEM VÍTIMAS.,2,,,,,,,,,0,,,,,,,,,,,,,,
2018-02-17,07:25:00,SEM VÍTIMA,CANCELADA,AREIAS,AV DR JOSE RUFINO,1099,,EM FRENTE AO SENAI,AV DR JOSE RUFINO,1099,EM FRENTE AO SENAI,AREIAS,,,COLISÃO,DOIS AUTOS,2,,,,,,,,,0,,,,,,,,,,,,,,
2018-02-17,07:50:00,COM VÍTIMA,FINALIZADA,SANTO AMARO,RUA TREZE DE MAIO,,,C/ RUA DOS PALMARES,RUA TREZE DE MAIO,,C/ RUA DOS PALMARES,SANTO AMARO,,,COLISÃO,,1,1,,,,,,,,1,,,,,,,,,,,,,,
2018-02-17,09:42:00,SEM VÍTIMA,CANCELADA,AREIAS,AV RECIFE,,,EN FRENTE AO GALETUS,AV RECIFE,,EN FRENTE AO GALETUS,AREIAS,,,COLISÃO,COLISÃO SEM VITIMA,2,,,,,,,,,0,,,,,,,,,,,,,,
2018-02-17,09:55:00,SEM VÍTIMA,FINALIZADA,CAMPO GRANDE,AV PROFESSOR JOSE DOS ANJOS,123,RUA CORREIA DE BRITO,RESIDENCIA BEIRA CANAL CRUZ COM A RUA CORREIA DE BRITO EM FRENTE A COPERATIVA ECO VIDA PALHA DE ARROZ,AV PROFESSOR JOSE DOS ANJOS,123,RESIDENCIA BEIRA CANAL CRUZ COM A RUA CORREIA DE BRITO EM FRENTE A COPERATIVA ECO VIDA PALHA DE ARROZ,CAMPO GRANDE,,,COLISÃO,COLISÃO SEM VITIMAS,3,,,,,,,,,0,,,,,,,,,,,,,,
2018-02-17,10:21:00,SEM VÍTIMA,CANCELADA,ÁGUA FRIA,RUA JAPARANDUBA,,,EM FRENTE AO MERCADO PUBLICO D AGUA FRIA,RUA JAPARANDUBA,,EM FRENTE AO MERCADO PUBLICO D AGUA FRIA,ÁGUA FRIA,,,COLISÃO,COLISÃO SEM VITIMAS,1,1,,,,,,,,0,,,,,,,,,,,,,,
2018-02-17,10:53:00,SEM VÍTIMA,CANCELADA,TAMARINEIRA,RUA CONEGO BARATA,,,EM FRENTE A FERREIRA COSTA,RUA CONEGO BARATA,,EM FRENTE A FERREIRA COSTA,TAMARINEIRA,,,COLISÃO,COLISÃO SEM VITIMAS,2,,,,,,,,,0,,,,,,,,,,,,,,
2018-02-17,10:57:00,SEM VÍTIMA,CANCELADA,SAN MARTIN,AV GENERAL SAN MARTIN,,,GIRADOR DE SAN MARTIN / SENT AV RECIFE,AV GENERAL SAN MARTIN,,GIRADOR DE SAN MARTIN / SENT AV RECIFE,SAN MARTIN,,,COLISÃO,DOIS AUTOS / VT 13 NO QTH CLAUDEMIR,2,,,,,,,,,0,,,,,,,,,,,,,,
2018-02-17,11:09:00,SEM VÍTIMA,FINALIZADA,BOA VIAGEM,AV ENGENHEIRO DOMINGOS FERREIRA,,,EM FRENTE A CONCESSIONARIA AUTO PARVI,AV ENGENHEIRO DOMINGOS FERREIRA,,EM FRENTE A CONCESSIONARIA AUTO PARVI,BOA VIAGEM,,,COLISÃO,COLISÃO SEM VITIMAS,2,,,,,,,,,0,,,,,,,,,,,,,,
2018-02-17,11:13:00,SEM VÍTIMA,FINALIZADA,MADALENA,RUA PESSOA DE MELO,299,,EM FRENTE AO SÃO BRAZ,RUA PESSOA DE MELO,299,EM FRENTE AO SÃO BRAZ,MADALENA,,,COLISÃO,COL.S/V,2,,,,,,,,,0,,,,,,,,,,,,,,
2018-02-17,11:42:00,SEM VÍTIMA,FINALIZADA,CASA AMARELA,RUA DA HARMONIA,,,PROX DA IGREJA DA HARMONIA AO LADO DA FARMACIA INDEPENDENTE,RUA DA HARMONIA,,PROX DA IGREJA DA HARMONIA AO LADO DA FARMACIA INDEPENDENTE,CASA AMARELA,,,COLISÃO,,2,,,,,,,,,0,,,,,,,,,,,,,,
2018-02-17,12:14:00,SEM VÍTIMA,FINALIZADA,BOA VIAGEM,RUA TOME GIBSON,919,,PROX. AO MALIBU  POR TRAZ DO HOTEL,RUA TOME GIBSON,919,PROX. AO MALIBU  POR TRAZ DO HOTEL,BOA VIAGEM,,,COLISÃO,COLISÃO SEM VITIMAS,2,,,,,,,,,0,,,,,,,,,,,,,,
2018-02-17,12:15:00,SEM VÍTIMA,FINALIZADA,IBURA,AV JOAO RIO BRANCO DE LIMA,410,,EM FRENTE A BORRACHARIA SM PNEUS,AV JOAO RIO BRANCO DE LIMA,410,EM FRENTE A BORRACHARIA SM PNEUS,IBURA,,,COLISÃO,SEM VITIMAS,1,,,,,,1,,,0,,,,,,,,,,,,,,
2018-02-17,13:02:00,SEM VÍTIMA,CANCELADA,IPUTINGA,AV CAXANGA,4038,,SENT/DERBY EM FRENTE AO POSTO BR,AV CAXANGA,4038,SENT/DERBY EM FRENTE AO POSTO BR,IPUTINGA,,,COLISÃO,SEM VITIMAS,2,,,,,,,,,0,,,,,,,,,,,,,,
2018-02-17,13:18:00,SEM VÍTIMA,CANCELADA,CASA FORTE,RUA NESTOR SILVA,,,EM FRENTE A MAC DONALDS PRAÇA JORNALISTA PESSOA DE QUEIROZ,RUA NESTOR SILVA,,EM FRENTE A MAC DONALDS PRAÇA JORNALISTA PESSOA DE QUEIROZ,CASA FORTE,,,COLISÃO,SEM VITIMAS,2,,,,,,,,,0,,,,,,,,,,,,,,
2018-02-17,13:33:00,SEM VÍTIMA,FINALIZADA,IPSEP,AV RECIFE,1260,,SENT/BR 101 SEMAFORO 319 ,AV RECIFE,1260,SENT/BR 101 SEMAFORO 319 ,IPSEP,,,COLISÃO,,1,,,,,,1,,,0,,,,,,,,,,,,,,
2018-02-17,13:55:00,SEM VÍTIMA,CANCELADA,DERBY,AV GOVERNADOR AGAMENON MAGALHAES,,,EM FRENTE A O HOSPITAL DA RESTAURAÇÃO SENT/PINA,AV GOVERNADOR AGAMENON MAGALHAES,,EM FRENTE A O HOSPITAL DA RESTAURAÇÃO SENT/PINA,DERBY,,,COLISÃO,SEM VITIMAS,1,,,,,,,,,0,,,,,,,,,,,,,,
2018-02-17,14:22:00,COM VÍTIMA,FINALIZADA,IMBIRIBEIRA,AV MARECHAL MASCARENHAS DE MORAES,,,JUNTO AO SEMAFORO 289,AV MARECHAL MASCARENHAS DE MORAES,,JUNTO AO SEMAFORO 289,IMBIRIBEIRA,,,COLISÃO,COLISÃO SEM VITIMAS,1,1,,,,,,,,1,,,,,,,,,,,,,,
2018-02-17,17:42:00,SEM VÍTIMA,FINALIZADA,ILHA DO RETIRO,AV ENGENHEIRO ABDIAS DE CARVALHO,,,ENFRENTE AO SPORT CLUB DO RECIFE,AV ENGENHEIRO ABDIAS DE CARVALHO,,ENFRENTE AO SPORT CLUB DO RECIFE,ILHA DO RETIRO,,,COLISÃO,COLISÃO SEM VITIMAS,2,,,,,,,,,0,,,,,,,,,,,,,,
2018-02-17,18:32:00,SEM VÍTIMA,FINALIZADA,AFOGADOS,RUA SAO MIGUEL,268,,ENF AO DEPATR,RUA SAO MIGUEL,268,ENF AO DEPATR,AFOGADOS,,,COLISÃO,ONIBUS X CLASSIC,1,,,,,1,,,,0,,,,,,,,,,,,,,
2018-02-17,18:41:00,SEM VÍTIMA,FINALIZADA,ÁGUA FRIA,AV BEBERIBE,,,ENFR AO MERCADO DE AGUA FRIA,AV BEBERIBE,,ENFR AO MERCADO DE AGUA FRIA,ÁGUA FRIA,,,COLISÃO,ONIBUS X FOX,1,,,,,1,,,,0,,,,,,,,,,,,,,
2018-02-17,18:44:00,SEM VÍTIMA,FINALIZADA,TORRÕES,RUA ARTUR COUTINHO,520,,E/F A PADARIA CENTRAL DO PÃO E PROX AO CAMPO DA RODA DE FOGO,RUA ARTUR COUTINHO,520,E/F A PADARIA CENTRAL DO PÃO E PROX AO CAMPO DA RODA DE FOGO,TORRÕES,,,ACID. DE PERCURSO,MOTORISTA PERDEU O CONTROLE DO VEÍCULO  FAZENDO O CAIR EM UM CANAL. O MESMO APRESENTANDO EMBRIGUEZ  ACABOU SE EVADINDO  DEIXANDO O AUTO CAÍDO NO LOCAL.,1,,,,,,,,,0,,,,,,,,,,,,,,
2018-02-17,19:49:00,COM VÍTIMA,FINALIZADA,PINA,RUA ARQUITETO AUGUSTO REINALDO,193,,PROX AO ATACADO DA CONSTRUCAO,RUA ARQUITETO AUGUSTO REINALDO,193,PROX AO ATACADO DA CONSTRUCAO,PINA,,,COLISÃO,AUTO X MOTO,1,1,,,,,,,,1,,,,,,,,,,,,,,
2018-02-17,20:12:00,COM VÍTIMA,FINALIZADA,SAN MARTIN,AV GENERAL SAN MARTIN,,,PROXIMIDADES DA LOMBADA ELETRôNICA / APÓS A CAVALARIA / E/F A LOJA DELAZARI,AV GENERAL SAN MARTIN,,PROXIMIDADES DA LOMBADA ELETRôNICA / APÓS A CAVALARIA / E/F A LOJA DELAZARI,SAN MARTIN,,,COLISÃO,ENTRE AUTO E MOTO. C/V,1,,1,,,,,,,1,,,,,,,,,,,,,,
2018-02-17,20:44:00,SEM VÍTIMA,FINALIZADA,TEJIPIÓ,AV DR JOSE RUFINO,,RUA DO SANCHO,ENF A ESTAÇAO TEJIPIO SEMAFORO 434 CRUZAMENTO CO A RUA DO SANCHO,AV DR JOSE RUFINO,,ENF A ESTAÇAO TEJIPIO SEMAFORO 434 CRUZAMENTO CO A RUA DO SANCHO,TEJIPIÓ,,,COLISÃO,ONIBUS X AUTO,1,,,,,1,,,,0,,,,,,,,,,,,,,
2018-02-17,21:56:00,SEM VÍTIMA,FINALIZADA,CASA FORTE,AV DEZESSETE DE AGOSTO,892,,E/F A PIZZARIA HUT E AO EDF CASA GRANDE DE SANTANA. SENTIDO CASA AMARELA,AV DEZESSETE DE AGOSTO,892,E/F A PIZZARIA HUT E AO EDF CASA GRANDE DE SANTANA. SENTIDO CASA AMARELA,CASA FORTE,,,COLISÃO,ENTRE AUTOS  S/V,2,,,,,,,,,0,,,,,,,,,,,,,,
2018-02-17,22:00:00,COM VÍTIMA,FINALIZADA,ROSARINHO,AV NORTE,,,SEMÁFORO 081 E E/F A PADARIA ROSARINHO,AV NORTE,,SEMÁFORO 081 E E/F A PADARIA ROSARINHO,ROSARINHO,,,COLISÃO,ENTRE AUTO E MOTO. C/V,1,1,,,,,,,,1,,,,,,,,,,,,,,
2018-02-17,22:15:00,SEM VÍTIMA,FINALIZADA,ARRUDA,RUA DO TRIUNFO,,RUA DO MACHADO,CRUZ COM A R DO MACHADO / POR TRÁS DO CAMPO DO ARRUDA,RUA DO TRIUNFO,,CRUZ COM A R DO MACHADO / POR TRÁS DO CAMPO DO ARRUDA,ARRUDA,,,COLISÃO,ENTRE 2 AUTOS,2,,,,,,,,,0,,,,,,,,,,,,,,
2018-02-17,22:53:00,SEM VÍTIMA,FINALIZADA,IMBIRIBEIRA,AV MARECHAL MASCARENHAS DE MORAES,,,ENF AO AEROPORTO SENTIDO PIEDADE ANTES DA LOMBADA ELETRONICA,AV MARECHAL MASCARENHAS DE MORAES,,ENF AO AEROPORTO SENTIDO PIEDADE ANTES DA LOMBADA ELETRONICA,IMBIRIBEIRA,,,COLISÃO,TRES AUTO,3,,,,,,,,,0,,,,,,,,,,,,,,
2018-02-18,06:54:00,SEM VÍTIMA,FINALIZADA,NOVA DESCOBERTA,RUA NOVA DESCOBERTA,,,EM FRENTE AO MERCADO PUBLICO NOVA DESCOBERTA,RUA NOVA DESCOBERTA,,EM FRENTE AO MERCADO PUBLICO NOVA DESCOBERTA,NOVA DESCOBERTA,,,COLISÃO,COLISÃO SEM VITIMAS,1,,,,,1,,,,0,,,,,,,,,,,,,,
2018-02-18,12:59:00,COM VÍTIMA,FINALIZADA,SANTO AMARO,AV VISCONDE DE SUASSUNA,,,PROXIMO AO SEMÁFORO 032,AV VISCONDE DE SUASSUNA,,PROXIMO AO SEMÁFORO 032,SANTO AMARO,,,COLISÃO,COLISÃO COM VÍTIMA,1,,,,,,,,,1,,,,,,,,,,,,,,
2018-02-18,13:17:00,SEM VÍTIMA,FINALIZADA,IMBIRIBEIRA,RUA ARQUITETO LUIZ NUNES,,,SENTIDO IPSEP EM FRENTE AO SUPERMERCADO NOVO TEMPO,RUA ARQUITETO LUIZ NUNES,,SENTIDO IPSEP EM FRENTE AO SUPERMERCADO NOVO TEMPO,IMBIRIBEIRA,,,COLISÃO,COLISÃO SEM VITIMAS,2,,,,,,,,,0,,,,,,,,,,,,,,