data,hora,natureza_acidente,situacao,bairro,endereco,numero,detalhe_endereco_acidente,complemento,endereco_cruzamento,numero_cruzamento,referencia_cruzamento,bairro_cruzamento,num_semaforo,sentido_via,tipo,descricao,auto,moto,ciclom,ciclista,pedestre,onibus,caminhao,viatura,outros,vitimas,vitimasfatais,acidente_verificado,tempo_clima,situacao_semaforo,sinalizacao,condicao_via,conservacao_via,ponto_controle,situacao_placa,velocidade_max_via,mao_direcao,divisao_via1,divisao_via2,divisao_via3
2018-02-28,13:43:00,SEM VÍTIMA,FINALIZADA,IMBIRIBEIRA,AV MARECHAL MASCARENHAS DE MORAES,,,EM FRENTE AO SEMAFORO 530 SENTIDO AFOGADOS E/F AO POSTO SHELL E DA FACULDADE DE SAUDE NA ALÇA DO VIADUTO,AV MARECHAL MASCARENHAS DE MORAES,,EM FRENTE AO SEMAFORO 530 SENTIDO AFOGADOS E/F AO POSTO SHELL E DA FACULDADE DE SAUDE NA ALÇA DO VIADUTO,IMBIRIBEIRA,,,COLISÃO,SEM VITIMAS,1,,,,,1,,,,0,,,,,,,,,,,,,,
2018-02-28,13:52:00,SEM VÍTIMA,FINALIZADA,CAXANGÁ,AV CAXANGA,1753,,AO LADO DO PETROCAR  SNT CIDADE/ SUB,AV CAXANGA,1753,AO LADO DO PETROCAR  SNT CIDADE/ SUB,CAXANGÁ,,,ENGAVETAMENTO,ENTRE 3 AUTOS. S/V,3,,,,,,,,,0,,,,,,,,,,,,,,
2018-02-28,13:53:00,SEM VÍTIMA,FINALIZADA,SANTO AMARO,AV CRUZ CABUGA,,,E/F AO HOSPITAL SANTA CASA S/T SHOPPING TACARUNA,AV CRUZ CABUGA,,E/F AO HOSPITAL SANTA CASA S/T SHOPPING TACARUNA,SANTO AMARO,,,COLISÃO,COLISAO DE TRES AUTOS S/V,3,,,,,,,,,0,,,,,,,,,,,,,,
2018-02-28,13:57:00,SEM VÍTIMA,CANCELADA,CASA AMARELA,AV NORTE,,,EM FRENTE A PRAÇA DO TRABALHO,AV NORTE,,EM FRENTE A PRAÇA DO TRABALHO,CASA AMARELA,,,COLISÃO,SEM VITIMAS,1,,,,,,1,,,0,,,,,,,,,,,,,,
2018-02-28,14:05:00,SEM VÍTIMA,FINALIZADA,ENGENHO DO MEIO,AV PROFESSOR LUIZ FREIRE,,,E/F AO QUARTEL DA 7ª REGIÃO MILITAR,AV PROFESSOR LUIZ FREIRE,,E/F AO QUARTEL DA 7ª REGIÃO MILITAR,ENGENHO DO MEIO,,,ENGAVETAMENTO,ENTRE 3 AUTOS. S/V,3,,,,,,,,,0,,,,,,,,,,,,,,
2018-02-28,14:13:00,COM VÍTIMA,FINALIZADA,TEJIPIÓ,AV DR JOSE RUFINO,3726,,PROX A ESTAÇAO TEJIPIO,AV DR JOSE RUFINO,3726,PROX A ESTAÇAO TEJIPIO,TEJIPIÓ,,,COLISÃO COM CICLISTA,COLISAO DE ONIBUS COM CICLISTA,,,,1,,1,,,,1,,,,,,,,,,,,,,
2018-02-28,14:20:00,SEM VÍTIMA,FINALIZADA,MADALENA,AV JOSE GONCALVES DE MEDEIROS,84,,E/F AO CARLITOS BURGUER  FARMACIA PAGUE MENOS E MERCADO EXTRA,AV JOSE GONCALVES DE MEDEIROS,84,E/F AO CARLITOS BURGUER  FARMACIA PAGUE MENOS E MERCADO EXTRA,MADALENA,,,COLISÃO,ENTRE AUTO E MOTO. S/V,1,1,,,,,,,,0,,,,,,,,,,,,,,
2018-02-28,14:50:00,SEM VÍTIMA,FINALIZADA,TORRE,RUA JOSE BONIFACIO,,,LADO OPOSTO AO CARREFOUR  PRÓXIMO AO POSTO SHELL.,RUA JOSE BONIFACIO,,LADO OPOSTO AO CARREFOUR  PRÓXIMO AO POSTO SHELL.,TORRE,,,COLISÃO,2 AUTOS  SEM V´TIMAS.,2,,,,,,,,,0,,,,,,,,,,,,,,
2018-02-28,16:23:00,SEM VÍTIMA,FINALIZADA,AFOGADOS,RUA COSME VIANA,728,,E/F AO POSTO FETTA,RUA COSME VIANA,728,E/F AO POSTO FETTA,AFOGADOS,,,ENGAVETAMENTO,ENTRE 4 AUTOS. S/V,4,,,,,,,,,0,,,,,,,,,,,,,,
2018-02-28,16:41:00,SEM VÍTIMA,FINALIZADA,BOA VIAGEM,AV ENGENHEIRO DOMINGOS FERREIRA,1945,,E/F AO PREDIO DA SUDENE S/T AEROPORTO,AV ENGENHEIRO DOMINGOS FERREIRA,1945,E/F AO PREDIO DA SUDENE S/T AEROPORTO,BOA VIAGEM,,,COLISÃO,COLISAO DE DOIS AUTOS S/V,2,,,,,,,,,0,,,,,,,,,,,,,,
2018-02-28,16:43:00,SEM VÍTIMA,FINALIZADA,AFLITOS,AV CONS ROSA E SILVA,1398,,EM FRENTE A GALERIA ROSA E SILVA CENTER,AV CONS ROSA E SILVA,1398,EM FRENTE A GALERIA ROSA E SILVA CENTER,AFLITOS,,,COLISÃO,SEM VITIMAS,1,,,,,,1,,,0,,,,,,,,,,,,,,
2018-02-28,17:23:00,SEM VÍTIMA,FINALIZADA,IPUTINGA,RUA MINISTRO JOAO ALBERTO,,AV CAXANGA,EM FRENTE AO SEMAFORO 231 CRUZAMENTO COM A AV CAXANGA,RUA MINISTRO JOAO ALBERTO,,EM FRENTE AO SEMAFORO 231 CRUZAMENTO COM A AV CAXANGA,IPUTINGA,,,COLISÃO,SEM VITIMAS,1,,,,,,1,,,0,,,,,,,,,,,,,,
2018-02-28,17:34:00,COM VÍTIMA,FINALIZADA,BOA VIAGEM,RUA ANTONIO LUMACK DO MONTE,203,,PROXIMIDADES DO SHOPPING RECIFE  PRIMEIRA A ESQUERDA,RUA ANTONIO LUMACK DO MONTE,203,PROXIMIDADES DO SHOPPING RECIFE  PRIMEIRA A ESQUERDA,BOA VIAGEM,,,COLISÃO,ENTRE AUTO E MOTO. C/V,1,1,,,,,,,,1,,,,,,,,,,,,,,
2018-02-28,17:30:00,SEM VÍTIMA,FINALIZADA,SÃO JOSÉ,C SANTA RITA,,,SEMÁFORO 076  PRÓXIMO AO 16º BPMPE,C SANTA RITA,,SEMÁFORO 076  PRÓXIMO AO 16º BPMPE,SÃO JOSÉ,,,ACID. DE PERCURSO,ACIDENTE DE PERCURSO ENVOLVENDO UMA MOTO.,,,,,,,,,,0,,,,,,,,,,,,,,
2018-02-28,17:47:00,SEM VÍTIMA,CANCELADA,SANTO AMARO,AV CRUZ CABUGA,,,EM FRENTE AO HOSPITAL DO CANCER SENTIDO OLINDA,AV CRUZ CABUGA,,EM FRENTE AO HOSPITAL DO CANCER SENTIDO OLINDA,SANTO AMARO,,,COLISÃO,SEM VITIMAS,,1,,,,1,,,,0,,,,,,,,,,,,,,
2018-02-28,17:55:00,SEM VÍTIMA,FINALIZADA,SANTO ANTÔNIO,AV GUARARAPES,,,NO ÍNICIO DA PONTE DUARTE COELHO / VT 26/6 NO LOCAL INSP ADRIEL,AV GUARARAPES,,NO ÍNICIO DA PONTE DUARTE COELHO / VT 26/6 NO LOCAL INSP ADRIEL,SANTO ANTÔNIO,,,COLISÃO,ENTRE AUTO E ONIBUS. S/V,1,,,,,1,,,,0,,,,,,,,,,,,,,
2018-02-28,18:12:00,SEM VÍTIMA,FINALIZADA,ESPINHEIRO,AV JOAO DE BARROS,1497,,EM FRENTE AO SUPERMERCADO EXTRA E POSTO DE GASOLINA SHELL,AV JOAO DE BARROS,1497,EM FRENTE AO SUPERMERCADO EXTRA E POSTO DE GASOLINA SHELL,ESPINHEIRO,,,COLISÃO,AUTO E ONIBUS,1,,,,,1,,,,0,,,,,,,,,,,,,,
2018-02-28,18:32:00,SEM VÍTIMA,FINALIZADA,MADALENA,RUA BENFICA,352,,PROX. AO MF SABORES DE TAPIOCA E COLEGIO GGE,RUA BENFICA,352,PROX. AO MF SABORES DE TAPIOCA E COLEGIO GGE,MADALENA,,,COLISÃO,ONIBUS E AUTO,1,,,,,1,,,,0,,,,,,,,,,,,,,
2018-02-28,18:37:00,SEM VÍTIMA,FINALIZADA,BOA VIAGEM,RUA TENENTE JOAO CICERO,7712,,APÓS O COLÉGIO SANTA MARIA,RUA TENENTE JOAO CICERO,7712,APÓS O COLÉGIO SANTA MARIA,BOA VIAGEM,,,COLISÃO,ENTRE 2 AUTOS. S/V,2,,,,,,,,,0,,,,,,,,,,,,,,
2018-02-28,18:42:00,SEM VÍTIMA,CANCELADA,ÁGUA FRIA,RUA DA REGENERACAO,55,,EM FRENTE AO POSTO DE GASOLINA BR,RUA DA REGENERACAO,55,EM FRENTE AO POSTO DE GASOLINA BR,ÁGUA FRIA,,,COLISÃO,DOIS AUTOS,2,,,,,,,,,0,,,,,,,,,,,,,,
2018-02-28,18:43:00,SEM VÍTIMA,FINALIZADA,IPSEP,RUA ALDEMAR DE OLIVEIRA,150,RUA HELIO BRANDAO,CRUZ COM A R HELIO BRANDÃO / SNT CIDADE UNI/ AV RECIFE,RUA ALDEMAR DE OLIVEIRA,150,CRUZ COM A R HELIO BRANDÃO / SNT CIDADE UNI/ AV RECIFE,IPSEP,,,COLISÃO,ENTRE 2 AUTOS. S/V,2,,,,,,,,,0,,,,,,,,,,,,,,
2018-02-28,18:59:00,COM VÍTIMA,CANCELADA,ESPINHEIRO,RUA DO ESPINHEIRO,478,RUA SANTO ELIAS,COM A RUA SANTO ELIAS  EM FRENTE DO POSTO DE GASOLINA IPIRANGA,RUA DO ESPINHEIRO,478,COM A RUA SANTO ELIAS  EM FRENTE DO POSTO DE GASOLINA IPIRANGA,ESPINHEIRO,,,COLISÃO,MOTO E AUTO,1,1,,,,,,,,2,,,,,,,,,,,,,,
2018-02-28,20:50:00,COM VÍTIMA,FINALIZADA,ÁGUA FRIA,RUA DR EUDES COSTA,74,,AO LADO DA LADEIRA DE PEDRA E SO MOVEIS DO VAL,RUA DR EUDES COSTA,74,AO LADO DA LADEIRA DE PEDRA E SO MOVEIS DO VAL,ÁGUA FRIA,,,COLISÃO,DUAS MOTOS,,2,,,,,,,,2,,,,,,,,,,,,,,
2018-02-28,21:01:00,SEM VÍTIMA,FINALIZADA,CAXANGÁ,AV CAXANGA,5034,,NO FINAL DA AV  SNT CIDADE/SUB / E/F A MULTI AVE,AV CAXANGA,5034,NO FINAL DA AV  SNT CIDADE/SUB / E/F A MULTI AVE,CAXANGÁ,,,COLISÃO,ENTRE 3 AUTOS. S/V,3,,,,,,,,,0,,,,,,,,,,,,,,
2018-02-28,22:54:00,SEM VÍTIMA,FINALIZADA,ILHA DO RETIRO,RUA TABAIARES,,,POR TRÁS DO CAMPO DO SPORT / E/F AO SEBRAE,RUA TABAIARES,,POR TRÁS DO CAMPO DO SPORT / E/F AO SEBRAE,ILHA DO RETIRO,,,COLISÃO,ENTRE 2 AUTOS. S/V,2,,,,,,,,,0,,,,,,,,,,,,,,
2018-02-28,22:57:00,SEM VÍTIMA,FINALIZADA,CORDEIRO,RUA CLAUDIO BROTHERHOOD,275,RUA DR MIGUEL VIEIRA,CRUZAMENTO COM A R DR MIGUEL VIEIRA,RUA CLAUDIO BROTHERHOOD,275,CRUZAMENTO COM A R DR MIGUEL VIEIRA,CORDEIRO,,,COLISÃO,ENTRE AUTO E MOTO. S/V,1,,1,,,,,,,0,,,,,,,,,,,,,,
2018-03-01,01:26:00,COM VÍTIMA,FINALIZADA,BOA VIAGEM,RUA TENENTE DOMINGOS DE BRITO,1002,RUA RIBEIRO DE BRITO,CRUZAMENTO COM A RUA RIBEIRO DE BRITO,RUA TENENTE DOMINGOS DE BRITO,1002,CRUZAMENTO COM A RUA RIBEIRO DE BRITO,BOA VIAGEM,,,COLISÃO,COLISÃO ENTRE AUTO E MOTO C/V,1,1,,,,,,,,1,,,,,,,,,,,,,,
2018-03-01,04:26:00,SEM VÍTIMA,FINALIZADA,APIPUCOS,RUA DE APIPUCOS,50,,PROX DA PRAÇA DO MONTEIRO  EM FRENTE AO CONDOMINIO ALAMEDA IMPERIAL,RUA DE APIPUCOS,50,PROX DA PRAÇA DO MONTEIRO  EM FRENTE AO CONDOMINIO ALAMEDA IMPERIAL,APIPUCOS,,,CHOQUE,AUTO CHOCOU-SE NO MURO EM UM MURRO S/V,1,,,,,,,,,0,,,,,,,,,,,,,,
2018-03-01,07:32:00,SEM VÍTIMA,FINALIZADA,PRADO,RUA SANTA EDWIRGES,390,,EM FRENTE AO ARQUIVO GERAL DA CAPITAL  TJPE,RUA SANTA EDWIRGES,390,EM FRENTE AO ARQUIVO GERAL DA CAPITAL  TJPE,PRADO,,,COLISÃO,COL.S/V,2,,,,,,,,,0,,,,,,,,,,,,,,
2018-03-01,07:37:00,SEM VÍTIMA,FINALIZADA,SAN MARTIN,AV GENERAL SAN MARTIN,,,EM FRENTE A PRAÇA,AV GENERAL SAN MARTIN,,EM FRENTE A PRAÇA,SAN MARTIN,,,COLISÃO,AUTO E CAMINHAO,1,,,,,,1,,,0,,,,,,,,,,,,,,
2018-03-01,07:37:00,SEM VÍTIMA,CANCELADA,CAXANGÁ,AV CAXANGA,205,,NA FRENTE DO EMPRESARIAL TRADE CENTER,AV CAXANGA,205,NA FRENTE DO EMPRESARIAL TRADE CENTER,CAXANGÁ,,,COLISÃO,COLISÃO SEM VITIMAS,1,,,,,1,,,,0,,,,,,,,,,,,,,
2018-03-01,07:45:00,SEM VÍTIMA,FINALIZADA,JORDÃO,AV MARIA IRENE,,,PROX. A BASE AERE  SENTIDO JORDAO,AV MARIA IRENE,,PROX. A BASE AERE  SENTIDO JORDAO,JORDÃO,,,COLISÃO,DOIS AUTO E MOTO,1,1,,,,,,,,0,,,,,,,,,,,,,,
2018-03-01,07:49:00,,CANCELADA,SAN MARTIN,AV GENERAL SAN MARTIN,,,NO TERMINAL DOS ONIBUS DE SAN MARTIN,AV GENERAL SAN MARTIN,,NO TERMINAL DOS ONIBUS DE SAN MARTIN,SAN MARTIN,,,COLISÃO,COL.S/V,1,,,,,,,,,0,,,,,,,,,,,,,,
2018-03-01,08:01:00,SEM VÍTIMA,FINALIZADA,ÁGUA FRIA,RUA ZEFERINO AGRA,,,PROX. A ACADEMIA YES,RUA ZEFERINO AGRA,,PROX. A ACADEMIA YES,ÁGUA FRIA,,,COLISÃO,AUTO E ONIBUS,1,1,,,,,,,,0,,,,,,,,,,,,,,
2018-03-01,08:05:00,SEM VÍTIMA,FINALIZADA,TAMARINEIRA,EST DO ARRAIAL,,,AO LADO DO HOSPITAL AGAMENON MAGALHAES,EST DO ARRAIAL,,AO LADO DO HOSPITAL AGAMENON MAGALHAES,TAMARINEIRA,,,COLISÃO,DOIS AUTOS,2,,,,,,,,,0,,,,,,,,,,,,,,
2018-03-01,08:12:00,COM VÍTIMA,FINALIZADA,ESPINHEIRO,RUA MARQUES DO PARANA,,,PROXIMO A PRAÇA DA PICANHA,RUA MARQUES DO PARANA,,PROXIMO A PRAÇA DA PICANHA,ESPINHEIRO,,,COLISÃO,ACIDENTE COM VITIMA,1,1,,,,,,,,1,,,,,,,,,,,,,,
2018-03-01,08:14:00,SEM VÍTIMA,FINALIZADA,SANTO ANTÔNIO,PRC DA REPUBLICA,,,AO LADO DO TEATRO SANTA IZABEL,PRC DA REPUBLICA,,AO LADO DO TEATRO SANTA IZABEL,SANTO ANTÔNIO,,,COLISÃO COM CICLISTA,COL.S/V,1,,,1,,,,,,0,,,,,,,,,,,,,,
2018-03-01,08:20:00,SEM VÍTIMA,FINALIZADA,BONGI,EST DO BONGI,,,PROX. A FACULDADE NOVA ROMA,EST DO BONGI,,PROX. A FACULDADE NOVA ROMA,BONGI,,,COLISÃO,COLISÃO SEM VITIMAS,1,1,,,,,,,,0,,,,,,,,,,,,,,
2018-03-01,08:39:00,COM VÍTIMA,FINALIZADA,PRADO,RUA SANTA EDWIRGES,,AV ENG ABDIAS DE CARVALHO,COM AVENIDA ABIDIAS DE CARVALHO,RUA SANTA EDWIRGES,,COM AVENIDA ABIDIAS DE CARVALHO,PRADO,,,COLISÃO,COLISÃO COM VITIMA,1,1,,,,,,,,1,,,,,,,,,,,,,,
2018-03-01,08:42:00,SEM VÍTIMA,CANCELADA,BOA VISTA,AV GOVERNADOR AGAMENON MAGALHAES,,,DEFRONTE A DROGASIL,AV GOVERNADOR AGAMENON MAGALHAES,,DEFRONTE A DROGASIL,BOA VISTA,,,COLISÃO,COLISÃO SEM VITIMAS,2,,,,,,,,,0,,,,,,,,,,,,,,
2018-03-01,08:50:00,SEM VÍTIMA,FINALIZADA,IMBIRIBEIRA,AV MARECHAL MASCARENHAS DE MORAES,1919,,NA FRENTE DO JUIZADO ESPECIAL,AV MARECHAL MASCARENHAS DE MORAES,1919,NA FRENTE DO JUIZADO ESPECIAL,IMBIRIBEIRA,,,COLISÃO,COLISÃO SEM VITIMAS,2,,,,,,,,,0,,,,,,,,,,,,,,
2018-03-01,08:58:00,SEM VÍTIMA,FINALIZADA,DOIS UNIDOS,RUA CANAVIEIRA,7,,NO TERMINAL DOS ONIBUS CAPITÃO RUSARIO  E EM FRENTE DA IGREJA ASSEMBLEIA DE DEUS,RUA CANAVIEIRA,7,NO TERMINAL DOS ONIBUS CAPITÃO RUSARIO  E EM FRENTE DA IGREJA ASSEMBLEIA DE DEUS,DOIS UNIDOS,,,COLISÃO,COL.S/V,1,,,,,1,,,,0,,,,,,,,,,,,,,
2018-03-01,09:38:00,SEM VÍTIMA,CANCELADA,IBURA,RUA PINTOR AGENOR DE ALBUQUERQUE CESAR,101,,AO LADO DO SESI DO IBURA,RUA PINTOR AGENOR DE ALBUQUERQUE CESAR,101,AO LADO DO SESI DO IBURA,IBURA,,,COLISÃO,DOIS AUTOS,2,,,,,,,,,0,,,,,,,,,,,,,,
2018-03-01,10:15:00,SEM VÍTIMA,FINALIZADA,IPUTINGA,AV HISTORIAD JORDAO EMERENCIANO,157,,AO LADO DA FORD VEICULO,AV HISTORIAD JORDAO EMERENCIANO,157,AO LADO DA FORD VEICULO,IPUTINGA,,,COLISÃO,COL.S/V SET..SUB,2,,,,,,,,,0,,,,,,,,,,,,,,
2018-03-01,10:59:00,SEM VÍTIMA,CANCELADA,CAMPO GRANDE,RUA FRANCISCO BERENGUER,10,,LAVA JATO MONTE SIÃO,RUA FRANCISCO BERENGUER,10,LAVA JATO MONTE SIÃO,CAMPO GRANDE,,,COLISÃO,COLISÃO SEM VITIMAS,,,,,,,,,,0,,,,,,,,,,,,,,
2018-03-01,11:21:00,SEM VÍTIMA,FINALIZADA,IMBIRIBEIRA,AV MARECHAL MASCARENHAS DE MORAES,,,EM FRENTE A MEIRA LINS / ESTACIONADOS EM FRNTE AO POSTO SHELL/ SENT AEROPORTO,AV MARECHAL MASCARENHAS DE MORAES,,EM FRENTE A MEIRA LINS / ESTACIONADOS EM FRNTE AO POSTO SHELL/ SENT AEROPORTO,IMBIRIBEIRA,,,COLISÃO,DOIS AUTOS,2,,,,,,,,,0,,,,,,,,,,,,,,
2018-03-01,12:11:00,SEM VÍTIMA,FINALIZADA,ESPINHEIRO,RUA BARAO DE ITAMARACA,,RUA DO ESPINHEIRO,COM A RUA DO ESPINHEIRO  DE ESQUINA COM A EXTRAFARMA,RUA BARAO DE ITAMARACA,,COM A RUA DO ESPINHEIRO  DE ESQUINA COM A EXTRAFARMA,ESPINHEIRO,,,COLISÃO,TAXI E MOTO,1,1,,,,,,,,0,,,,,,,,,,,,,,
2018-03-01,12:15:00,SEM VÍTIMA,PENDENTE,IBURA,AV DOIS RIOS,862,,EM FRENTE A SERRALHJARIA AJ VIDROS,AV DOIS RIOS,862,EM FRENTE A SERRALHJARIA AJ VIDROS,IBURA,,,COLISÃO,COLISÃO SEM VÍTIMA,1,1,,,,,,,,0,,,,,,,,,,,,,,
2018-03-01,12:41:00,SEM VÍTIMA,FINALIZADA,BOA VIAGEM,RUA WALDEMAR NERY CARNEIRO MONTEIRO,,,EM FRENTE AO RESTAURANTE DONA GULA,RUA WALDEMAR NERY CARNEIRO MONTEIRO,,EM FRENTE AO RESTAURANTE DONA GULA,BOA VIAGEM,,,COLISÃO,AUTO E TAXI,2,,,,,,,,,0,,,,,,,,,,,,,,
2018-03-01,13:06:00,SEM VÍTIMA,FINALIZADA,CASA FORTE,EST DO ENCANAMENTO,,PRACA DO PARNAMIRIM,CRUZAMENTO COM A PRAÇA DO PARNAMIRIM/ NO SEMÁFORO 358,EST DO ENCANAMENTO,,CRUZAMENTO COM A PRAÇA DO PARNAMIRIM/ NO SEMÁFORO 358,CASA FORTE,,,COLISÃO,COLISÃO SEM VÍTIMA,1,1,,,,,,,,0,,,,,,,,,,,,,,
2018-03-01,13:21:00,SEM VÍTIMA,CANCELADA,CASA AMARELA,RUA PADRE LEMOS,,,EM FRENTE AO MERCADO DE CASA AMARELA,RUA PADRE LEMOS,,EM FRENTE AO MERCADO DE CASA AMARELA,CASA AMARELA,,,COLISÃO,COLISÃO SEM VÍTIMA,1,,,,,1,,,,0,,,,,,,,,,,,,,
2018-03-01,13:36:00,SEM VÍTIMA,FINALIZADA,MADALENA,RUA DR JOSE MARCELINO,165,,APOS A FARMACIA BIG BEN E O BOB´S  SENT. BR,RUA DR JOSE MARCELINO,165,APOS A FARMACIA BIG BEN E O BOB´S  SENT. BR,MADALENA,,,COLISÃO,DOIS AUTOS,2,,,,,,,,,0,,,,,,,,,,,,,,
2018-03-01,13:39:00,COM VÍTIMA,FINALIZADA,CAJUEIRO,RUA CORONEL URBANO RIBEIRO DE SENA,875,,PROX AO MERCADINHO CORONEL,RUA CORONEL URBANO RIBEIRO DE SENA,875,PROX AO MERCADINHO CORONEL,CAJUEIRO,,,COLISÃO,COLISAO DE MOTO E AUTO COM UMA VITIMA,1,1,,,,,,,,1,,,,,,,,,,,,,,
2018-03-01,14:23:00,SEM VÍTIMA,FINALIZADA,BOA VISTA,AV JOAO DE BARROS,,,EM FRENTE AO CORPO DE BOMBEIRO/ SENTIDO CIDADE,AV JOAO DE BARROS,,EM FRENTE AO CORPO DE BOMBEIRO/ SENTIDO CIDADE,BOA VISTA,,,COLISÃO,COLISÃO SEM VÍTIMA,,,,,,2,,,,0,,,,,,,,,,,,,,
2018-03-01,14:25:00,SEM VÍTIMA,CANCELADA,DERBY,AV GOVERNADOR AGAMENON MAGALHAES,,,E/F A EMBRATEL S/T BOA VIAGEM PISTA LOCAL,AV GOVERNADOR AGAMENON MAGALHAES,,E/F A EMBRATEL S/T BOA VIAGEM PISTA LOCAL,DERBY,,,COLISÃO,COLISAO DE DOIS AUTOS S/V,2,,,,,,,,,0,,,,,,,,,,,,,,
2018-03-01,14:37:00,SEM VÍTIMA,FINALIZADA,MADALENA,RUA PROFESSOR BENEDITO MONTEIRO,,,ENTRE O INTERNACIONAL E A JURANDIR PIRES E/F AO SPORT,RUA PROFESSOR BENEDITO MONTEIRO,,ENTRE O INTERNACIONAL E A JURANDIR PIRES E/F AO SPORT,MADALENA,,,COLISÃO,COLISAO DE DOIS AUTOS S/V,2,,,,,,,,,0,,,,,,,,,,,,,,
2018-03-01,15:24:00,SEM VÍTIMA,FINALIZADA,BOA VIAGEM,RUA COSMORAMA,548,,PROX. DO POSTO DE GASOLINA DISLUB,RUA COSMORAMA,548,PROX. DO POSTO DE GASOLINA DISLUB,BOA VIAGEM,,,COLISÃO,DOIS AUTOS,2,,,,,,,,,0,,,,,,,,,,,,,,
2018-03-01,15:33:00,SEM VÍTIMA,FINALIZADA,BOA VIAGEM,AV BOA VIAGEM,,RUA RIBEIRO DE BRITO,COM A RIBEIRO DE BRITO,AV BOA VIAGEM,,COM A RIBEIRO DE BRITO,BOA VIAGEM,,,COLISÃO,COLISÃO SEM VITIMA,2,,,,,,,,,0,,,,,,,,,,,,,,
2018-03-01,16:29:00,SEM VÍTIMA,FINALIZADA,CASA AMARELA,RUA MANDACARU,356,,APOS O INSTITUTO RAQUEL DE QUEIROZ,RUA MANDACARU,356,APOS O INSTITUTO RAQUEL DE QUEIROZ,CASA AMARELA,,,COLISÃO,CAMINHÃO E AUTO,1,,,,,,1,,,0,,,,,,,,,,,,,,
2018-03-01,16:49:00,SEM VÍTIMA,FINALIZADA,AFOGADOS,RUA SAO MIGUEL,585,,APÓS O BANCO DO BRASIL,RUA SAO MIGUEL,585,APÓS O BANCO DO BRASIL,AFOGADOS,,,COLISÃO,COLISAO DE TAXI E MOTO S/V,1,1,,,,,,,,0,,,,,,,,,,,,,,
2018-03-01,18:31:00,SEM VÍTIMA,FINALIZADA,IMBIRIBEIRA,RUA IZABEL DE SOUZA,315,,AO LADO DO PELLEGRINO / PROX A FUNILARIA E PINTUR,RUA IZABEL DE SOUZA,315,AO LADO DO PELLEGRINO / PROX A FUNILARIA E PINTUR,IMBIRIBEIRA,,,COLISÃO,ENTRE AUTO E CAMINHÃO.S/V,1,,,,,,1,,,0,,,,,,,,,,,,,,
2018-03-01,19:01:00,SEM VÍTIMA,FINALIZADA,ENCRUZILHADA,AV BEBERIBE,,,E/F AO EDF ENCRUZILHADA / POR TRÁS DA ACADEMIA YES FITNESS,AV BEBERIBE,,E/F AO EDF ENCRUZILHADA / POR TRÁS DA ACADEMIA YES FITNESS,ENCRUZILHADA,,,COLISÃO,ENTRE AUTO E MOTO. S/V,1,1,,,,,,,,0,,,,,,,,,,,,,,
2018-03-01,19:11:00,SEM VÍTIMA,FINALIZADA,BOA VIAGEM,RUA BALTAZAR PASSOS,310,,E/F A PAM JOVEM E EDF JARDIM DAS PALMEIRAS,RUA BALTAZAR PASSOS,310,E/F A PAM JOVEM E EDF JARDIM DAS PALMEIRAS,BOA VIAGEM,,,COLISÃO,ENTRE 2 AUTO. S/V,2,,,,,,,,,0,,,,,,,,,,,,,,
2018-03-01,19:31:00,SEM VÍTIMA,FINALIZADA,IMBIRIBEIRA,AVENIDA CELSO FURTADO (VIA MANGUE),,,ENCIMA DO VIADUTO VIA MANGUE NA SAIDA PARA A IMBIRIBEIRA,AVENIDA CELSO FURTADO (VIA MANGUE),,ENCIMA DO VIADUTO VIA MANGUE NA SAIDA PARA A IMBIRIBEIRA,IMBIRIBEIRA,,,COLISÃO,DOIS AUTOS,2,,,,,,,,,0,,,,,,,,,,,,,,
2018-03-01,19:51:00,SEM VÍTIMA,FINALIZADA,BOA VISTA,RUA DO RIACHUELO,,,PROX A FACULDADE DE DIREITO,RUA DO RIACHUELO,,PROX A FACULDADE DE DIREITO,BOA VISTA,,,COLISÃO,VT DA POLICIA CILVIL X AUTO,1,,,,,,,1,,0,,,,,,,,,,,,,,
2018-03-02,05:36:00,SEM VÍTIMA,FINALIZADA,CASA AMARELA,RUA PADRE LEMOS,,RUA TAQUARITINGA,CRUZAMENTO COM A RUA TAQUARITINGA // EM FRENTE A RICARDO ELETRO,RUA PADRE LEMOS,,CRUZAMENTO COM A RUA TAQUARITINGA // EM FRENTE A RICARDO ELETRO,CASA AMARELA,,,COLISÃO,COLISÃO ENTRE AUTO E ÔNIBUS S/V,,1,,,,1,,,,0,,,,,,,,,,,,,,
2018-03-02,07:50:00,SEM VÍTIMA,FINALIZADA,BOA VIAGEM,RUA VISCONDE DE JEQUITINHONHA,,,SEMAFORO 433 / SENT DONA LINDU,RUA VISCONDE DE JEQUITINHONHA,,SEMAFORO 433 / SENT DONA LINDU,BOA VIAGEM,,,ENGAVETAMENTO,QUATRO AUTOS,4,,,,,,,,,0,,,,,,,,,,,,,,
2018-03-02,08:18:00,SEM VÍTIMA,FINALIZADA,LINHA DO TIRO,RUA URIEL DE HOLANDA,1059,,EM FRENTE AO DEPOSITO DE BEBIDAS,RUA URIEL DE HOLANDA,1059,EM FRENTE AO DEPOSITO DE BEBIDAS,LINHA DO TIRO,,,COLISÃO,MOTO AUTO,1,1,,,,,,,,0,,,,,,,,,,,,,,
2018-03-02,08:46:00,SEM VÍTIMA,FINALIZADA,BOA VIAGEM,AVENIDA CELSO FURTADO (VIA MANGUE),,,PROX. AO AEROCLUB  SENTIDO PINA,AVENIDA CELSO FURTADO (VIA MANGUE),,PROX. AO AEROCLUB  SENTIDO PINA,BOA VIAGEM,,,COLISÃO,COLISÃO SEM VITIMA,2,,,,,,,,,0,,,,,,,,,,,,,,
2018-03-02,09:07:00,COM VÍTIMA,FINALIZADA,AFOGADOS,EST DOS REMEDIOS,1918,,EM FRENTE AO CENTRO ESPECIALIZADO DE MEDICINA VETERINARIA,EST DOS REMEDIOS,1918,EM FRENTE AO CENTRO ESPECIALIZADO DE MEDICINA VETERINARIA,AFOGADOS,,,COLISÃO,MOTO E AUTO,1,1,,,,,,,,2,,,,,,,,,,,,,,