data,hora,natureza_acidente,situacao,bairro,endereco,numero,detalhe_endereco_acidente,complemento,endereco_cruzamento,numero_cruzamento,referencia_cruzamento,bairro_cruzamento,num_semaforo,sentido_via,tipo,descricao,auto,moto,ciclom,ciclista,pedestre,onibus,caminhao,viatura,outros,vitimas,vitimasfatais,acidente_verificado,tempo_clima,situacao_semaforo,sinalizacao,condicao_via,conservacao_via,ponto_controle,situacao_placa,velocidade_max_via,mao_direcao,divisao_via1,divisao_via2,divisao_via3
2018-03-02,09:10:00,SEM VÍTIMA,FINALIZADA,AFOGADOS,RUA MOTOCOLOMBO,2372,,AO LADO DO TROCÃO  SENTIDO RECIFE,RUA MOTOCOLOMBO,2372,AO LADO DO TROCÃO  SENTIDO RECIFE,AFOGADOS,,,COLISÃO,COLISÃO SEM VITIMA,2,,,,,,,,,0,,,,,,,,,,,,,,
2018-03-02,09:19:00,SEM VÍTIMA,FINALIZADA,IPUTINGA,RUA MAURICIO DE NASSAU,281,,APOS A DEP. DO GOE  JUNTO A PANIFICADORA ATLANTICA,RUA MAURICIO DE NASSAU,281,APOS A DEP. DO GOE  JUNTO A PANIFICADORA ATLANTICA,IPUTINGA,,,COLISÃO,COLISÃO SEM VITIMAS,2,,,,,,,,,0,,,,,,,,,,,,,,
2018-03-02,09:20:00,SEM VÍTIMA,FINALIZADA,DERBY,AV GOVERNADOR AGAMENON MAGALHAES,,,EM FRENTE A FACE IMAGEM / SENT BOA VIAGEM,AV GOVERNADOR AGAMENON MAGALHAES,,EM FRENTE A FACE IMAGEM / SENT BOA VIAGEM,DERBY,,,COLISÃO,MOTO E AUTO / PETRONILO PONTO FIXO,1,1,,,,,,,,0,,,,,,,,,,,,,,
2018-03-02,09:40:00,COM VÍTIMA,FINALIZADA,DOIS IRMÃOS,RUA MANUEL DE MEDEIROS,93,,E/F A RESIDENCIA  SENTIDO CAXANGÁ,RUA MANUEL DE MEDEIROS,93,E/F A RESIDENCIA  SENTIDO CAXANGÁ,DOIS IRMÃOS,,,COLISÃO COM CICLISTA,COM UMA VÍTIMAS JÁ SOCORRIDA PELO SAMU.,1,,,1,,,,,,1,,,,,,,,,,,,,,
2018-03-02,10:05:00,SEM VÍTIMA,FINALIZADA,SÃO JOSÉ,RUA IMPERIAL,,,EM FRENTE DA SECRETARIA DA FAZENDA,RUA IMPERIAL,,EM FRENTE DA SECRETARIA DA FAZENDA,SÃO JOSÉ,,,COLISÃO,COL.S/V,1,,,,,,1,,,0,,,,,,,,,,,,,,
2018-03-02,10:27:00,SEM VÍTIMA,FINALIZADA,AFOGADOS,EST DOS REMEDIOS,,RUA SÃO MIGUEL,COM LARGO DA PAZ  SEMÁFORO 053,EST DOS REMEDIOS,,COM LARGO DA PAZ  SEMÁFORO 053,AFOGADOS,,,COLISÃO,CAMINHÃO E AUTO  SEM VÍTIMAS.,1,,,,,,1,,,0,,,,,,,,,,,,,,
2018-03-02,10:39:00,SEM VÍTIMA,FINALIZADA,AFOGADOS,RUA DA PAZ,230,,EM FRENTE DA AGIPLAN,RUA DA PAZ,230,EM FRENTE DA AGIPLAN,AFOGADOS,,,COLISÃO,COL.S/V .SET.AFOGADOS,1,,,,,,1,,,0,,,,,,,,,,,,,,
2018-03-02,10:50:00,SEM VÍTIMA,FINALIZADA,IMBIRIBEIRA,RUA LEONOR SOARES PESSOA,207,,TEC CRAINER  NA RUA DA SUB ESTAÇÃO DA CELPE,RUA LEONOR SOARES PESSOA,207,TEC CRAINER  NA RUA DA SUB ESTAÇÃO DA CELPE,IMBIRIBEIRA,,,CHOQUE,CAMINHÃO PASSOU E ARRASTOU O POSTE  ESTE CAIU SOBRE OS VEICULOS QUE ESTAVAM ESTACIONADOS NO LOCAL,1,2,,,,,2,,,0,,,,,,,,,,,,,,
2018-03-02,11:08:00,SEM VÍTIMA,FINALIZADA,ENCRUZILHADA,RUA QUARENTA E OITO,525,,EM FRENTE DA VIDEO TECNICA,RUA QUARENTA E OITO,525,EM FRENTE DA VIDEO TECNICA,ENCRUZILHADA,,,COLISÃO,COL.S/V,2,,,,,,,,,0,,,,,,,,,,,,,,
2018-03-02,11:18:00,SEM VÍTIMA,FINALIZADA,DERBY,AV GOVERNADOR AGAMENON MAGALHAES,4535,,EM FRENTE AO INSTITUTO SERVANTES / SENT OLINDA,AV GOVERNADOR AGAMENON MAGALHAES,4535,EM FRENTE AO INSTITUTO SERVANTES / SENT OLINDA,DERBY,,,ENGAVETAMENTO,QUATRO AUTOS,4,,,,,,,,,0,,,,,,,,,,,,,,
2018-03-02,11:37:00,SEM VÍTIMA,FINALIZADA,BOA VIAGEM,RUA PADRE CABRAL,225,,EDF  SANTO HENRIQUE,RUA PADRE CABRAL,225,EDF  SANTO HENRIQUE,BOA VIAGEM,,,COLISÃO,COLISÃO SEM VITIMA,2,,,,,,,,,0,,,,,,,,,,,,,,
2018-03-02,11:45:00,SEM VÍTIMA,FINALIZADA,CORDEIRO,RUA CLAUDIO BROTHERHOOD,275,,EM FRENTE AO DEPOSITO BETO BEBIDAS,RUA CLAUDIO BROTHERHOOD,275,EM FRENTE AO DEPOSITO BETO BEBIDAS,CORDEIRO,,,COLISÃO,DOIS AUTOS,2,,,,,,,,,0,,,,,,,,,,,,,,
2018-03-02,11:47:00,SEM VÍTIMA,CANCELADA,AFOGADOS,AV SUL,,,APOS A ESTAÇÃO DA LARGO DA PAZ  SENTIDO CENTRO DO RECIFE,AV SUL,,APOS A ESTAÇÃO DA LARGO DA PAZ  SENTIDO CENTRO DO RECIFE,AFOGADOS,,,COLISÃO,COLISÃO SEM VITIMAS,1,,,,,1,,,,0,,,,,,,,,,,,,,
2018-03-02,12:06:00,SEM VÍTIMA,FINALIZADA,PINA,AV ANTONIO DE GOES,,,EM FRENTE A PRF,AV ANTONIO DE GOES,,EM FRENTE A PRF,PINA,,,COLISÃO,DOIS AUTOS S/V,2,,,,,,,,,0,,,,,,,,,,,,,,
2018-03-02,12:21:00,SEM VÍTIMA,FINALIZADA,ROSARINHO,AV SANTOS DUMONT,458,,EM FRENTE A FARMACIA EXTRA FARMA,AV SANTOS DUMONT,458,EM FRENTE A FARMACIA EXTRA FARMA,ROSARINHO,,,COLISÃO,COLISÃO SEM VÍTIMA,1,1,,,,,,,,0,,,,,,,,,,,,,,
2018-03-02,12:21:00,SEM VÍTIMA,CANCELADA,BONGI,EST DO BONGI,355,,PROX A FACULDADE NOVA ROMA,EST DO BONGI,355,PROX A FACULDADE NOVA ROMA,BONGI,,,COLISÃO,COLISAO DE DOIS AUTOS S/V,,,,,,,,,,0,,,,,,,,,,,,,,
2018-03-02,12:28:00,SEM VÍTIMA,FINALIZADA,IMBIRIBEIRA,AV MARECHAL MASCARENHAS DE MORAES,1818,,PROX. A LASER ELETRO  EM FRENTE A HONDA  SENTIDO PRAZERES,AV MARECHAL MASCARENHAS DE MORAES,1818,PROX. A LASER ELETRO  EM FRENTE A HONDA  SENTIDO PRAZERES,IMBIRIBEIRA,,,COLISÃO,AUTO E ONIBUS,1,,,,,1,,,,0,,,,,,,,,,,,,,
2018-03-02,12:51:00,COM VÍTIMA,FINALIZADA,PRADO,RUA CARLOS GOMES,,RUA HERCULES FLORENCE,PROXIMO AO POSTO DE SAÚDE ROMERO MARQUES/ CRUZAMENTO COM A RUA HERCULES FLORENCE,RUA CARLOS GOMES,,PROXIMO AO POSTO DE SAÚDE ROMERO MARQUES/ CRUZAMENTO COM A RUA HERCULES FLORENCE,PRADO,,,COLISÃO,COLISÃO COM VÍTIMA,1,1,,,,,,,,1,,,,,,,,,,,,,,
2018-03-02,12:51:00,SEM VÍTIMA,FINALIZADA,MADALENA,RUA LOPES DE CARVALHO,,RUA VISCONDE DE ALBUQUERQUE,ESQUINA COM RUA VISCONDE DE ALBUQUERQUE,RUA LOPES DE CARVALHO,,ESQUINA COM RUA VISCONDE DE ALBUQUERQUE,MADALENA,,,COLISÃO,DOIS AUTOS S/V,2,,,,,,,,,0,,,,,,,,,,,,,,
2018-03-02,12:55:00,SEM VÍTIMA,FINALIZADA,BOA VISTA,AV MONTEVIDEU,96,,E/F AO CURSO NUCLEO,AV MONTEVIDEU,96,E/F AO CURSO NUCLEO,BOA VISTA,,,COLISÃO,COLISAO DE TRES AUTOS S/V,3,,,,,,,,,0,,,,,,,,,,,,,,
2018-03-02,13:05:00,SEM VÍTIMA,CANCELADA,MADALENA,RUA DOM MANOEL DA COSTA,,RUA PADRE LANDIM,ESQUINA COM RUA PADRE LANDIM,RUA DOM MANOEL DA COSTA,,ESQUINA COM RUA PADRE LANDIM,MADALENA,,,COLISÃO,AUTO E MOTO,1,1,,,,,,,,0,,,,,,,,,,,,,,
2018-03-02,13:55:00,SEM VÍTIMA,CANCELADA,CORDEIRO,AV GENERAL SAN MARTIN,,,ANTES DO CRUZAMENTO DO SUPERMERCADO IDEAL ANTIGO KENNEDY E/F A OFICINA CENTRO AUTO MOTIVO S/T SAN MARTIN,AV GENERAL SAN MARTIN,,ANTES DO CRUZAMENTO DO SUPERMERCADO IDEAL ANTIGO KENNEDY E/F A OFICINA CENTRO AUTO MOTIVO S/T SAN MARTIN,CORDEIRO,,,COLISÃO,COLISAO DE CAMINHAO E AUTO S/V,1,,,,,,1,,,0,,,,,,,,,,,,,,
2018-03-02,14:54:00,SEM VÍTIMA,FINALIZADA,BOA VIAGEM,VIADUTO TANCREDO NEVES,,,EM CIMA DO VIADUTO S/T CID,VIADUTO TANCREDO NEVES,,EM CIMA DO VIADUTO S/T CID,BOA VIAGEM,,,COLISÃO,COLISAO DE DOIS AUTOS S/V,2,,,,,,,,,0,,,,,,,,,,,,,,
2018-03-02,15:06:00,SEM VÍTIMA,FINALIZADA,SAN MARTIN,AV MANOEL GONCALVES DA LUZ,,,PROX. A PRAÇA DO ABRIGO  E A FARMACIA MAX SAUDE,AV MANOEL GONCALVES DA LUZ,,PROX. A PRAÇA DO ABRIGO  E A FARMACIA MAX SAUDE,SAN MARTIN,,,COLISÃO,AUTO E MOTO,1,1,,,,,,,,0,,,,,,,,,,,,,,
2018-03-02,15:18:00,SEM VÍTIMA,FINALIZADA,SANTO AMARO,AV DR JAYME DA FONTE,,,EM FRENTE A COMPESA,AV DR JAYME DA FONTE,,EM FRENTE A COMPESA,SANTO AMARO,,,COLISÃO,DOIS AUTOS SV,2,,,,,,,,,0,,,,,,,,,,,,,,
2018-03-02,15:39:00,SEM VÍTIMA,FINALIZADA,ILHA DO RETIRO,AV BEIRA RIO,230,,EM FRENTE AO EDIFICIO PORTAL DO CAPIBARIBE,AV BEIRA RIO,230,EM FRENTE AO EDIFICIO PORTAL DO CAPIBARIBE,ILHA DO RETIRO,,,COLISÃO,COLISÃO SEM VÍTIMA,1,1,,,,,,,,0,,,,,,,,,,,,,,
2018-03-02,16:01:00,SEM VÍTIMA,CANCELADA,BOA VIAGEM,AV ARMINDO MOURA,581,,E/F AO QUARTEL DA AERONALTICA,AV ARMINDO MOURA,581,E/F AO QUARTEL DA AERONALTICA,BOA VIAGEM,,,COLISÃO,COLISAO DE TRES AUTOS S/V,3,,,,,,,,,0,,,,,,,,,,,,,,
2018-03-02,16:15:00,SEM VÍTIMA,FINALIZADA,PRADO,RUA JOAO IVO DA SILVA,,,PROXIMO A SUBWAY DA ABDIAS DE CARVALHO,RUA JOAO IVO DA SILVA,,PROXIMO A SUBWAY DA ABDIAS DE CARVALHO,PRADO,,,COLISÃO,,1,1,,,,,,,,0,,,,,,,,,,,,,,
2018-03-02,16:19:00,COM VÍTIMA,FINALIZADA,BOA VIAGEM,RUA JOAO CARDOSO AIRES,780,,PROX A VETERINARIO CENTER E/FEDF TORRES CELI,RUA JOAO CARDOSO AIRES,780,PROX A VETERINARIO CENTER E/FEDF TORRES CELI,BOA VIAGEM,,,COLISÃO,COLISAO DE ONIBUS E AUTO COM TRES VITIMAS,1,,,,,1,,,,3,,,,,,,,,,,,,,
2018-03-02,16:25:00,COM VÍTIMA,FINALIZADA,IMBIRIBEIRA,AV MARECHAL MASCARENHAS DE MORAES,,,EM FRENTE AO AEROPORTO/ SENTIDO AFOGADOS,AV MARECHAL MASCARENHAS DE MORAES,,EM FRENTE AO AEROPORTO/ SENTIDO AFOGADOS,IMBIRIBEIRA,,,COLISÃO,COLISÃO SEM VÍTIMA,2,,,,,1,,,,,,,,,,,,,,,,,,
2018-03-02,16:48:00,SEM VÍTIMA,FINALIZADA,BARRO,,,RUA ALCOFORADO,NA ENTRADA DO TERMINAL DO BARRO  ESQUINA COM RUA ALCOFORADO  NO SENTIDO SEASA/ IBURA,,,NA ENTRADA DO TERMINAL DO BARRO  ESQUINA COM RUA ALCOFORADO  NO SENTIDO SEASA/ IBURA,BARRO,,,COLISÃO,DOIS AUTOS S/V,2,,,,,,,,,0,,,,,,,,,,,,,,
2018-03-02,16:56:00,SEM VÍTIMA,FINALIZADA,BOA VISTA,RUA DO GIRIQUITI,,,POR TRÁS DO SHOPPING BOA VISTA,RUA DO GIRIQUITI,,POR TRÁS DO SHOPPING BOA VISTA,BOA VISTA,,,COLISÃO,COLISÃO SEM VÍTIMA,1,,,,,,1,,,0,,,,,,,,,,,,,,
2018-03-02,17:48:00,COM VÍTIMA,FINALIZADA,IBURA,AV DOM HELDER CAMARA,309,,EM FRENTE A MOTO SHOW PEÇAS E ACESSORIOS,AV DOM HELDER CAMARA,309,EM FRENTE A MOTO SHOW PEÇAS E ACESSORIOS,IBURA,,,COLISÃO,COLISÃO COM VÍTIMA,1,1,,,,,,,,1,,,,,,,,,,,,,,
2018-03-02,18:34:00,COM VÍTIMA,FINALIZADA,IBURA,AV DOIS RIOS,,,PROX. A POLICLINICA DO IBURA  NA SUBIDA DA LADEIRA DA COHAB,AV DOIS RIOS,,PROX. A POLICLINICA DO IBURA  NA SUBIDA DA LADEIRA DA COHAB,IBURA,,,COLISÃO,MOTO E AUTO,1,1,,,,,,,,1,,,,,,,,,,,,,,
2018-03-02,18:51:00,SEM VÍTIMA,FINALIZADA,CAMPO GRANDE,RUA PROFESSOR FRANCISCO DA TRINDADE,290,RUA N SRA DA GLORIA,CRUZAMENTO COM A RUA N. S. DA CLORIA E ENTRE A RUA GUAIANAZES,RUA PROFESSOR FRANCISCO DA TRINDADE,290,CRUZAMENTO COM A RUA N. S. DA CLORIA E ENTRE A RUA GUAIANAZES,CAMPO GRANDE,,,COLISÃO,TAXI X AUTO,2,,,,,,,,,0,,,,,,,,,,,,,,
2018-03-02,19:09:00,SEM VÍTIMA,FINALIZADA,AFOGADOS,PTE DO MOTOCOLOMBO,,,EM CIMA DA PONTE  SENT. RECIFE,PTE DO MOTOCOLOMBO,,EM CIMA DA PONTE  SENT. RECIFE,AFOGADOS,,,COLISÃO,CAMINHÃO E AUTO,1,,,,,,1,,,0,,,,,,,,,,,,,,
2018-03-02,19:43:00,SEM VÍTIMA,FINALIZADA,CAXANGÁ,AV CAXANGA,2834,,EM FRENTE A JBS VEICULOS  SENT. CAMARAGIBE,AV CAXANGA,2834,EM FRENTE A JBS VEICULOS  SENT. CAMARAGIBE,CAXANGÁ,,,ENGAVETAMENTO,TRES AUTOS,3,,,,,,,,,0,,,,,,,,,,,,,,
2018-03-02,20:36:00,SEM VÍTIMA,FINALIZADA,IMBIRIBEIRA,AV MARECHAL MASCARENHAS DE MORAES,2809,RUA ANTONIO FALCAO,COM ANTONIO FALCÃO  AO LADO DO POSTO DE GASOLINA IPIRANGA,AV MARECHAL MASCARENHAS DE MORAES,2809,COM ANTONIO FALCÃO  AO LADO DO POSTO DE GASOLINA IPIRANGA,IMBIRIBEIRA,,,COLISÃO,CAMINHÃO E AUTO,1,,,,,,1,,,0,,,,,,,,,,,,,,
2018-03-02,23:25:00,SEM VÍTIMA,FINALIZADA,BEBERIBE,AV VEREADOR OTACILIO AZEVEDO,1018,,PROX A RUA TUPIRAÇABA E CONSULTORIO ODONTOLOGICO,AV VEREADOR OTACILIO AZEVEDO,1018,PROX A RUA TUPIRAÇABA E CONSULTORIO ODONTOLOGICO,BEBERIBE,,,COLISÃO,DOIS AUTO,2,,,,,,,,,0,,,,,,,,,,,,,,
2018-03-03,06:23:00,SEM VÍTIMA,FINALIZADA,BOA VIAGEM,RUA VISCONDE DE JEQUITINHONHA,850,RUA PROF MARIO DE CASTRO,CRUZAMENTO COM A RUA PROF.MARIO DE CASTRO,RUA VISCONDE DE JEQUITINHONHA,850,CRUZAMENTO COM A RUA PROF.MARIO DE CASTRO,BOA VIAGEM,,,COLISÃO,COLISÃO ENTRE AUTO E MOTO S/V,1,1,,,,,,,,0,,,,,,,,,,,,,,
2018-03-03,07:28:00,SEM VÍTIMA,FINALIZADA,IMBIRIBEIRA,AV MARECHAL MASCARENHAS DE MORAES,,,E/F A RENAULT  SEMÁFORO 534. SENTIDO AFOGADOS,AV MARECHAL MASCARENHAS DE MORAES,,E/F A RENAULT  SEMÁFORO 534. SENTIDO AFOGADOS,IMBIRIBEIRA,,,COLISÃO,SEM VÍTIMAS,2,,,,,,,,,0,,,,,,,,,,,,,,
2018-03-03,08:32:00,SEM VÍTIMA,FINALIZADA,ENCRUZILHADA,RUA FERNANDO CESAR,,,PROX. A PRAÇA DOS CAMINHOES,RUA FERNANDO CESAR,,PROX. A PRAÇA DOS CAMINHOES,ENCRUZILHADA,,,COLISÃO,AUTO E MOTO,1,1,,,,,,,,0,,,,,,,,,,,,,,
2018-03-03,08:43:00,SEM VÍTIMA,FINALIZADA,SANTO AMARO,AV GOVERNADOR AGAMENON MAGALHAES,,,EM FRENTE A CONCESSIONARIA FIORI  SENT/BOA VIAGEM,AV GOVERNADOR AGAMENON MAGALHAES,,EM FRENTE A CONCESSIONARIA FIORI  SENT/BOA VIAGEM,SANTO AMARO,,,COLISÃO,SEM VITIMAS,2,,,,,,,,,0,,,,,,,,,,,,,,
2018-03-03,09:19:00,SEM VÍTIMA,CANCELADA,IBURA,RUA EMILIO MONTEIRO FONSECA,,,EM FRENTE DA ESCOLA VILA OPERARIA DO RECIFE,RUA EMILIO MONTEIRO FONSECA,,EM FRENTE DA ESCOLA VILA OPERARIA DO RECIFE,IBURA,,,COLISÃO,COL.S/V,1,,,,,1,,,,0,,,,,,,,,,,,,,
2018-03-03,10:21:00,SEM VÍTIMA,CANCELADA,CASA FORTE,AV DEZESSETE DE AGOSTO,206,,SEMAFORO 415,AV DEZESSETE DE AGOSTO,206,SEMAFORO 415,CASA FORTE,,,COLISÃO,DOIS AUTOS S/V,2,,,,,,,,,0,,,,,,,,,,,,,,
2018-03-03,10:29:00,SEM VÍTIMA,CANCELADA,CASA AMARELA,RUA CASA AMARELA,,,E/F A ANTIGA BIG BEM. SENTIDO JAQUEIRA,RUA CASA AMARELA,,E/F A ANTIGA BIG BEM. SENTIDO JAQUEIRA,CASA AMARELA,,,COLISÃO,SEM VITIMAS,1,,,,,1,,,,0,,,,,,,,,,,,,,
2018-03-03,11:19:00,SEM VÍTIMA,FINALIZADA,PINA,RUA NOGUEIRA DE SOUZA,363,,NA RUA DO CALDINHO DO NENEN,RUA NOGUEIRA DE SOUZA,363,NA RUA DO CALDINHO DO NENEN,PINA,,,COLISÃO,DOIS AUTOS S/V,2,,,,,,,,,0,,,,,,,,,,,,,,
2018-03-03,12:08:00,SEM VÍTIMA,CANCELADA,IPSEP,RUA PADRE LIMA E SA,686,,PROX. CHAMBARIL DO JOAO,RUA PADRE LIMA E SA,686,PROX. CHAMBARIL DO JOAO,IPSEP,,,COLISÃO,DOIS AUTOS S/V,2,,,,,,,,,0,,,,,,,,,,,,,,
2018-03-03,12:26:00,SEM VÍTIMA,FINALIZADA,PINA,AV ANTONIO DE GOES,,,AO LADO DA SECRETARIA DE ADMINISTRAÇÃO/ EM FRENTE AO POSTO FEDERAL,AV ANTONIO DE GOES,,AO LADO DA SECRETARIA DE ADMINISTRAÇÃO/ EM FRENTE AO POSTO FEDERAL,PINA,,,COLISÃO,COLISÃO SEM VÍTIMA,2,,,,,,,,,0,,,,,,,,,,,,,,
2018-03-03,12:40:00,SEM VÍTIMA,CANCELADA,ILHA DO LEITE,RUA GENERAL JOAQUIM INACIO,545,,PROX AV AGAMENON MAGALHES E/F A FARMACIA INDEPENDENTE,RUA GENERAL JOAQUIM INACIO,545,PROX AV AGAMENON MAGALHES E/F A FARMACIA INDEPENDENTE,ILHA DO LEITE,,,COLISÃO,COLISAO DE DOIS AUTOS S/V,2,,,,,,,,,0,,,,,,,,,,,,,,
2018-03-03,12:42:00,SEM VÍTIMA,PENDENTE,BOA VIAGEM,AV CONSELHEIRO AGUIAR,3068,,PROX. AO ITAU  SEMAFORO 006,AV CONSELHEIRO AGUIAR,3068,PROX. AO ITAU  SEMAFORO 006,BOA VIAGEM,,,ENGAVETAMENTO,TRES AUTOS SV,3,,,,,,,,,0,,,,,,,,,,,,,,
2018-03-03,12:43:00,SEM VÍTIMA,FINALIZADA,CABANGA,AV SUL,,,NO SEMÁFORO 211,AV SUL,,NO SEMÁFORO 211,CABANGA,,,COLISÃO,COLISÃO SEM VÍTIMA,1,,,,,1,,,,0,,,,,,,,,,,,,,
2018-03-03,13:27:00,SEM VÍTIMA,CANCELADA,CAJUEIRO,AV SEBASTIAO SALAZAR,355,,PROX. AO MERCADINHO NOVO ESTILO,AV SEBASTIAO SALAZAR,355,PROX. AO MERCADINHO NOVO ESTILO,CAJUEIRO,,,COLISÃO,AUTO E MOTO C/V,1,1,,,,,,,,0,,,,,,,,,,,,,,
2018-03-03,13:41:00,COM VÍTIMA,FINALIZADA,BOA VIAGEM,AV ENGENHEIRO DOMINGOS FERREIRA,,RUA BRUNO VELOSO,NO CRUZAMENTO DA BRUNO VELOSO NO SEMAFORO 338,AV ENGENHEIRO DOMINGOS FERREIRA,,NO CRUZAMENTO DA BRUNO VELOSO NO SEMAFORO 338,BOA VIAGEM,,,CAPOTAMENTO,,1,,,,,,,,,1,,,,,,,,,,,,,,
2018-03-03,13:58:00,SEM VÍTIMA,FINALIZADA,BREJO DA GUABIRABA,AV VEREADOR OTACILIO AZEVEDO,420,,PROX. AO TERMINAL DOS COMPLEMENTAR  EM FRENTE AO COLEGIO SAO CRISTOVAO,AV VEREADOR OTACILIO AZEVEDO,420,PROX. AO TERMINAL DOS COMPLEMENTAR  EM FRENTE AO COLEGIO SAO CRISTOVAO,BREJO DA GUABIRABA,,,COLISÃO,CAMINHAO E MOTO,,1,,,,,1,,,0,,,,,,,,,,,,,,
2018-03-03,14:01:00,SEM VÍTIMA,FINALIZADA,ILHA DO LEITE,RUA JOSE DE ALENCAR,269,,ESQUINA DA UNIMED 3,RUA JOSE DE ALENCAR,269,ESQUINA DA UNIMED 3,ILHA DO LEITE,,,COLISÃO,,2,,,,,,,,,0,,,,,,,,,,,,,,
2018-03-03,14:43:00,COM VÍTIMA,FINALIZADA,MADALENA,AV VISCONDE DE ALBUQUERQUE,836,,E/F ENDO TERAPEUTICA,AV VISCONDE DE ALBUQUERQUE,836,E/F ENDO TERAPEUTICA,MADALENA,,,COLISÃO,COLISAO DE AUTO E MOTO COM UMA VITIMA,1,1,,,,,,,,1,,,,,,,,,,,,,,
2018-03-03,15:05:00,SEM VÍTIMA,CANCELADA,MADALENA,RUA JOSE OSORIO,270,,EM FRENTE A EXTRA FARMA,RUA JOSE OSORIO,270,EM FRENTE A EXTRA FARMA,MADALENA,,,COLISÃO,COLISÃO SEM VÍTIMA,1,1,,,,,,,,0,,,,,,,,,,,,,,
2018-03-03,15:29:00,SEM VÍTIMA,FINALIZADA,CABANGA,AV ENGENHEIRO JOSE ESTELITA,,,E/F AO CABANGA IATE CLUBE S/T CID,AV ENGENHEIRO JOSE ESTELITA,,E/F AO CABANGA IATE CLUBE S/T CID,CABANGA,,,COLISÃO,COLISAO DE AUTO E MTO S/V,1,1,,,,,,,,0,,,,,,,,,,,,,,
2018-03-03,15:39:00,SEM VÍTIMA,FINALIZADA,MACAXEIRA,RUA IDA,,,PRAÇA DO BURIRTI,RUA IDA,,PRAÇA DO BURIRTI,MACAXEIRA,,,CHOQUE,CHOQUE COM MOTOCICLETA,,1,,,,,,,,0,,,,,,,,,,,,,,
2018-03-03,16:15:00,SEM VÍTIMA,FINALIZADA,CAXANGÁ,RUA RIBEIRO PESSOA,,,EM FRENTE À UPA,RUA RIBEIRO PESSOA,,EM FRENTE À UPA,CAXANGÁ,,,COLISÃO,COLISÃO ENTRE ÕNIBUS E MOTO,,1,,,,1,,,,0,,,,,,,,,,,,,,
2018-03-03,16:56:00,SEM VÍTIMA,FINALIZADA,VÁRZEA,RUA MARIO CAMPELO,286,,PROX AO CASTELO DO BRENNAND,RUA MARIO CAMPELO,286,PROX AO CASTELO DO BRENNAND,VÁRZEA,,,COLISÃO,COLISAO DE DOIS AUTOS S/V,2,,,,,,,,,0,,,,,,,,,,,,,,
2018-03-03,20:05:00,SEM VÍTIMA,FINALIZADA,SÃO JOSÉ,RUA IMPERIAL,,,SEMAFORO 510 TRV DO RAPOSO,RUA IMPERIAL,,SEMAFORO 510 TRV DO RAPOSO,SÃO JOSÉ,,,COLISÃO,DOIS AUTO,2,,,,,,,,,0,,,,,,,,,,,,,,
2018-03-03,20:11:00,COM VÍTIMA,FINALIZADA,BOA VIAGEM,AV BOA VIAGEM,3804,,ENF AO ED PORTO SEGURO,AV BOA VIAGEM,3804,ENF AO ED PORTO SEGURO,BOA VIAGEM,,,ATROPELAMENTO,AUTO E PEDESTRE,1,,,,1,,,,,1,,,,,,,,,,,,,,
2018-03-03,20:24:00,COM VÍTIMA,FINALIZADA,BOA VISTA,AV MANOEL BORBA,,,EM FRENTE A BOATE METOPOLE,AV MANOEL BORBA,,EM FRENTE A BOATE METOPOLE,BOA VISTA,,,COLISÃO,AUTO E MOTO GM VT-02,1,1,,,,,,,,1,,,,,,,,,,,,,,
2018-03-03,20:30:00,SEM VÍTIMA,FINALIZADA,JARDIM SÃO PAULO,RUA MAJOR FELICIO,,,PROX. A GALERIA SHOPPING JARDIM,RUA MAJOR FELICIO,,PROX. A GALERIA SHOPPING JARDIM,JARDIM SÃO PAULO,,,COLISÃO,DOIS AUTOS,2,,,,,,,,,0,,,,,,,,,,,,,,
2018-03-03,20:43:00,SEM VÍTIMA,FINALIZADA,BOA VIAGEM,AV CONSELHEIRO AGUIAR,3900,,ENF AO BANCO DO BRASIL PROX AO DELTAEXPRESSO,AV CONSELHEIRO AGUIAR,3900,ENF AO BANCO DO BRASIL PROX AO DELTAEXPRESSO,BOA VIAGEM,,,COLISÃO,AUTO E MOTO,1,1,,,,,,,,0,,,,,,,,,,,,,,
2018-03-03,21:01:00,SEM VÍTIMA,CANCELADA,VÁRZEA,RUA FRANCISCO LEOPOLDINO,190,,PROX AO BARREIRAO SOCIETY E ASSEMBLEIA DE DEUS,RUA FRANCISCO LEOPOLDINO,190,PROX AO BARREIRAO SOCIETY E ASSEMBLEIA DE DEUS,VÁRZEA,,,COLISÃO,TAXI X AUTO OBS:: SUSPEITA DE EMBRIAGUEZ,2,,,,,,,,,0,,,,,,,,,,,,,,
2018-03-03,21:04:00,SEM VÍTIMA,FINALIZADA,CORDEIRO,AV GENERAL SAN MARTIN,624,RUA GOMES TABORDA,COM A RUA GOMES TABORDA  DE ESQUINA COM O POSTO DE GASOLINA TOTAL,AV GENERAL SAN MARTIN,624,COM A RUA GOMES TABORDA  DE ESQUINA COM O POSTO DE GASOLINA TOTAL,CORDEIRO,,,COLISÃO,DOIS AUTOS,2,,,,,,,,,0,,,,,,,,,,,,,,
2018-03-04,01:08:00,SEM VÍTIMA,FINALIZADA,AFOGADOS,AV SUL,,,SEMÁFORO 320,AV SUL,,SEMÁFORO 320,AFOGADOS,,,CAPOTAMENTO,CONDUTOR PERDEU O CONTROLE DO VEÍCULO E CAPOTOU,1,,,,,,,,,0,,,,,,,,,,,,,,
2018-03-04,02:38:00,SEM VÍTIMA,FINALIZADA,MADALENA,RUA BENFICA,,,EM FRENTE AO BOMPREÇO,RUA BENFICA,,EM FRENTE AO BOMPREÇO,MADALENA,,,COLISÃO,DOIS AUTOS,2,,,,,,,,,0,,,,,,,,,,,,,,