data,hora,natureza_acidente,situacao,bairro,endereco,numero,detalhe_endereco_acidente,complemento,endereco_cruzamento,numero_cruzamento,referencia_cruzamento,bairro_cruzamento,num_semaforo,sentido_via,tipo,descricao,auto,moto,ciclom,ciclista,pedestre,onibus,caminhao,viatura,outros,vitimas,vitimasfatais,acidente_verificado,tempo_clima,situacao_semaforo,sinalizacao,condicao_via,conservacao_via,ponto_controle,situacao_placa,velocidade_max_via,mao_direcao,divisao_via1,divisao_via2,divisao_via3
2018-03-04,05:28:00,SEM VÍTIMA,FINALIZADA,MANGABEIRA,AV NORTE,,,EM FRENTE AO ARMAZÉN CORAL,AV NORTE,,EM FRENTE AO ARMAZÉN CORAL,MANGABEIRA,,,CHOQUE,VEÍCULO CHOCOU-SE CONTRA OS FERROS DE CONTENÇÃO,1,,,,,,,,,0,,,,,,,,,,,,,,
2018-03-04,07:22:00,SEM VÍTIMA,FINALIZADA,IBURA,RUA JOAO CORDEIRO DE SOUZA,410,,E/F A RESIDENCIA. PROX. AO TERMINAL DE UR 2,RUA JOAO CORDEIRO DE SOUZA,410,E/F A RESIDENCIA. PROX. AO TERMINAL DE UR 2,IBURA,,,CHOQUE,VEÍCULO CHOCOU-SE CONTRA O MURO DA RESIDENCIA.,1,,,,,,,,,0,,,,,,,,,,,,,,
2018-03-04,07:24:00,SEM VÍTIMA,FINALIZADA,BEBERIBE,AV BEBERIBE,301,,EM FRENTE AO TRT 6/ SENT CIDADE,AV BEBERIBE,301,EM FRENTE AO TRT 6/ SENT CIDADE,BEBERIBE,,,COLISÃO,DOIS AUTOS,2,,,,,,,,,0,,,,,,,,,,,,,,
2018-03-04,08:16:00,SEM VÍTIMA,CANCELADA,ENGENHO DO MEIO,RUA BOM PASTOR,24,,EM FRENTE DA GALERIA ZEZINHO,RUA BOM PASTOR,24,EM FRENTE DA GALERIA ZEZINHO,ENGENHO DO MEIO,,,COLISÃO,COL.S/V,,,,,,,,,,0,,,,,,,,,,,,,,
2018-03-04,11:03:00,SEM VÍTIMA,FINALIZADA,GRAÇAS,RUA JACOBINA,106,,RUA EM FRENTE AO EMPRESARIAL KRONOS,RUA JACOBINA,106,RUA EM FRENTE AO EMPRESARIAL KRONOS,GRAÇAS,,,COLISÃO,SEM VITIMAS,2,,,,,,,,,0,,,,,,,,,,,,,,
2018-03-04,12:12:00,SEM VÍTIMA,FINALIZADA,BOA VIAGEM,AV BOA VIAGEM,,AV ARMINDO MOURA,CRUZAMENTO COM ARMINDO MOURA/ NO SEMÁFORO 084,AV BOA VIAGEM,,CRUZAMENTO COM ARMINDO MOURA/ NO SEMÁFORO 084,BOA VIAGEM,,,COLISÃO,AUTO E CAMINHAO SV,1,,,,,,1,,,0,,,,,,,,,,,,,,
2018-03-04,13:07:00,COM VÍTIMA,FINALIZADA,TEJIPIÓ,AV DR JOSE RUFINO,441,,SEMAFORO 285,AV DR JOSE RUFINO,441,SEMAFORO 285,TEJIPIÓ,,,COLISÃO,AUTO E MOTO C/V,1,1,,,,,,,,1,,,,,,,,,,,,,,
2018-03-04,13:35:00,COM VÍTIMA,CANCELADA,SANTO AMARO,AV JOAO DE BARROS,915,,QUASE EM FRENTE A ESQUINA DA PICANHA,AV JOAO DE BARROS,915,QUASE EM FRENTE A ESQUINA DA PICANHA,SANTO AMARO,,,COLISÃO,AUTO E MOTO,1,1,,,,,,,,1,,,,,,,,,,,,,,
2018-03-04,13:37:00,SEM VÍTIMA,FINALIZADA,BOA VIAGEM,AV CONSELHEIRO AGUIAR,970,,EM FRENTE A PADARIA MIRAMAR,AV CONSELHEIRO AGUIAR,970,EM FRENTE A PADARIA MIRAMAR,BOA VIAGEM,,,COLISÃO,COLISÃO SEM VÍTIMA,2,,,,,1,,,,0,,,,,,,,,,,,,,
2018-03-04,14:11:00,COM VÍTIMA,FINALIZADA,BOA VIAGEM,RUA SA E SOUZA,703,,APÓS A IGREJA DOS MORMOS,RUA SA E SOUZA,703,APÓS A IGREJA DOS MORMOS,BOA VIAGEM,,,COLISÃO,COLISÃO COM VÍTIMA,1,1,,,,,,,,1,,,,,,,,,,,,,,
2018-03-04,14:19:00,SEM VÍTIMA,FINALIZADA,BONGI,AV CONSUL VILARES FRAGOSO,260,RUA DR JOAO COSTA,ESQUINA COM RUA DR. JOAO COSTA  POR TRAS DA CAVALARIA,AV CONSUL VILARES FRAGOSO,260,ESQUINA COM RUA DR. JOAO COSTA  POR TRAS DA CAVALARIA,BONGI,,,COLISÃO,DOIS AUTOS S/V,2,,,,,,,,,0,,,,,,,,,,,,,,
2018-03-04,14:47:00,SEM VÍTIMA,FINALIZADA,IPSEP,RUA ADERBAL DE MELO,135,,EM FRENTE AO CHAMBARIL DO JOAO,RUA ADERBAL DE MELO,135,EM FRENTE AO CHAMBARIL DO JOAO,IPSEP,,,COLISÃO,DOIS AUTOS S/V,2,,,,,,,,,0,,,,,,,,,,,,,,
2018-03-04,15:50:00,SEM VÍTIMA,FINALIZADA,ENCRUZILHADA,EST DE BELEM,96,,PROX. AO ITAU  AO LADO DO CARTORIO,EST DE BELEM,96,PROX. AO ITAU  AO LADO DO CARTORIO,ENCRUZILHADA,,,COLISÃO,DOIS AUTOS SV,2,,,,,,,,,0,,,,,,,,,,,,,,
2018-03-04,16:01:00,COM VÍTIMA,FINALIZADA,CASA AMARELA,RUA CONS PERETTI,115,,PROXIMO AO LAFEPE E AO EDIFICIO E GALERIA CASA AMARELA,RUA CONS PERETTI,115,PROXIMO AO LAFEPE E AO EDIFICIO E GALERIA CASA AMARELA,CASA AMARELA,,,COLISÃO,COLISÃO COM VÍTIMA,1,,,,,1,,,,1,,,,,,,,,,,,,,
2018-03-04,18:50:00,SEM VÍTIMA,FINALIZADA,VÁRZEA,RUA CABURAI,238,,PROX AO TERMINAL UR 7 VAZEA AO LADO DE UM CAMPO DE FULTEBOL,RUA CABURAI,238,PROX AO TERMINAL UR 7 VAZEA AO LADO DE UM CAMPO DE FULTEBOL,VÁRZEA,,,ATROPELAMENTO,HB 20 E CAVALO,1,,,,,,,,1,0,,,,,,,,,,,,,,
2018-03-04,20:55:00,SEM VÍTIMA,FINALIZADA,IMBIRIBEIRA,RUA ITACARI,,RUA ITAJAI,CRUZAMENTO COM A RUA ITAJAI,RUA ITACARI,,CRUZAMENTO COM A RUA ITAJAI,IMBIRIBEIRA,,,COLISÃO,CAMARO X FOR K,2,,,,,,,,,0,,,,,,,,,,,,,,
2018-03-05,04:33:00,VÍTIMA FATAL,FINALIZADA,BOA VIAGEM,RUA BARAO DE SOUZA LEAO,,RUA VISCONDE DE JEQUITINHONHA,CRUZAMENTO COM A RUA VISCONDE DE JEQUITINHONHA,RUA BARAO DE SOUZA LEAO,,CRUZAMENTO COM A RUA VISCONDE DE JEQUITINHONHA,BOA VIAGEM,,,COLISÃO,COLISÃO ENTRE CAMINHÃO E MOTO C/V,,1,,,,,1,,,,1,,,,,,,,,,,,,
2018-03-05,06:00:00,COM VÍTIMA,FINALIZADA,PARNAMIRIM,RUA JOAO TUDE DE MELO,,RUA VIRGINIA LORETO,CRUZAMENTO COM A RUA VIRGINIA LORETO SEMAFORO 649 AO LADO DO RESTAURANTE GAIAMUM GIGANTE.,RUA JOAO TUDE DE MELO,,CRUZAMENTO COM A RUA VIRGINIA LORETO SEMAFORO 649 AO LADO DO RESTAURANTE GAIAMUM GIGANTE.,PARNAMIRIM,,,COLISÃO,COM UMA VITIMA AGUARDANDO SAMU,1,1,,,,,,,,1,,,,,,,,,,,,,,
2018-03-05,06:21:00,SEM VÍTIMA,FINALIZADA,DERBY,RUA JENER DE SOUZA,,,EM FRENTE AO QUARTEL DO DERBY E A PRAÇA DO DERBY,RUA JENER DE SOUZA,,EM FRENTE AO QUARTEL DO DERBY E A PRAÇA DO DERBY,DERBY,,,COLISÃO,SEM VITIMAS,2,,,,,,,,,0,,,,,,,,,,,,,,
2018-03-05,06:32:00,SEM VÍTIMA,FINALIZADA,CAXANGÁ,AV CAXANGA,3751,,SENTIDO CIDADE  E/F A CAXANGÁ ALUMINIOS,AV CAXANGA,3751,SENTIDO CIDADE  E/F A CAXANGÁ ALUMINIOS,CAXANGÁ,,,COLISÃO,SEM VÍTIMAS,2,,,,,,,,,0,,,,,,,,,,,,,,
2018-03-05,06:51:00,SEM VÍTIMA,FINALIZADA,IMBIRIBEIRA,AV MARECHAL MASCARENHAS DE MORAES,4115,,AO LADO DO ATACADO DOS PRESENTES,AV MARECHAL MASCARENHAS DE MORAES,4115,AO LADO DO ATACADO DOS PRESENTES,IMBIRIBEIRA,,,COLISÃO,AUTO E ONIBUS,1,,,,,1,,,,0,,,,,,,,,,,,,,
2018-03-05,07:11:00,SEM VÍTIMA,FINALIZADA,BOA VIAGEM,RUA PADRE CABRAL,141,,ESQUINA DA RUA DO LABORATORIO GILSON CIDRIN,RUA PADRE CABRAL,141,ESQUINA DA RUA DO LABORATORIO GILSON CIDRIN,BOA VIAGEM,,,COLISÃO,DOIS AUTO,2,,,,,,,,,0,,,,,,,,,,,,,,
2018-03-05,07:28:00,SEM VÍTIMA,FINALIZADA,BOA VIAGEM,RUA ANTONIO FALCAO,,,SEMAFORO 648 / EM BAIXO DA VIA MANGUE,RUA ANTONIO FALCAO,,SEMAFORO 648 / EM BAIXO DA VIA MANGUE,BOA VIAGEM,,,COLISÃO,DOIS AUTOS,,,,,,,,,,0,,,,,,,,,,,,,,
2018-03-05,07:36:00,SEM VÍTIMA,FINALIZADA,MADALENA,EST DOS REMEDIOS,1891,,AO LADO DA HP PNEUS,EST DOS REMEDIOS,1891,AO LADO DA HP PNEUS,MADALENA,,,COLISÃO,SEM VITIMAS,1,,,,,1,,,,0,,,,,,,,,,,,,,
2018-03-05,08:49:00,SEM VÍTIMA,FINALIZADA,IMBIRIBEIRA,AV MARECHAL MASCARENHAS DE MORAES,,,EM FRENTE AO AEROPORTO / SENT SUB / EM FRENTE A LOCALIZA,AV MARECHAL MASCARENHAS DE MORAES,,EM FRENTE AO AEROPORTO / SENT SUB / EM FRENTE A LOCALIZA,IMBIRIBEIRA,,,COLISÃO,ONIBUS E AUTO,1,,,,,1,,,,0,,,,,,,,,,,,,,
2018-03-05,08:51:00,SEM VÍTIMA,FINALIZADA,PINA,RUA CACILDA IOLANDA PORCIUNCULA,,,POR TRÁS DO DENIT,RUA CACILDA IOLANDA PORCIUNCULA,,POR TRÁS DO DENIT,PINA,,,COLISÃO,SEM VÍTIMAS BATEDORES NO LOCAL,2,,,,,,,,,0,,,,,,,,,,,,,,
2018-03-05,09:33:00,COM VÍTIMA,FINALIZADA,BOA VIAGEM,AV CONSELHEIRO AGUIAR,,RUA RIBEIRO DE BRITO,COM A RUA RIBEIRO DE BRITO NO SEMAFORO 147,AV CONSELHEIRO AGUIAR,,COM A RUA RIBEIRO DE BRITO NO SEMAFORO 147,BOA VIAGEM,,,ATROPELAMENTO,ONIBUS ATROPELOU UM PEDESTRE,,,,,,1,,,,1,,,,,,,,,,,,,,
2018-03-05,10:04:00,SEM VÍTIMA,FINALIZADA,IMBIRIBEIRA,AV MARECHAL MASCARENHAS DE MORAES,,,EMBAIXO DA PASSARELA SEMAFORO 570 SENT/CENTRO,AV MARECHAL MASCARENHAS DE MORAES,,EMBAIXO DA PASSARELA SEMAFORO 570 SENT/CENTRO,IMBIRIBEIRA,,,COLISÃO,SEM VITIMAS,2,,,,,,,,,0,,,,,,,,,,,,,,
2018-03-05,10:15:00,SEM VÍTIMA,FINALIZADA,AFOGADOS,RUA DA PAZ,160,,EM FRENTE A ANTIGA COMERCIAL BATISTA  SENT/AEROPORTO,RUA DA PAZ,160,EM FRENTE A ANTIGA COMERCIAL BATISTA  SENT/AEROPORTO,AFOGADOS,,,COLISÃO,SEM VITIMAS,3,,,,,,,,,0,,,,,,,,,,,,,,
2018-03-05,10:36:00,SEM VÍTIMA,CANCELADA,BARRO,RUA DA ESPERANCA,720,,EM FRENTE AO DEPOSITO BEBIDAS EM GERAL,RUA DA ESPERANCA,720,EM FRENTE AO DEPOSITO BEBIDAS EM GERAL,BARRO,,,COLISÃO,DOIS AUTOS,2,,,,,,,,,0,,,,,,,,,,,,,,
2018-03-05,11:12:00,SEM VÍTIMA,FINALIZADA,BOA VIAGEM,RUA VISCONDE DE JEQUITINHONHA,3600,,E/F A AUTO SUL  SENTIDO PIEDADE,RUA VISCONDE DE JEQUITINHONHA,3600,E/F A AUTO SUL  SENTIDO PIEDADE,BOA VIAGEM,,,COLISÃO,SEM VÍTIMAS,3,,,,,,,,,0,,,,,,,,,,,,,,
2018-03-05,11:28:00,SEM VÍTIMA,FINALIZADA,SANTO AMARO,AV JOAO DE BARROS,915,,LADO OPOSTO AO EDF. SURUBIM. NO SEMÁFORO 412. SENTIDO SUBÚRBIO,AV JOAO DE BARROS,915,LADO OPOSTO AO EDF. SURUBIM. NO SEMÁFORO 412. SENTIDO SUBÚRBIO,SANTO AMARO,,,COLISÃO,SEM VÍTIMAS.,2,,,,,,,,,0,,,,,,,,,,,,,,
2018-03-05,11:29:00,SEM VÍTIMA,CANCELADA,BONGI,AV ENGENHEIRO ABDIAS DE CARVALHO,1867,,EM FRENTE A QUALITEC SENT/BR 232,AV ENGENHEIRO ABDIAS DE CARVALHO,1867,EM FRENTE A QUALITEC SENT/BR 232,BONGI,,,COLISÃO,SEM VITIMAS,2,1,,,,,,,,0,,,,,,,,,,,,,,
2018-03-05,11:48:00,SEM VÍTIMA,FINALIZADA,GRAÇAS,RUA DAS PERNAMBUCANAS,112,,EM FRENTE AO HOSPITAL JAIME DA FONTE,RUA DAS PERNAMBUCANAS,112,EM FRENTE AO HOSPITAL JAIME DA FONTE,GRAÇAS,,,COLISÃO,SEM VITIMAS,2,,,,,,,,,0,,,,,,,,,,,,,,
2018-03-05,12:19:00,SEM VÍTIMA,FINALIZADA,CAXANGÁ,AV CAXANGA,,,E/F AO CAXANGÁ GOLF CLUBE. SNT CIDADE / SUB,AV CAXANGA,,E/F AO CAXANGÁ GOLF CLUBE. SNT CIDADE / SUB,CAXANGÁ,,,COLISÃO,ENTRE AUTO E ÕNIBUS. S/V,1,,,,,1,,,,0,,,,,,,,,,,,,,
2018-03-05,12:22:00,SEM VÍTIMA,FINALIZADA,DERBY,RUA JOAQUIM NABUCO,,,E/F AO HR / PRX A RAMPA DE EMERGENCIA,RUA JOAQUIM NABUCO,,E/F AO HR / PRX A RAMPA DE EMERGENCIA,DERBY,,,COLISÃO,ENTRE 2 AUTOS. S/V,2,,,,,,,,,0,,,,,,,,,,,,,,
2018-03-05,12:28:00,SEM VÍTIMA,CANCELADA,BOA VIAGEM,RUA BRUNO VELOSO,,,NO SEMAFORO 338,RUA BRUNO VELOSO,,NO SEMAFORO 338,BOA VIAGEM,,,COLISÃO,COLISAO DE ONIBUS E AUTO S/V,1,,,,,1,,,,0,,,,,,,,,,,,,,
2018-03-05,12:44:00,SEM VÍTIMA,FINALIZADA,SAN MARTIN,RUA COMENDADOR JOSE VITA,522,,EM FRENTE AO CONJUNTO RESIDENCIAL 21 DE ABRIL,RUA COMENDADOR JOSE VITA,522,EM FRENTE AO CONJUNTO RESIDENCIAL 21 DE ABRIL,SAN MARTIN,,,COLISÃO,DOIS AUTOS S/V,2,,,,,,,,,0,,,,,,,,,,,,,,
2018-03-05,13:23:00,SEM VÍTIMA,CANCELADA,IMBIRIBEIRA,RUA ANTONIO FALCAO,,,ANTES DO PONTILHAO DO METRO  EM FRENTE AO CONDOMINIO VITA,RUA ANTONIO FALCAO,,ANTES DO PONTILHAO DO METRO  EM FRENTE AO CONDOMINIO VITA,IMBIRIBEIRA,,,COLISÃO,DOIS AUTOS,,,,,,,,,,0,,,,,,,,,,,,,,
2018-03-05,13:37:00,SEM VÍTIMA,FINALIZADA,CAXANGÁ,RUA SAO MATEUS,,AV MAURICIO DE NASSAU,COM RUA MAURICIO DE NASSAU NO SEMAFORO 239,RUA SAO MATEUS,,COM RUA MAURICIO DE NASSAU NO SEMAFORO 239,CAXANGÁ,,,COLISÃO,COLISAO DE AUTO E CAMINHAO S/V,1,,,,,,1,,,0,,,,,,,,,,,,,,
2018-03-05,14:12:00,SEM VÍTIMA,FINALIZADA,IPUTINGA,AV CAXANGA,,,E/F AO CAXANGÁ GOLF CLUBE,AV CAXANGA,,E/F AO CAXANGÁ GOLF CLUBE,IPUTINGA,,,ENGAVETAMENTO,ENTRE 3 AUTOS. S/V,3,,,,,,,,,0,,,,,,,,,,,,,,
2018-03-05,14:34:00,SEM VÍTIMA,FINALIZADA,CAJUEIRO,RUA CORONEL URBANO RIBEIRO DE SENA,2696,,E/F A RODRIGUES BIKE,RUA CORONEL URBANO RIBEIRO DE SENA,2696,E/F A RODRIGUES BIKE,CAJUEIRO,,,COLISÃO,ENTRE 2 AUTOS. S/V,2,,,,,,,,,0,,,,,,,,,,,,,,
2018-03-05,14:34:00,SEM VÍTIMA,FINALIZADA,ILHA DO RETIRO,RUA SPORT CLUBE DO RECIFE,,,EM FRENTE AO CAMPO DO SPORT  SENTIDO ABDIAS,RUA SPORT CLUBE DO RECIFE,,EM FRENTE AO CAMPO DO SPORT  SENTIDO ABDIAS,ILHA DO RETIRO,,,COLISÃO,ONIBUS E VT DA PM,,,,,,1,,1,,0,,,,,,,,,,,,,,
2018-03-05,14:44:00,COM VÍTIMA,FINALIZADA,CASA AMARELA,RUA CONS PERETTI,,,E/F A GILSON CIDRIM PARALELA DA RUA PADRE LEMOS,RUA CONS PERETTI,,E/F A GILSON CIDRIM PARALELA DA RUA PADRE LEMOS,CASA AMARELA,,,COLISÃO,COLISAO DE AUTO E MOTO COM DUAS VITIMAS,1,1,,,,,,,,2,,,,,,,,,,,,,,
2018-03-05,14:55:00,SEM VÍTIMA,FINALIZADA,SANTO AMARO,AV VISCONDE DE SUASSUNA,,,E/F AO SENAC,AV VISCONDE DE SUASSUNA,,E/F AO SENAC,SANTO AMARO,,,COLISÃO,COLISAO DE DOIS AUITOS S/V,2,,,,,,,,,0,,,,,,,,,,,,,,
2018-03-05,15:03:00,VÍTIMA FATAL,FINALIZADA,JORDÃO,AV MARIA IRENE,,,EM FRENTE AO RSTAURANTE QUERO MAIS,AV MARIA IRENE,,EM FRENTE AO RSTAURANTE QUERO MAIS,JORDÃO,,,ATROPELAMENTO,ATROPELAMENTO ENTRE ONIBUS E PEDESTRE,,,,,1,1,,,,,1,,,,,,,,,,,,,
2018-03-05,15:07:00,SEM VÍTIMA,FINALIZADA,BOA VIAGEM,RUA BARAO DE SOUZA LEAO,,,E/F A PRACINHA DE BOA VIAGEM,RUA BARAO DE SOUZA LEAO,,E/F A PRACINHA DE BOA VIAGEM,BOA VIAGEM,,,COLISÃO,COLISAO DE CAMINHAO E AUTOS S/V,1,,,,,,1,,,0,,,,,,,,,,,,,,
2018-03-05,15:13:00,SEM VÍTIMA,FINALIZADA,CASA FORTE,AV DEZESSETE DE AGOSTO,,,EM FRENTE AO ITAU  ANTES DO PLAZA  PROX. A BIG BEN,AV DEZESSETE DE AGOSTO,,EM FRENTE AO ITAU  ANTES DO PLAZA  PROX. A BIG BEN,CASA FORTE,,,COLISÃO,DOIS AUTOS,2,,,,,,,,,0,,,,,,,,,,,,,,
2018-03-05,15:19:00,SEM VÍTIMA,FINALIZADA,CORDEIRO,RUA CLAUDIO BROTHERHOOD,,RUA AUREO XAVIER,CRUZAMENTO COM RUA AUREO XAVIER  SENTIDO ABDIAS DE CARVALHO,RUA CLAUDIO BROTHERHOOD,,CRUZAMENTO COM RUA AUREO XAVIER  SENTIDO ABDIAS DE CARVALHO,CORDEIRO,,,COLISÃO,DOIS AUTOS S/V,2,,,,,,,,,0,,,,,,,,,,,,,,
2018-03-05,15:58:00,COM VÍTIMA,FINALIZADA,AFOGADOS,RUA SAO MIGUEL,,,14 BLOG / ENTRADA DA VILA S. MIGUEL ESQUINA BODE DO NÓ,RUA SAO MIGUEL,,14 BLOG / ENTRADA DA VILA S. MIGUEL ESQUINA BODE DO NÓ,AFOGADOS,,,CHOQUE,CHOQUE COM VITIMA EM OBJETO FIXO,1,,,,,,,,,1,,,,,,,,,,,,,,
2018-03-05,15:59:00,SEM VÍTIMA,FINALIZADA,IMBIRIBEIRA,RUA PAMPULHA,,RUA ITAJAI,COM RUA ITAJAI VT 08 NO LOCAL,RUA PAMPULHA,,COM RUA ITAJAI VT 08 NO LOCAL,IMBIRIBEIRA,,,COLISÃO,COLISAO DE DOIS AUTOS S/V,2,,,,,,,,,0,,,,,,,,,,,,,,
2018-03-05,16:08:00,SEM VÍTIMA,FINALIZADA,CAXANGÁ,AV CAXANGA,,,E/F A PIZZARIA MASSARELA. SNT CIDADE/ SUB,AV CAXANGA,,E/F A PIZZARIA MASSARELA. SNT CIDADE/ SUB,CAXANGÁ,,,COLISÃO,AUTO E MOTO. S/V,1,1,,,,,,,,0,,,,,,,,,,,,,,
2018-03-05,16:44:00,SEM VÍTIMA,FINALIZADA,SAN MARTIN,AV GENERAL SAN MARTIN,,,E/F A LOMBADA ELETRONICA E A ACADEMIA DA CIDADE ANTES DO SEMAFORO 326,AV GENERAL SAN MARTIN,,E/F A LOMBADA ELETRONICA E A ACADEMIA DA CIDADE ANTES DO SEMAFORO 326,SAN MARTIN,,,COLISÃO,COLISAO DE ONIBUS E AUTO S/V,,,,,,1,1,,,0,,,,,,,,,,,,,,
2018-03-05,16:49:00,SEM VÍTIMA,CANCELADA,BOA VIAGEM,AV BOA VIAGEM,4700,,APOS A PRACINHA  E ANTES DO EDF. CASTELINHO,AV BOA VIAGEM,4700,APOS A PRACINHA  E ANTES DO EDF. CASTELINHO,BOA VIAGEM,,,COLISÃO,DOIS AUTOS S/V,2,,,,,,,,,0,,,,,,,,,,,,,,
2018-03-05,16:49:00,SEM VÍTIMA,FINALIZADA,MADALENA,EST DOS REMEDIOS,,,E/F AO POSTO SHELL E LEÇA DE ANDRADE,EST DOS REMEDIOS,,E/F AO POSTO SHELL E LEÇA DE ANDRADE,MADALENA,,,COLISÃO,ENTRE 2 AUTOS. S/V,1,,,,,,1,,,0,,,,,,,,,,,,,,
2018-03-05,17:02:00,SEM VÍTIMA,FINALIZADA,IBURA,LAD DA COHAB,,,AV DOIS RIOS / ACESSO A LADEIRA  POR BAIXO DO VIADUTO,LAD DA COHAB,,AV DOIS RIOS / ACESSO A LADEIRA  POR BAIXO DO VIADUTO,IBURA,,,COLISÃO,ENTRE AUTO E ONIBUS. S/V,1,,,,,1,,,,0,,,,,,,,,,,,,,
2018-03-05,17:10:00,COM VÍTIMA,EQUIPE EM DESLOCAMENTO,BOA VIAGEM,RUA PROFESSOR AUGUSTO LINS E SILVA,196,,EM FRENTE A PADARIA ALEM DO PAO,RUA PROFESSOR AUGUSTO LINS E SILVA,196,EM FRENTE A PADARIA ALEM DO PAO,BOA VIAGEM,,,COLISÃO,AUTO E MOTO,1,1,,,,,,,,1,,,,,,,,,,,,,,
2018-03-05,17:19:00,SEM VÍTIMA,CANCELADA,DERBY,AV GOVERNADOR CARLOS DE LIMA CAVALCANTI,,,SEMÁFORO 075,AV GOVERNADOR CARLOS DE LIMA CAVALCANTI,,SEMÁFORO 075,DERBY,,,ENGAVETAMENTO,ENTRE 2 AUTOS E MOTO. S/V,2,1,,,,,,,,0,,,,,,,,,,,,,,
2018-03-05,17:26:00,SEM VÍTIMA,FINALIZADA,IMBIRIBEIRA,AV MARECHAL MASCARENHAS DE MORAES,,,POSTO SHELL ANTES DO AEROPORTO SENTIDO CID/SUB,AV MARECHAL MASCARENHAS DE MORAES,,POSTO SHELL ANTES DO AEROPORTO SENTIDO CID/SUB,IMBIRIBEIRA,,,COLISÃO,AUTO E MOTO,2,,,,,,,,,0,,,,,,,,,,,,,,
2018-03-05,18:00:00,SEM VÍTIMA,FINALIZADA,BOA VIAGEM,RUA VISCONDE DE JEQUITINHONHA,,RUA DOM JOSE LOPES,CRUZAMENTO COM RUA DOM JOSE LOPES,RUA VISCONDE DE JEQUITINHONHA,,CRUZAMENTO COM RUA DOM JOSE LOPES,BOA VIAGEM,,,COLISÃO,DOIS AUTOS S/V,2,,,,,,,,,0,,,,,,,,,,,,,,
2018-03-05,18:12:00,SEM VÍTIMA,FINALIZADA,BOA VISTA,AV OLIVEIRA LIMA,7556,,DEPOSITO DE BEBIDAS DOMILSON E BOATE MKB,AV OLIVEIRA LIMA,7556,DEPOSITO DE BEBIDAS DOMILSON E BOATE MKB,BOA VISTA,,,COLISÃO,ENTRE 2 AUTOS. S/V,2,,,,,,,,,0,,,,,,,,,,,,,,
2018-03-05,18:34:00,SEM VÍTIMA,FINALIZADA,AFOGADOS,RUA COSME VIANA,,,semáforo 426,RUA COSME VIANA,,semáforo 426,AFOGADOS,,,COLISÃO,ENTRE 2 AUTOS. S/V,2,,,,,,,,,0,,,,,,,,,,,,,,
2018-03-05,18:36:00,SEM VÍTIMA,FINALIZADA,BOA VIAGEM,RUA DOS NAVEGANTES,,RUA ERNESTO DE PAULA SANTOS,CRUZAMENTO COM A ERNESTO DE PAULA SANTOS POR TRAS DA ACADEMIA ESMART FIT,RUA DOS NAVEGANTES,,CRUZAMENTO COM A ERNESTO DE PAULA SANTOS POR TRAS DA ACADEMIA ESMART FIT,BOA VIAGEM,,,COLISÃO,DOIS AUTO,2,,,,,,,,,0,,,,,,,,,,,,,,
2018-03-05,18:43:00,SEM VÍTIMA,CANCELADA,SANTO AMARO,AV GOVERNADOR AGAMENON MAGALHAES,,,ENF A UPE PISTA LOCAL,AV GOVERNADOR AGAMENON MAGALHAES,,ENF A UPE PISTA LOCAL,SANTO AMARO,,,COLISÃO,ONIBUS X AUTO,1,,,,,1,,,,0,,,,,,,,,,,,,,
2018-03-05,18:43:00,SEM VÍTIMA,FINALIZADA,IMBIRIBEIRA,AV MARECHAL MASCARENHAS DE MORAES,,,E/F A IGREJA UNIVERSA. SNT AEROPORTO,AV MARECHAL MASCARENHAS DE MORAES,,E/F A IGREJA UNIVERSA. SNT AEROPORTO,IMBIRIBEIRA,,,COLISÃO,ENTRE AUTO E ONIBUS. S/V,1,,,,,1,,,,0,,,,,,,,,,,,,,
2018-03-05,19:49:00,SEM VÍTIMA,FINALIZADA,IMBIRIBEIRA,AV MARECHAL MASCARENHAS DE MORAES,4490,,ENF AO ESTACIONAMENTO SANPARK SENTIDO PRAZERES,AV MARECHAL MASCARENHAS DE MORAES,4490,ENF AO ESTACIONAMENTO SANPARK SENTIDO PRAZERES,IMBIRIBEIRA,,,COLISÃO,KOMBI X AUTO,2,,,,,,,,,0,,,,,,,,,,,,,,
2018-03-05,21:32:00,SEM VÍTIMA,FINALIZADA,CASA AMARELA,EST DO ARRAIAL,4134,,PROX AO MERCADO DE CASA AMARELA / E/F AO TERMINAL COMPLEMENTAR,EST DO ARRAIAL,4134,PROX AO MERCADO DE CASA AMARELA / E/F AO TERMINAL COMPLEMENTAR,CASA AMARELA,,,COLISÃO,ENTRE 2 ÔNIBUS. S/V,,,,,,2,,,,0,,,,,,,,,,,,,,
2018-03-05,21:38:00,COM VÍTIMA,FINALIZADA,BONGI,AV ENGENHEIRO ABDIAS DE CARVALHO,240,,PROX A CHESF / E/F A LOTERIA CANTO DA SORTE / CRUZANDO A UPA,AV ENGENHEIRO ABDIAS DE CARVALHO,240,PROX A CHESF / E/F A LOTERIA CANTO DA SORTE / CRUZANDO A UPA,BONGI,,,COLISÃO,ENTRE AUTO E MOTO. C/V,1,1,,,,,,,,1,,,,,,,,,,,,,,
2018-03-06,04:14:00,SEM VÍTIMA,FINALIZADA,IPSEP,AV RECIFE,,,PRÓXIMO AO ANTIGO BOMPREÇO // PRÓX AO POSTO FEDERAL,AV RECIFE,,PRÓXIMO AO ANTIGO BOMPREÇO // PRÓX AO POSTO FEDERAL,IPSEP,,,COLISÃO,COLISÃO ENTRE DOIS AUTOS S/V,2,,,,,,,,,0,,,,,,,,,,,,,,
2018-03-06,05:16:00,COM VÍTIMA,FINALIZADA,ROSARINHO,AV NORTE,,,SEMÁFORO 456 // APÓS A PRAÇA DO ROSARINHO,AV NORTE,,SEMÁFORO 456 // APÓS A PRAÇA DO ROSARINHO,ROSARINHO,,,COLISÃO,COLISÃO ENTRE AUTO E MOTO C/V,1,1,,,,,,,,1,,,,,,,,,,,,,,