data,hora,natureza_acidente,situacao,bairro,endereco,numero,detalhe_endereco_acidente,complemento,endereco_cruzamento,numero_cruzamento,referencia_cruzamento,bairro_cruzamento,num_semaforo,sentido_via,tipo,descricao,auto,moto,ciclom,ciclista,pedestre,onibus,caminhao,viatura,outros,vitimas,vitimasfatais,acidente_verificado,tempo_clima,situacao_semaforo,sinalizacao,condicao_via,conservacao_via,ponto_controle,situacao_placa,velocidade_max_via,mao_direcao,divisao_via1,divisao_via2,divisao_via3
2018-03-06,05:47:00,SEM VÍTIMA,FINALIZADA,MADALENA,AV BEIRA RIO,,RUA JOSE OSORIO,CRUZAMENTO COM AV JOSÉ OSÓRIO // SEMÁFORO 387,AV BEIRA RIO,,CRUZAMENTO COM AV JOSÉ OSÓRIO // SEMÁFORO 387,MADALENA,,,COLISÃO,COLISÃO ENTRE DOIS AUTOS S/V,2,,,,,,,,,0,,,,,,,,,,,,,,
2018-03-06,07:25:00,COM VÍTIMA,FINALIZADA,AFOGADOS,RUA SAO MIGUEL,350,,EM FRENTE AO BANCO DO BRASIL,RUA SAO MIGUEL,350,EM FRENTE AO BANCO DO BRASIL,AFOGADOS,,,COLISÃO COM CICLISTA,MOTO / BICICLETA,,1,,1,,,,,,1,,,,,,,,,,,,,,
2018-03-06,08:16:00,COM VÍTIMA,FINALIZADA,MACAXEIRA,AV NORTE,7142,,SEMAFORO 424 SENT/BR EM FRENTE A IGREJA ASSEMBLÉIA DE DEUS,AV NORTE,7142,SEMAFORO 424 SENT/BR EM FRENTE A IGREJA ASSEMBLÉIA DE DEUS,MACAXEIRA,,,COLISÃO,COM VITIMAS  SAMU NO LOCAL,2,,,,,,1,,,2,,,,,,,,,,,,,,
2018-03-06,09:10:00,SEM VÍTIMA,CANCELADA,SANTO AMARO,AV GOVERNADOR AGAMENON MAGALHAES,501,,SENTIDO TACARUNA. NO POSTO DISLUB,AV GOVERNADOR AGAMENON MAGALHAES,501,SENTIDO TACARUNA. NO POSTO DISLUB,SANTO AMARO,,,COLISÃO,SEM VÍTIMAS,2,,,,,,,,,0,,,,,,,,,,,,,,
2018-03-06,11:15:00,SEM VÍTIMA,FINALIZADA,AFOGADOS,RUA DA PAZ,,,EM FRENTE A ALIMONDA E AO LADO DA ALUMIAÇO,RUA DA PAZ,,EM FRENTE A ALIMONDA E AO LADO DA ALUMIAÇO,AFOGADOS,,,COLISÃO,SEM VITIMAS,2,,,,,,,,,0,,,,,,,,,,,,,,
2018-03-06,12:29:00,COM VÍTIMA,FINALIZADA,SANTO AMARO,RUA DOS PALMARES,,,EM FRENTE AO RM,RUA DOS PALMARES,,EM FRENTE AO RM,SANTO AMARO,,,ATROPELAMENTO,ATROPELAMENTO COM VÍTIMA,1,,,,1,,,,,1,,,,,,,,,,,,,,
2018-03-06,13:09:00,SEM VÍTIMA,FINALIZADA,BOA VIAGEM,RUA PROFESSOR JOAO MEDEIROS,675,,APOS A DROGASIL E A LOJA CIBELE,RUA PROFESSOR JOAO MEDEIROS,675,APOS A DROGASIL E A LOJA CIBELE,BOA VIAGEM,,,COLISÃO,COLISAO DE DOIS AUTOS S/V,2,,,,,,,,,0,,,,,,,,,,,,,,
2018-03-06,13:29:00,SEM VÍTIMA,FINALIZADA,ENGENHO DO MEIO,RUA BOM PASTOR,524,,APOS A CHURRASCARIA A CARRETA,RUA BOM PASTOR,524,APOS A CHURRASCARIA A CARRETA,ENGENHO DO MEIO,,,COLISÃO,COLISAO DE CAMINHAO E AUTO S/V,1,,,,,,1,,,0,,,,,,,,,,,,,,
2018-03-06,13:51:00,SEM VÍTIMA,FINALIZADA,VÁRZEA,RUA ABATIA,,,SEMAFORO577  AO LADO DA FARMACIA ESPERANÇA,RUA ABATIA,,SEMAFORO577  AO LADO DA FARMACIA ESPERANÇA,VÁRZEA,,,COLISÃO,SEM VITIMAS,2,,,,,,,,,0,,,,,,,,,,,,,,
2018-03-06,15:26:00,SEM VÍTIMA,FINALIZADA,TORRE,RUA CONDE DE IRAJA,1121,,PROXIMO A IGREJA DA TORRE,RUA CONDE DE IRAJA,1121,PROXIMO A IGREJA DA TORRE,TORRE,,,COLISÃO,COLISÃO SEM VÍTIMA,1,,,,,,,1,,0,,,,,,,,,,,,,,
2018-03-06,16:27:00,COM VÍTIMA,FINALIZADA,CASA AMARELA,EST DO ARRAIAL,,,SEMAFORO 074,EST DO ARRAIAL,,SEMAFORO 074,CASA AMARELA,,,COLISÃO COM CICLISTA,AUTO E BICICLETA,1,,,1,,,,,,1,,,,,,,,,,,,,,
2018-03-06,16:55:00,SEM VÍTIMA,FINALIZADA,NOVA DESCOBERTA,RUA ALTO DO RESERVATORIO,409,,EM FRENTE A IGREJA ASSEMBLEIA DE DEUS,RUA ALTO DO RESERVATORIO,409,EM FRENTE A IGREJA ASSEMBLEIA DE DEUS,NOVA DESCOBERTA,,,COLISÃO,COLISÃO SEM VÍTIMA,1,,,,,1,,,,0,,,,,,,,,,,,,,
2018-03-06,18:02:00,SEM VÍTIMA,FINALIZADA,CASA AMARELA,RUA DA HARMONIA,,EST ENCANAMENTO,COM ESTRADA DO ENCANAMENTO,RUA DA HARMONIA,,COM ESTRADA DO ENCANAMENTO,CASA AMARELA,,,COLISÃO,AUTO E MOTO  SEM VÍTIMA.,1,1,,,,,,,,0,,,,,,,,,,,,,,
2018-03-06,18:11:00,SEM VÍTIMA,FINALIZADA,GRAÇAS,RUA DAS CREOULAS,294,RUA JOAQUIM NABUCO,PROX A FARMACIA QUATRO CANTOS / SEMÁFORO 071 - CRUZ COM A RUA JOAQUIM NABUCO / PRX AO DERBY CENTER,RUA DAS CREOULAS,294,PROX A FARMACIA QUATRO CANTOS / SEMÁFORO 071 - CRUZ COM A RUA JOAQUIM NABUCO / PRX AO DERBY CENTER,GRAÇAS,,,COLISÃO,ENTRE AMBULÂNCIA E AUTO PASSEIO. S/V,2,,,,,,,,,0,,,,,,,,,,,,,,
2018-03-06,20:35:00,SEM VÍTIMA,FINALIZADA,VÁRZEA,AV AFONSO OLINDENSE,,,NO FINAL DA AV  APÓS A SECRETARIA DE EDUCAÇÃO / SNT CAXANG/ PROX AO RESIDENCIAL CAXANGA,AV AFONSO OLINDENSE,,NO FINAL DA AV  APÓS A SECRETARIA DE EDUCAÇÃO / SNT CAXANG/ PROX AO RESIDENCIAL CAXANGA,VÁRZEA,,,COLISÃO,ENTRE AUTO E ÔNIBUS. S/V,1,,,,,1,,,,0,,,,,,,,,,,,,,
2018-03-06,21:43:00,SEM VÍTIMA,CANCELADA,IMBIRIBEIRA,RUA ARQUITETO LUIZ NUNES,,,SEMÁFORO 635,RUA ARQUITETO LUIZ NUNES,,SEMÁFORO 635,IMBIRIBEIRA,,,COLISÃO,ENTRE 2 AUTOS. S/V,2,,,,,,,,,0,,,,,,,,,,,,,,
2018-03-06,22:44:00,COM VÍTIMA,FINALIZADA,IMBIRIBEIRA,RUA SARGENTO SILVINO DE MACEDO,273,,E/F A LACOMEX,RUA SARGENTO SILVINO DE MACEDO,273,E/F A LACOMEX,IMBIRIBEIRA,,,COLISÃO,ENTRE ONIBUS E AUTO. C/V,1,,,,,1,,,,1,,,,,,,,,,,,,,
2018-03-06,23:19:00,COM VÍTIMA,CANCELADA,CAXANGÁ,AV CAXANGA,,,,AV CAXANGA,,,CAXANGÁ,,,COLISÃO,ENTRE AUTO E MOTO ( AUTO COLIDIU CONTRA A MOTO POR CIMA DO VIADUTO  SENDO ASSIM O MOTOQUEIRO FOI LANÇADO PARA AV CAXANGÁ ) C/V,1,1,,,,,,,,1,,,,,,,,,,,,,,
2018-03-07,00:28:00,SEM VÍTIMA,FINALIZADA,PRADO,AV ENGENHEIRO ABDIAS DE CARVALHO,,RUA SANTA EDWIRGES,CRUZAMENTO COM A RUA SANTA EDWIRGES  PROX DA ENGEFRIO,AV ENGENHEIRO ABDIAS DE CARVALHO,,CRUZAMENTO COM A RUA SANTA EDWIRGES  PROX DA ENGEFRIO,PRADO,,,COLISÃO,COLISÃO ENTRE AUTO E AMBULÂNCIA S/V,1,,,,,,,1,,0,,,,,,,,,,,,,,
2018-03-07,01:44:00,COM VÍTIMA,FINALIZADA,IPUTINGA,EST DO BARBALHO,XX,,EM FRENTE AO DETRAN,EST DO BARBALHO,XX,EM FRENTE AO DETRAN,IPUTINGA,,,CAPOTAMENTO,CONDUTOR CHOCOU-SE CONTRA UMA ÁRVORE  EM SEGUIDA CAPOTOU,1,,,,,,,,,1,,,,,,,,,,,,,,
2018-03-07,04:09:00,SEM VÍTIMA,FINALIZADA,SAN MARTIN,AV ENGENHEIRO ABDIAS DE CARVALHO,,AV DO FORTE,CRUZAMENTO COM A AVENIDA DO FORTE  SEMAFORO 375,AV ENGENHEIRO ABDIAS DE CARVALHO,,CRUZAMENTO COM A AVENIDA DO FORTE  SEMAFORO 375,SAN MARTIN,,,CHOQUE,VEÍCULO CHOCOU-SE EM UM POSTE S/V,1,,,,,,,,,0,,,,,,,,,,,,,,
2018-03-07,05:35:00,SEM VÍTIMA,FINALIZADA,IMBIRIBEIRA,AV MARECHAL MASCARENHAS DE MORAES,,,EM FRENTE AO ESTACIONAMENTO DO AEROPORTO,AV MARECHAL MASCARENHAS DE MORAES,,EM FRENTE AO ESTACIONAMENTO DO AEROPORTO,IMBIRIBEIRA,,,COLISÃO,COLISÃO ENTRE DOIS AUTOS S/V,2,,,,,,,,,0,,,,,,,,,,,,,,
2018-03-07,06:41:00,SEM VÍTIMA,FINALIZADA,DERBY,AV GOVERNADOR AGAMENON MAGALHAES,,,EM FRENTE A PRAÇA DO DERBY / SENT BOA VIAGEM,AV GOVERNADOR AGAMENON MAGALHAES,,EM FRENTE A PRAÇA DO DERBY / SENT BOA VIAGEM,DERBY,,,COLISÃO,TRES AUTOS,3,,,,,,,,,0,,,,,,,,,,,,,,
2018-03-07,07:03:00,SEM VÍTIMA,FINALIZADA,AFOGADOS,PTE DO MOTOCOLOMBO,,,SOBRE A PONTE  OS SOLICITANTES FORAM INFORMADOS QUE DEVERIAM DESOBSTRUIR A VIA  OS MESMOS SE ENCAMINHARAM PARA A EMPRESA ASA,PTE DO MOTOCOLOMBO,,SOBRE A PONTE  OS SOLICITANTES FORAM INFORMADOS QUE DEVERIAM DESOBSTRUIR A VIA  OS MESMOS SE ENCAMINHARAM PARA A EMPRESA ASA,AFOGADOS,,,COLISÃO,DOIS AUTOS,1,,,,,,1,,,0,,,,,,,,,,,,,,
2018-03-07,07:19:00,SEM VÍTIMA,FINALIZADA,TAMARINEIRA,EST VELHA DE AGUA FRIA,,,SEMAFORO 062 EM FRENTE A OFICINA MECANICA TRIAUTOS,EST VELHA DE AGUA FRIA,,SEMAFORO 062 EM FRENTE A OFICINA MECANICA TRIAUTOS,TAMARINEIRA,,,COLISÃO COM CICLISTA,SEM VITIMAS,1,,,1,,,,,,0,,,,,,,,,,,,,,
2018-03-07,07:49:00,SEM VÍTIMA,FINALIZADA,BOA VIAGEM,RUA SETUBAL,212,,SEMAFORO Nº419,RUA SETUBAL,212,SEMAFORO Nº419,BOA VIAGEM,,,COLISÃO,COL.S/V .VEICULO OFICIAL,2,,,,,,,,,0,,,,,,,,,,,,,,
2018-03-07,08:07:00,SEM VÍTIMA,FINALIZADA,AFOGADOS,RUA DA PAZ,82,,EMPRESA ASA,RUA DA PAZ,82,EMPRESA ASA,AFOGADOS,,,COLISÃO,COLISÃO SEM VITIMA,1,,,,,,1,,,0,,,,,,,,,,,,,,
2018-03-07,08:17:00,SEM VÍTIMA,FINALIZADA,CASA AMARELA,EST DO ARRAIAL,,,AO LADO DO MERCADO DE CASA AMARELA SEMAFORO 404,EST DO ARRAIAL,,AO LADO DO MERCADO DE CASA AMARELA SEMAFORO 404,CASA AMARELA,,,COLISÃO,SEM VITIMAS CTTU NO LOCAL,2,,,,,,,,,0,,,,,,,,,,,,,,
2018-03-07,08:41:00,SEM VÍTIMA,FINALIZADA,GRAÇAS,RUA ANTONIO NOVAIS,,,PROX AO COLEGIO SÃO LUIZ,RUA ANTONIO NOVAIS,,PROX AO COLEGIO SÃO LUIZ,GRAÇAS,,,COLISÃO,COLISÃO SEM VITIMA,2,,,,,,,,,0,,,,,,,,,,,,,,
2018-03-07,08:42:00,SEM VÍTIMA,FINALIZADA,AFOGADOS,RUA SAO MIGUEL,1136,RUA CARLOS PENA FILHA,COM A RUA CARLOS PENA FILHA,RUA SAO MIGUEL,1136,COM A RUA CARLOS PENA FILHA,AFOGADOS,,,COLISÃO,COL.S/V SET..SUB,1,1,,,,,,,,0,,,,,,,,,,,,,,
2018-03-07,08:47:00,SEM VÍTIMA,FINALIZADA,ENGENHO DO MEIO,AV VISCONDE DE SAO LEOPOLDO,447,,EM FRENTE A POSTO DE GASOLINA AO LADO DA REITORIA,AV VISCONDE DE SAO LEOPOLDO,447,EM FRENTE A POSTO DE GASOLINA AO LADO DA REITORIA,ENGENHO DO MEIO,,,COLISÃO,COLISÃO SEM VITIMA,1,,,,,,1,,,0,,,,,,,,,,,,,,
2018-03-07,08:56:00,SEM VÍTIMA,FINALIZADA,ENGENHO DO MEIO,RUA MANOEL JOAQUIM DE ALMEIDA,127,,AO LADO RSTAURANTE GOTA SERENA,RUA MANOEL JOAQUIM DE ALMEIDA,127,AO LADO RSTAURANTE GOTA SERENA,ENGENHO DO MEIO,,,COLISÃO,DOIS AUTOS,2,,,,,,,,,0,,,,,,,,,,,,,,
2018-03-07,09:04:00,SEM VÍTIMA,FINALIZADA,ESPINHEIRO,RUA DO ESPINHEIRO,,,NO ESTACIONAMENTO DA ESPINHEIRO DELICATESSEN  JUNTO AO SEMAFORO 166,RUA DO ESPINHEIRO,,NO ESTACIONAMENTO DA ESPINHEIRO DELICATESSEN  JUNTO AO SEMAFORO 166,ESPINHEIRO,,,COLISÃO,COLISÃO SEM VITIMA,1,,,,,,,1,,0,,,,,,,,,,,,,,
2018-03-07,09:15:00,COM VÍTIMA,FINALIZADA,BOMBA DO HEMETÉRIO,RUA BOMBA DO HEMETERIO,95,,ESQ COM EDVALDO BEIDAS,RUA BOMBA DO HEMETERIO,95,ESQ COM EDVALDO BEIDAS,BOMBA DO HEMETÉRIO,,,COLISÃO,MOTO E AUTO,1,1,,,,,,,,1,,,,,,,,,,,,,,
2018-03-07,09:41:00,SEM VÍTIMA,CANCELADA,IPSEP,RUA HELIO BRANDAO,661,,RUA DO RESTAURANTE CHAMBARIL,RUA HELIO BRANDAO,661,RUA DO RESTAURANTE CHAMBARIL,IPSEP,,,COLISÃO,SEM VITIMAS,2,,,,,,,,,0,,,,,,,,,,,,,,
2018-03-07,09:45:00,SEM VÍTIMA,CANCELADA,BOA VISTA,AV MANOEL BORBA,,RUA DOM BOSCO,CRUZAMENTO COM A RUA DON BOSCO SEMAFORO 028,AV MANOEL BORBA,,CRUZAMENTO COM A RUA DON BOSCO SEMAFORO 028,BOA VISTA,,,COLISÃO,SEM VITIMAS,2,,,,,,,,,0,,,,,,,,,,,,,,
2018-03-07,10:01:00,SEM VÍTIMA,FINALIZADA,IMBIRIBEIRA,AV MARECHAL MASCARENHAS DE MORAES,706,,NA FRENTE DA MADEREIRA DO PORTO,AV MARECHAL MASCARENHAS DE MORAES,706,NA FRENTE DA MADEREIRA DO PORTO,IMBIRIBEIRA,,,COLISÃO,COLISÃO SEM VITIMA,2,,,,,,,,,0,,,,,,,,,,,,,,
2018-03-07,10:15:00,SEM VÍTIMA,FINALIZADA,BOA VIAGEM,AV CONSELHEIRO AGUIAR,355,,NA FRENTE DA VIA CAR/ PROX A SO CALDINHO,AV CONSELHEIRO AGUIAR,355,NA FRENTE DA VIA CAR/ PROX A SO CALDINHO,BOA VIAGEM,,,COLISÃO,COLISÃO SEM VITIMA,2,,,,,,,,,0,,,,,,,,,,,,,,
2018-03-07,11:13:00,SEM VÍTIMA,FINALIZADA,BOA VIAGEM,RUA RIBEIRO DE BRITO,241,,EM FRENTE AO EDF/ALVORADA,RUA RIBEIRO DE BRITO,241,EM FRENTE AO EDF/ALVORADA,BOA VIAGEM,,,COLISÃO,COL.S/V GM JA NO LOCAL,2,,,,,,,,,0,,,,,,,,,,,,,,
2018-03-07,11:28:00,COM VÍTIMA,FINALIZADA,IMBIRIBEIRA,AV MARECHAL MASCARENHAS DE MORAES,4561,,EM FRENTE A ALBUQUERQUE PNEUS / SENT CIDADE,AV MARECHAL MASCARENHAS DE MORAES,4561,EM FRENTE A ALBUQUERQUE PNEUS / SENT CIDADE,IMBIRIBEIRA,,,COLISÃO,MOTO E AUTO,1,1,,,,,,,,1,,,,,,,,,,,,,,
2018-03-07,11:41:00,SEM VÍTIMA,FINALIZADA,PAISSANDU,RUA JOSE DE ALENCAR,522,RUA VISCONDE DE GOIANA,COM A RUA VISCONDE DE GOIANA,RUA JOSE DE ALENCAR,522,COM A RUA VISCONDE DE GOIANA,PAISSANDU,,,COLISÃO,MOTO E AUTO,1,1,,,,,,,,0,,,,,,,,,,,,,,
2018-03-07,11:58:00,SEM VÍTIMA,FINALIZADA,SANTO AMARO,RUA TREZE DE MAIO,,RUA FREI CASSIMIRO,CRUZAMENTO COM RUA FREI CASSIMIRO,RUA TREZE DE MAIO,,CRUZAMENTO COM RUA FREI CASSIMIRO,SANTO AMARO,,,COLISÃO,COLISÃO ENTRE DOIS AUTOS SEM VÍTIMAS,2,,,,,,,,,0,,,,,,,,,,,,,,
2018-03-07,12:06:00,SEM VÍTIMA,FINALIZADA,AFOGADOS,LARGO DA PAZ,82,,EM FRENTE A IGREJA NOSSA SENHORA DA PAZ,LARGO DA PAZ,82,EM FRENTE A IGREJA NOSSA SENHORA DA PAZ,AFOGADOS,,,COLISÃO,COLISÃO SEM VÍTIMA,1,,,,,1,,,,0,,,,,,,,,,,,,,
2018-03-07,12:11:00,SEM VÍTIMA,FINALIZADA,ILHA DO RETIRO,RUA ASTORGA,96,,EM FRENTE AO RESTAURANTE MINEIRO,RUA ASTORGA,96,EM FRENTE AO RESTAURANTE MINEIRO,ILHA DO RETIRO,,,COLISÃO,COLISÃO SEM VÍTIMA,2,,,,,,,,,0,,,,,,,,,,,,,,
2018-03-07,12:24:00,SEM VÍTIMA,FINALIZADA,CASA AMARELA,AV PEDRO ALLAIN,150,,PROX. AO PALNETA SAUDE E GALERIA PROJETART`S,AV PEDRO ALLAIN,150,PROX. AO PALNETA SAUDE E GALERIA PROJETART`S,CASA AMARELA,,,COLISÃO,CAMINHÃO E AUTO,1,,,,,,1,,,0,,,,,,,,,,,,,,
2018-03-07,12:44:00,SEM VÍTIMA,FINALIZADA,GRAÇAS,AV RUI BARBOSA,911,RUA AMELIA,COM A RUA AMELIA. EM FRENTE AO POSTO SHELL NO SEMAFORO 048,AV RUI BARBOSA,911,COM A RUA AMELIA. EM FRENTE AO POSTO SHELL NO SEMAFORO 048,GRAÇAS,,,COLISÃO,DOIS AUTOS,2,,,,,,,,,0,,,,,,,,,,,,,,
2018-03-07,12:49:00,SEM VÍTIMA,FINALIZADA,CASA AMARELA,AV PROFESSOR JOSE DOS ANJOS,521,,E/F AO SESC DE CASA AMARELA S/T SUB,AV PROFESSOR JOSE DOS ANJOS,521,E/F AO SESC DE CASA AMARELA S/T SUB,CASA AMARELA,,,COLISÃO,COLISAO DE DOIS AUTOS S/V,2,,,,,,,,,0,,,,,,,,,,,,,,
2018-03-07,13:14:00,SEM VÍTIMA,FINALIZADA,AFOGADOS,RUA FRANCISCO SILVEIRA,175,,E/F A ANTIGA COMERCIAL BATISTA,RUA FRANCISCO SILVEIRA,175,E/F A ANTIGA COMERCIAL BATISTA,AFOGADOS,,,COLISÃO,COLISAO DE DOIS AUTOS S/V VT 21,2,,,,,,,,,0,,,,,,,,,,,,,,
2018-03-07,13:21:00,SEM VÍTIMA,CANCELADA,BOMBA DO HEMETÉRIO,RUA ARLINDO CISNEIRO,602,,PROX. A RODINHA ,RUA ARLINDO CISNEIRO,602,PROX. A RODINHA ,BOMBA DO HEMETÉRIO,,,COLISÃO,ONIBUS E AUTO,1,,,,,1,,,,0,,,,,,,,,,,,,,
2018-03-07,13:26:00,SEM VÍTIMA,FINALIZADA,PINA,AV HERCULANO BANDEIRA,,,E/F AO ATACADO DA CONSTRUÇÃO,AV HERCULANO BANDEIRA,,E/F AO ATACADO DA CONSTRUÇÃO,PINA,,,COLISÃO,COLISAO DE DOIS AUTOS E ONIBUS S/V,2,,,,,1,,,,0,,,,,,,,,,,,,,
2018-03-07,13:39:00,SEM VÍTIMA,FINALIZADA,SAN MARTIN,AV GENERAL SAN MARTIN,265,,ESQUINA DO POSTO TOTAL,AV GENERAL SAN MARTIN,265,ESQUINA DO POSTO TOTAL,SAN MARTIN,,,COLISÃO,COLISAO DE CAMINHAO E AUTO S/V,1,,,,,,1,,,0,,,,,,,,,,,,,,
2018-03-07,13:43:00,SEM VÍTIMA,CANCELADA,IPSEP,AV RECIFE,3141,RUA JEAN EMILE FAVRE,COM A RUA JEAN EMILE FAVRE AO LADO DA KI BOM  PROX. A HENRIQUE EQUIPADORA,AV RECIFE,3141,COM A RUA JEAN EMILE FAVRE AO LADO DA KI BOM  PROX. A HENRIQUE EQUIPADORA,IPSEP,,,COLISÃO,DOIS AUTOS,2,,,,,,,,,0,,,,,,,,,,,,,,
2018-03-07,14:04:00,SEM VÍTIMA,FINALIZADA,AFOGADOS,RUA NICOLAU PEREIRA,,RUA DA PAZ,COM A RUA DA PAZ,RUA NICOLAU PEREIRA,,COM A RUA DA PAZ,AFOGADOS,,,COLISÃO,COLISÃO SEM VITIMA,,,,,,,,,,0,,,,,,,,,,,,,,
2018-03-07,14:18:00,SEM VÍTIMA,CANCELADA,PARNAMIRIM,RUA LEONARDO BEZERRA CAVALCANTE,340,,EM FRENTE AO RESTAURANTE PORTAL DO CAPIBARIBE,RUA LEONARDO BEZERRA CAVALCANTE,340,EM FRENTE AO RESTAURANTE PORTAL DO CAPIBARIBE,PARNAMIRIM,,,COLISÃO,COLISÃO SEM VÍTIMA,2,,,,,,,,,0,,,,,,,,,,,,,,
2018-03-07,14:22:00,SEM VÍTIMA,FINALIZADA,SANTO AMARO,AV JOAO DE BARROS,,,EM BAIXO DO VIADUTO DA JOAO DE BARROS PISTA LOCAL,AV JOAO DE BARROS,,EM BAIXO DO VIADUTO DA JOAO DE BARROS PISTA LOCAL,SANTO AMARO,,,COLISÃO,COLISAO DE TRES AUTOS S/V,3,,,,,,,,,0,,,,,,,,,,,,,,
2018-03-07,14:57:00,SEM VÍTIMA,FINALIZADA,BOA VIAGEM,RUA BRUNO VELOSO,,AV FERNANDO SIMOES BARBOSA,COM AV. FERNANDO SIMOES BARBOSA  PROX. AO POSTO DE GASOLINA BR,RUA BRUNO VELOSO,,COM AV. FERNANDO SIMOES BARBOSA  PROX. AO POSTO DE GASOLINA BR,BOA VIAGEM,,,COLISÃO,TRES AUTOS,3,,,,,,,,,0,,,,,,,,,,,,,,
2018-03-07,15:05:00,SEM VÍTIMA,CANCELADA,CASA AMARELA,RUA CONS NABUCO,444,,EM FRENTE AO EDIFICIIO DORIAM CAMARO,RUA CONS NABUCO,444,EM FRENTE AO EDIFICIIO DORIAM CAMARO,CASA AMARELA,,,COLISÃO,COLISÃO SEM VÍTIMA,2,,,,,,,,,0,,,,,,,,,,,,,,
2018-03-07,15:41:00,SEM VÍTIMA,CANCELADA,ILHA DO RETIRO,AV ENGENHEIRO ABDIAS DE CARVALHO,672,,APOS O CLUBE DO SPORT S/T CURADO,AV ENGENHEIRO ABDIAS DE CARVALHO,672,APOS O CLUBE DO SPORT S/T CURADO,ILHA DO RETIRO,,,COLISÃO,COLISAO DE DOIS AUTOS S/V,2,,,,,,,,,0,,,,,,,,,,,,,,
2018-03-07,16:11:00,SEM VÍTIMA,FINALIZADA,DERBY,AV GOVERNADOR AGAMENON MAGALHAES,,,EM FRENTE AO ANTIGO COLEGIO CONTATO/ SENTIDO OLINDA,AV GOVERNADOR AGAMENON MAGALHAES,,EM FRENTE AO ANTIGO COLEGIO CONTATO/ SENTIDO OLINDA,DERBY,,,COLISÃO,COLISÃO SEM VÍTIMA,2,,,,,,,,,0,,,,,,,,,,,,,,
2018-03-07,16:34:00,SEM VÍTIMA,FINALIZADA,BOA VISTA,RUA DOM BOSCO,,,EM FRENTE AO COLEGIO CONTATO,RUA DOM BOSCO,,EM FRENTE AO COLEGIO CONTATO,BOA VISTA,,,COLISÃO,COLISAO ENTRE A VAN SERTTEL E ONIBUS,1,,,,,1,,,,0,,,,,,,,,,,,,,
2018-03-07,16:56:00,SEM VÍTIMA,FINALIZADA,AFOGADOS,RUA COSME VIANA,161,,PROX. A TUPAN,RUA COSME VIANA,161,PROX. A TUPAN,AFOGADOS,,,COLISÃO,AUTO E MOTO,1,1,,,,,,,,0,,,,,,,,,,,,,,
2018-03-07,17:09:00,,CANCELADA,AFOGADOS,RUA COSME VIANA,,,AO LADO DA TUPÃN,RUA COSME VIANA,,AO LADO DA TUPÃN,AFOGADOS,,,COLISÃO,COLISAO DE AUTO E MOTO S/V,1,1,,,,,,,,0,,,,,,,,,,,,,,
2018-03-07,17:27:00,COM VÍTIMA,FINALIZADA,CAMPO GRANDE,RUA JERONIMO VILELA,,RUA MARQUES DE BAIPENDI,COM A MARQUES DE BAEPENDI,RUA JERONIMO VILELA,,COM A MARQUES DE BAEPENDI,CAMPO GRANDE,,,ATROPELAMENTO,ATROPELAMENTO,,1,,,1,,,,,1,,,,,,,,,,,,,,
2018-03-07,17:40:00,SEM VÍTIMA,FINALIZADA,AREIAS,RUA IPOJUCA,580,,EM FRENTE A ACADEMIA SAUDE E A PRAÇA DO HEROI,RUA IPOJUCA,580,EM FRENTE A ACADEMIA SAUDE E A PRAÇA DO HEROI,AREIAS,,,COLISÃO,MOTO E AUTO,1,,1,,,,,,,0,,,,,,,,,,,,,,
2018-03-07,17:56:00,COM VÍTIMA,FINALIZADA,ENGENHO DO MEIO,RUA ANTONIO CURADO,80,,EM FRENTE A ACADEMIA AGFITNESS,RUA ANTONIO CURADO,80,EM FRENTE A ACADEMIA AGFITNESS,ENGENHO DO MEIO,,,COLISÃO,COLISÃO COM VÍTIMA,1,1,,,,,,,,1,,,,,,,,,,,,,,
2018-03-10,20:56:00,SEM VÍTIMA,FINALIZADA,BOA VISTA,RUA DA SAUDADE,65,,AO LADO DO BRADESCO E EXTRAFARMA,RUA DA SAUDADE,65,AO LADO DO BRADESCO E EXTRAFARMA,BOA VISTA,,,COLISÃO,CAMINHAO E TAXI,1,,,,,,1,,,0,,,,,,,,,,,,,,
2018-03-07,18:27:00,SEM VÍTIMA,FINALIZADA,AREIAS,AV DR JOSE RUFINO,955,,E/F A HONDA  SNT CIDADE  SUB / PROX AO SENAI,AV DR JOSE RUFINO,955,E/F A HONDA  SNT CIDADE  SUB / PROX AO SENAI,AREIAS,,,COLISÃO,ENTRE 2 AUTOS. S/V,2,,,,,,,,,0,,,,,,,,,,,,,,
2018-03-07,18:53:00,SEM VÍTIMA,CANCELADA,BAIRRO DO RECIFE,AV ALFREDO LISBOA,,,E/F AO MARCOZERO,AV ALFREDO LISBOA,,E/F AO MARCOZERO,BAIRRO DO RECIFE,,,COLISÃO,ENTRE 2 AUTOS. S/V,2,,,,,,,,,0,,,,,,,,,,,,,,
2018-03-07,18:54:00,SEM VÍTIMA,FINALIZADA,VÁRZEA,RUA MARECHAL MANOEL LUIS OSORIO,495,RUA PROF ANTONIO COELHO,ENF COLEGIO PONTUAL CRUZAMENTO COM A PROF ANTONIO COELHO,RUA MARECHAL MANOEL LUIS OSORIO,495,ENF COLEGIO PONTUAL CRUZAMENTO COM A PROF ANTONIO COELHO,VÁRZEA,,,COLISÃO,DOIS AUTOS,2,,,,,,,,,0,,,,,,,,,,,,,,
2018-03-07,19:01:00,SEM VÍTIMA,FINALIZADA,ESPINHEIRO,AV GOVERNADOR AGAMENON MAGALHAES,3158,,ENF A MEDIACL SENTIDO BOA VOAGEM,AV GOVERNADOR AGAMENON MAGALHAES,3158,ENF A MEDIACL SENTIDO BOA VOAGEM,ESPINHEIRO,,,COLISÃO,CAMINHAO BAU X AUTO,1,,,,,,1,,,0,,,,,,,,,,,,,,