data,hora,natureza_acidente,situacao,bairro,endereco,numero,detalhe_endereco_acidente,complemento,endereco_cruzamento,numero_cruzamento,referencia_cruzamento,bairro_cruzamento,num_semaforo,sentido_via,tipo,descricao,auto,moto,ciclom,ciclista,pedestre,onibus,caminhao,viatura,outros,vitimas,vitimasfatais,acidente_verificado,tempo_clima,situacao_semaforo,sinalizacao,condicao_via,conservacao_via,ponto_controle,situacao_placa,velocidade_max_via,mao_direcao,divisao_via1,divisao_via2,divisao_via3
2018-03-07,21:28:00,SEM VÍTIMA,FINALIZADA,BOA VISTA,RUA DOM BOSCO,1329,,E/F A FACULDADE FAREC,RUA DOM BOSCO,1329,E/F A FACULDADE FAREC,BOA VISTA,,,COLISÃO,ENTRE AUTO E ONIBUS . S/V,1,,,,,1,,,,0,,,,,,,,,,,,,,
2018-03-07,23:02:00,SEM VÍTIMA,FINALIZADA,IPUTINGA,AV CAXANGA,4474,RUA PAUL HARRIS,ENF A DROGASIL PROX AO CRUZAMENTO COM A RUA PAUL HARRIS,AV CAXANGA,4474,ENF A DROGASIL PROX AO CRUZAMENTO COM A RUA PAUL HARRIS,IPUTINGA,,,COLISÃO,DOIS AUTO,2,,,,,,,,,0,,,,,,,,,,,,,,
2018-03-07,23:11:00,COM VÍTIMA,FINALIZADA,CASA FORTE,EST DO ENCANAMENTO,,RUA FERREIRA LOPES,CRUZ COM A R FERREIRA LOPES / SEMÁFORO 462,EST DO ENCANAMENTO,,CRUZ COM A R FERREIRA LOPES / SEMÁFORO 462,CASA FORTE,,,COLISÃO,ENTRE AUTO E MOTO. C/V,1,1,,,,,,,,2,,,,,,,,,,,,,,
2018-03-08,07:42:00,SEM VÍTIMA,FINALIZADA,CAXANGÁ,AV CAXANGA,,,EM FRENTE AO POSTO BR E DEPOIS DO HIPER BOM PRECO,AV CAXANGA,,EM FRENTE AO POSTO BR E DEPOIS DO HIPER BOM PRECO,CAXANGÁ,,,COLISÃO,COL.S/V SET.SUB,2,,,,,,,,,0,,,,,,,,,,,,,,
2018-03-08,08:10:00,SEM VÍTIMA,FINALIZADA,BOA VIAGEM,RUA PADRE BERNADINO PESSOA,512,,EM FRENTE AO COLEGIO SANTA MARIA,RUA PADRE BERNADINO PESSOA,512,EM FRENTE AO COLEGIO SANTA MARIA,BOA VIAGEM,,,COLISÃO,SEM VITIMAS,2,,,,,,,,,0,,,,,,,,,,,,,,
2018-03-08,08:45:00,SEM VÍTIMA,FINALIZADA,IMBIRIBEIRA,AV MARECHAL MASCARENHAS DE MORAES,,,EM FRENTE A FERREIRA COSTA  SEMAFORO 386 SENT/AFOGADOS,AV MARECHAL MASCARENHAS DE MORAES,,EM FRENTE A FERREIRA COSTA  SEMAFORO 386 SENT/AFOGADOS,IMBIRIBEIRA,,,COLISÃO,SEM VITIMAS,2,,,,,,,,,0,,,,,,,,,,,,,,
2018-03-08,09:11:00,SEM VÍTIMA,FINALIZADA,BOA VIAGEM,RUA ANTONIO FALCAO,1847,,E/F AO EDF. PORTAL DOS MARES E A ESCOLA ESTADUAL SARGENTO CAMARGO,RUA ANTONIO FALCAO,1847,E/F AO EDF. PORTAL DOS MARES E A ESCOLA ESTADUAL SARGENTO CAMARGO,BOA VIAGEM,,,COLISÃO,SEM VÍTIMAS.,2,,,,,,,,,0,,,,,,,,,,,,,,
2018-03-08,08:56:00,SEM VÍTIMA,FINALIZADA,PARNAMIRIM,RUA JOAO TUDE DE MELO,,,E/F AO SERPRO  SENTIDO CENTRO.,RUA JOAO TUDE DE MELO,,E/F AO SERPRO  SENTIDO CENTRO.,PARNAMIRIM,,,COLISÃO,SEM VÍTIMAS. GM (PONTO FIXO NO LOCAL.),1,1,,,,,,,,0,,,,,,,,,,,,,,
2018-03-08,09:20:00,COM VÍTIMA,FINALIZADA,CAXANGÁ,AV CAXANGA,,,E/F A FORD GRANVIA  SENTIDO SUBÚRBIO. SEMÁFORO 269,AV CAXANGA,,E/F A FORD GRANVIA  SENTIDO SUBÚRBIO. SEMÁFORO 269,CAXANGÁ,,,COLISÃO,COM UMA VÍTIMA. VT 15 NO LOCAL,1,1,,,,,,,,1,,,,,,,,,,,,,,
2018-03-08,09:21:00,SEM VÍTIMA,FINALIZADA,MADALENA,RUA URIEL PAES BARRETO,100,,ENFRENTE A AMPLA PROPAGANDA,RUA URIEL PAES BARRETO,100,ENFRENTE A AMPLA PROPAGANDA,MADALENA,,,COLISÃO,COLISÃO SEM VITIMA,2,,,,,,,,,0,,,,,,,,,,,,,,
2018-03-08,09:29:00,SEM VÍTIMA,FINALIZADA,BOA VIAGEM,RUA ERNESTO DE PAULA SANTOS,,,EM FRENTE AO POSTO BR.,RUA ERNESTO DE PAULA SANTOS,,EM FRENTE AO POSTO BR.,BOA VIAGEM,,,COLISÃO,SEM VITIMAS,2,,,,,,,,,0,,,,,,,,,,,,,,
2018-03-08,09:29:00,SEM VÍTIMA,FINALIZADA,SANTO AMARO,RUA ALVARES DE AZEVEDO,,,E/F AO COLÉGIO ULICES PERNAMBUCANO. SEMÁFORO 093,RUA ALVARES DE AZEVEDO,,E/F AO COLÉGIO ULICES PERNAMBUCANO. SEMÁFORO 093,SANTO AMARO,,,COLISÃO,SEM VÍTIMAS. BATEDORES NO LOCAL,1,1,,,,,,,,0,,,,,,,,,,,,,,
2018-03-08,09:35:00,,CANCELADA,MADALENA,RUA PESSOA DE MELO,120,,AO LADO DO EDF/ELVIRA DIAS,RUA PESSOA DE MELO,120,AO LADO DO EDF/ELVIRA DIAS,MADALENA,,,COLISÃO,COL.S/V SET.SUB,2,,,,,,,,,0,,,,,,,,,,,,,,
2018-03-08,09:43:00,SEM VÍTIMA,FINALIZADA,ILHA JOANA BEZERRA,PTE JOSE DE BARROS LIMA,,,SENT/OLINDA,PTE JOSE DE BARROS LIMA,,SENT/OLINDA,ILHA JOANA BEZERRA,,,COLISÃO,,2,,,,,,,,,0,,,,,,,,,,,,,,
2018-03-08,09:51:00,SEM VÍTIMA,FINALIZADA,IPUTINGA,RUA MINISTRO JOAO ALBERTO,529,,RUA POR TRÁS DO ATACADÃO DA BR 101,RUA MINISTRO JOAO ALBERTO,529,RUA POR TRÁS DO ATACADÃO DA BR 101,IPUTINGA,,,COLISÃO,SEM VITIMAS,2,,,,,,,,,0,,,,,,,,,,,,,,
2018-03-08,10:48:00,SEM VÍTIMA,CANCELADA,SAN MARTIN,AV GENERAL SAN MARTIN,,,EM FRENTE AO IPA SENT/SAN MARTIN,AV GENERAL SAN MARTIN,,EM FRENTE AO IPA SENT/SAN MARTIN,SAN MARTIN,,,COLISÃO,SEM VITIMAS,2,,,,,,,,,0,,,,,,,,,,,,,,
2018-03-08,11:37:00,SEM VÍTIMA,FINALIZADA,ROSARINHO,AV NORTE,3388,,POSTO BR  JUNTO AO SEMÁFORO 456  SENTIDO SUBURBIO,AV NORTE,3388,POSTO BR  JUNTO AO SEMÁFORO 456  SENTIDO SUBURBIO,ROSARINHO,,,COLISÃO,COLISÃ SEM VITIMAS,1,1,,,,,,,,0,,,,,,,,,,,,,,
2018-03-08,11:51:00,,CANCELADA,ROSARINHO,AV NORTE,3388,,EM FRENTE AO CORES E CORTES/ SENTIDO SUBURBIO,AV NORTE,3388,EM FRENTE AO CORES E CORTES/ SENTIDO SUBURBIO,ROSARINHO,,,COLISÃO,COLISÃO SEM VÍTIMA,1,1,,,,,,,,0,,,,,,,,,,,,,,
2018-03-08,11:54:00,SEM VÍTIMA,FINALIZADA,AFOGADOS,EST DOS REMEDIOS,850,,E/F AO POSTO PETRO MEGA,EST DOS REMEDIOS,850,E/F AO POSTO PETRO MEGA,AFOGADOS,,,COLISÃO,COLISAO DE AUTO E CAMINHAO S/V,1,,,,,,1,,,0,,,,,,,,,,,,,,
2018-03-08,11:58:00,SEM VÍTIMA,FINALIZADA,AFOGADOS,RUA VISCONDE DE PELOTAS,38,,AGENCIA DE CARROS L.VITOR AUTOMOVEIS,RUA VISCONDE DE PELOTAS,38,AGENCIA DE CARROS L.VITOR AUTOMOVEIS,AFOGADOS,,,COLISÃO,COLISÃO SEM VÍTIMA,2,,,,,,,,,0,,,,,,,,,,,,,,
2018-03-08,12:41:00,SEM VÍTIMA,CANCELADA,IMBIRIBEIRA,RUA DEZ DE JULHO,5855,,AO LADO DA CAIXA ECONOMICA E POSTO IPIRANGA  SENTIDO BOA VIAGEM,RUA DEZ DE JULHO,5855,AO LADO DA CAIXA ECONOMICA E POSTO IPIRANGA  SENTIDO BOA VIAGEM,IMBIRIBEIRA,,,COLISÃO,COLISÃO SEM VÍTIMA,2,,,,,,,,,0,,,,,,,,,,,,,,
2018-03-08,13:22:00,SEM VÍTIMA,FINALIZADA,SÃO JOSÉ,RUA IMPERIAL,1639,,E/F DA IGREJA BATISTA E DA JUCEPE,RUA IMPERIAL,1639,E/F DA IGREJA BATISTA E DA JUCEPE,SÃO JOSÉ,,,COLISÃO,COLISAO DE AUTO E MOTO S/V,1,1,,,,,,,,0,,,,,,,,,,,,,,
2018-03-08,14:05:00,SEM VÍTIMA,FINALIZADA,CÓRREGO DO JENIPAPO,RUA DEZENOVE DE MARCO,659,,PROXIMO A BARRACA DE SR RAIMUNDO,RUA DEZENOVE DE MARCO,659,PROXIMO A BARRACA DE SR RAIMUNDO,CÓRREGO DO JENIPAPO,,,COLISÃO,COLISÃO SEM VÍTIMA,2,,,,,,,,,0,,,,,,,,,,,,,,
2018-03-08,14:41:00,SEM VÍTIMA,FINALIZADA,PINA,RUA JOSE MARIANO FILHO,202,,CASA DE ESQUINA,RUA JOSE MARIANO FILHO,202,CASA DE ESQUINA,PINA,,,COLISÃO,COLISÃO SEM VÍTIMA,1,1,,,,,,,,0,,,,,,,,,,,,,,
2018-03-08,14:45:00,SEM VÍTIMA,FINALIZADA,BOA VIAGEM,AV CONSELHEIRO AGUIAR,3150,,EM FRENTE AO BANCO SAFRA,AV CONSELHEIRO AGUIAR,3150,EM FRENTE AO BANCO SAFRA,BOA VIAGEM,,,COLISÃO,COLISÃO SEM VÍTIMA,2,,,,,,,,,0,,,,,,,,,,,,,,
2018-03-08,15:00:00,COM VÍTIMA,FINALIZADA,VÁRZEA,RUA GASTAO VIDIGAL,315,,EM FRENTE AO MOTEL COSTA AZUL,RUA GASTAO VIDIGAL,315,EM FRENTE AO MOTEL COSTA AZUL,VÁRZEA,,,COLISÃO,COLISÃO COM VÍTIMA,,2,,,,,,,,2,,,,,,,,,,,,,,
2018-03-08,16:08:00,SEM VÍTIMA,FINALIZADA,MADALENA,EST DOS REMEDIOS,2360,,E/F A PB AUTOMOVEIS E CASA DOS COCHOES,EST DOS REMEDIOS,2360,E/F A PB AUTOMOVEIS E CASA DOS COCHOES,MADALENA,,,COLISÃO,COLISAO DE VT DA CIVIL E AUTO S/V,2,,,,,,,,,0,,,,,,,,,,,,,,
2018-03-08,16:12:00,SEM VÍTIMA,FINALIZADA,GUABIRABA,RUA CORREGO DA BICA,574,,EM FRENTE A MANOEL DA MOVELARIA,RUA CORREGO DA BICA,574,EM FRENTE A MANOEL DA MOVELARIA,GUABIRABA,,,COLISÃO,COLISÃO SEM VÍTIMA,1,,,,,1,,,,0,,,,,,,,,,,,,,
2018-03-08,16:28:00,SEM VÍTIMA,CANCELADA,SANTO AMARO,AV CRUZ CABUGA,,,EM FRENTE AO CLUBE DOS CISNES/ SENTIDO OLINDA,AV CRUZ CABUGA,,EM FRENTE AO CLUBE DOS CISNES/ SENTIDO OLINDA,SANTO AMARO,,,COLISÃO,COLISÃO SEM VÍTIMA,2,,,,,,,,,0,,,,,,,,,,,,,,
2018-03-08,16:41:00,SEM VÍTIMA,FINALIZADA,BOA VISTA,AV CONDE DA BOA VISTA,,,EM FRENTE A FACULDADE SÃO MIGUEL/ SENTIDO AGAMENON,AV CONDE DA BOA VISTA,,EM FRENTE A FACULDADE SÃO MIGUEL/ SENTIDO AGAMENON,BOA VISTA,,,COLISÃO,COLISÃO SEM VÍTIMA,1,1,,,,,,,,0,,,,,,,,,,,,,,
2018-03-08,17:43:00,COM VÍTIMA,FINALIZADA,CASA FORTE,RUA AFONSO DE ALBUQUERQUE MELO,420,,POR TRAS DO HIPER CASA FORTE E ENF A PRACINHA DO COLEGIO EMINENTE,RUA AFONSO DE ALBUQUERQUE MELO,420,POR TRAS DO HIPER CASA FORTE E ENF A PRACINHA DO COLEGIO EMINENTE,CASA FORTE,,,COLISÃO,COLISÃO COM VÍTIMA,1,1,,,,,,,,2,,,,,,,,,,,,,,
2018-03-08,18:40:00,COM VÍTIMA,FINALIZADA,CAMPO GRANDE,RUA PROFESSOR FRANCISCO DA TRINDADE,317,RUA SÃO CAETANO,CRUZAMENTO COM A RUA SAO CAETANO  PROX. AO CLUBE DAS PAZ,RUA PROFESSOR FRANCISCO DA TRINDADE,317,CRUZAMENTO COM A RUA SAO CAETANO  PROX. AO CLUBE DAS PAZ,CAMPO GRANDE,,,COLISÃO,VT DA PM E MOTO,,1,,,,,,1,,1,,,,,,,,,,,,,,
2018-03-08,18:45:00,SEM VÍTIMA,FINALIZADA,BOA VIAGEM,AV BOA VIAGEM,3416,,PROX AO CRUZAMENTO DA RUA PADRE CARAPUCEIRO,AV BOA VIAGEM,3416,PROX AO CRUZAMENTO DA RUA PADRE CARAPUCEIRO,BOA VIAGEM,,,COLISÃO,DOIS AUTO,2,,,,,,,,,0,,,,,,,,,,,,,,
2018-03-08,19:20:00,SEM VÍTIMA,FINALIZADA,IPUTINGA,RUA MANOEL JOAQUIM DE ALMEIDA,380,,PROX AO BAR GOTA SERENA,RUA MANOEL JOAQUIM DE ALMEIDA,380,PROX AO BAR GOTA SERENA,IPUTINGA,,,COLISÃO,AUTO E CAMINHAO CARROCERIA,1,,,,,,1,,,0,,,,,,,,,,,,,,
2018-03-08,20:24:00,SEM VÍTIMA,FINALIZADA,PINA,AV ENGENHEIRO DOMINGOS FERREIRA,,,PROX AO CLINICAL CENTER OBS:: VT 17 DA CTTU NO LOCAL,AV ENGENHEIRO DOMINGOS FERREIRA,,PROX AO CLINICAL CENTER OBS:: VT 17 DA CTTU NO LOCAL,PINA,,,COLISÃO,DOIS AUTO OBS::- VT 17 DA CTTU ESTA NO LOCAL,2,,,,,,,,,0,,,,,,,,,,,,,,
2018-03-08,20:52:00,COM VÍTIMA,FINALIZADA,SÃO JOSÉ,PRC DA REPUBLICA,,RUA IMPERADOR PEDRO II,COM A RUA DO IMPERDOR  EM FRENTE AO PALACIO DA JUSTIÇA  NO SEMAFORO 278,PRC DA REPUBLICA,,COM A RUA DO IMPERDOR  EM FRENTE AO PALACIO DA JUSTIÇA  NO SEMAFORO 278,SÃO JOSÉ,,,COLISÃO,ONIBUS E AUTO,1,,,,,1,,,,2,,,,,,,,,,,,,,
2018-03-08,23:59:00,SEM VÍTIMA,FINALIZADA,MADALENA,AV ENGENHEIRO ABDIAS DE CARVALHO,,AV CARLOS GOMES,CRUZAMENTO COM AV CARLOS GOMES // SEMÁFORO 057,AV ENGENHEIRO ABDIAS DE CARVALHO,,CRUZAMENTO COM AV CARLOS GOMES // SEMÁFORO 057,MADALENA,,,CHOQUE,VIATURA DA PM CHOCOU-SE CONTRA UMA ÁRVORE,,,,,,,,1,,0,,,,,,,,,,,,,,
2018-03-09,00:37:00,SEM VÍTIMA,FINALIZADA,IMBIRIBEIRA,RUA ENGENHEIRO JOSE BRANDAO CAVALCANTE,,RUA GENERAL GOES MONTEIRO,PROX DO COLEGIO SANTA BARBARA  ESQUINA COM A RUA GENERAL GOES MONTEIRO,RUA ENGENHEIRO JOSE BRANDAO CAVALCANTE,,PROX DO COLEGIO SANTA BARBARA  ESQUINA COM A RUA GENERAL GOES MONTEIRO,IMBIRIBEIRA,,,COLISÃO,COLISÃO ENTRE DOIS AUTOS S/V,2,,,,,,,,,0,,,,,,,,,,,,,,
2018-03-09,02:04:00,SEM VÍTIMA,FINALIZADA,SÃO JOSÉ,AV SUL,,,PROX A PRAÇA SERGIO LOUREIRO,AV SUL,,PROX A PRAÇA SERGIO LOUREIRO,SÃO JOSÉ,,,CHOQUE,AUTO CHOCOU-SE NO CANTO DA VIA S/V,1,,,,,,,,,0,,,,,,,,,,,,,,
2018-03-09,06:30:00,SEM VÍTIMA,FINALIZADA,ARRUDA,AV BEBERIBE,,RUA POLIVAR,COM A RUA POLIVAR / EM FRENTE AO ARMAZEM CORAL SENT CIDADE,AV BEBERIBE,,COM A RUA POLIVAR / EM FRENTE AO ARMAZEM CORAL SENT CIDADE,ARRUDA,,,COLISÃO,DOIS VEICULOS,2,,,,,,,,,0,,,,,,,,,,,,,,
2018-03-09,07:02:00,SEM VÍTIMA,FINALIZADA,PINA,AV HERCULANO BANDEIRA,640,,E/F A TOP VEÍCULO  SENTIDO AV BOA VIAGEM,AV HERCULANO BANDEIRA,640,E/F A TOP VEÍCULO  SENTIDO AV BOA VIAGEM,PINA,,,COLISÃO,SEM VÍTIMAS,1,1,,,,,,,,0,,,,,,,,,,,,,,
2018-03-09,07:26:00,SEM VÍTIMA,FINALIZADA,SÃO JOSÉ,RUA DO FORTE,104,,SEMAFORO 199 / NO SEMAFORO,RUA DO FORTE,104,SEMAFORO 199 / NO SEMAFORO,SÃO JOSÉ,,,COLISÃO,PLACAS XXX,3,,,,,,,,,0,,,,,,,,,,,,,,
2018-03-09,07:28:00,SEM VÍTIMA,FINALIZADA,CASA FORTE,RUA LEONARDO BEZERRA CAVALCANTE,,,E/F AO BOMPREÇO DE CASA FORTE  SEMÁFORO 485,RUA LEONARDO BEZERRA CAVALCANTE,,E/F AO BOMPREÇO DE CASA FORTE  SEMÁFORO 485,CASA FORTE,,,COLISÃO,SEM VÍTIMAS,1,1,,,,,,,,0,,,,,,,,,,,,,,
2018-03-09,07:37:00,COM VÍTIMA,FINALIZADA,AFOGADOS,RUA COSME VIANA,,,SOB O SEMÁFORO 100,RUA COSME VIANA,,SOB O SEMÁFORO 100,AFOGADOS,,,COLISÃO,COLISÃO COM VÍTIMA,3,,,,,,,,,1,,,,,,,,,,,,,,
2018-03-09,07:42:00,SEM VÍTIMA,FINALIZADA,ESPINHEIRO,AV GOVERNADOR AGAMENON MAGALHAES,,,PROX. AO WALL MART  JUNTO,AV GOVERNADOR AGAMENON MAGALHAES,,PROX. AO WALL MART  JUNTO,ESPINHEIRO,,,COLISÃO,COLISÃO SEM VITIMA,3,,,,,,,,,0,,,,,,,,,,,,,,
2018-03-09,07:56:00,COM VÍTIMA,FINALIZADA,ENCRUZILHADA,RUA JULIAO NETO,352,RUA CEARA,CRUZ COM A RUA CEARA,RUA JULIAO NETO,352,CRUZ COM A RUA CEARA,ENCRUZILHADA,,,COLISÃO,MOTO E AUTO,1,1,,,,,,,,1,,,,,,,,,,,,,,
2018-03-09,08:40:00,SEM VÍTIMA,FINALIZADA,JARDIM SÃO PAULO,RUA MARAGOGIPE,,RUA BARIRI,CRUZ COM A RUA BARIRI /,RUA MARAGOGIPE,,CRUZ COM A RUA BARIRI /,JARDIM SÃO PAULO,,,COLISÃO,AUTO E MOTO,1,1,,,,,,,,0,,,,,,,,,,,,,,
2018-03-09,08:43:00,SEM VÍTIMA,FINALIZADA,PARNAMIRIM,RUA JOAO TUDE DE MELO,91,,POSTO SHELL  AO LADO DO GAIAMUM GIGANTE,RUA JOAO TUDE DE MELO,91,POSTO SHELL  AO LADO DO GAIAMUM GIGANTE,PARNAMIRIM,,,COLISÃO,COLISÃO SEM VITIMA,2,,,,,,,,,0,,,,,,,,,,,,,,
2018-03-09,09:24:00,COM VÍTIMA,FINALIZADA,AFLITOS,AV CONS ROSA E SILVA,,,E/F A HABIB'S  SEMÁFORO 459 SENTIDO SUBÚRBIO,AV CONS ROSA E SILVA,,E/F A HABIB'S  SEMÁFORO 459 SENTIDO SUBÚRBIO,AFLITOS,,,COLISÃO,COM UMA VÍTIMA A ESPERA DO SOCORRO.,1,1,,,,,,,,1,,,,,,,,,,,,,,
2018-03-09,09:30:00,COM VÍTIMA,FINALIZADA,SANTO AMARO,AV GOVERNADOR AGAMENON MAGALHAES,,,VIADUTO DA JOÃO DE BARROS  SENTIDO BOA VIAGEM  NA FRENTE DO MINISTERIO DO TRABALHO,AV GOVERNADOR AGAMENON MAGALHAES,,VIADUTO DA JOÃO DE BARROS  SENTIDO BOA VIAGEM  NA FRENTE DO MINISTERIO DO TRABALHO,SANTO AMARO,,,COLISÃO,COLISÃO COM VITIMA,1,1,,,,,,,,1,,,,,,,,,,,,,,
2018-03-09,09:34:00,SEM VÍTIMA,FINALIZADA,GRAÇAS,RUA CONS PORTELA,,,NO SEMAFORO Nº521,RUA CONS PORTELA,,NO SEMAFORO Nº521,GRAÇAS,,,COLISÃO,COL.S/V,1,,,,,1,,,1,0,,,,,,,,,,,,,,
2018-03-09,09:37:00,,CANCELADA,SANTO AMARO,AV GOVERNADOR AGAMENON MAGALHAES,,,SOBRE O VIADUTO INDEPENDENCIA,AV GOVERNADOR AGAMENON MAGALHAES,,SOBRE O VIADUTO INDEPENDENCIA,SANTO AMARO,,,COLISÃO,COM UMA VÍTIMA A ESPERA DO SOCORRO.,1,1,,,,,,,,1,,,,,,,,,,,,,,
2018-03-09,10:30:00,SEM VÍTIMA,FINALIZADA,JORDÃO,RUA ALBERTO LUNDGREN,450,,EM FRENTE A BELA MULHER COSMETICOS,RUA ALBERTO LUNDGREN,450,EM FRENTE A BELA MULHER COSMETICOS,JORDÃO,,,ENGAVETAMENTO,ONIBUS /CAMINHAO / AUTO PASSEIO,1,,,,,1,1,,,0,,,,,,,,,,,,,,
2018-03-09,10:33:00,SEM VÍTIMA,FINALIZADA,ESPINHEIRO,RUA DA HORA,456,,E/F A GALERIA MARIO MELO,RUA DA HORA,456,E/F A GALERIA MARIO MELO,ESPINHEIRO,,,COLISÃO,SEM VÍTIMA,2,,,,,,,,,0,,,,,,,,,,,,,,
2018-03-09,10:49:00,SEM VÍTIMA,FINALIZADA,BOA VIAGEM,RUA SETUBAL,682,,ESQ DO EDF TIMONEIRO,RUA SETUBAL,682,ESQ DO EDF TIMONEIRO,BOA VIAGEM,,,COLISÃO,TRES AUTOS,3,,,,,,,,,0,,,,,,,,,,,,,,
2018-03-09,11:36:00,SEM VÍTIMA,FINALIZADA,ENGENHO DO MEIO,RUA CARLOS DE BRITO,133,,COLISÃO,RUA CARLOS DE BRITO,133,COLISÃO,ENGENHO DO MEIO,,,COLISÃO,COLISÃO ENTRE DOIS VEÍCULOS,2,,,,,,,,,0,,,,,,,,,,,,,,
2018-03-09,12:19:00,SEM VÍTIMA,CANCELADA,MACAXEIRA,AV NORTE,,,EM FRENTE AO ANTIGO TERMINAL DA MACAXEIRA/ SENTIDO SUBURBIO,AV NORTE,,EM FRENTE AO ANTIGO TERMINAL DA MACAXEIRA/ SENTIDO SUBURBIO,MACAXEIRA,,,COLISÃO,COLISÃO SEM VITIMA,2,,,,,,,,,0,,,,,,,,,,,,,,
2018-03-09,12:32:00,SEM VÍTIMA,FINALIZADA,AFOGADOS,EST DOS REMEDIOS,1059,,AO LADO DA FARMA PAULA,EST DOS REMEDIOS,1059,AO LADO DA FARMA PAULA,AFOGADOS,,,COLISÃO,COLISÃO SEM VITIMA,1,1,,,,,,,,0,,,,,,,,,,,,,,
2018-03-09,12:44:00,SEM VÍTIMA,FINALIZADA,IPSEP,AV DOIS RIOS,2330,,POR TRAS DO NUCLEO DA POLICIA,AV DOIS RIOS,2330,POR TRAS DO NUCLEO DA POLICIA,IPSEP,,,COLISÃO,AUTO E MOTO S/V,1,1,,,,,,,,0,,,,,,,,,,,,,,
2018-03-09,13:04:00,SEM VÍTIMA,FINALIZADA,LINHA DO TIRO,RUA URIEL DE HOLANDA,1537,,EM FRENTE AO ARMAZEM E SERRALHARIA OLIVEIRA,RUA URIEL DE HOLANDA,1537,EM FRENTE AO ARMAZEM E SERRALHARIA OLIVEIRA,LINHA DO TIRO,,,COLISÃO,COLISÃO SEM VITIMA,1,,,,,1,,,,0,,,,,,,,,,,,,,
2018-03-09,13:49:00,SEM VÍTIMA,FINALIZADA,DERBY,AV GOVERNADOR AGAMENON MAGALHAES,,,EM FRENTE AO WALMART/ SENTIDO OLINDA,AV GOVERNADOR AGAMENON MAGALHAES,,EM FRENTE AO WALMART/ SENTIDO OLINDA,DERBY,,,COLISÃO,COLISÃO SEM VÍTIMA,2,,,,,,,,,0,,,,,,,,,,,,,,
2018-03-09,14:48:00,SEM VÍTIMA,FINALIZADA,CASA FORTE,RUA LEONARDO BEZERRA CAVALCANTE,610,,ANTES DA SAIDA DO BOMPREÇO,RUA LEONARDO BEZERRA CAVALCANTE,610,ANTES DA SAIDA DO BOMPREÇO,CASA FORTE,,,COLISÃO,COLISAO DE TRES AUTOS S/V,3,,,,,,,,,0,,,,,,,,,,,,,,
2018-03-09,15:02:00,SEM VÍTIMA,CANCELADA,BOA VISTA,RUA DR JOSE MARIANO,776,,AO LADO DA BATALHA MÁQUINAS,RUA DR JOSE MARIANO,776,AO LADO DA BATALHA MÁQUINAS,BOA VISTA,,,COLISÃO,COLISÃO SEM VÍTIMA,1,1,,,,,,,,0,,,,,,,,,,,,,,
2018-03-09,16:01:00,SEM VÍTIMA,FINALIZADA,IPSEP,RUA TOCANTINS,238,,EM FRENTE AO REAL SUPERMERCADO REAL,RUA TOCANTINS,238,EM FRENTE AO REAL SUPERMERCADO REAL,IPSEP,,,COLISÃO,ENTRE DOIS CAMINHOES,,,,,,,2,,,0,,,,,,,,,,,,,,
2018-03-09,16:08:00,SEM VÍTIMA,FINALIZADA,BOA VIAGEM,RUA DES JOAO PAES,166,RUA ANIZIO RODRIGUES COELHO,CRUZAMENTO COM RUA ANIZIO RODRIGUES COELHO,RUA DES JOAO PAES,166,CRUZAMENTO COM RUA ANIZIO RODRIGUES COELHO,BOA VIAGEM,,,COLISÃO,TRES AUTOS,3,,,,,,,,,0,,,,,,,,,,,,,,
2018-03-09,16:16:00,SEM VÍTIMA,FINALIZADA,BOA VIAGEM,AV HERCULANO BANDEIRA,927,,EM FRENTE A CONCESSIONARIA MERCEDES BENZ,AV HERCULANO BANDEIRA,927,EM FRENTE A CONCESSIONARIA MERCEDES BENZ,BOA VIAGEM,,,COLISÃO,COLISÃO SEM VÍTIMA,3,,,,,,,,,0,,,,,,,,,,,,,,
2018-03-09,16:23:00,SEM VÍTIMA,FINALIZADA,AFOGADOS,RUA COSME VIANA,,,EM FRENTE A PEDRAGON,RUA COSME VIANA,,EM FRENTE A PEDRAGON,AFOGADOS,,,COLISÃO,AUTO E CAMINHAO,1,,,,,,1,,,0,,,,,,,,,,,,,,
2018-03-09,16:25:00,SEM VÍTIMA,FINALIZADA,IMBIRIBEIRA,AV MARECHAL MASCARENHAS DE MORAES,2697,,E/F AO BANCO SANTANDER AO LADO DA LOJA TROLLER SENT/CID,AV MARECHAL MASCARENHAS DE MORAES,2697,E/F AO BANCO SANTANDER AO LADO DA LOJA TROLLER SENT/CID,IMBIRIBEIRA,,,COLISÃO,COLISAO DE AUTO E CAMINHAO S/V,1,,,,,,1,,,0,,,,,,,,,,,,,,
2018-03-09,16:30:00,COM VÍTIMA,CANCELADA,ENCRUZILHADA,EST DE BELEM,XX,,BANCO ITAÚ,EST DE BELEM,XX,BANCO ITAÚ,ENCRUZILHADA,,,ATROPELAMENTO,AUTO E PEDESTRE,1,,,,1,,,,,1,,,,,,,,,,,,,,
2018-03-09,16:39:00,SEM VÍTIMA,FINALIZADA,BOA VISTA,RUA AURORA,,RUA DO RIACHUELO,ESQUINA DA RUA DO RIACHUELO NO SEMAFORO 579,RUA AURORA,,ESQUINA DA RUA DO RIACHUELO NO SEMAFORO 579,BOA VISTA,,,COLISÃO,COLISAO DE ONIBUS E AUTO S/V,1,,,,,1,,,,0,,,,,,,,,,,,,,
2018-03-09,16:55:00,SEM VÍTIMA,FINALIZADA,BAIRRO DO RECIFE,AV MILITAR,,,EM FRENTE AO POSTO SHELL/ SENTIDO AV NORTE,AV MILITAR,,EM FRENTE AO POSTO SHELL/ SENTIDO AV NORTE,BAIRRO DO RECIFE,,,COLISÃO,COLISÃO SEM VÍTIMA,1,,,,,,1,,,0,,,,,,,,,,,,,,
2018-03-09,17:52:00,SEM VÍTIMA,EQUIPE EM DESLOCAMENTO,CASA AMARELA,RUA MANDACARU,585,,E/F A IGREJA ASSEMBLEIA DE DEUS,RUA MANDACARU,585,E/F A IGREJA ASSEMBLEIA DE DEUS,CASA AMARELA,,,COLISÃO,COLISAO DE DOIS AUTOS S/V,2,,,,,,,,,0,,,,,,,,,,,,,,