data,hora,natureza_acidente,situacao,bairro,endereco,numero,detalhe_endereco_acidente,complemento,endereco_cruzamento,numero_cruzamento,referencia_cruzamento,bairro_cruzamento,num_semaforo,sentido_via,tipo,descricao,auto,moto,ciclom,ciclista,pedestre,onibus,caminhao,viatura,outros,vitimas,vitimasfatais,acidente_verificado,tempo_clima,situacao_semaforo,sinalizacao,condicao_via,conservacao_via,ponto_controle,situacao_placa,velocidade_max_via,mao_direcao,divisao_via1,divisao_via2,divisao_via3
2018-03-09,18:24:00,COM VÍTIMA,FINALIZADA,CAMPO GRANDE,RUA ODORICO MENDES,S/N,,C/ ESTRADA DE BELÉM,RUA ODORICO MENDES,S/N,C/ ESTRADA DE BELÉM,CAMPO GRANDE,,,COLISÃO,COLISÃO COM VÍTIMA ENVOLVENDO VIATURA PMPE E MOTOCICLETA,,1,,,,,,1,,1,,,,,,,,,,,,,,
2018-03-09,18:34:00,SEM VÍTIMA,EQUIPE EM DESLOCAMENTO,PRADO,RUA SANTA EDWIRGES,39,AV ENG ABDIAS DE CARVALHO,PROX AO POSTO PETROBRAS CRUZAMENTO COM AV ABDIAS DE CARVALHO,RUA SANTA EDWIRGES,39,PROX AO POSTO PETROBRAS CRUZAMENTO COM AV ABDIAS DE CARVALHO,PRADO,,,COLISÃO,DOIS AUTO : OBS ::::VT 18 DA CTTU ESTA NO LOCAL,2,,,,,,,,,0,,,,,,,,,,,,,,
2018-03-09,19:46:00,SEM VÍTIMA,FINALIZADA,VÁRZEA,RUA RODRIGUES FERREIRA,161,,PROX. AO RESIDENCIAL CAXANGA,RUA RODRIGUES FERREIRA,161,PROX. AO RESIDENCIAL CAXANGA,VÁRZEA,,,COLISÃO,DOIS AUTOS,2,,,,,,,,,0,,,,,,,,,,,,,,
2018-03-09,20:19:00,SEM VÍTIMA,CANCELADA,ALTO JOSÉ BONIFÁCIO,RUA ALTO JOSE BONIFACIO,1140,,PROX. A IGREJA BATISTA,RUA ALTO JOSE BONIFACIO,1140,PROX. A IGREJA BATISTA,ALTO JOSÉ BONIFÁCIO,,,CHOQUE,KOMBI CHOCOU-SE COM MURO,1,,,,,,,,,0,,,,,,,,,,,,,,
2018-03-09,21:07:00,SEM VÍTIMA,FINALIZADA,AFLITOS,AV CONS ROSA E SILVA,197,,ENF AO CLUB PORTUGUES,AV CONS ROSA E SILVA,197,ENF AO CLUB PORTUGUES,AFLITOS,,,COLISÃO,ONIBUS E AUTO,1,,,,,1,,,,0,,,,,,,,,,,,,,
2018-03-09,21:12:00,SEM VÍTIMA,FINALIZADA,CASA FORTE,AV DEZESSETE DE AGOSTO,2133,,SEMAFORO 646  EM FRERNTE A FUNDAÇÃO JOAQUIM NABUCO,AV DEZESSETE DE AGOSTO,2133,SEMAFORO 646  EM FRERNTE A FUNDAÇÃO JOAQUIM NABUCO,CASA FORTE,,,COLISÃO,DOIS AUTOS,2,,,,,,,,,0,,,,,,,,,,,,,,
2018-03-09,21:19:00,SEM VÍTIMA,FINALIZADA,COQUEIRAL,RUA ANANIAS CATANHO,21,,NO TERMINAL TOTO PLANALTO PROX A RUA ALTO PIQUERI,RUA ANANIAS CATANHO,21,NO TERMINAL TOTO PLANALTO PROX A RUA ALTO PIQUERI,COQUEIRAL,,,COLISÃO,ONIBUS X AUTO,1,,,,,1,,,,0,,,,,,,,,,,,,,
2018-03-10,00:06:00,SEM VÍTIMA,FINALIZADA,BOA VIAGEM,RUA FRANCISCO DA CUNHA,,,PROX. AO CARREFOUR,RUA FRANCISCO DA CUNHA,,PROX. AO CARREFOUR,BOA VIAGEM,,,COLISÃO,DOIS AUTOS,2,,,,,,,,,0,,,,,,,,,,,,,,
2018-03-10,06:57:00,SEM VÍTIMA,FINALIZADA,ALTO DO MANDU,RUA VISGUEIRO,67,,RESIDENCIA. PROX- A ANTIGA PADARIA SILVA ARAÚJO,RUA VISGUEIRO,67,RESIDENCIA. PROX- A ANTIGA PADARIA SILVA ARAÚJO,ALTO DO MANDU,,,CHOQUE,VEÍCULO CHOCOU-SE CONTRA PORTÃO DA RESIDENCIA.,,,,,,,,,,0,,,,,,,,,,,,,,
2018-03-10,09:33:00,SEM VÍTIMA,FINALIZADA,PRADO,RUA GOMES TABORDA,1172,,E/F A CENTRO SERVICE BOCH,RUA GOMES TABORDA,1172,E/F A CENTRO SERVICE BOCH,PRADO,,,COLISÃO,SEM VÍTIMAS,,2,,,,,,,,0,,,,,,,,,,,,,,
2018-03-10,10:43:00,COM VÍTIMA,FINALIZADA,TEJIPIÓ,AV DR JOSE RUFINO,,,EM FRENTE A ESTAÇÃO TEJIPIÓ,AV DR JOSE RUFINO,,EM FRENTE A ESTAÇÃO TEJIPIÓ,TEJIPIÓ,,,COLISÃO,COLISÃO COM VÍTIMA.,1,1,,,,,,,,1,,,,,,,,,,,,,,
2018-03-10,10:44:00,SEM VÍTIMA,FINALIZADA,BEBERIBE,AV BEBERIBE,,,PRAÇA DA CONVENÇÃO,AV BEBERIBE,,PRAÇA DA CONVENÇÃO,BEBERIBE,,,COLISÃO,COLISÃO SEM VITIMA,1,,,,,,1,,,0,,,,,,,,,,,,,,
2018-03-10,10:58:00,SEM VÍTIMA,FINALIZADA,VÁRZEA,AV AFONSO OLINDENSE,244,,E/F A RESIDENCIA  SENTIDO CAXANGÁ.,AV AFONSO OLINDENSE,244,E/F A RESIDENCIA  SENTIDO CAXANGÁ.,VÁRZEA,,,COLISÃO,SEM VÍTIMAS,1,,,,,1,,,,0,,,,,,,,,,,,,,
2018-03-10,12:38:00,SEM VÍTIMA,FINALIZADA,CASA FORTE,AV DEZESSETE DE AGOSTO,976,,E/F A FARMACIA PAGUE MENOS,AV DEZESSETE DE AGOSTO,976,E/F A FARMACIA PAGUE MENOS,CASA FORTE,,,COLISÃO,COLISAO DE DOIS AUTOS S/V,2,,,,,,,,,0,,,,,,,,,,,,,,
2018-03-10,13:29:00,COM VÍTIMA,FINALIZADA,ARRUDA,RUA DO MACHADO,,,IGREJA SANTO ANTÔNIO,RUA DO MACHADO,,IGREJA SANTO ANTÔNIO,ARRUDA,,,COLISÃO,COLISÃO COM VITIMAS,1,1,,,,,,,,2,,,,,,,,,,,,,,
2018-03-10,13:43:00,SEM VÍTIMA,FINALIZADA,BOA VIAGEM,RUA TENENTE DOMINGOS DE BRITO,,,SEMAFORO 330  PROX. AO POSTO SETTA,RUA TENENTE DOMINGOS DE BRITO,,SEMAFORO 330  PROX. AO POSTO SETTA,BOA VIAGEM,,,COLISÃO,DOIS AUTOS E UMA MOTO,2,1,,,,,,,,0,,,,,,,,,,,,,,
2018-03-10,13:47:00,,CANCELADA,BOA VIAGEM,RUA ERNESTO DE PAULA SANTOS,913,,ANTES DO PRONTO ATENDIMENTO DA UNIMED E/F AO POSTO SETTA,RUA ERNESTO DE PAULA SANTOS,913,ANTES DO PRONTO ATENDIMENTO DA UNIMED E/F AO POSTO SETTA,BOA VIAGEM,,,COLISÃO,COLISAO DE DOIS AUTOS E UMA MOTO S/V,,,,,,,,,,0,,,,,,,,,,,,,,
2018-03-10,14:10:00,SEM VÍTIMA,FINALIZADA,BOA VIAGEM,AV GENERAL MAC ARTHUR,,,NA PISTA LOCAL  AO LADO DO VIA DUTO,AV GENERAL MAC ARTHUR,,NA PISTA LOCAL  AO LADO DO VIA DUTO,BOA VIAGEM,,,COLISÃO,DOIS AUTOS S/V,2,,,,,,,,,0,,,,,,,,,,,,,,
2018-03-10,14:34:00,SEM VÍTIMA,FINALIZADA,IMBIRIBEIRA,AV MARECHAL MASCARENHAS DE MORAES,6333,,APOS O AEROPORTO E/F A ANAC S/T PRAZERES,AV MARECHAL MASCARENHAS DE MORAES,6333,APOS O AEROPORTO E/F A ANAC S/T PRAZERES,IMBIRIBEIRA,,,COLISÃO,,2,,,,,,,,,0,,,,,,,,,,,,,,
2018-03-10,16:09:00,SEM VÍTIMA,FINALIZADA,AREIAS,AV RECIFE,,,E/F AO SAL E BRASA S/T SUB,AV RECIFE,,E/F AO SAL E BRASA S/T SUB,AREIAS,,,COLISÃO,COLISAO DE CAMINHAO E AUTO S/V,1,,,,,,1,,,0,,,,,,,,,,,,,,
2018-03-10,16:13:00,SEM VÍTIMA,FINALIZADA,CAXANGÁ,AV CAXANGA,,,JUNTO A CAXANGÁ GOLF CLUB,AV CAXANGA,,JUNTO A CAXANGÁ GOLF CLUB,CAXANGÁ,,,COLISÃO,COLISÃO SEM VITIMA,1,1,,,,,,,,0,,,,,,,,,,,,,,
2018-03-10,16:24:00,SEM VÍTIMA,FINALIZADA,MACAXEIRA,AV NORTE,,,NA ROTATORIA  PROX. AO TERMINAL  SENTIDO CASA AMARELA,AV NORTE,,NA ROTATORIA  PROX. AO TERMINAL  SENTIDO CASA AMARELA,MACAXEIRA,,,COLISÃO,AUTO E MOTO C/V,1,1,,,,,,,,0,,,,,,,,,,,,,,
2018-03-10,17:53:00,SEM VÍTIMA,FINALIZADA,TORRE,RUA MARQUES DE MARICA,88,AV CAXANGA,PARALELA COM AV CAXANGÁ / E-F AO EDF MARQUES DE MARICA,RUA MARQUES DE MARICA,88,PARALELA COM AV CAXANGÁ / E-F AO EDF MARQUES DE MARICA,TORRE,,,COLISÃO,COLISÃO SEM VITIMA,2,,,,,,,,,0,,,,,,,,,,,,,,
2018-03-10,19:17:00,SEM VÍTIMA,FINALIZADA,BOA VIAGEM,RUA RIBEIRO DE BRITO,1197,RUA CORONEL ANIZIO RODRIGUES MELO,CRUZAMENTO COM A RUA CORONEL ANIZIO RODRIGUES COELHO,RUA RIBEIRO DE BRITO,1197,CRUZAMENTO COM A RUA CORONEL ANIZIO RODRIGUES COELHO,BOA VIAGEM,,,COLISÃO,MICRO ONIBUS X AUTO,1,,,,,1,,,,0,,,,,,,,,,,,,,
2018-03-10,20:56:00,SEM VÍTIMA,FINALIZADA,VÁRZEA,AV AFONSO OLINDENSE,,,E/F A PRAÇA DA VÁRZEA / PROX AO ARCO MIX,AV AFONSO OLINDENSE,,E/F A PRAÇA DA VÁRZEA / PROX AO ARCO MIX,VÁRZEA,,,COLISÃO,ENTRE AUTO E ONIBUS. S/V,1,,,,,1,,,,0,,,,,,,,,,,,,,
2018-03-10,21:35:00,SEM VÍTIMA,FINALIZADA,JORDÃO,RUA INES MATUTINA,15,,PROX A DELEGACIA DO JORDAO,RUA INES MATUTINA,15,PROX A DELEGACIA DO JORDAO,JORDÃO,,,COLISÃO,CAMINHAO DESGOVERNADO E AUTO,1,,,,,,1,,,0,,,,,,,,,,,,,,
2018-03-10,22:31:00,COM VÍTIMA,CANCELADA,AREIAS,AV RECIFE,S/N,,PROX AO PAN DE AREIAS SEMAFORO DE Nº617,AV RECIFE,S/N,PROX AO PAN DE AREIAS SEMAFORO DE Nº617,AREIAS,,,ACID. DE PERCURSO,DUAS MOTO PARAM NO SINAL AMARELO  A TERCEIRA MOTO CONTINUA O TRAJETO   COLIDINDO NAS MOTO QUE ESTAVAM PARADAS NO SINAL.,,3,,,,,,,,1,,,,,,,,,,,,,,
2018-03-10,23:02:00,SEM VÍTIMA,CANCELADA,BOA VISTA,RUA DA UNIAO,,,PROX A R DO CANAL / E/F AO EDF GARAGEM CENTRAL,RUA DA UNIAO,,PROX A R DO CANAL / E/F AO EDF GARAGEM CENTRAL,BOA VISTA,,,COLISÃO,ENTRE 2 AUTOS. S/V,2,,,,,,,,,0,,,,,,,,,,,,,,
2018-03-11,02:20:00,SEM VÍTIMA,FINALIZADA,ESPINHEIRO,RUA MARQUES DO PARANA,,FERNANDO ALAIN,CRUZAMENTO COMA RUA DR.FERNANDO ALAIN,RUA MARQUES DO PARANA,,CRUZAMENTO COMA RUA DR.FERNANDO ALAIN,ESPINHEIRO,,,COLISÃO,COLISÃO ENTRE DOIS AUTOS S/V,2,,,,,,,,,0,,,,,,,,,,,,,,
2018-03-11,07:44:00,COM VÍTIMA,CANCELADA,JOANA BEZERRA,VIADUTO CAPITAO TEMUDO,,,SENT/BOA VIAGEM NA DESCIDO VIADUTO,VIADUTO CAPITAO TEMUDO,,SENT/BOA VIAGEM NA DESCIDO VIADUTO,JOANA BEZERRA,,,COLISÃO COM CICLISTA,COM UMA VITIMA AGUARDANDO SAMU,1,,,1,,,,,,1,,,,,,,,,,,,,,
2018-03-11,09:54:00,SEM VÍTIMA,FINALIZADA,BOA VIAGEM,AV CONSELHEIRO AGUIAR,810,,AO LADO DA BARBEARIA TROAR,AV CONSELHEIRO AGUIAR,810,AO LADO DA BARBEARIA TROAR,BOA VIAGEM,,,COLISÃO,COLISÃO SEM VITIMA,2,,,,,,,,,0,,,,,,,,,,,,,,
2018-03-11,10:39:00,SEM VÍTIMA,FINALIZADA,CORDEIRO,RUA GREGORIO JUNIOR,1221,,AO ALDO DA FARMACIA DROGASIL  SEMÁFORO 236. SENTIDO TORRE,RUA GREGORIO JUNIOR,1221,AO ALDO DA FARMACIA DROGASIL  SEMÁFORO 236. SENTIDO TORRE,CORDEIRO,,,COLISÃO,SEM VÍTIMAS,2,,,,,,,,,0,,,,,,,,,,,,,,
2018-03-11,10:49:00,SEM VÍTIMA,CANCELADA,IMBIRIBEIRA,RUA CORONEL FABRICIANO,,,AO LADO DO ATACADO DOS PRESENTES,RUA CORONEL FABRICIANO,,AO LADO DO ATACADO DOS PRESENTES,IMBIRIBEIRA,,,COLISÃO,SEM VITIMAS,2,,,,,,,,,0,,,,,,,,,,,,,,
2018-03-11,12:48:00,SEM VÍTIMA,CANCELADA,JARDIM SÃO PAULO,RUA LORENA,,RUA ALVINOPOLIS,CRUZ COM A R ALVINOPOLIS / PROX AO VIADUTO DE JARDIM SP,RUA LORENA,,CRUZ COM A R ALVINOPOLIS / PROX AO VIADUTO DE JARDIM SP,JARDIM SÃO PAULO,,,COLISÃO,ENTRE AUTO E ONIBUS. S/V,1,,,,,1,,,,0,,,,,,,,,,,,,,
2018-03-11,13:52:00,SEM VÍTIMA,FINALIZADA,BOA VIAGEM,RUA FRANCISCO DA CUNHA,,RUA PROF JOSE BRANDAO,CRUZAMENTO COM RUA PROF. JOSE BRANDAO,RUA FRANCISCO DA CUNHA,,CRUZAMENTO COM RUA PROF. JOSE BRANDAO,BOA VIAGEM,,,COLISÃO,DOIS AUTOS S/V,2,,,,,,,,,0,,,,,,,,,,,,,,
2018-03-11,14:13:00,SEM VÍTIMA,FINALIZADA,IMBIRIBEIRA,RUA JACI,,RUA JOAQUIM BANDEIRA,CRUZAMENTO COM RUA JOAQUIM BANDEIRA  EM FRENTE A EUROVIA  SENTIDO BOA VIAGEM  SEMAFORO 534,RUA JACI,,CRUZAMENTO COM RUA JOAQUIM BANDEIRA  EM FRENTE A EUROVIA  SENTIDO BOA VIAGEM  SEMAFORO 534,IMBIRIBEIRA,,,COLISÃO,AUTO E ONIBUS ,1,,,,,1,,,,0,,,,,,,,,,,,,,
2018-03-11,15:01:00,SEM VÍTIMA,FINALIZADA,BOA VIAGEM,RUA PROFESSOR LINS E SILVA,660,,E/F AO BAR SEU BACANA,RUA PROFESSOR LINS E SILVA,660,E/F AO BAR SEU BACANA,BOA VIAGEM,,,COLISÃO,ENTRE 2 AUTOS. S/V,2,,,,,,,,,0,,,,,,,,,,,,,,
2018-03-11,19:15:00,SEM VÍTIMA,FINALIZADA,SANTO AMARO,AV CRUZ CABUGA,421,,PROX AO ARMAZEM CORAL,AV CRUZ CABUGA,421,PROX AO ARMAZEM CORAL,SANTO AMARO,,,COLISÃO,ONIBUS X AUTO,1,,,,,1,,,,0,,,,,,,,,,,,,,
2018-03-11,20:24:00,SEM VÍTIMA,CANCELADA,CAXANGÁ,AV JOAQUIM RIBEIRO,1095,,E/F A IGREJA NOSSA SENHORA DO PERPÉTUO SOCORRO,AV JOAQUIM RIBEIRO,1095,E/F A IGREJA NOSSA SENHORA DO PERPÉTUO SOCORRO,CAXANGÁ,,,ENGAVETAMENTO,ENTRE 4 AUTOS. S/V,4,,,,,,,,,0,,,,,,,,,,,,,,
2018-03-11,22:23:00,SEM VÍTIMA,FINALIZADA,SÃO JOSÉ,RUA DA CONCORDIA,,RUA SAO JOSE,CRUZAMENTO COM A RUA SAO JOSE,RUA DA CONCORDIA,,CRUZAMENTO COM A RUA SAO JOSE,SÃO JOSÉ,,,COLISÃO,DOIS AUTO,2,,,,,,,,,0,,,,,,,,,,,,,,
2018-03-11,22:54:00,SEM VÍTIMA,FINALIZADA,BEBERIBE,AV BEBERIBE,2759,,E/F AO MERCADO NOSSA SENHORA DA CONCEIÇÃO E PRAÇA DE FUNDÃO,AV BEBERIBE,2759,E/F AO MERCADO NOSSA SENHORA DA CONCEIÇÃO E PRAÇA DE FUNDÃO,BEBERIBE,,,COLISÃO,ENTRE 2 AUTOS. S/V,2,,,,,,,,,0,,,,,,,,,,,,,,
2018-03-12,04:33:00,SEM VÍTIMA,FINALIZADA,BOA VIAGEM,AV ARMINDO MOURA,,RUA VISCONDE DE JEQUITINHONHA,CRUZAMENTO COM A RUA VISCONDE DE JEQUITINHONHA,AV ARMINDO MOURA,,CRUZAMENTO COM A RUA VISCONDE DE JEQUITINHONHA,BOA VIAGEM,,,COLISÃO,COLISÃO ENTRE ÔNIBUS E AUTO S/V,1,,,,,1,,,,0,,,,,,,,,,,,,,
2018-03-12,06:33:00,SEM VÍTIMA,FINALIZADA,IMBIRIBEIRA,AV MARECHAL MASCARENHAS DE MORAES,,,SEMAFORO 625 SENT /PRAZERES EM FRENTE A ANAC,AV MARECHAL MASCARENHAS DE MORAES,,SEMAFORO 625 SENT /PRAZERES EM FRENTE A ANAC,IMBIRIBEIRA,,,COLISÃO,SEM VITIMAS,1,,,,,1,,,,0,,,,,,,,,,,,,,
2018-03-12,06:12:00,SEM VÍTIMA,FINALIZADA,BOA VIAGEM,AV ENGENHEIRO DOMINGOS FERREIRA,,RUA FELIX DE BRITO E MELO,SEMÁFORO 545  NO LADO ESQUERDO DA VIA. E/F A GALERIA.,AV ENGENHEIRO DOMINGOS FERREIRA,,SEMÁFORO 545  NO LADO ESQUERDO DA VIA. E/F A GALERIA.,BOA VIAGEM,,,COLISÃO,SEM VÍTIMAS,2,,,,,,,,,0,,,,,,,,,,,,,,
2018-03-12,07:29:00,SEM VÍTIMA,FINALIZADA,GRAÇAS,RUA DAS CREOULAS,210,,EM FRENTE A FARMACIA BONGI,RUA DAS CREOULAS,210,EM FRENTE A FARMACIA BONGI,GRAÇAS,,,COLISÃO,SEM VITIMAS,3,,,,,,,,,0,,,,,,,,,,,,,,
2018-03-12,07:39:00,SEM VÍTIMA,CANCELADA,TAMARINEIRA,RUA PADRE ROMA,,RUA DO FUTURO,COM RUA DO FUTURO  SEMAFORO Nº223,RUA PADRE ROMA,,COM RUA DO FUTURO  SEMAFORO Nº223,TAMARINEIRA,,,COLISÃO,COL.S/V.SET.TAMARINEIRA,2,,,,,,,,,0,,,,,,,,,,,,,,
2018-03-12,07:49:00,SEM VÍTIMA,FINALIZADA,IMBIRIBEIRA,AV MARECHAL MASCARENHAS DE MORAES,,,EM FRENTE A LOCA LIZA / SENT BR 101 / EM FRENTE AO AEROPORTO,AV MARECHAL MASCARENHAS DE MORAES,,EM FRENTE A LOCA LIZA / SENT BR 101 / EM FRENTE AO AEROPORTO,IMBIRIBEIRA,,,COLISÃO,CAMINHAO E AUTO PASSEIO / MOTO 18 NO QTH,1,,,,,,1,,,0,,,,,,,,,,,,,,
2018-03-12,08:06:00,SEM VÍTIMA,FINALIZADA,AFOGADOS,AV SUL,2056,,POR TRAS DA CAIXA ECONOMICA,AV SUL,2056,POR TRAS DA CAIXA ECONOMICA,AFOGADOS,,,COLISÃO,ONIBUS E AUTO,1,,,,,1,,,,0,,,,,,,,,,,,,,
2018-03-12,08:06:00,COM VÍTIMA,FINALIZADA,IBURA,AV DOIS RIOS,,,EM FRENTE AO SESI,AV DOIS RIOS,,EM FRENTE AO SESI,IBURA,,,ATROPELAMENTO ANIMAL,MOTOCICLISTA ATROPELOU UM CACHORRO,,,1,,,,,,,1,,,,,,,,,,,,,,
2018-03-12,08:26:00,SEM VÍTIMA,FINALIZADA,IMBIRIBEIRA,AV MARECHAL MASCARENHAS DE MORAES,,,SENT/PRAZERES EM FRENTE A INFRAERO,AV MARECHAL MASCARENHAS DE MORAES,,SENT/PRAZERES EM FRENTE A INFRAERO,IMBIRIBEIRA,,,COLISÃO,SEM VITIMAS BATEDOR 16  18 NO LOCAL VAI FAZER B.O,1,,,,,,1,,,0,,,,,,,,,,,,,,
2018-03-12,08:43:00,SEM VÍTIMA,FINALIZADA,DOIS IRMÃOS,RUA DOIS IRMAOS,,,VIADUTO DE DIS IRMAOS,RUA DOIS IRMAOS,,VIADUTO DE DIS IRMAOS,DOIS IRMÃOS,,,COLISÃO,CAMINHAO E AUTO / VT 07 NO QTH,1,,,,,,1,,,0,,,,,,,,,,,,,,
2018-03-12,09:12:00,SEM VÍTIMA,CANCELADA,MADALENA,RUA REAL DA TORRE,419,RUA JOSE OSORIO,ESQUINA COM A RUA JOSE OSORIO,RUA REAL DA TORRE,419,ESQUINA COM A RUA JOSE OSORIO,MADALENA,,,COLISÃO,SEM VITIMAS,1,1,,,,,,,,0,,,,,,,,,,,,,,
2018-03-12,09:19:00,SEM VÍTIMA,FINALIZADA,DERBY,AV GOVERNADOR AGAMENON MAGALHAES,,,EM FRENTE AO HOSPITAL DA RESTAURAÇAO LADO DIREITO DA VIA,AV GOVERNADOR AGAMENON MAGALHAES,,EM FRENTE AO HOSPITAL DA RESTAURAÇAO LADO DIREITO DA VIA,DERBY,,,COLISÃO,ONIBUS E AUTO,1,,,,,1,,,,0,,,,,,,,,,,,,,
2018-03-12,09:34:00,SEM VÍTIMA,FINALIZADA,IPUTINGA,RUA PADRE FERNAO CARDIM,82,,RUA SESIDENSIAL,RUA PADRE FERNAO CARDIM,82,RUA SESIDENSIAL,IPUTINGA,,,COLISÃO,CAMINHAO E AUTO PASSEIO,1,,,,,,1,,,0,,,,,,,,,,,,,,
2018-03-12,09:39:00,SEM VÍTIMA,FINALIZADA,ESPINHEIRO,RUA SANTO ELIAS,149,,EM FRENTE AO LABORATORIO EDMAR VICTOR,RUA SANTO ELIAS,149,EM FRENTE AO LABORATORIO EDMAR VICTOR,ESPINHEIRO,,,COLISÃO,DOIS AUTOS,2,,,,,,,,,0,,,,,,,,,,,,,,
2018-03-12,11:14:00,SEM VÍTIMA,FINALIZADA,TEJIPIÓ,RUA FALCAO DE LACERDA,248,,EM FRENTE A PADARIA AVENIDASENT/JABOATÃO,RUA FALCAO DE LACERDA,248,EM FRENTE A PADARIA AVENIDASENT/JABOATÃO,TEJIPIÓ,,,COLISÃO,SEM VITIMAS,1,,,,,,1,,,0,,,,,,,,,,,,,,
2018-03-12,12:11:00,SEM VÍTIMA,FINALIZADA,CIDADE UNIVERSITÁRIA,AV PROFESSOR LUIZ FREIRE,,,EM FRENTE AO QUARTEL DA COMPANHIA DE GUARDA,AV PROFESSOR LUIZ FREIRE,,EM FRENTE AO QUARTEL DA COMPANHIA DE GUARDA,CIDADE UNIVERSITÁRIA,,,COLISÃO,DOIS AUTOS C/V,2,,,,,,,,,0,,,,,,,,,,,,,,
2018-03-12,12:58:00,SEM VÍTIMA,FINALIZADA,ILHA DO RETIRO,RUA PROFESSOR BENEDITO MONTEIRO,,,AO LADO DA JURANDIR PIRES,RUA PROFESSOR BENEDITO MONTEIRO,,AO LADO DA JURANDIR PIRES,ILHA DO RETIRO,,,COLISÃO,COLISÃO SEM VITIMAS,1,,,,,1,,,,0,,,,,,,,,,,,,,
2018-03-12,13:13:00,COM VÍTIMA,FINALIZADA,DOIS UNIDOS,AV HILDEBRANDO DE VASCONCELOS,540,,APOS A PAN ESTRELANÇA,AV HILDEBRANDO DE VASCONCELOS,540,APOS A PAN ESTRELANÇA,DOIS UNIDOS,,,COLISÃO,AUTO E MOTO,,,,,,,,,,1,,,,,,,,,,,,,,
2018-03-12,13:52:00,SEM VÍTIMA,CANCELADA,GUABIRABA,AV NORTE,,,E/F DA UPINHA S/T SUB S/V,AV NORTE,,E/F DA UPINHA S/T SUB S/V,GUABIRABA,,,COLISÃO,COLISAO DE ONIBUS E CAMINHAO,,,,,,1,1,,,0,,,,,,,,,,,,,,
2018-03-12,14:02:00,SEM VÍTIMA,FINALIZADA,ESPINHEIRO,AV CONS ROSA E SILVA,,,EM FRENTE A O BOMPREÇO SEMAFORO 459,AV CONS ROSA E SILVA,,EM FRENTE A O BOMPREÇO SEMAFORO 459,ESPINHEIRO,,,COLISÃO,SEM VITIMA,2,,,,,,,,,0,,,,,,,,,,,,,,
2018-03-12,14:23:00,COM VÍTIMA,FINALIZADA,PINA,RUA MANOEL DE BRITO,,,EM FRENTE A DESCIDA DO RIO MAR  SEMAFORO 659,RUA MANOEL DE BRITO,,EM FRENTE A DESCIDA DO RIO MAR  SEMAFORO 659,PINA,,,COLISÃO,COM UMA VITIMA,1,1,,,,,,,,1,,,,,,,,,,,,,,
2018-03-12,14:23:00,SEM VÍTIMA,FINALIZADA,IMBIRIBEIRA,AV MARECHAL MASCARENHAS DE MORAES,,,E/F A FORD S/T SUB NO SEMAFORO 532,AV MARECHAL MASCARENHAS DE MORAES,,E/F A FORD S/T SUB NO SEMAFORO 532,IMBIRIBEIRA,,,COLISÃO,COLISAO DE AUTO E MOTO S/V,1,1,,,,,,,,0,,,,,,,,,,,,,,
2018-03-12,14:24:00,SEM VÍTIMA,FINALIZADA,IPSEP,RUA PINTOR ANTONIO ALBUQUERQUE,12,,EM FRENTE DE LILICO MONTADOR,RUA PINTOR ANTONIO ALBUQUERQUE,12,EM FRENTE DE LILICO MONTADOR,IPSEP,,,COLISÃO,COL.S/V SET.IBURA,2,,,,,,,,,0,,,,,,,,,,,,,,
2018-03-12,14:39:00,COM VÍTIMA,FINALIZADA,TORRÕES,AV ENGENHEIRO ABDIAS DE CARVALHO,,,E/F AO YOKI GALETOS S/T CID,AV ENGENHEIRO ABDIAS DE CARVALHO,,E/F AO YOKI GALETOS S/T CID,TORRÕES,,,COLISÃO,COLISAO DE AUTO E MOTO COM DUAS VITIMAS,1,1,,,,,,,,2,,,,,,,,,,,,,,
2018-03-12,14:46:00,SEM VÍTIMA,FINALIZADA,IPUTINGA,RUA MAURICIO DE NASSAU,108,,RUA DO GOE  SENT/PRAÇA DA TORRE,RUA MAURICIO DE NASSAU,108,RUA DO GOE  SENT/PRAÇA DA TORRE,IPUTINGA,,,COLISÃO,SEM VITIMAS,2,,,,,,,,,0,,,,,,,,,,,,,,
2018-03-12,15:15:00,SEM VÍTIMA,FINALIZADA,ROSARINHO,AV NORTE,,,EM FRENTE AO POSTO SHELL E PADARIA DO ROSARINHO,AV NORTE,,EM FRENTE AO POSTO SHELL E PADARIA DO ROSARINHO,ROSARINHO,,,COLISÃO,COL.S/V.SET.SUB,1,,,,,,1,,,0,,,,,,,,,,,,,,
2018-03-12,15:23:00,,CANCELADA,ENCRUZILHADA,AV NORTE,2891,,PROX. AO HOSPITAL JORGE DE MEDEIROS SENTIDO CID/SUB,AV NORTE,2891,PROX. AO HOSPITAL JORGE DE MEDEIROS SENTIDO CID/SUB,ENCRUZILHADA,,,COLISÃO,AUTO E CAMINHAO,1,,,,,,1,,,0,,,,,,,,,,,,,,
2018-03-12,15:28:00,COM VÍTIMA,CANCELADA,PAISSANDU,AV GOVERNADOR AGAMENON MAGALHAES,,RUA DO PAISSANDU,COM RUA PAISSANDÚ  NO SEMAFORO Nº069,AV GOVERNADOR AGAMENON MAGALHAES,,COM RUA PAISSANDÚ  NO SEMAFORO Nº069,PAISSANDU,,,ATROPELAMENTO,COL.C/V SET.OLINDA,,1,,,,,,,,1,,,,,,,,,,,,,,
2018-03-12,16:31:00,SEM VÍTIMA,FINALIZADA,PINA,AV ANTONIO DE GOES,275,,APÓS O JCPM,AV ANTONIO DE GOES,275,APÓS O JCPM,PINA,,,COLISÃO,ENGAVETAMENTO COM 4 AUTOS  SEM VÍTIMAS.,4,,,,,,,,,0,,,,,,,,,,,,,,
2018-03-12,16:15:00,SEM VÍTIMA,FINALIZADA,SANTO AMARO,AV VISCONDE DE SUASSUNA,607,,NA RUA DO SENAC,AV VISCONDE DE SUASSUNA,607,NA RUA DO SENAC,SANTO AMARO,,,COLISÃO,COLISAO DE DOIS AUTOS S/V,2,,,,,,,,,0,,,,,,,,,,,,,,