data,hora,natureza_acidente,situacao,bairro,endereco,numero,detalhe_endereco_acidente,complemento,endereco_cruzamento,numero_cruzamento,referencia_cruzamento,bairro_cruzamento,num_semaforo,sentido_via,tipo,descricao,auto,moto,ciclom,ciclista,pedestre,onibus,caminhao,viatura,outros,vitimas,vitimasfatais,acidente_verificado,tempo_clima,situacao_semaforo,sinalizacao,condicao_via,conservacao_via,ponto_controle,situacao_placa,velocidade_max_via,mao_direcao,divisao_via1,divisao_via2,divisao_via3
2018-03-12,17:20:00,SEM VÍTIMA,FINALIZADA,ENCRUZILHADA,RUA ALFREDO DE CASTRO,29,,E/F A FEDERAÇÃO ESPIRITA PERNAMBUCANA,RUA ALFREDO DE CASTRO,29,E/F A FEDERAÇÃO ESPIRITA PERNAMBUCANA,ENCRUZILHADA,,,COLISÃO,COLISAO DE DOIS AUTOS S/V,2,,,,,,,,,0,,,,,,,,,,,,,,
2018-03-12,18:50:00,SEM VÍTIMA,FINALIZADA,AREIAS,AV DR JOSE RUFINO,,,SEMÁFORO 557 / PROX AO COLÉGIO INCENTIVO,AV DR JOSE RUFINO,,SEMÁFORO 557 / PROX AO COLÉGIO INCENTIVO,AREIAS,,,COLISÃO,ENTRE AUTO PASSEIO E ÔNIBUS. S/V,1,,,,,1,,,,0,,,,,,,,,,,,,,
2018-03-12,18:54:00,SEM VÍTIMA,FINALIZADA,SANTO ANTÔNIO,AV MARTINS DE BARROS,,,PROX. AO BANCO SANTANDER,AV MARTINS DE BARROS,,PROX. AO BANCO SANTANDER,SANTO ANTÔNIO,,,COLISÃO,ONIBUS E AUTO,1,,,,,1,,,,0,,,,,,,,,,,,,,
2018-03-12,19:18:00,SEM VÍTIMA,FINALIZADA,BAIRRO DO RECIFE,CAIS DO APOLO,,,E/F AO BANCO SANTANDER,CAIS DO APOLO,,E/F AO BANCO SANTANDER,BAIRRO DO RECIFE,,,COLISÃO,ENTRE AUTO E CARRETA. S/V,1,,,,,1,,,,0,,,,,,,,,,,,,,
2018-03-12,20:45:00,SEM VÍTIMA,FINALIZADA,BAIRRO DO RECIFE,AV ALFREDO LISBOA,,,E/F A PRAÇA DO MARCO ZERO,AV ALFREDO LISBOA,,E/F A PRAÇA DO MARCO ZERO,BAIRRO DO RECIFE,,,ENGAVETAMENTO,ENTRE 3 AUTOS. S-V,3,,,,,,,,,0,,,,,,,,,,,,,,
2018-03-12,21:49:00,SEM VÍTIMA,FINALIZADA,CAXANGÁ,AV CAXANGA,,,EM FRENTE A EXPOSIÇÃO DE ANIMAIS  SENT. CAMARAGIBE,AV CAXANGA,,EM FRENTE A EXPOSIÇÃO DE ANIMAIS  SENT. CAMARAGIBE,CAXANGÁ,,,COLISÃO,DOIS AUTOS,2,,,,,,,,,0,,,,,,,,,,,,,,
2018-03-13,00:16:00,SEM VÍTIMA,FINALIZADA,ENGENHO DO MEIO,RUA ANTONIO CURADO,,,SEMÁFORO 395 // EDF PRAÇA DA SAMAMBAIA // AO LADO DO CLUBE DA SUDENE,RUA ANTONIO CURADO,,SEMÁFORO 395 // EDF PRAÇA DA SAMAMBAIA // AO LADO DO CLUBE DA SUDENE,ENGENHO DO MEIO,,,CHOQUE,VEÍCULO CHOCOU-SE CONTRA O MURO DE UM EDIFÍCIO,1,,,,,,,,,0,,,,,,,,,,,,,,
2018-03-13,05:14:00,SEM VÍTIMA,FINALIZADA,BOA VIAGEM,AV CONSELHEIRO AGUIAR,,RUA RIBEIRO DE BRITO,CRUZAMENTO COM A RUA RIBEIRO DE BRITO,AV CONSELHEIRO AGUIAR,,CRUZAMENTO COM A RUA RIBEIRO DE BRITO,BOA VIAGEM,,,COLISÃO,COLISÃO ENTRE AUTO E MOTO S/V,1,1,,,,,,,,0,,,,,,,,,,,,,,
2018-03-13,07:13:00,SEM VÍTIMA,CANCELADA,CASA AMARELA,AV NORTE,3435,,EM FACIL PNEUS SENT/CIDADE,AV NORTE,3435,EM FACIL PNEUS SENT/CIDADE,CASA AMARELA,,,COLISÃO,SEM VITIMAS,1,2,,,,,,,,0,,,,,,,,,,,,,,
2018-03-13,07:48:00,SEM VÍTIMA,FINALIZADA,BOA VIAGEM,AV DES JOSE NEVES,,,AO LADO DO POSTO SHELL,AV DES JOSE NEVES,,AO LADO DO POSTO SHELL,BOA VIAGEM,,,COLISÃO,COLISAO DE AUTO E MOTO S/V,1,1,,,,,,,,0,,,,,,,,,,,,,,
2018-03-13,08:42:00,SEM VÍTIMA,FINALIZADA,IPUTINGA,RUA MAURICIO DE NASSAU,130,,EM FRENTE AO EDF SOLAR,RUA MAURICIO DE NASSAU,130,EM FRENTE AO EDF SOLAR,IPUTINGA,,,COLISÃO,DOIS AUTOS,2,,,,,,,,,0,,,,,,,,,,,,,,
2018-03-13,08:17:00,SEM VÍTIMA,FINALIZADA,CORDEIRO,RUA HONORIO CORREIA,49,,EM FRENTE DA CASA DE FESTA PRA BRINCA,RUA HONORIO CORREIA,49,EM FRENTE DA CASA DE FESTA PRA BRINCA,CORDEIRO,,,COLISÃO,COL.S/V SET.CAXANGA,2,,,,,,,,,0,,,,,,,,,,,,,,
2018-03-13,08:42:00,SEM VÍTIMA,CANCELADA,ILHA JOANA BEZERRA,VIADUTO CAPITAO TEMUDO,,,EM FRENTE A AACD SENT/BOA VIAGEM,VIADUTO CAPITAO TEMUDO,,EM FRENTE A AACD SENT/BOA VIAGEM,ILHA JOANA BEZERRA,,,COLISÃO,SEM VITIMAS,2,,,,,,,,,0,,,,,,,,,,,,,,
2018-03-13,08:59:00,SEM VÍTIMA,FINALIZADA,SAN MARTIN,AV GENERAL SAN MARTIN,1530,,EM FRENTE A AUTO SERVIÇOS,AV GENERAL SAN MARTIN,1530,EM FRENTE A AUTO SERVIÇOS,SAN MARTIN,,,COLISÃO,MOTO E AUTO PASSEIO,1,1,,,,,,,,0,,,,,,,,,,,,,,
2018-03-13,09:58:00,SEM VÍTIMA,FINALIZADA,ENCRUZILHADA,AV NORTE,,,E/F AO EXTRA BOM S/T CID,AV NORTE,,E/F AO EXTRA BOM S/T CID,ENCRUZILHADA,,,COLISÃO,COLISAO DE CAMINHAO E AUTO VT 09 NO LOCAL,1,,,,,,1,,,0,,,,,,,,,,,,,,
2018-03-13,10:50:00,SEM VÍTIMA,FINALIZADA,PINA,AV ENGENHEIRO DOMINGOS FERREIRA,40,,EM FRENTE AO ARMAZEM BEIRA MAR,AV ENGENHEIRO DOMINGOS FERREIRA,40,EM FRENTE AO ARMAZEM BEIRA MAR,PINA,,,COLISÃO,COL.S/V NA FAIXA DA ESQUERDA,2,,,,,,,,,0,,,,,,,,,,,,,,
2018-03-13,10:58:00,SEM VÍTIMA,FINALIZADA,IMBIRIBEIRA,AV MARECHAL MASCARENHAS DE MORAES,,,E/F AO SAM´S CLUB S/T AEROPORTO,AV MARECHAL MASCARENHAS DE MORAES,,E/F AO SAM´S CLUB S/T AEROPORTO,IMBIRIBEIRA,,,COLISÃO,,2,,,,,,,,,0,,,,,,,,,,,,,,
2018-03-13,11:33:00,COM VÍTIMA,FINALIZADA,IPUTINGA,RUA GASPAR PEREZ,29,,AO LADO DO ANTIGO ESCRITORIO DO BOMPREÇO,RUA GASPAR PEREZ,29,AO LADO DO ANTIGO ESCRITORIO DO BOMPREÇO,IPUTINGA,,,COLISÃO,COM UMA VITIMAS,1,1,,,,,,,,1,,,,,,,,,,,,,,
2018-03-13,13:16:00,SEM VÍTIMA,FINALIZADA,AFOGADOS,RUA VINTE E UM DE ABRIL,,,EM FRENTE A CONSTRUAÇO,RUA VINTE E UM DE ABRIL,,EM FRENTE A CONSTRUAÇO,AFOGADOS,,,COLISÃO,COLISÃO SEM VÍTIMA,2,,,,,,,,,0,,,,,,,,,,,,,,
2018-03-13,13:39:00,SEM VÍTIMA,FINALIZADA,ZUMBI,RUA TOMAZ GONZAGA,348,,E/F AO LAVA JATO MIRO AUTO,RUA TOMAZ GONZAGA,348,E/F AO LAVA JATO MIRO AUTO,ZUMBI,,,COLISÃO,COLISAO DE DOIS AUTOS S/V,2,,,,,,,,,0,,,,,,,,,,,,,,
2018-03-13,14:02:00,SEM VÍTIMA,FINALIZADA,BOA VIAGEM,RUA SETUBAL,,RUA DR VICENTE GOMES,COM A RUA DOUTOR VICENTE GOMES  PROX. A FEIRINHA DE BOA VIAGEM SEMAFORO 060,RUA SETUBAL,,COM A RUA DOUTOR VICENTE GOMES  PROX. A FEIRINHA DE BOA VIAGEM SEMAFORO 060,BOA VIAGEM,,,COLISÃO,ONIBUS E AUTO,1,,,,,1,,,,0,,,,,,,,,,,,,,
2018-03-13,14:10:00,SEM VÍTIMA,FINALIZADA,IPSEP,AV RECIFE,,,LADO OPOSTO DA PADARIA VILA DO PÃO/ PROXIMO SEMÁFORO 247/ SENTIDO BOA VIAGEM,AV RECIFE,,LADO OPOSTO DA PADARIA VILA DO PÃO/ PROXIMO SEMÁFORO 247/ SENTIDO BOA VIAGEM,IPSEP,,,COLISÃO,COLISÃO SEM VÍTIMA,2,,,,,,,,,0,,,,,,,,,,,,,,
2018-03-13,14:43:00,,CANCELADA,SANTO AMARO,RUA DO POMBAL,,,EM FRENTE AO CEMITÉRIO DE SANTO AMARO,RUA DO POMBAL,,EM FRENTE AO CEMITÉRIO DE SANTO AMARO,SANTO AMARO,,,COLISÃO,COLISÃO,,,,,,,,,,0,,,,,,,,,,,,,,
2018-03-13,14:51:00,SEM VÍTIMA,FINALIZADA,TAMARINEIRA,EST VELHA DE AGUA FRIA,767,RUA JOSE DE VASCONCELOS,COM A RUA JOSE DE VASCONCELOS  EM FRENTE AO BAR BEER GRILL,EST VELHA DE AGUA FRIA,767,COM A RUA JOSE DE VASCONCELOS  EM FRENTE AO BAR BEER GRILL,TAMARINEIRA,,,COLISÃO,AUTO E MOTO,1,1,,,,,,,,0,,,,,,,,,,,,,,
2018-03-13,14:52:00,COM VÍTIMA,FINALIZADA,SANTO AMARO,RUA TREZE DE MAIO,,,E/F AO SESC DE SANTO AMARO COM O BAR DO KARRANCAS,RUA TREZE DE MAIO,,E/F AO SESC DE SANTO AMARO COM O BAR DO KARRANCAS,SANTO AMARO,,,COLISÃO,COLISAO DE AUTO E MOTO COM UMA VITIMA,1,1,,,,,,,,1,,,,,,,,,,,,,,
2018-03-13,14:52:00,SEM VÍTIMA,CANCELADA,BOA VIAGEM,AV ENGENHEIRO DOMINGOS FERREIRA,170,,EM FRENTE AO CONSULTORIO RIDETO ODONTOLOGIA E ESTETICA,AV ENGENHEIRO DOMINGOS FERREIRA,170,EM FRENTE AO CONSULTORIO RIDETO ODONTOLOGIA E ESTETICA,BOA VIAGEM,,,COLISÃO,COLISÃO SEM VÍTIMA,1,,,,,1,,,,0,,,,,,,,,,,,,,
2018-03-13,14:59:00,SEM VÍTIMA,FINALIZADA,CAMPO GRANDE,RUA MEM DE SA,93,,PROXIMO A LOJA GAZIN EXPRESSO,RUA MEM DE SA,93,PROXIMO A LOJA GAZIN EXPRESSO,CAMPO GRANDE,,,COLISÃO,COLISÃO SEM VÍTIMA,2,,,,,,,,,0,,,,,,,,,,,,,,
2018-03-13,15:25:00,SEM VÍTIMA,FINALIZADA,MACAXEIRA,AV DA RECUPERACAO,,,EM FRENTE A INTEGRAÇÃO DA MACAXEIRA NO GIRADOR SENT. AV. NORTE,AV DA RECUPERACAO,,EM FRENTE A INTEGRAÇÃO DA MACAXEIRA NO GIRADOR SENT. AV. NORTE,MACAXEIRA,,,COLISÃO,CAMNHÃO E AUTO,1,,,,,,1,,,0,,,,,,,,,,,,,,
2018-03-13,16:43:00,SEM VÍTIMA,FINALIZADA,DERBY,RUA LUIZ BARBALHO,211,,EM FRENTE A CLINICA PRONTOPELE,RUA LUIZ BARBALHO,211,EM FRENTE A CLINICA PRONTOPELE,DERBY,,,COLISÃO,DOIS AUTOS,2,,,,,,,,,0,,,,,,,,,,,,,,
2018-03-13,16:58:00,SEM VÍTIMA,FINALIZADA,IMBIRIBEIRA,AV GENERAL MAC ARTHUR,80,,EM FRENTE A LAFITTE,AV GENERAL MAC ARTHUR,80,EM FRENTE A LAFITTE,IMBIRIBEIRA,,,COLISÃO,COLISÃO SEM VÍTIMA,2,,,,,,,,,0,,,,,,,,,,,,,,
2018-03-13,17:00:00,COM VÍTIMA,FINALIZADA,CASA FORTE,AV DEZESSETE DE AGOSTO,675,,EM FRENTE AO BANCO ITAU  PEOR. AO RESTAURANTE MAMELUCO,AV DEZESSETE DE AGOSTO,675,EM FRENTE AO BANCO ITAU  PEOR. AO RESTAURANTE MAMELUCO,CASA FORTE,,,COLISÃO,DOIS AUTOS E MOTO,2,1,,,,,,,,1,,,,,,,,,,,,,,
2018-03-13,17:11:00,SEM VÍTIMA,FINALIZADA,IMBIRIBEIRA,RUA DEZ DE JULHO,,,AO LADO DA CAIXA ECONOMICA E/F AO POSTO IPIRANGA,RUA DEZ DE JULHO,,AO LADO DA CAIXA ECONOMICA E/F AO POSTO IPIRANGA,IMBIRIBEIRA,,,COLISÃO,COLISAO DE ONIBUS E AUTO S/V,1,,,,,1,,,,0,,,,,,,,,,,,,,
2018-03-13,17:14:00,SEM VÍTIMA,FINALIZADA,DERBY,AV GOVERNADOR AGAMENON MAGALHAES,,,E/F AO CLUBE PORTUGUES S/T OLINDA,AV GOVERNADOR AGAMENON MAGALHAES,,E/F AO CLUBE PORTUGUES S/T OLINDA,DERBY,,,COLISÃO,COLISAO DE TRES AUTOS S/V,3,,,,,,,,,0,,,,,,,,,,,,,,
2018-03-13,17:15:00,SEM VÍTIMA,FINALIZADA,BOA VIAGEM,RUA CAPITAO ZUZINHA,,,EM FRENTE A SETUBAL CENTER,RUA CAPITAO ZUZINHA,,EM FRENTE A SETUBAL CENTER,BOA VIAGEM,,,COLISÃO,COLISÃO SEM VÍTIMA,2,,,,,,,,,0,,,,,,,,,,,,,,
2018-03-13,17:28:00,SEM VÍTIMA,FINALIZADA,BAIRRO DO RECIFE,AV BARBOSA LIMA,53A,,PROXIMO AO BANCO DO BRASIL,AV BARBOSA LIMA,53A,PROXIMO AO BANCO DO BRASIL,BAIRRO DO RECIFE,,,COLISÃO,COLISÃO SEM VÍTIMA,2,,,,,,,,,0,,,,,,,,,,,,,,
2018-03-13,18:17:00,SEM VÍTIMA,FINALIZADA,CAXANGÁ,AV CAXANGA,4617,,EM FRENTE A CONCESSIONÁRIA ITALIANA,AV CAXANGA,4617,EM FRENTE A CONCESSIONÁRIA ITALIANA,CAXANGÁ,,,COLISÃO,UMA CARRETA E UM CARRO,1,,,,,,1,,,0,,,,,,,,,,,,,,
2018-03-13,18:54:00,SEM VÍTIMA,FINALIZADA,BONGI,AV ENGENHEIRO ABDIAS DE CARVALHO,,,AO LADO DA BIG CAR // SEMÁFORO 057,AV ENGENHEIRO ABDIAS DE CARVALHO,,AO LADO DA BIG CAR // SEMÁFORO 057,BONGI,,,ENGAVETAMENTO,ENTRE 3 AUTOS. S/V,3,,,,,,,,,0,,,,,,,,,,,,,,
2018-03-13,19:19:00,SEM VÍTIMA,FINALIZADA,BOA VIAGEM,AV CONSELHEIRO AGUIAR,3621,,E/F A FRUTARIA E PROX A LOJA AMERICANAS. SNT CENTRO,AV CONSELHEIRO AGUIAR,3621,E/F A FRUTARIA E PROX A LOJA AMERICANAS. SNT CENTRO,BOA VIAGEM,,,COLISÃO,ENTRE AUTO E ôNIBUS. S/V,1,,,,,1,,,,0,,,,,,,,,,,,,,
2018-03-13,19:33:00,SEM VÍTIMA,CANCELADA,MADALENA,AV VISCONDE DE ALBUQUERQUE,,,E/F A ENTRADA DO SUPER MERCADO BOMPREÇO,AV VISCONDE DE ALBUQUERQUE,,E/F A ENTRADA DO SUPER MERCADO BOMPREÇO,MADALENA,,,COLISÃO,ENTRE 2 AUTOS. S/V,2,,,,,,,,,0,,,,,,,,,,,,,,
2018-03-13,19:47:00,SEM VÍTIMA,CANCELADA,ESPINHEIRO,AV JOAO DE BARROS,,,SEMÁFORO 089 / PROX A PAGUE MENOS E EXTRA SUPER MERCADO,AV JOAO DE BARROS,,SEMÁFORO 089 / PROX A PAGUE MENOS E EXTRA SUPER MERCADO,ESPINHEIRO,,,COLISÃO,ENTRE AUTO E ÕNIBUS . S/V,1,,,,,1,,,,0,,,,,,,,,,,,,,
2018-03-13,19:51:00,SEM VÍTIMA,FINALIZADA,ARRUDA,RUA PROFESSOR JERONIMO GUEIROS,,RUA MEN DE SA,SEMÁFORO 495 / CRUZ COM A R RUA MEN DE SÁ,RUA PROFESSOR JERONIMO GUEIROS,,SEMÁFORO 495 / CRUZ COM A R RUA MEN DE SÁ,ARRUDA,,,COLISÃO,ENTRE 2 AUTOS. S/V,2,,,,,,,,,0,,,,,,,,,,,,,,
2018-03-13,21:15:00,SEM VÍTIMA,FINALIZADA,BOA VIAGEM,RUA DEZ DE JULHO,210,,APOS ESTAÇÃO DO METRô AEROPORTO NA 3ª RUA,RUA DEZ DE JULHO,210,APOS ESTAÇÃO DO METRô AEROPORTO NA 3ª RUA,BOA VIAGEM,,,COLISÃO,COLISÃO ENTRE 2 VEICULOS,2,,,,,,,,,0,,,,,,,,,,,,,,
2018-03-13,22:55:00,SEM VÍTIMA,CANCELADA,CAXANGÁ,AV CAXANGA,,,APOS A UPA SENTIDO CAMARAGIBE/ ESTAÇAO BRT PADRE CICERO,AV CAXANGA,,APOS A UPA SENTIDO CAMARAGIBE/ ESTAÇAO BRT PADRE CICERO,CAXANGÁ,,,COLISÃO,COLISÃO ENTRE CAMINHÃO E ONIBUS,,,,,,1,1,,,0,,,,,,,,,,,,,,
2018-03-13,23:16:00,SEM VÍTIMA,FINALIZADA,BOA VIAGEM,RUA ENGENHEIRO LAURO BORBA,,,PROXIMO A LANCHONETE BAITA HAMBURG,RUA ENGENHEIRO LAURO BORBA,,PROXIMO A LANCHONETE BAITA HAMBURG,BOA VIAGEM,,,COLISÃO,VT PM E MOTO SEM VITIMAS,,1,,,,,,1,,0,,,,,,,,,,,,,,
2018-03-14,02:01:00,SEM VÍTIMA,FINALIZADA,NOVA DESCOBERTA,RUA ITARAPINA,,,EM FRENTE AO COLEGIO MENEZES,RUA ITARAPINA,,EM FRENTE AO COLEGIO MENEZES,NOVA DESCOBERTA,,,CHOQUE,VIATURA DA PM CHOCOU-SE COM MURO S/V,,,,,,,,1,,0,,,,,,,,,,,,,,
2018-03-14,06:52:00,COM VÍTIMA,FINALIZADA,PRADO,AV ENGENHEIRO ABDIAS DE CARVALHO,,,EM FRENTE AO BORSH SEVICE / SEMAFORO 057 / SENT CIDADE,AV ENGENHEIRO ABDIAS DE CARVALHO,,EM FRENTE AO BORSH SEVICE / SEMAFORO 057 / SENT CIDADE,PRADO,,,COLISÃO,MOTO E AUTO PASSEIO,1,1,,,,,,,,1,,,,,,,,,,,,,,
2018-03-14,06:58:00,SEM VÍTIMA,FINALIZADA,PARNAMIRIM,EST DO ENCANAMENTO,,,NO SEMAFORO Nº358,EST DO ENCANAMENTO,,NO SEMAFORO Nº358,PARNAMIRIM,,,COLISÃO,COL.S/V,1,1,,,,,,,,0,,,,,,,,,,,,,,
2018-03-14,07:09:00,SEM VÍTIMA,CANCELADA,TAMARINEIRA,AV NORTE,3889,,E/F A CIMENTO NASSAU  SENTIDO CIDADE.,AV NORTE,3889,E/F A CIMENTO NASSAU  SENTIDO CIDADE.,TAMARINEIRA,,,COLISÃO,SEM VÍTIMAS,4,,,,,,,,,0,,,,,,,,,,,,,,
2018-03-14,07:20:00,SEM VÍTIMA,FINALIZADA,CAXANGÁ,AV CAXANGA,,,E/F A UPA DA CAXANGÁ  SENTIDO VÁRZEA. PROX. AO SEMÁFORO 281,AV CAXANGA,,E/F A UPA DA CAXANGÁ  SENTIDO VÁRZEA. PROX. AO SEMÁFORO 281,CAXANGÁ,,,COLISÃO,SEM VÍTIMAS,1,,,,,,1,,,0,,,,,,,,,,,,,,
2018-03-14,07:26:00,SEM VÍTIMA,FINALIZADA,PARNAMIRIM,RUA SEBASTIAO MALTA ARCOVERDE,50,,EM FRENTE A CASA DESIGN,RUA SEBASTIAO MALTA ARCOVERDE,50,EM FRENTE A CASA DESIGN,PARNAMIRIM,,,COLISÃO,COLISÃO SEM VÍTIMA,2,,,,,,1,,,0,,,,,,,,,,,,,,
2018-03-14,07:28:00,SEM VÍTIMA,CANCELADA,BOA VIAGEM,RUA DR RAUL LAFAYETTE,3904,AV ENG DOMINGOS FERREIRA,ESQ DA DOMINGOS FERREIRA,RUA DR RAUL LAFAYETTE,3904,ESQ DA DOMINGOS FERREIRA,BOA VIAGEM,,,COLISÃO,DOIS AUTOS,,,,,,,,,,0,,,,,,,,,,,,,,
2018-03-14,07:33:00,COM VÍTIMA,FINALIZADA,CASA AMARELA,AV NORTE,5010,,EM FRENTE A HONDA/ SENTIDO CIDADE,AV NORTE,5010,EM FRENTE A HONDA/ SENTIDO CIDADE,CASA AMARELA,,,COLISÃO,COLISÃO COM VÍTIMA,,1,,,,1,,,,1,,,,,,,,,,,,,,
2018-03-14,07:35:00,SEM VÍTIMA,FINALIZADA,BOA VIAGEM,AV CONSELHEIRO AGUIAR,,,NO SEMAFORO Nº146,AV CONSELHEIRO AGUIAR,,NO SEMAFORO Nº146,BOA VIAGEM,,,COLISÃO,COL.S/V,1,,,,,1,,,,0,,,,,,,,,,,,,,
2018-03-14,07:55:00,SEM VÍTIMA,CANCELADA,ENGENHO DO MEIO,RUA BOM PASTOR,451,,E/F A SUSHI E CIA.,RUA BOM PASTOR,451,E/F A SUSHI E CIA.,ENGENHO DO MEIO,,,COLISÃO,SEM VÍTIMAS,1,1,,,,,,,,0,,,,,,,,,,,,,,
2018-03-14,08:10:00,SEM VÍTIMA,FINALIZADA,SANTO AMARO,RUA DO SOL,,,EM FRENTE AO TEATRO SANTA ISABEL,RUA DO SOL,,EM FRENTE AO TEATRO SANTA ISABEL,SANTO AMARO,,,COLISÃO,DOIS AUTOS VT 24 NO QTH,2,,,,,,,,,0,,,,,,,,,,,,,,
2018-03-14,08:28:00,COM VÍTIMA,FINALIZADA,BOA VIAGEM,AVENIDA CELSO FURTADO (VIA MANGUE),,,NAS PROXIMIDADES DO EXTRA,AVENIDA CELSO FURTADO (VIA MANGUE),,NAS PROXIMIDADES DO EXTRA,BOA VIAGEM,,,COLISÃO,COLISÃO ENTRE AUTO E MOTO  COM VÍTIMA,1,1,,,,,,,,1,,,,,,,,,,,,,,
2018-03-14,09:15:00,SEM VÍTIMA,FINALIZADA,IMBIRIBEIRA,AV MARECHAL MASCARENHAS DE MORAES,1528,,E/F AO DEPOSITO DA LASER ELETRO  SENTIDO AFOGADOS. SEMÁFORO 287,AV MARECHAL MASCARENHAS DE MORAES,1528,E/F AO DEPOSITO DA LASER ELETRO  SENTIDO AFOGADOS. SEMÁFORO 287,IMBIRIBEIRA,,,COLISÃO,SEM VÍTIMAS,1,,,,,1,,,,0,,,,,,,,,,,,,,
2018-03-14,09:30:00,SEM VÍTIMA,FINALIZADA,MADALENA,RUA REAL DA TORRE,,,EM BAIXO DO TUNEO DA ABOLIÇAO,RUA REAL DA TORRE,,EM BAIXO DO TUNEO DA ABOLIÇAO,MADALENA,,,COLISÃO,TRES AUTOS // VT 14 NO QTH,3,,,,,,,,,0,,,,,,,,,,,,,,
2018-03-14,10:01:00,SEM VÍTIMA,FINALIZADA,BOA VIAGEM,AV HERCULANO BANDEIRA,855,,EM FRENTE DA RIQUE MOVES,AV HERCULANO BANDEIRA,855,EM FRENTE DA RIQUE MOVES,BOA VIAGEM,,,COLISÃO,COL.S/V GM JA NO LOCAL PONTO PX,2,,,,,,,,,0,,,,,,,,,,,,,,
2018-03-14,10:31:00,SEM VÍTIMA,FINALIZADA,VÁRZEA,RUA PROFESSOR ANTONIO COELHO,495,,AO LADO DO COLEGIO PONTUAL,RUA PROFESSOR ANTONIO COELHO,495,AO LADO DO COLEGIO PONTUAL,VÁRZEA,,,COLISÃO,COLISÃO SEM VÍTIMA,2,,,,,,,,,0,,,,,,,,,,,,,,
2018-03-14,12:00:00,SEM VÍTIMA,FINALIZADA,IMBIRIBEIRA,AV MARECHAL MASCARENHAS DE MORAES,,,NA SAÍDA DA AVENIDA RECIFE  SENTIDO AEROPORTO.,AV MARECHAL MASCARENHAS DE MORAES,,NA SAÍDA DA AVENIDA RECIFE  SENTIDO AEROPORTO.,IMBIRIBEIRA,,,COLISÃO,COLISÃO SEM VÍTIMA  ENTRE UM AUTO E UM CAMINHÃO.,1,,,,,,1,,,0,,,,,,,,,,,,,,
2018-03-14,12:12:00,SEM VÍTIMA,CANCELADA,PINA,RUA MIRANDA FALCAO,50,,EM FRENTE A GALERIA SANTA RITA,RUA MIRANDA FALCAO,50,EM FRENTE A GALERIA SANTA RITA,PINA,,,COLISÃO,COLISÃO SEM VÍTIMA,2,,,,,,,,,0,,,,,,,,,,,,,,
2018-03-14,12:18:00,COM VÍTIMA,FINALIZADA,CAXANGÁ,RUA DOUTOR DUSTAN DE CARVALHO SOARES,40B,,POR TRÁS DO MOTEL TURQUESA,RUA DOUTOR DUSTAN DE CARVALHO SOARES,40B,POR TRÁS DO MOTEL TURQUESA,CAXANGÁ,,,COLISÃO,COLISÃO COM VÍTIMA,1,1,,,,,,,,1,,,,,,,,,,,,,,
2018-03-14,12:41:00,SEM VÍTIMA,FINALIZADA,CASA FORTE,RUA SANTANA,33,,EM FRENTE AO EDIFICIO PORTAL DE CASA FORTE,RUA SANTANA,33,EM FRENTE AO EDIFICIO PORTAL DE CASA FORTE,CASA FORTE,,,COLISÃO,COLISÃO SEM VÍTIMA,2,,,,,,,,,0,,,,,,,,,,,,,,
2018-03-14,12:48:00,COM VÍTIMA,FINALIZADA,PRADO,RUA CARLOS GOMES,713,,GALERIA SANTA EDWIRGES,RUA CARLOS GOMES,713,GALERIA SANTA EDWIRGES,PRADO,,,COLISÃO,COLISÃO COM VÍTIMA,1,1,,,,,,,,1,,,,,,,,,,,,,,
2018-03-14,13:46:00,COM VÍTIMA,FINALIZADA,SANTO AMARO,AV GOVERNADOR AGAMENON MAGALHAES,,,E/F A REITORIA DA UPE,AV GOVERNADOR AGAMENON MAGALHAES,,E/F A REITORIA DA UPE,SANTO AMARO,,,COLISÃO,COLISAO DE AUTO E MOTO COM UMA VITIMA,1,1,,,,,,,,1,,,,,,,,,,,,,,
2018-03-14,14:12:00,SEM VÍTIMA,FINALIZADA,IBURA,RUA PINTOR AGENOR DE ALBUQUERQUE CESAR,50,,PROXIMO A CLINICA POPULAR,RUA PINTOR AGENOR DE ALBUQUERQUE CESAR,50,PROXIMO A CLINICA POPULAR,IBURA,,,COLISÃO,COLISÃO SEM VÍTIMA,2,,,,,,,,,0,,,,,,,,,,,,,,
2018-03-14,14:18:00,SEM VÍTIMA,FINALIZADA,SANTO AMARO,AV CRUZ CABUGA,,,PROX. AO SHOPPING  SENTIDO OLINDA,AV CRUZ CABUGA,,PROX. AO SHOPPING  SENTIDO OLINDA,SANTO AMARO,,,COLISÃO,DOIS AUTOS,2,,,,,,,,,0,,,,,,,,,,,,,,
2018-03-14,14:42:00,SEM VÍTIMA,FINALIZADA,SAN MARTIN,AV GENERAL SAN MARTIN,,,SEMAFORO 326  EM FRENTE A PRAÇA DA CAVALARIA,AV GENERAL SAN MARTIN,,SEMAFORO 326  EM FRENTE A PRAÇA DA CAVALARIA,SAN MARTIN,,,COLISÃO,DOIS AUTOS S/V,2,,,,,,,,,0,,,,,,,,,,,,,,
2018-03-14,14:53:00,SEM VÍTIMA,FINALIZADA,ROSARINHO,AV SANTOS DUMONT,,,AO LADO DA PRAÇA DO ROSARINHO E/F AO POSTO BR,AV SANTOS DUMONT,,AO LADO DA PRAÇA DO ROSARINHO E/F AO POSTO BR,ROSARINHO,,,COLISÃO,,1,1,,,,,,,,0,,,,,,,,,,,,,,
2018-03-14,14:57:00,SEM VÍTIMA,FINALIZADA,CAXANGÁ,AV CAXANGA,4477,,EM FRENTE AO GOLF CLUB SENTIDO CAMARGIBE/ CENTRO,AV CAXANGA,4477,EM FRENTE AO GOLF CLUB SENTIDO CAMARGIBE/ CENTRO,CAXANGÁ,,,ENGAVETAMENTO,TRES AUTOS S/V,3,,,,,,,,,0,,,,,,,,,,,,,,
2018-03-14,15:26:00,SEM VÍTIMA,FINALIZADA,BOA VIAGEM,RUA RIBEIRO DE BRITO,900,,EM FRENTE AO EMPRESARIAL RIBEIRO DE BRITO,RUA RIBEIRO DE BRITO,900,EM FRENTE AO EMPRESARIAL RIBEIRO DE BRITO,BOA VIAGEM,,,COLISÃO,COLISÃO SEM VÍTIMA,2,,,,,,,,,0,,,,,,,,,,,,,,