data,hora,natureza_acidente,situacao,bairro,endereco,numero,detalhe_endereco_acidente,complemento,endereco_cruzamento,numero_cruzamento,referencia_cruzamento,bairro_cruzamento,num_semaforo,sentido_via,tipo,descricao,auto,moto,ciclom,ciclista,pedestre,onibus,caminhao,viatura,outros,vitimas,vitimasfatais,acidente_verificado,tempo_clima,situacao_semaforo,sinalizacao,condicao_via,conservacao_via,ponto_controle,situacao_placa,velocidade_max_via,mao_direcao,divisao_via1,divisao_via2,divisao_via3
2018-03-14,15:28:00,SEM VÍTIMA,FINALIZADA,ESPINHEIRO,AV GOVERNADOR AGAMENON MAGALHAES,,,PISTA LOCAL  EM FRENTE AO PORTUGUES  SENTIDO BOA VIAGEM,AV GOVERNADOR AGAMENON MAGALHAES,,PISTA LOCAL  EM FRENTE AO PORTUGUES  SENTIDO BOA VIAGEM,ESPINHEIRO,,,COLISÃO,DOIS AUTOS S/V,2,,,,,,,,,0,,,,,,,,,,,,,,
2018-03-14,16:00:00,SEM VÍTIMA,FINALIZADA,BOA VISTA,RUA DO HOSPICIO,,,NO SEMÁFORO 023,RUA DO HOSPICIO,,NO SEMÁFORO 023,BOA VISTA,,,COLISÃO,COLISÃO SEM VÍTIMA,,1,,,,,,1,,0,,,,,,,,,,,,,,
2018-03-14,16:07:00,SEM VÍTIMA,FINALIZADA,BOA VIAGEM,AV ENGENHEIRO DOMINGOS FERREIRA,240,,ANTES DO CARREFOUR,AV ENGENHEIRO DOMINGOS FERREIRA,240,ANTES DO CARREFOUR,BOA VIAGEM,,,COLISÃO,COLISAO DE ONIBUS E AUTO S/V,1,,,,,1,,,,0,,,,,,,,,,,,,,
2018-03-14,17:14:00,SEM VÍTIMA,FINALIZADA,SAN MARTIN,AV GENERAL SAN MARTIN,1371,,AO LADO DA FACULDADE ESTACIO E/F AO IPA,AV GENERAL SAN MARTIN,1371,AO LADO DA FACULDADE ESTACIO E/F AO IPA,SAN MARTIN,,,COLISÃO,COLISAO DE VT DA POLICIA AUTO S/V,2,,,,,,,,,0,,,,,,,,,,,,,,
2018-03-14,17:32:00,SEM VÍTIMA,FINALIZADA,ESPINHEIRO,RUA AMELIA,280,RUA DO ESPINHEIRO,CRUZAMENTO COM RUA DO ESPINHEIRO,RUA AMELIA,280,CRUZAMENTO COM RUA DO ESPINHEIRO,ESPINHEIRO,,,COLISÃO,DOIS AUTOS S/V,2,,,,,,,,,0,,,,,,,,,,,,,,
2018-03-14,17:36:00,SEM VÍTIMA,FINALIZADA,BOA VISTA,RUA DA SOLEDADE,,,EM FRENTE AO ALTINO VENTURA,RUA DA SOLEDADE,,EM FRENTE AO ALTINO VENTURA,BOA VISTA,,,COLISÃO,CAMINHAO PEQUENO E AUTO,1,,,,,,1,,,0,,,,,,,,,,,,,,
2018-03-14,18:20:00,SEM VÍTIMA,FINALIZADA,TORRÕES,RUA GOMES TABORDA,1720,,E/F RESTAURANTE ARROCHADINHO/ GALERIA NORONHA CENTER,RUA GOMES TABORDA,1720,E/F RESTAURANTE ARROCHADINHO/ GALERIA NORONHA CENTER,TORRÕES,,,COLISÃO,COLISÃO SEM VÍTIMA,1,,,,,1,,,,0,,,,,,,,,,,,,,
2018-03-14,18:29:00,COM VÍTIMA,FINALIZADA,AREIAS,AV RECIFE,,RUA GREGORIO CALDAS,PROX. AO WALMART  NO SEMAFORO 494 COM A RUA GREGORIO CALDAS,AV RECIFE,,PROX. AO WALMART  NO SEMAFORO 494 COM A RUA GREGORIO CALDAS,AREIAS,,,COLISÃO,AUTO E MOTO,1,1,,,,,,,,1,,,,,,,,,,,,,,
2018-03-14,18:30:00,SEM VÍTIMA,FINALIZADA,AFOGADOS,RUA DA PAZ,,,APOS A ASA INDUSTRIA APOS A PONTE MOTOCOLOBÓ SENTIDO AEROPORTO EM FRENTE A IGREJA UNIVERSAL,RUA DA PAZ,,APOS A ASA INDUSTRIA APOS A PONTE MOTOCOLOBÓ SENTIDO AEROPORTO EM FRENTE A IGREJA UNIVERSAL,AFOGADOS,,,COLISÃO,COLISÃO SEM VÍTIMA,1,,,,,,1,,,0,,,,,,,,,,,,,,
2018-03-14,19:33:00,SEM VÍTIMA,CANCELADA,SANTO AMARO,AV VISCONDE DE SUASSUNA,369,,EM FRENTE AO EDF. NOBRE,AV VISCONDE DE SUASSUNA,369,EM FRENTE AO EDF. NOBRE,SANTO AMARO,,,COLISÃO,CARRO FORTE E AUTO,1,,,,,,,,1,0,,,,,,,,,,,,,,
2018-03-14,20:03:00,SEM VÍTIMA,FINALIZADA,IMBIRIBEIRA,AV MARECHAL MASCARENHAS DE MORAES,,,EMBAIXO DO VIADUTO TANCREDO NEVES  SENT. SUBURBIO/ CIDADE,AV MARECHAL MASCARENHAS DE MORAES,,EMBAIXO DO VIADUTO TANCREDO NEVES  SENT. SUBURBIO/ CIDADE,IMBIRIBEIRA,,,COLISÃO,ONIBUS E AUTO,1,,,,,1,,,,0,,,,,,,,,,,,,,
2018-03-14,20:17:00,SEM VÍTIMA,FINALIZADA,TAMARINEIRA,RUA NETO DE MENDONCA,25,,EM FRENTE AO EDF. MAIA  PROX. AO PARQUE DA JAQUEIRA,RUA NETO DE MENDONCA,25,EM FRENTE AO EDF. MAIA  PROX. AO PARQUE DA JAQUEIRA,TAMARINEIRA,,,COLISÃO,DOIS AUTOS,2,,,,,,,,,0,,,,,,,,,,,,,,
2018-03-14,21:47:00,SEM VÍTIMA,FINALIZADA,BOA VIAGEM,AV CONSELHEIRO AGUIAR,3645,,APOS O BANCO ITAU,AV CONSELHEIRO AGUIAR,3645,APOS O BANCO ITAU,BOA VIAGEM,,,COLISÃO,DOIS AUTOS,2,,,,,,,,,0,,,,,,,,,,,,,,
2018-03-15,,COM VÍTIMA,FINALIZADA,IMBIRIBEIRA,AV MARECHAL MASCARENHAS DE MORAES,,,EM FRENTE A CAIXA ECONÔMICA DO AEROPORTO,AV MARECHAL MASCARENHAS DE MORAES,,EM FRENTE A CAIXA ECONÔMICA DO AEROPORTO,IMBIRIBEIRA,,,COLISÃO,COLISÃO ENTRE AUTO E CARROÇA COM VÍTIMA,1,,,,,,,,1,1,,,,,,,,,,,,,,
2018-03-15,07:34:00,SEM VÍTIMA,CANCELADA,MADALENA,AV CAXANGA,,,SOBRE O TÚNEL DA ABOLIÇÃO  SENTIDO DERBY,AV CAXANGA,,SOBRE O TÚNEL DA ABOLIÇÃO  SENTIDO DERBY,MADALENA,,,COLISÃO,SEM VÍTIMAS,1,1,,,,,,,,0,,,,,,,,,,,,,,
2018-03-15,07:41:00,SEM VÍTIMA,FINALIZADA,BOMBA DO HEMETÉRIO,RUA BOMBA DO HEMETERIO,662,,PROX. A UNIVERSAL  EM FRENTE A DROGARIA POPULA,RUA BOMBA DO HEMETERIO,662,PROX. A UNIVERSAL  EM FRENTE A DROGARIA POPULA,BOMBA DO HEMETÉRIO,,,COLISÃO,COLISAO ENTRE DOIS AUTOS,2,,,,,,,,,0,,,,,,,,,,,,,,
2018-03-15,08:13:00,SEM VÍTIMA,FINALIZADA,CAXANGÁ,AV CAXANGA,,,EM FRENTE AO HOSPITAL SANTA TEREZINHA  E O POSTO DISLUB  SENTIDO CENTRO,AV CAXANGA,,EM FRENTE AO HOSPITAL SANTA TEREZINHA  E O POSTO DISLUB  SENTIDO CENTRO,CAXANGÁ,,,COLISÃO,DOIS AUTOS SV,2,,,,,,,,,0,,,,,,,,,,,,,,
2018-03-15,08:31:00,COM VÍTIMA,FINALIZADA,ILHA JOANA BEZERRA,AV DES GUERRA BARRETO,,,APÓS A AACD  SENTIDO AV. GOV AGAMENON MAGALHÃES,AV DES GUERRA BARRETO,,APÓS A AACD  SENTIDO AV. GOV AGAMENON MAGALHÃES,ILHA JOANA BEZERRA,,,COLISÃO,COM UMA VÍTIMA.,1,,,,,1,,,,1,,,,,,,,,,,,,,
2018-03-15,08:50:00,COM VÍTIMA,CANCELADA,AFOGADOS,RUA SAO MIGUEL,176,,EM FRENTE AO DEPATRI SENT/AFOGADOS,RUA SAO MIGUEL,176,EM FRENTE AO DEPATRI SENT/AFOGADOS,AFOGADOS,,,COLISÃO,SEM VITIMAS,1,1,,,,,,,,1,,,,,,,,,,,,,,
2018-03-15,09:19:00,SEM VÍTIMA,FINALIZADA,ILHA DO RETIRO,AV ENGENHEIRO ABDIAS DE CARVALHO,,,POSTO IPIRANGA  SEMAFORO 355 SENT/ BR 232,AV ENGENHEIRO ABDIAS DE CARVALHO,,POSTO IPIRANGA  SEMAFORO 355 SENT/ BR 232,ILHA DO RETIRO,,,COLISÃO,SEM VITIMAS,1,,,,,,1,,,0,,,,,,,,,,,,,,
2018-03-15,09:19:00,SEM VÍTIMA,FINALIZADA,SÃO JOSÉ,AV SUL,1148,,EM BAIXO DO VIA DUTO CAPITAO TEMUDO,AV SUL,1148,EM BAIXO DO VIA DUTO CAPITAO TEMUDO,SÃO JOSÉ,,,ENGAVETAMENTO,TRES AUTOS S/V,3,,,,,,,,,0,,,,,,,,,,,,,,
2018-03-15,09:40:00,COM VÍTIMA,FINALIZADA,IPUTINGA,RUA BOM PASTOR,430,,E/F A GALERIA MARCELA CENTER,RUA BOM PASTOR,430,E/F A GALERIA MARCELA CENTER,IPUTINGA,,,COLISÃO,COM UMA VÍTIMA.,1,1,,,,,,,,1,,,,,,,,,,,,,,
2018-03-15,09:54:00,SEM VÍTIMA,FINALIZADA,PINA,AV REPUBLICA DO LIBANO,,,PROX. AO RIOMAR,AV REPUBLICA DO LIBANO,,PROX. AO RIOMAR,PINA,,,COLISÃO,DOIS AUTOS,2,,,,,,,,,0,,,,,,,,,,,,,,
2018-03-15,09:57:00,SEM VÍTIMA,CANCELADA,IPUTINGA,RUA MAURICIO DE NASSAU,,RUA NOSSA SENHORA DA SAUDE,SEMAFORO 088  CRUZAMENTO COM A RUA NOSSA SENHORA DA SAUDE .,RUA MAURICIO DE NASSAU,,SEMAFORO 088  CRUZAMENTO COM A RUA NOSSA SENHORA DA SAUDE .,IPUTINGA,,,COLISÃO,SEM VITIMAS,1,,,,,,1,,,0,,,,,,,,,,,,,,
2018-03-15,10:02:00,SEM VÍTIMA,FINALIZADA,SANTO AMARO,AV CRUZ CABUGA,,,EM FRENTE AO HOSPITAL DA MARINHA,AV CRUZ CABUGA,,EM FRENTE AO HOSPITAL DA MARINHA,SANTO AMARO,,,COLISÃO,COLISÃO SEM VITIMA,,,,,,,,,,0,,,,,,,,,,,,,,
2018-03-15,10:09:00,SEM VÍTIMA,FINALIZADA,FUNDÃO,AV BEBERIBE,1136,,EM FRENTE AO PAGODE DA PRESSÃO,AV BEBERIBE,1136,EM FRENTE AO PAGODE DA PRESSÃO,FUNDÃO,,,COLISÃO,SEM VITIMAS,1,,,,,1,,,,0,,,,,,,,,,,,,,
2018-03-15,10:22:00,SEM VÍTIMA,FINALIZADA,ALTO DO MANDU,RUA CONDURU,25,RUA MACARANDUBA,ESQUINA COM RUA MAÇARANDUBA,RUA CONDURU,25,ESQUINA COM RUA MAÇARANDUBA,ALTO DO MANDU,,,COLISÃO,DOIS AUTOS S/V,2,,,,,,,,,0,,,,,,,,,,,,,,
2018-03-15,11:45:00,COM VÍTIMA,FINALIZADA,CAXANGÁ,AV CAXANGA,,,EM FRENTE À FAC. STA. HELENA,AV CAXANGA,,EM FRENTE À FAC. STA. HELENA,CAXANGÁ,,,COLISÃO,COLISÃO ENTRE CARRETA E MOTOCICLETA,,1,,,,,1,,,1,,,,,,,,,,,,,,
2018-03-15,12:06:00,SEM VÍTIMA,FINALIZADA,MADALENA,RUA ARLINDO GOUVEIA,100,,PROXIMO AO INTERNACIONAL,RUA ARLINDO GOUVEIA,100,PROXIMO AO INTERNACIONAL,MADALENA,,,COLISÃO,COLISÃO SEM VÍTIMA,3,,,,,,,,,0,,,,,,,,,,,,,,
2018-03-15,12:37:00,SEM VÍTIMA,FINALIZADA,TORRE,AV BEIRA RIO,71,,SEMAFORO 387,AV BEIRA RIO,71,SEMAFORO 387,TORRE,,,COLISÃO,DOIS AUTOS,2,,,,,,,,,0,,,,,,,,,,,,,,
2018-03-15,13:45:00,SEM VÍTIMA,FINALIZADA,BOA VIAGEM,RUA LIBIA CASTRO ASSIS,59,,PROX. A PIZZARIA DOMINO´S,RUA LIBIA CASTRO ASSIS,59,PROX. A PIZZARIA DOMINO´S,BOA VIAGEM,,,COLISÃO,DOIS AUTOS S/V,2,,,,,,,,,0,,,,,,,,,,,,,,
2018-03-15,14:48:00,SEM VÍTIMA,FINALIZADA,AFOGADOS,LARGO DA PAZ,,,EM FRENTE AO TERMINAL INTEGRADO LARGO DA PAZ,LARGO DA PAZ,,EM FRENTE AO TERMINAL INTEGRADO LARGO DA PAZ,AFOGADOS,,,COLISÃO,COLISÃO SEM VÍTIMA,1,,,,,,1,,,0,,,,,,,,,,,,,,
2018-03-15,14:49:00,SEM VÍTIMA,FINALIZADA,BARRO,RUA AMADOR ARAUJO,542,,E/F AO CEMITERIO DO BARRO,RUA AMADOR ARAUJO,542,E/F AO CEMITERIO DO BARRO,BARRO,,,COLISÃO,COLISAO DE DOIS AUTOS S/V,2,,,,,,,,,0,,,,,,,,,,,,,,
2018-03-15,14:56:00,COM VÍTIMA,FINALIZADA,BOA VIAGEM,AV CONSELHEIRO AGUIAR,1748,,EM FRENTE AO RESTAURANTE GRAND CRU,AV CONSELHEIRO AGUIAR,1748,EM FRENTE AO RESTAURANTE GRAND CRU,BOA VIAGEM,,,COLISÃO,COLISÃO COM VÍTIMA,1,1,,,,,,,,1,,,,,,,,,,,,,,
2018-03-15,14:58:00,,CANCELADA,BOA VIAGEM,AV BOA VIAGEM,,,EM FRENTE À PADARIA BOA VIAGEM,AV BOA VIAGEM,,EM FRENTE À PADARIA BOA VIAGEM,BOA VIAGEM,,,COLISÃO,COLISÃO SEM VITIMA,,,,,,,,,,0,,,,,,,,,,,,,,
2018-03-15,15:04:00,SEM VÍTIMA,FINALIZADA,BOA VIAGEM,AV BOA VIAGEM,2938,,EM FRENTE AO EDIFICIO SANTO INACIO,AV BOA VIAGEM,2938,EM FRENTE AO EDIFICIO SANTO INACIO,BOA VIAGEM,,,COLISÃO,COLISÃO SEM VÍTIMA,2,,,,,,,,,0,,,,,,,,,,,,,,
2018-03-15,15:24:00,SEM VÍTIMA,FINALIZADA,CABANGA,VDO PAPA JOAO PAULO II,,,NA SUBIDA DO VIADUTO  SENTIDO OLINDA,VDO PAPA JOAO PAULO II,,NA SUBIDA DO VIADUTO  SENTIDO OLINDA,CABANGA,,,COLISÃO,AUTO E CAMINHAO,1,,,,,,1,,,0,,,,,,,,,,,,,,
2018-03-15,15:29:00,SEM VÍTIMA,FINALIZADA,SAN MARTIN,AV CONSUL VILARES FRAGOSO,683,,AO LADO DA CAVALARIA DA PM,AV CONSUL VILARES FRAGOSO,683,AO LADO DA CAVALARIA DA PM,SAN MARTIN,,,COLISÃO,COLISAO DE DOIS AUTOS S/V,2,,,,,,,,,0,,,,,,,,,,,,,,
2018-03-15,15:44:00,SEM VÍTIMA,FINALIZADA,IMBIRIBEIRA,AV MARECHAL MASCARENHAS DE MORAES,,,NO AEROPORTO VT 31 NO LOCAL,AV MARECHAL MASCARENHAS DE MORAES,,NO AEROPORTO VT 31 NO LOCAL,IMBIRIBEIRA,,,COLISÃO,COLISAO DE DOIS AUTOS S/V,2,,,,,,,,,0,,,,,,,,,,,,,,
2018-03-15,16:40:00,SEM VÍTIMA,CANCELADA,SOLEDADE,RUA BARAO DE SAO BORJA,278,,EM FRENTE A ESCOLA MUNICIPAL PEDRO AUGUSTO,RUA BARAO DE SAO BORJA,278,EM FRENTE A ESCOLA MUNICIPAL PEDRO AUGUSTO,SOLEDADE,,,COLISÃO,COLISÃO SEM VÍTIMA,2,,,,,,,,,0,,,,,,,,,,,,,,
2018-03-15,18:04:00,SEM VÍTIMA,EQUIPE EM DESLOCAMENTO,SANTO AMARO,AV CRUZ CABUGA,,,EM FRENTE A COMPESA SENT. OLINDA AO LADO DO BRT,AV CRUZ CABUGA,,EM FRENTE A COMPESA SENT. OLINDA AO LADO DO BRT,SANTO AMARO,,,COLISÃO,ONIBUS E AUTO,1,,,,,1,,,,0,,,,,,,,,,,,,,
2018-03-15,18:35:00,SEM VÍTIMA,FINALIZADA,SÃO JOSÉ,AV SUL,,,NO SEMAFORO 072  EMBAIXO DO VIADUTO DAS 5 PONTAS,AV SUL,,NO SEMAFORO 072  EMBAIXO DO VIADUTO DAS 5 PONTAS,SÃO JOSÉ,,,COLISÃO,AUTO E ONIBUS,1,,,,,1,,,,0,,,,,,,,,,,,,,
2018-03-15,18:37:00,SEM VÍTIMA,FINALIZADA,BOA VIAGEM,AV CONSELHEIRO AGUIAR,,RUA ERNESTO DE PAULA SANTOS,NO CRUZAMENTO COM A ERNESTO DE PAULA SANTOS/ APÓS O EXTRA,AV CONSELHEIRO AGUIAR,,NO CRUZAMENTO COM A ERNESTO DE PAULA SANTOS/ APÓS O EXTRA,BOA VIAGEM,,,COLISÃO,ONIBUS E AUTO,1,,,,,1,,,,0,,,,,,,,,,,,,,
2018-03-15,21:24:00,COM VÍTIMA,FINALIZADA,AREIAS,RUA ELIZEU CESAR,219,,APOS O ANTIGO COLEGIO WALT DISNEY,RUA ELIZEU CESAR,219,APOS O ANTIGO COLEGIO WALT DISNEY,AREIAS,,,COLISÃO,MOTO DA PM E AUTO,1,1,,,,,,,,1,,,,,,,,,,,,,,
2018-03-15,21:55:00,SEM VÍTIMA,CANCELADA,IMBIRIBEIRA,AV MARECHAL MASCARENHAS DE MORAES,,,AO LADO DA UPA  SENT. CIDADE EM FRENTE AO CLUBE RODOVIARIO,AV MARECHAL MASCARENHAS DE MORAES,,AO LADO DA UPA  SENT. CIDADE EM FRENTE AO CLUBE RODOVIARIO,IMBIRIBEIRA,,,COLISÃO,DOIS AUTOS,2,,,,,,,,,0,,,,,,,,,,,,,,
2018-03-16,07:39:00,SEM VÍTIMA,FINALIZADA,ENCRUZILHADA,RUA FERNANDO CESAR,65,,EM FRENTE A SECRETARIA DE MEIO AMBIENTE E SUSTENTABILIDADE DO RECIFE,RUA FERNANDO CESAR,65,EM FRENTE A SECRETARIA DE MEIO AMBIENTE E SUSTENTABILIDADE DO RECIFE,ENCRUZILHADA,,,COLISÃO,COLISAO DE ONIBUS E AUTO S/V,1,,,,,1,,,,0,,,,,,,,,,,,,,
2018-03-16,07:41:00,SEM VÍTIMA,FINALIZADA,CAXANGÁ,AV CAXANGA,833,,E/F A WILL MOTOS  SENTIDO CIDADE. SEMÁFORO 274,AV CAXANGA,833,E/F A WILL MOTOS  SENTIDO CIDADE. SEMÁFORO 274,CAXANGÁ,,,COLISÃO,SEM VÍTIMAS,2,,,,,,,,,0,,,,,,,,,,,,,,
2018-03-16,08:05:00,SEM VÍTIMA,CANCELADA,CIDADE UNIVERSITÁRIA,RUA PROFESSOR CHAVES BATISTA,56,,AO LADO DO RESTAURANTE BOI E BRASA,RUA PROFESSOR CHAVES BATISTA,56,AO LADO DO RESTAURANTE BOI E BRASA,CIDADE UNIVERSITÁRIA,,,COLISÃO,SEM VITIMAS,2,,,,,,,,,0,,,,,,,,,,,,,,
2018-03-16,08:21:00,SEM VÍTIMA,FINALIZADA,CIDADE UNIVERSITÁRIA,RUA PROFESSOR ANTONIO COELHO,50,,E/F AO COLÉGIO DESAFIO  NO LADO DIREITO DA VIA.,RUA PROFESSOR ANTONIO COELHO,50,E/F AO COLÉGIO DESAFIO  NO LADO DIREITO DA VIA.,CIDADE UNIVERSITÁRIA,,,COLISÃO,SEM VÍTIMAS.,2,,,,,,,,,0,,,,,,,,,,,,,,
2018-03-16,08:39:00,SEM VÍTIMA,FINALIZADA,BOA VIAGEM,RUA ANTONIO FALCAO,,AV ENG DOMINGOS FERREIRA,COM AV DOMINGOS FERREIRA NO SEMAFORO 145,RUA ANTONIO FALCAO,,COM AV DOMINGOS FERREIRA NO SEMAFORO 145,BOA VIAGEM,,,COLISÃO,COLISAO DE CAMINHAO E TAXI S/V,1,,,,,,,,,0,,,,,,,,,,,,,,
2018-03-16,08:47:00,SEM VÍTIMA,FINALIZADA,DERBY,AV RUI BARBOSA,,,SENTIDO AV GOV. AGAMENON MAGALHÃES. SEMÁFORO 037,AV RUI BARBOSA,,SENTIDO AV GOV. AGAMENON MAGALHÃES. SEMÁFORO 037,DERBY,,,COLISÃO,SEM VÍTIMAS,2,,,,,,,,,0,,,,,,,,,,,,,,
2018-03-16,08:49:00,COM VÍTIMA,FINALIZADA,ROSARINHO,RUA COUTO MAGALHAES,146,,EM FRENTE A BARRACA DO ALCIDES HA 100 METROS DA AV BEBERIBE,RUA COUTO MAGALHAES,146,EM FRENTE A BARRACA DO ALCIDES HA 100 METROS DA AV BEBERIBE,ROSARINHO,,,COLISÃO,COM UMA VITIMA SOCORRIDA PELO SAMU,2,1,,,,,,,,1,,,,,,,,,,,,,,
2018-03-16,09:45:00,SEM VÍTIMA,FINALIZADA,BOA VIAGEM,RUA ANTONIO PEDRO DE FIGUEIREDO,,,E/F AO POSTO SHELL,RUA ANTONIO PEDRO DE FIGUEIREDO,,E/F AO POSTO SHELL,BOA VIAGEM,,,COLISÃO,COLISAO DE DOIS AUTOS S/V,2,,,,,,,,,0,,,,,,,,,,,,,,
2018-03-16,09:53:00,SEM VÍTIMA,FINALIZADA,CASA AMARELA,RUA PROFESSOR ALVARO LIMA,55,,E/F PROX A ACADEMIA SIMETRIA,RUA PROFESSOR ALVARO LIMA,55,E/F PROX A ACADEMIA SIMETRIA,CASA AMARELA,,,COLISÃO,COLISAO DE DOIS AUTOS S/V,1,,,,,,,,,0,,,,,,,,,,,,,,
2018-03-16,10:05:00,SEM VÍTIMA,FINALIZADA,IMBIRIBEIRA,AV GENERAL MAC ARTHUR,,AV MAL MASCARENHAS DE MORAES,COM MASCARENHAS DE MORAES  SEMÁFORO 225,AV GENERAL MAC ARTHUR,,COM MASCARENHAS DE MORAES  SEMÁFORO 225,IMBIRIBEIRA,,,CHOQUE,CAMINHÃO E POSTE,,,,,,,,,,0,,,,,,,,,,,,,,
2018-03-16,10:17:00,SEM VÍTIMA,FINALIZADA,IMBIRIBEIRA,RUA CONDE PEREIRA CARNEIRO,305,,E/F AO EDF. MIRANTE OCEANICO. (APÓS PASSAR SOB O PONTILHÃO DO METRÔ ANTONIO FALCÃO ENTRAR NA PRIMEIRA A DIREITA.),RUA CONDE PEREIRA CARNEIRO,305,E/F AO EDF. MIRANTE OCEANICO. (APÓS PASSAR SOB O PONTILHÃO DO METRÔ ANTONIO FALCÃO ENTRAR NA PRIMEIRA A DIREITA.),IMBIRIBEIRA,,,COLISÃO,SEM VÍTIMAS,2,,,,,,,,,0,,,,,,,,,,,,,,
2018-03-16,10:29:00,SEM VÍTIMA,FINALIZADA,CORDEIRO,AV CAXANGA,,AV GENERAL SAN MARTIN,SEMAFORO 080 CRUZAMENTO COM A AV GENERAL SAN MARTIN,AV CAXANGA,,SEMAFORO 080 CRUZAMENTO COM A AV GENERAL SAN MARTIN,CORDEIRO,,,COLISÃO,SEM VITIMAS,2,,,,,,,,,0,,,,,,,,,,,,,,
2018-03-16,11:21:00,COM VÍTIMA,FINALIZADA,CORDEIRO,RUA EURICO DE SOUZA LEAO,448,,E/F AO IMPÉRIO DOS BICHOS,RUA EURICO DE SOUZA LEAO,448,E/F AO IMPÉRIO DOS BICHOS,CORDEIRO,,,COLISÃO,COM UMA VÍTIMA,1,1,,,,,,,,1,,,,,,,,,,,,,,
2018-03-16,12:13:00,SEM VÍTIMA,FINALIZADA,MADALENA,AV CAXANGA,1484,,SEMAFORO 080  SENTIDO CID/SUB,AV CAXANGA,1484,SEMAFORO 080  SENTIDO CID/SUB,MADALENA,,,COLISÃO,CAMINHAO E ONIBUS DA MOBI,,,,,,1,1,,,0,,,,,,,,,,,,,,
2018-03-16,12:28:00,SEM VÍTIMA,FINALIZADA,GRAÇAS,RUA AMELIA,637,,E/F A ACADEMIA HI,RUA AMELIA,637,E/F A ACADEMIA HI,GRAÇAS,,,COLISÃO,COLISAO DE AUTO E MOTO S/V,1,1,,,,,,,,0,,,,,,,,,,,,,,
2018-03-16,12:29:00,SEM VÍTIMA,FINALIZADA,BOA VIAGEM,AV CONSELHEIRO AGUIAR,182,,EM FRENTE A VIA CAR,AV CONSELHEIRO AGUIAR,182,EM FRENTE A VIA CAR,BOA VIAGEM,,,COLISÃO,AUTO E ONIBUS,1,,,,,1,,,,0,,,,,,,,,,,,,,
2018-03-16,12:33:00,SEM VÍTIMA,FINALIZADA,HIPÓDROMO,RUA FONSECA OLIVEIRA,278,,EM FRENTE AO NUCLEO DA POLICIA,RUA FONSECA OLIVEIRA,278,EM FRENTE AO NUCLEO DA POLICIA,HIPÓDROMO,,,COLISÃO,COLISÃO SEM VÍTIMA,2,,,,,,,,,0,,,,,,,,,,,,,,
2018-03-16,12:33:00,SEM VÍTIMA,CANCELADA,BOA VIAGEM,RUA AGENOR LOPES,1172,,AO LADO DO EMPRESARIAL NESTOR ROCHA,RUA AGENOR LOPES,1172,AO LADO DO EMPRESARIAL NESTOR ROCHA,BOA VIAGEM,,,COLISÃO,COLISAO DE DOIS AUTOS S/V,2,,,,,,,,,0,,,,,,,,,,,,,,
2018-03-16,13:17:00,COM VÍTIMA,FINALIZADA,CASA AMARELA,RUA ALTO JOSE BONIFACIO,240,,INICIO DALADEIRA,RUA ALTO JOSE BONIFACIO,240,INICIO DALADEIRA,CASA AMARELA,,,COLISÃO,,,2,,,,,,,,1,,,,,,,,,,,,,,
2018-03-16,14:19:00,SEM VÍTIMA,FINALIZADA,BAIRRO DO RECIFE,AV ALFREDO LISBOA,,,EM FRENTE AO POSTO DE GASOLINA  QUANDO SAI DA PONTE GIRATORIA  PROX. AO MARCO ZERO,AV ALFREDO LISBOA,,EM FRENTE AO POSTO DE GASOLINA  QUANDO SAI DA PONTE GIRATORIA  PROX. AO MARCO ZERO,BAIRRO DO RECIFE,,,COLISÃO,DOIS AUTOS S/V,2,,,,,,,,,0,,,,,,,,,,,,,,
2018-03-16,14:50:00,SEM VÍTIMA,FINALIZADA,PINA,AV CONSELHEIRO AGUIAR,355,RUA ONDINA,COM RUA ONDINA PROX A GALERIA PORTO FINO,AV CONSELHEIRO AGUIAR,355,COM RUA ONDINA PROX A GALERIA PORTO FINO,PINA,,,COLISÃO,COLISAO DE ONIBUS E AUTO S/V,1,,,,,1,,,,0,,,,,,,,,,,,,,
2018-03-16,15:04:00,SEM VÍTIMA,FINALIZADA,VÁRZEA,RUA ABATIA,179,,PROXIMO A ACADEMIA PLATAFORMA,RUA ABATIA,179,PROXIMO A ACADEMIA PLATAFORMA,VÁRZEA,,,COLISÃO,COLISÃO SEM VÍTIMA,2,,,,,,,,,0,,,,,,,,,,,,,,
2018-03-16,15:07:00,COM VÍTIMA,FINALIZADA,VÁRZEA,AV CAXANGA,4951,,SENTIDO SUBÚRBIO/ CIDADE,AV CAXANGA,4951,SENTIDO SUBÚRBIO/ CIDADE,VÁRZEA,,,COLISÃO,COLISÃO ENTRE 2 MOTOS  COM VÍTIMAS,,2,,,,,,,,2,,,,,,,,,,,,,,
2018-03-16,15:31:00,SEM VÍTIMA,FINALIZADA,SANTO AMARO,AV MARIO MELO,,,EM FRENTE AO COLEGIO SILVIO RABELO,AV MARIO MELO,,EM FRENTE AO COLEGIO SILVIO RABELO,SANTO AMARO,,,COLISÃO,AUTO E MOTO,1,1,,,,,,,,0,,,,,,,,,,,,,,
2018-03-16,16:10:00,SEM VÍTIMA,FINALIZADA,IMBIRIBEIRA,AV MARECHAL MASCARENHAS DE MORAES,5089,,E/F AO PALACIO DOS RADIADORES S/T CID,AV MARECHAL MASCARENHAS DE MORAES,5089,E/F AO PALACIO DOS RADIADORES S/T CID,IMBIRIBEIRA,,,COLISÃO,COLISAO DE AUTO E MOTO S/V,1,1,,,,,,,,0,,,,,,,,,,,,,,
2018-03-16,16:18:00,SEM VÍTIMA,FINALIZADA,MADALENA,RUA BENFICA,,,EM FRENTE AO CLUBE INTERNACIONAL,RUA BENFICA,,EM FRENTE AO CLUBE INTERNACIONAL,MADALENA,,,COLISÃO,COLISÃO SEM VÍTIMA,3,,,,,,,,,0,,,,,,,,,,,,,,