data,hora,natureza_acidente,situacao,bairro,endereco,numero,detalhe_endereco_acidente,complemento,endereco_cruzamento,numero_cruzamento,referencia_cruzamento,bairro_cruzamento,num_semaforo,sentido_via,tipo,descricao,auto,moto,ciclom,ciclista,pedestre,onibus,caminhao,viatura,outros,vitimas,vitimasfatais,acidente_verificado,tempo_clima,situacao_semaforo,sinalizacao,condicao_via,conservacao_via,ponto_controle,situacao_placa,velocidade_max_via,mao_direcao,divisao_via1,divisao_via2,divisao_via3
2018-03-16,16:30:00,SEM VÍTIMA,FINALIZADA,SANTO AMARO,RUA SAO GERALDO,,,PROXIMO AO COLEGIO SYLVIO RABELLO,RUA SAO GERALDO,,PROXIMO AO COLEGIO SYLVIO RABELLO,SANTO AMARO,,,COLISÃO,COLISAO ENVOLVENDO DOIS AUTOS,2,,,,,,,,,0,,,,,,,,,,,,,,
2018-03-16,16:40:00,SEM VÍTIMA,FINALIZADA,BEBERIBE,PRC DA CONVENCAO,,,EM FRENTE A PRAÇA,PRC DA CONVENCAO,,EM FRENTE A PRAÇA,BEBERIBE,,,COLISÃO,AUTO E CAMINHAO S/V,1,,,,,,1,,,0,,,,,,,,,,,,,,
2018-03-16,17:29:00,SEM VÍTIMA,FINALIZADA,SOLEDADE,RUA NUNES MACHADO,119,,EM FRENTE AO EDIFICIO UIRAPURU,RUA NUNES MACHADO,119,EM FRENTE AO EDIFICIO UIRAPURU,SOLEDADE,,,COLISÃO,COLISÃO SEM VÍTIMA,1,,,,,1,,,,0,,,,,,,,,,,,,,
2018-03-16,17:39:00,SEM VÍTIMA,FINALIZADA,BOA VIAGEM,AV ENGENHEIRO DOMINGOS FERREIRA,1097,,EM FRENTE AO EMPRESARIAL GABRIEL BACELAR/ PISTA DA ESQUERDA,AV ENGENHEIRO DOMINGOS FERREIRA,1097,EM FRENTE AO EMPRESARIAL GABRIEL BACELAR/ PISTA DA ESQUERDA,BOA VIAGEM,,,COLISÃO,COLISÃO SEM VÍTIMA,1,1,,,,,,,,0,,,,,,,,,,,,,,
2018-03-16,17:48:00,SEM VÍTIMA,FINALIZADA,SÍTIO DOS PINTOS,EST DOS PINTOS,,,EM FRENTE AO TERMINAL,EST DOS PINTOS,,EM FRENTE AO TERMINAL,SÍTIO DOS PINTOS,,,COLISÃO,AUTO E ONIBUS ,1,,,,,1,,,,0,,,,,,,,,,,,,,
2018-03-16,18:22:00,SEM VÍTIMA,CANCELADA,ÁGUA FRIA,RUA SAO SEBASTIAO,408,,E/F A IGREJA ÁGUA DA VIDA,RUA SAO SEBASTIAO,408,E/F A IGREJA ÁGUA DA VIDA,ÁGUA FRIA,,,COLISÃO,ENTRE 2 AUTOS. S/V,2,,,,,,,,,0,,,,,,,,,,,,,,
2018-03-16,18:22:00,SEM VÍTIMA,CANCELADA,MADALENA,RUA REAL DA TORRE,,,EM CIMA DO VIADUTO DO CARREFOUR SENTIDO CARREFOUR,RUA REAL DA TORRE,,EM CIMA DO VIADUTO DO CARREFOUR SENTIDO CARREFOUR,MADALENA,,,COLISÃO,COLISÃO ENTRE DOS CARROS UM DOS CONDUTORES EMBRIAGADO,2,,,,,,,,,0,,,,,,,,,,,,,,
2018-03-16,18:29:00,SEM VÍTIMA,CANCELADA,VÁRZEA,AV PROFESSOR MORAES REGO,,,E/F A UFPE / NO GIRADOURO DA VIA,AV PROFESSOR MORAES REGO,,E/F A UFPE / NO GIRADOURO DA VIA,VÁRZEA,,,COLISÃO,ENTRE 2 AUTOS. S/V,1,,,,,,1,,,0,,,,,,,,,,,,,,
2018-03-16,18:45:00,SEM VÍTIMA,CANCELADA,BONGI,TRV ESTRADA DO BONGI,960,,E/F A IGREJA BATISTA DO BONGI,TRV ESTRADA DO BONGI,960,E/F A IGREJA BATISTA DO BONGI,BONGI,,,COLISÃO,ENTRE 2 AUTOS. S/V,2,,,,,,,,,0,,,,,,,,,,,,,,
2018-03-16,19:22:00,SEM VÍTIMA,FINALIZADA,SANTO ANTÔNIO,RUA SIQUEIRA CAMPOS,,,POR TRAS DOS CORREIOS / PROX. AO ANTIGO POSTO DA POLICIA,RUA SIQUEIRA CAMPOS,,POR TRAS DOS CORREIOS / PROX. AO ANTIGO POSTO DA POLICIA,SANTO ANTÔNIO,,,COLISÃO,COLISÃO ENTRE 1 CARRO FORTE E 1 PASSEIO,2,,,,,,,,,0,,,,,,,,,,,,,,
2018-03-16,19:26:00,SEM VÍTIMA,CANCELADA,ENGENHO DO MEIO,RUA CERES,,,APOS O MOTEL RHODES,RUA CERES,,APOS O MOTEL RHODES,ENGENHO DO MEIO,,,COLISÃO,FOOD TRUCK E UM CAMINHÃO,2,,,,,,,,,0,,,,,,,,,,,,,,
2018-03-16,19:44:00,SEM VÍTIMA,FINALIZADA,IMBIRIBEIRA,AV MARECHAL MASCARENHAS DE MORAES,,,E/F AO AEROPORTO E HOTEL IBIS. SNT AFOGADOS,AV MARECHAL MASCARENHAS DE MORAES,,E/F AO AEROPORTO E HOTEL IBIS. SNT AFOGADOS,IMBIRIBEIRA,,,COLISÃO,ENTRE ÔNIBUS E VAN. S/V,1,,,,,1,,,,0,,,,,,,,,,,,,,
2018-03-16,20:10:00,SEM VÍTIMA,CANCELADA,CAXANGÁ,AV CAXANGA,,,E/ F AO GOLF CLUB,AV CAXANGA,,E/ F AO GOLF CLUB,CAXANGÁ,,,COLISÃO,VEICULO BATEU EM UMA ARVORE MOT. EMBRIAGADO SE EVADIU DO LOCAL,1,,,,,,,,,0,,,,,,,,,,,,,,
2018-03-16,20:20:00,SEM VÍTIMA,FINALIZADA,GRAÇAS,AV CONS ROSA E SILVA,,RUA RICARDO HARDMAN,SEMÁFORO 522 / CRUZ COM A R RICARDO HARDMAN,AV CONS ROSA E SILVA,,SEMÁFORO 522 / CRUZ COM A R RICARDO HARDMAN,GRAÇAS,,,COLISÃO,ENTRE 2 AUTOS (( VT 12 NO LOCAL )) S/V.,2,,,,,,,,,0,,,,,,,,,,,,,,
2018-03-16,20:25:00,SEM VÍTIMA,FINALIZADA,IBURA,AV RIO SAO FRANCISCO,134,,ANTIGA ACADEMIA L1,AV RIO SAO FRANCISCO,134,ANTIGA ACADEMIA L1,IBURA,,,COLISÃO,COLISÃO ENTRE ONIBUS E CARRO,1,,,,,1,,,,0,,,,,,,,,,,,,,
2018-03-16,21:42:00,SEM VÍTIMA,CANCELADA,SAN MARTIN,AV GENERAL SAN MARTIN,,,E/F A CENTRAL DOS CORREIOS,AV GENERAL SAN MARTIN,,E/F A CENTRAL DOS CORREIOS,SAN MARTIN,,,COLISÃO,MOTO CINQUENTINHA E 2 CARROS/ MOTORISTA DA MOTO SE EVADIU DO LOCAL,2,,1,,,,,,,0,,,,,,,,,,,,,,
2018-03-16,21:45:00,SEM VÍTIMA,FINALIZADA,TAMARINEIRA,AV NORTE,,,E/F AO NEXOS HOTEL / SNT MACAXEIRA,AV NORTE,,E/F AO NEXOS HOTEL / SNT MACAXEIRA,TAMARINEIRA,,,COLISÃO,ENTRE 2 AUTOS. S/V,2,,,,,,,,,0,,,,,,,,,,,,,,
2018-03-16,22:54:00,COM VÍTIMA,FINALIZADA,ESTÂNCIA,AV DR JOSE RUFINO,,,POR BAIXO DO VIADUTO / E/F A IGREJA SANTA LUZIA / SNT CIDADE/SUB,AV DR JOSE RUFINO,,POR BAIXO DO VIADUTO / E/F A IGREJA SANTA LUZIA / SNT CIDADE/SUB,ESTÂNCIA,,,COLISÃO,ENTRE 2 MOTOS. C/V,,2,,,,,,,,2,,,,,,,,,,,,,,
2018-03-16,23:26:00,SEM VÍTIMA,FINALIZADA,CAMPO GRANDE,EST DE BELEM,,,E/F A IGREJA DE BELÉM,EST DE BELEM,,E/F A IGREJA DE BELÉM,CAMPO GRANDE,,,COLISÃO,ENTRE 2 AUTOS. S/V,2,,,,,,,,,0,,,,,,,,,,,,,,
2018-03-16,23:31:00,SEM VÍTIMA,FINALIZADA,IMBIRIBEIRA,RUA IZABEL DE SOUZA,325,,POR TRÁS DO BANCO ITAU,RUA IZABEL DE SOUZA,325,POR TRÁS DO BANCO ITAU,IMBIRIBEIRA,,,COLISÃO,ENTRE 2 AUTOS. S/V,2,,,,,,,,,0,,,,,,,,,,,,,,
2018-03-16,23:35:00,COM VÍTIMA,FINALIZADA,IPUTINGA,RUA MAURICIO DE NASSAU,,,E/F A FUNDAÇÃO ALTINO VENTURA,RUA MAURICIO DE NASSAU,,E/F A FUNDAÇÃO ALTINO VENTURA,IPUTINGA,,,CHOQUE,ENTRE AUTO PASSEIO E POSTE. C/V,1,,,,,,,,,1,,,,,,,,,,,,,,
2018-03-17,00:24:00,SEM VÍTIMA,FINALIZADA,IMBIRIBEIRA,AV MARECHAL MASCARENHAS DE MORAES,,RUA PAMPULHA,CRUZ COM A R DA PAMPULHA- SEMÁFORO 534 / E/F A EUROVIA / SNT CENTRO,AV MARECHAL MASCARENHAS DE MORAES,,CRUZ COM A R DA PAMPULHA- SEMÁFORO 534 / E/F A EUROVIA / SNT CENTRO,IMBIRIBEIRA,,,COLISÃO,ENTRE 2 AUTOS. S/V,2,,,,,,,,,0,,,,,,,,,,,,,,
2018-03-17,00:45:00,SEM VÍTIMA,FINALIZADA,BOA VIAGEM,RUA VISCONDE DE JEQUITINHONHA,,RUA MARIO DE CASTRO,SEMÁFORO 158- CRUZ COM A R MARIO CASTRO / PROX AO POSTO SHELL,RUA VISCONDE DE JEQUITINHONHA,,SEMÁFORO 158- CRUZ COM A R MARIO CASTRO / PROX AO POSTO SHELL,BOA VIAGEM,,,COLISÃO,ENTRE 2 AUTOS. S/V,2,,,,,,,,,0,,,,,,,,,,,,,,
2018-03-17,06:50:00,COM VÍTIMA,FINALIZADA,IMBIRIBEIRA,AVENIDA CELSO FURTADO (VIA MANGUE),XX,,NAS PROXIMIDADES DO EXTRA,AVENIDA CELSO FURTADO (VIA MANGUE),XX,NAS PROXIMIDADES DO EXTRA,IMBIRIBEIRA,,,COLISÃO COM CICLISTA,O MESMO ENVOLVEU -SE EM ACIDENTE COM VITIMA,1,,,1,,,,,,1,,,,,,,,,,,,,,
2018-03-17,07:18:00,SEM VÍTIMA,CANCELADA,DOIS IRMÃOS,EST DOS PINTOS,25,,EM FRENTE AO CRAS,EST DOS PINTOS,25,EM FRENTE AO CRAS,DOIS IRMÃOS,,,COLISÃO,SEM VITIMAS,1,1,,,,,,,,0,,,,,,,,,,,,,,
2018-03-17,07:41:00,SEM VÍTIMA,FINALIZADA,CASA FORTE,AV DEZESSETE DE AGOSTO,,,E/F AO CPOR  SEMÁFORO 399. SENTIDO DOIS IRMÃOS,AV DEZESSETE DE AGOSTO,,E/F AO CPOR  SEMÁFORO 399. SENTIDO DOIS IRMÃOS,CASA FORTE,,,COLISÃO,SEM VÍTIMAS,,,,,,,,,,0,,,,,,,,,,,,,,
2018-03-17,08:06:00,SEM VÍTIMA,CANCELADA,IMBIRIBEIRA,RUA PAMPULHA,378,,JUNTO AO SEMÁFORO 450,RUA PAMPULHA,378,JUNTO AO SEMÁFORO 450,IMBIRIBEIRA,,,COLISÃO,COLISÃO SEM VITIMA,,1,,,,,1,,,0,,,,,,,,,,,,,,
2018-03-17,08:31:00,SEM VÍTIMA,FINALIZADA,AREIAS,AV RECIFE,,,SEMAFORO 620 / EM FRENTE AO POSTO BR / SENT SUB,AV RECIFE,,SEMAFORO 620 / EM FRENTE AO POSTO BR / SENT SUB,AREIAS,,,COLISÃO,CAMINHAO E ONIBUS,,,,,,1,1,,,0,,,,,,,,,,,,,,
2018-03-17,08:37:00,SEM VÍTIMA,FINALIZADA,CAXANGÁ,AV CAXANGA,3953,,NAFRENTE DO HIPER BOM PREÇO  SENTIDO CIDADE,AV CAXANGA,3953,NAFRENTE DO HIPER BOM PREÇO  SENTIDO CIDADE,CAXANGÁ,,,COLISÃO,COLISÃO SEM VITIMAS,3,,,,,,,,,0,,,,,,,,,,,,,,
2018-03-17,08:46:00,SEM VÍTIMA,FINALIZADA,ESPINHEIRO,RUA QUARENTA E OITO,760,,EM FRENTE A PANIFICADORA ESPINHEIRO,RUA QUARENTA E OITO,760,EM FRENTE A PANIFICADORA ESPINHEIRO,ESPINHEIRO,,,COLISÃO,SEM VITIMAS,2,,,,,,,,,0,,,,,,,,,,,,,,
2018-03-17,08:53:00,COM VÍTIMA,FINALIZADA,BARRO,AV DR JOSE RUFINO,1789,,EM FRENTE A IGREJA MUNDIAL DE JESUS CRISTO,AV DR JOSE RUFINO,1789,EM FRENTE A IGREJA MUNDIAL DE JESUS CRISTO,BARRO,,,COLISÃO,MOTO AUTO,1,1,,,,,,,,1,,,,,,,,,,,,,,
2018-03-17,09:15:00,SEM VÍTIMA,FINALIZADA,BOA VISTA,RUA DO HOSPICIO,,,E/F A FACULDADE DE DIREITO. SEMÁFORO 031,RUA DO HOSPICIO,,E/F A FACULDADE DE DIREITO. SEMÁFORO 031,BOA VISTA,,,COLISÃO,SEM VÍTIMAS,2,,,,,,,,,0,,,,,,,,,,,,,,
2018-03-17,09:58:00,SEM VÍTIMA,FINALIZADA,IMBIRIBEIRA,AV MARECHAL MASCARENHAS DE MORAES,,,EM FRENTE A GRILLO FLORES SENT/ AEROPORTO,AV MARECHAL MASCARENHAS DE MORAES,,EM FRENTE A GRILLO FLORES SENT/ AEROPORTO,IMBIRIBEIRA,,,COLISÃO,SEM VITIMAS,1,,,,,,1,,,0,,,,,,,,,,,,,,
2018-03-17,10:06:00,SEM VÍTIMA,FINALIZADA,DERBY,AV GOVERNADOR AGAMENON MAGALHAES,,,SENT/BOA VIAGEM SEMAFORO 075,AV GOVERNADOR AGAMENON MAGALHAES,,SENT/BOA VIAGEM SEMAFORO 075,DERBY,,,COLISÃO,SEM VITIMA,1,2,,,,,,,,0,,,,,,,,,,,,,,
2018-03-17,11:00:00,SEM VÍTIMA,CANCELADA,BOA VIAGEM,AV CONSELHEIRO AGUIAR,2878,,EM FRENTE APADARIA CARMEN,AV CONSELHEIRO AGUIAR,2878,EM FRENTE APADARIA CARMEN,BOA VIAGEM,,,COLISÃO,SEM VITIMAS,2,,,,,,,,,0,,,,,,,,,,,,,,
2018-03-17,11:17:00,SEM VÍTIMA,FINALIZADA,CAMPINA DO BARRETO,RUA IGUATU,309,,RUA POLICLINICA DO CAMPINA DO BARRETO,RUA IGUATU,309,RUA POLICLINICA DO CAMPINA DO BARRETO,CAMPINA DO BARRETO,,,COLISÃO,SEM VITIMAS,1,,,,,,,1,,0,,,,,,,,,,,,,,
2018-03-17,11:44:00,SEM VÍTIMA,FINALIZADA,BARRO,AV DR JOSE RUFINO,,,JUNTO AO COLEGIO IAMCULADA CONCEIÇÃO,AV DR JOSE RUFINO,,JUNTO AO COLEGIO IAMCULADA CONCEIÇÃO,BARRO,,,COLISÃO,COLISÃO SEM VITIMA,1,,,,,,1,,,0,,,,,,,,,,,,,,
2018-03-17,11:58:00,SEM VÍTIMA,FINALIZADA,ESPINHEIRO,RUA DA HORA,806,,DOM GRÃO   PRODUTOS NATURAIS,RUA DA HORA,806,DOM GRÃO   PRODUTOS NATURAIS,ESPINHEIRO,,,COLISÃO,COLISÃO SEM VITIMA,1,1,,,,,,,,0,,,,,,,,,,,,,,
2018-03-17,12:06:00,SEM VÍTIMA,FINALIZADA,JAQUEIRA,RUA DO FUTURO,,,NA ESQUINA DO VERDE FRUT,RUA DO FUTURO,,NA ESQUINA DO VERDE FRUT,JAQUEIRA,,,COLISÃO,COLISÃO SEM VITIMA,2,,,,,,,,,0,,,,,,,,,,,,,,
2018-03-17,12:33:00,SEM VÍTIMA,CANCELADA,CASA FORTE,EST DAS UBAIAS ,,,E/F AO COLEGIO NAP,EST DAS UBAIAS ,,E/F AO COLEGIO NAP,CASA FORTE,,,COLISÃO,COLISAO DE DOIS AUTOS S/V,2,,,,,,,,,0,,,,,,,,,,,,,,
2018-03-17,12:40:00,SEM VÍTIMA,FINALIZADA,BOA VISTA,RUA JOSE DE ALENCAR,116,,ESQUINA DO HOTEL BOA VISTA,RUA JOSE DE ALENCAR,116,ESQUINA DO HOTEL BOA VISTA,BOA VISTA,,,COLISÃO,COLISAO DE DOIS AUTOS S/V,2,,,,,,,,,0,,,,,,,,,,,,,,
2018-03-17,13:09:00,SEM VÍTIMA,CANCELADA,MADALENA,AV ENGENHEIRO ABDIAS DE CARVALHO,,GAL SAN MARTIN,SEMAFORO 058  EM FRENTE AO COMPAZ,AV ENGENHEIRO ABDIAS DE CARVALHO,,SEMAFORO 058  EM FRENTE AO COMPAZ,MADALENA,,,COLISÃO,AUTO E CAMINHAO S/V,1,,,,,,1,,,0,,,,,,,,,,,,,,
2018-03-17,13:29:00,COM VÍTIMA,FINALIZADA,JORDÃO,AV MARIA IRENE,,,E/F AO RESTAURANTE QUERO MAIS,AV MARIA IRENE,,E/F AO RESTAURANTE QUERO MAIS,JORDÃO,,,ATROPELAMENTO,MOTO/PEDESTRE,,1,,,,,,,,1,,,,,,,,,,,,,,
2018-03-17,13:38:00,SEM VÍTIMA,CANCELADA,TORREÃO,AV GOVERNADOR AGAMENON MAGALHAES,1300,,APOS O DIAGNOSTICO CARDIACO,AV GOVERNADOR AGAMENON MAGALHAES,1300,APOS O DIAGNOSTICO CARDIACO,TORREÃO,,,COLISÃO,COLISÃO SEM VITIMA,2,,,,,,,,,0,,,,,,,,,,,,,,
2018-03-17,15:14:00,SEM VÍTIMA,FINALIZADA,JARDIM SÃO PAULO,AV SAO PAULO,,,AO LADO DO COLEGIO 2001,AV SAO PAULO,,AO LADO DO COLEGIO 2001,JARDIM SÃO PAULO,,,COLISÃO,AUTO E MOTO S/V,1,1,,,,,,,,0,,,,,,,,,,,,,,
2018-03-17,15:20:00,,CANCELADA,JARDIM SÃO PAULO,RUA JOSE DE ALMEIDA SEIXAS,145,,E/F A IGREJA MISSIONARIA DE JARDIM SAO PAULO,RUA JOSE DE ALMEIDA SEIXAS,145,E/F A IGREJA MISSIONARIA DE JARDIM SAO PAULO,JARDIM SÃO PAULO,,,COLISÃO,COLISAO DE AUTO E MOTO COM UMA VITIMA,1,1,,,,,,,,0,,,,,,,,,,,,,,
2018-03-17,16:46:00,SEM VÍTIMA,FINALIZADA,MADALENA,AV ENGENHEIRO ABDIAS DE CARVALHO,,,JUNTO AO SEMAFORO 52,AV ENGENHEIRO ABDIAS DE CARVALHO,,JUNTO AO SEMAFORO 52,MADALENA,,,COLISÃO,COLISÃO SEM VITIMA,2,,,,,,,,,0,,,,,,,,,,,,,,
2018-03-17,16:59:00,COM VÍTIMA,FINALIZADA,AFOGADOS,RUA AUGUSTO CALHEIROS,,,SEMAFORO 553,RUA AUGUSTO CALHEIROS,,SEMAFORO 553,AFOGADOS,,,COLISÃO,ENTRE TRES MOTOS,,3,,,,,,,,1,,,,,,,,,,,,,,
2018-03-17,17:54:00,SEM VÍTIMA,FINALIZADA,GRAÇAS,RUA AMELIA,651,,EDF . NOSSA SENHORA DO CARMO,RUA AMELIA,651,EDF . NOSSA SENHORA DO CARMO,GRAÇAS,,,COLISÃO,COLISÃO SEM VITIMA,2,,,,,,,,,0,,,,,,,,,,,,,,
2018-03-17,19:12:00,COM VÍTIMA,FINALIZADA,PAISSANDU,AV GOVERNADOR AGAMENON MAGALHAES,,,E/F AO BANCO ITAU E HOSPITAL PORTUGUÊS,AV GOVERNADOR AGAMENON MAGALHAES,,E/F AO BANCO ITAU E HOSPITAL PORTUGUÊS,PAISSANDU,,,COLISÃO,ENTRE AUTO E MOTO. C/V,1,1,,,,,,,,1,,,,,,,,,,,,,,
2018-03-17,20:06:00,SEM VÍTIMA,FINALIZADA,TORRE,RUA REAL DA TORRE,,RUA CONDE DE IRAJA,CRUZ COM A R CONDE DO IRAJA / SEMÁFORO 106,RUA REAL DA TORRE,,CRUZ COM A R CONDE DO IRAJA / SEMÁFORO 106,TORRE,,,COLISÃO,ENTRE 2 AUTOS. S/V,2,,,,,,,,,0,,,,,,,,,,,,,,
2018-03-17,20:14:00,COM VÍTIMA,FINALIZADA,TAMARINEIRA,RUA CONEGO BARATA,,,E/F A FERREIRA COSTA / NO RETORNO,RUA CONEGO BARATA,,E/F A FERREIRA COSTA / NO RETORNO,TAMARINEIRA,,,COLISÃO COM CICLISTA,MOTO X BIKE. C/V,,1,,1,,,,,,2,,,,,,,,,,,,,,
2018-03-17,20:32:00,SEM VÍTIMA,FINALIZADA,ENCRUZILHADA,RUA MARECHAL DEODORO,,,RESTAURANTE PRAÇA DA PICANHA,RUA MARECHAL DEODORO,,RESTAURANTE PRAÇA DA PICANHA,ENCRUZILHADA,,,COLISÃO,ENTRE 2 AUTOS. S/V,,,,,,,,,,0,,,,,,,,,,,,,,
2018-03-17,20:40:00,SEM VÍTIMA,FINALIZADA,AREIAS,RUA AURORA CACOTE,394-A,,PROXIMO A RUA CAP GREGORIO DE CALDAS,RUA AURORA CACOTE,394-A,PROXIMO A RUA CAP GREGORIO DE CALDAS,AREIAS,,,COLISÃO,COLISÃO SEM VITIMA,,,,,,,,,,0,,,,,,,,,,,,,,
2018-03-17,22:02:00,SEM VÍTIMA,FINALIZADA,JARDIM SÃO PAULO,RUA LEANDRO BARRETO,,RUA LORENA,COM A RUA LORENA,RUA LEANDRO BARRETO,,COM A RUA LORENA,JARDIM SÃO PAULO,,,COLISÃO,COLISÃO SEM VITIMA,2,,,,,,,,,0,,,,,,,,,,,,,,
2018-03-17,22:09:00,SEM VÍTIMA,CANCELADA,JORDÃO,RUA BELO HORIZONTE,80,,NO CONSELHO MORADOR ALTO DA JAQUEIRA / SUBIDA DA LADEIRA,RUA BELO HORIZONTE,80,NO CONSELHO MORADOR ALTO DA JAQUEIRA / SUBIDA DA LADEIRA,JORDÃO,,,ACID. DE PERCURSO,NO MOMENTO EM QUE O AUTO ESTAVA SUBINDO A LADEIRA   O MESMO CAPOTOU E SE ENCONTRA PARADO NO MEIO DA VIA.,1,,,,,,,,,0,,,,,,,,,,,,,,
2018-03-17,22:36:00,SEM VÍTIMA,FINALIZADA,BOA VIAGEM,AV CONSELHEIRO AGUIAR,,,NO SINAL 241 E/F AO ED. TAMOIO,AV CONSELHEIRO AGUIAR,,NO SINAL 241 E/F AO ED. TAMOIO,BOA VIAGEM,,,COLISÃO,COLISÃO SEM VITIMA,2,,,,,,,,,0,,,,,,,,,,,,,,
2018-03-17,22:58:00,SEM VÍTIMA,FINALIZADA,CORDEIRO,AV INACIO MONTEIRO,,,AO LADO DO MERCADO TUDO DE BOM,AV INACIO MONTEIRO,,AO LADO DO MERCADO TUDO DE BOM,CORDEIRO,,,COLISÃO,ENTRE 2 AUTOS. S/V,2,,,,,,,,,0,,,,,,,,,,,,,,
2018-03-17,23:50:00,SEM VÍTIMA,CANCELADA,IBURA,AV RIO LARGO,,AV DOZE DE JUNHO,COM AV DOZE DE JUNHO,AV RIO LARGO,,COM AV DOZE DE JUNHO,IBURA,,,COLISÃO,COLISÃO SEM VITIMA,2,,,,,,,,,0,,,,,,,,,,,,,,
2018-03-18,06:28:00,COM VÍTIMA,FINALIZADA,PORTO DA MADEIRA,AV BEBERIBE,,,EM FRENTE A PIZZARIA DO GORDO / SENNT SUB,AV BEBERIBE,,EM FRENTE A PIZZARIA DO GORDO / SENNT SUB,PORTO DA MADEIRA,,,COLISÃO,ONIBUS E DUAS MOTOS VITIMA SOCORRIDA POR MEIOS PRÓPRIOS  SEGUNDO OS AGENTES,,2,,,,1,,,,1,,,,,,,,,,,,,,
2018-03-18,11:10:00,SEM VÍTIMA,FINALIZADA,BOA VIAGEM,RUA DOM JOSE LOPES,700,,EM FRENTE AO RESTAURANTE CALDISSIMO,RUA DOM JOSE LOPES,700,EM FRENTE AO RESTAURANTE CALDISSIMO,BOA VIAGEM,,,COLISÃO,SEM VITIMAS,2,,,,,,,,,0,,,,,,,,,,,,,,
2018-03-18,13:09:00,SEM VÍTIMA,FINALIZADA,TORRE,RUA CONDE DE IRAJA,,,SEMAFORO 191,RUA CONDE DE IRAJA,,SEMAFORO 191,TORRE,,,COLISÃO,DOIS AUTOS S/V,2,,,,,,,,,0,,,,,,,,,,,,,,
2018-03-18,15:20:00,COM VÍTIMA,FINALIZADA,GRAÇAS,RUA BRUNO MAIA,180,,EM FRENTE AO EDIFICIO MANGUINHOS PRINCE,RUA BRUNO MAIA,180,EM FRENTE AO EDIFICIO MANGUINHOS PRINCE,GRAÇAS,,,COLISÃO,COLISÃO COM VÍTIMA,1,,,,,1,,,,2,,,,,,,,,,,,,,
2018-03-18,15:35:00,SEM VÍTIMA,CANCELADA,GRAÇAS,RUA JOAO RAMOS,50,,DEFRONTE A ACR- CONTABILIDADE,RUA JOAO RAMOS,50,DEFRONTE A ACR- CONTABILIDADE,GRAÇAS,,,COLISÃO,COLISÃO SEM VITIMA,2,,,,,,,,,0,,,,,,,,,,,,,,
2018-03-18,15:36:00,COM VÍTIMA,FINALIZADA,JARDIM SÃO PAULO,RUA LEANDRO BARRETO,,,EM CIMA DO VIADUTO,RUA LEANDRO BARRETO,,EM CIMA DO VIADUTO,JARDIM SÃO PAULO,,,COLISÃO,COLISÃO COM VÍTIMA,1,,,,,1,,,,1,,,,,,,,,,,,,,
2018-03-18,15:47:00,SEM VÍTIMA,FINALIZADA,SAN MARTIN,RUA EDUARDO DE ANDRADE,,,PROX. A CAVALARIA DA PM,RUA EDUARDO DE ANDRADE,,PROX. A CAVALARIA DA PM,SAN MARTIN,,,COLISÃO,COLISÃO SEM VITIMAS,2,,,,,,,,,0,,,,,,,,,,,,,,
2018-03-18,16:15:00,SEM VÍTIMA,FINALIZADA,BOA VISTA,AV MANOEL BORBA,,,POR TRAZ DO SHOPPING DA BOA VISTA  JUNTO AO SEMAFORO 29,AV MANOEL BORBA,,POR TRAZ DO SHOPPING DA BOA VISTA  JUNTO AO SEMAFORO 29,BOA VISTA,,,COLISÃO,COLISÃO SEM VITIMA,2,,,,,,,,,0,,,,,,,,,,,,,,
2018-03-18,17:04:00,SEM VÍTIMA,FINALIZADA,BOMBA DO HEMETÉRIO,RUA ESMERALDA,47,,NA FRENTE DA FUNERARIA CANAA,RUA ESMERALDA,47,NA FRENTE DA FUNERARIA CANAA,BOMBA DO HEMETÉRIO,,,COLISÃO,COLISÃO SEM VITIMA/ CONDUTOR ALCOLIZADO,1,,,,,,,,1,0,,,,,,,,,,,,,,
2018-03-18,17:35:00,COM VÍTIMA,FINALIZADA,AREIAS,AV DR JOSE RUFINO,,,POSTO IPYRANGA,AV DR JOSE RUFINO,,POSTO IPYRANGA,AREIAS,,,COLISÃO,A EQUIPE ESTAVA SEGUINDO PARA JARDIM SÃO PAULO PARA APOIO A VT 08 COM PÓ DE SERRA E SE DEPAROU COM ESTA COLISÃO,,,,,,,,,,1,,,,,,,,,,,,,,
2018-03-18,18:17:00,SEM VÍTIMA,CANCELADA,BOA VIAGEM,RUA FLORIANO,,,EM FRENTE A PRACINHA DE BOA VIAGEM,RUA FLORIANO,,EM FRENTE A PRACINHA DE BOA VIAGEM,BOA VIAGEM,,,COLISÃO,ONIBUS E AUTO,1,,,,,1,,,,0,,,,,,,,,,,,,,
2018-03-18,18:34:00,SEM VÍTIMA,CANCELADA,IMBIRIBEIRA,RUA ARQUITETO LUIZ NUNES,,,E/F A PADARIA MAGIA DOS PÃES,RUA ARQUITETO LUIZ NUNES,,E/F A PADARIA MAGIA DOS PÃES,IMBIRIBEIRA,,,ENGAVETAMENTO,ENTRE 3 AUTOS. S/V,3,,,,,,,,,0,,,,,,,,,,,,,,
2018-03-18,18:37:00,SEM VÍTIMA,FINALIZADA,MUSTARDINHA,AV MANOEL GONCALVES DA LUZ,,,EM FRENTE A PADARIA MUSTAPAN E PRAÇA DA MUSTARDINHA,AV MANOEL GONCALVES DA LUZ,,EM FRENTE A PADARIA MUSTAPAN E PRAÇA DA MUSTARDINHA,MUSTARDINHA,,,COLISÃO,ONIBUS E AUTO,1,,,,,1,,,,0,,,,,,,,,,,,,,
2018-03-19,06:50:00,SEM VÍTIMA,FINALIZADA,MONTEIRO,AV DEZESSETE DE AGOSTO,2720,,ESTACIONADOS NA PRAÇA DO MONTEIRO,AV DEZESSETE DE AGOSTO,2720,ESTACIONADOS NA PRAÇA DO MONTEIRO,MONTEIRO,,,COLISÃO,DOIS AUTOS S/V,2,,,,,,,,,0,,,,,,,,,,,,,,