data,hora,natureza_acidente,situacao,bairro,endereco,numero,detalhe_endereco_acidente,complemento,endereco_cruzamento,numero_cruzamento,referencia_cruzamento,bairro_cruzamento,num_semaforo,sentido_via,tipo,descricao,auto,moto,ciclom,ciclista,pedestre,onibus,caminhao,viatura,outros,vitimas,vitimasfatais,acidente_verificado,tempo_clima,situacao_semaforo,sinalizacao,condicao_via,conservacao_via,ponto_controle,situacao_placa,velocidade_max_via,mao_direcao,divisao_via1,divisao_via2,divisao_via3
2018-03-24,21:31:00,SEM VÍTIMA,FINALIZADA,TAMARINEIRA,AV NORTE,SEMSFORO 62,RUA CONEGO BARATA,CRUZAMENTO COM RUA CONEGO BARATA E ESTRADA VELHA DE ÁGUA FRIA,AV NORTE,SEMSFORO 62,CRUZAMENTO COM RUA CONEGO BARATA E ESTRADA VELHA DE ÁGUA FRIA,TAMARINEIRA,,,CHOQUE,ENTRE AUTO E PRISMA DE CONCRETO. VT 14 NO LOCAL ORIENTOU O USUÁRIO ENTRAR EM CONTATO COM O 0800  PARA O MESMO OBTER O PROTOCOLO DA OCORRÊNCIA,1,,,,,,,,,0,,,,,,,,,,,,,,
2018-03-24,21:45:00,SEM VÍTIMA,FINALIZADA,FUNDÃO,RUA CORONEL URBANO RIBEIRO DE SENA,487,,PROXIMIDADES DA PIZZARIA VICOUS E CALDINHO DO ELIO,RUA CORONEL URBANO RIBEIRO DE SENA,487,PROXIMIDADES DA PIZZARIA VICOUS E CALDINHO DO ELIO,FUNDÃO,,,COLISÃO,ENTRE 2 AUTOS. S/V,2,,,,,,,,,0,,,,,,,,,,,,,,
2018-03-24,22:36:00,SEM VÍTIMA,FINALIZADA,MADALENA,RUA BENFICA,,,PROX AO CLUBE INTERNACIONAL // SEMÁFORO 590 - PRAÇA EUCLIDES DA CUNHA SÁIDA DO TÚNEL CHICO SCIENCE,RUA BENFICA,,PROX AO CLUBE INTERNACIONAL // SEMÁFORO 590 - PRAÇA EUCLIDES DA CUNHA SÁIDA DO TÚNEL CHICO SCIENCE,MADALENA,,,COLISÃO,ENTRE 2 AUTOS. S/V,2,,,,,,,,,0,,,,,,,,,,,,,,
2018-03-25,00:24:00,SEM VÍTIMA,FINALIZADA,CASA FORTE,PRC DE CASA FORTE,,,EM FRENTE A IGREJA MATRIZ DE CASA FORTE,PRC DE CASA FORTE,,EM FRENTE A IGREJA MATRIZ DE CASA FORTE,CASA FORTE,,,COLISÃO,COLISÃO ENTRE DOIS AUTOS S/V,2,,,,,,,,,0,,,,,,,,,,,,,,
2018-03-25,05:20:00,COM VÍTIMA,CANCELADA,ILHA DO RETIRO,RUA BENFICA,,,SENTIDO CIDADE APOS A ILHA DO RETIRO PRIMEIRA A DIREITA  ANTES DO TUNEL CHICO SCIENCE,RUA BENFICA,,SENTIDO CIDADE APOS A ILHA DO RETIRO PRIMEIRA A DIREITA  ANTES DO TUNEL CHICO SCIENCE,ILHA DO RETIRO,,,ACID. DE PERCURSO,ACIDENTE DE PERCURSO ENVOLVENDO MOTO C/V,,1,,,,,,,,1,,,,,,,,,,,,,,
2018-03-25,05:48:00,SEM VÍTIMA,FINALIZADA,BOA VIAGEM,AV ENGENHEIRO DOMINGOS FERREIRA,1222,,PROX AO POSTO SHELL  ALTO PARVI  LADO ESQUERDO,AV ENGENHEIRO DOMINGOS FERREIRA,1222,PROX AO POSTO SHELL  ALTO PARVI  LADO ESQUERDO,BOA VIAGEM,,,COLISÃO,COLISÃO ENTRE TRES AUTOS S/V,3,,,,,,,,,0,,,,,,,,,,,,,,
2018-03-25,07:46:00,SEM VÍTIMA,FINALIZADA,GRAÇAS,AV RUI BARBOSA,,,EM FRENTE A PIZZARIA ATLANTICO / SEMAFORO 126,AV RUI BARBOSA,,EM FRENTE A PIZZARIA ATLANTICO / SEMAFORO 126,GRAÇAS,,,COLISÃO,DOIS AUTOS,2,,,,,,,,,0,,,,,,,,,,,,,,
2018-03-25,12:16:00,SEM VÍTIMA,PENDENTE,PINA,AV BOA VIAGEM,,,AO LADO DO RECIFE PRAIA HOTEL,AV BOA VIAGEM,,AO LADO DO RECIFE PRAIA HOTEL,PINA,,,COLISÃO,COLISÃO SEM VÍTIMA,2,,,,,,,,,0,,,,,,,,,,,,,,
2018-03-25,12:27:00,SEM VÍTIMA,FINALIZADA,CAXANGÁ,AV CAXANGA,1118,,EM FRENTE A CAIXA ECONOMICA SENT. CAMARAGIBE,AV CAXANGA,1118,EM FRENTE A CAIXA ECONOMICA SENT. CAMARAGIBE,CAXANGÁ,,,COLISÃO,4 AUTOS,4,,,,,,,,,0,,,,,,,,,,,,,,
2018-03-25,12:33:00,SEM VÍTIMA,FINALIZADA,BOMBA DO HEMETÉRIO,RUA BOMBA DO HEMETERIO,596,,PROX. AO SUPERMERCADO BOM GOSTO,RUA BOMBA DO HEMETERIO,596,PROX. AO SUPERMERCADO BOM GOSTO,BOMBA DO HEMETÉRIO,,,COLISÃO,ONIBUS E AUTO,1,,,,,1,,,,0,,,,,,,,,,,,,,
2018-03-25,12:50:00,SEM VÍTIMA,FINALIZADA,CIDADE UNIVERSITÁRIA,RUA GENERAL POLIDORO,590,,EM FRENTE A PIZZARIA NOVA KIS,RUA GENERAL POLIDORO,590,EM FRENTE A PIZZARIA NOVA KIS,CIDADE UNIVERSITÁRIA,,,COLISÃO,MOTO E AUTO,1,1,,,,,,,,0,,,,,,,,,,,,,,
2018-03-25,13:58:00,SEM VÍTIMA,FINALIZADA,CASA AMARELA,RUA DA HARMONIA,,,NO SEMÁFORO 074/ PROXIMO AO EDIFICIO BARCELONA,RUA DA HARMONIA,,NO SEMÁFORO 074/ PROXIMO AO EDIFICIO BARCELONA,CASA AMARELA,,,COLISÃO,COLISÃO SEM VÍTIMA,1,,,,,1,,,,0,,,,,,,,,,,,,,
2018-03-25,14:01:00,SEM VÍTIMA,CANCELADA,AFOGADOS,RUA DR ADELINO,148,,PROX. AO BAR ESQUINA DO LEO,RUA DR ADELINO,148,PROX. AO BAR ESQUINA DO LEO,AFOGADOS,,,COLISÃO,DOIS AUTOS,2,,,,,,,,,0,,,,,,,,,,,,,,
2018-03-25,14:05:00,SEM VÍTIMA,FINALIZADA,BOA VIAGEM,RUA VISCONDE DE JEQUITINHONHA,850,RUA PROF MARIO DE CASTRO,COM A RUA MARIO DE CASTRO  PROX. AO CURSO BRITANIC,RUA VISCONDE DE JEQUITINHONHA,850,COM A RUA MARIO DE CASTRO  PROX. AO CURSO BRITANIC,BOA VIAGEM,,,COLISÃO,DOIS AUTOS VT-13,2,,,,,,,,,0,,,,,,,,,,,,,,
2018-03-25,14:42:00,COM VÍTIMA,FINALIZADA,CORDEIRO,EST DO FORTE DO ARRAIAL N. DO B. JESUS,150,,,EST DO FORTE DO ARRAIAL N. DO B. JESUS,150,,CORDEIRO,,,COLISÃO,COLISÃO ENTRE AUTO E MOTO COM VÍTIMA,1,1,,,,,,,,1,,,,,,,,,,,,,,
2018-03-25,15:01:00,COM VÍTIMA,FINALIZADA,IMBIRIBEIRA,RUA PAMPULHA,,RUA ITAJAI,COM A RUA ITAJAI  EM FRENTE DA PANIFICADORA VALE DO RIO DOCE,RUA PAMPULHA,,COM A RUA ITAJAI  EM FRENTE DA PANIFICADORA VALE DO RIO DOCE,IMBIRIBEIRA,,,COLISÃO,MOTO E AUTO,1,1,,,,,,,,2,,,,,,,,,,,,,,
2018-03-25,17:07:00,SEM VÍTIMA,FINALIZADA,ILHA DO RETIRO,AV ENGENHEIRO ABDIAS DE CARVALHO,,,EM FRENTE AO SPORT/ SENTIDO CIDADE,AV ENGENHEIRO ABDIAS DE CARVALHO,,EM FRENTE AO SPORT/ SENTIDO CIDADE,ILHA DO RETIRO,,,COLISÃO,COLISÃO SEM VÍTIMA,2,,,,,,,,,0,,,,,,,,,,,,,,
2018-03-25,17:20:00,SEM VÍTIMA,FINALIZADA,IBURA,RUA EXP FRANCISCO VITORIANO,35,,EM FRENTE A DROGA MEDIC  UR-05,RUA EXP FRANCISCO VITORIANO,35,EM FRENTE A DROGA MEDIC  UR-05,IBURA,,,COLISÃO,ONIBUS E AUTO,1,,,,,1,,,,0,,,,,,,,,,,,,,
2018-03-25,18:11:00,SEM VÍTIMA,FINALIZADA,IMBIRIBEIRA,AV MARECHAL MASCARENHAS DE MORAES,,,EM FRENTE A CONCESSIONARIA FORD// SENTIDO JABOATÃO  AEROPORTO,AV MARECHAL MASCARENHAS DE MORAES,,EM FRENTE A CONCESSIONARIA FORD// SENTIDO JABOATÃO  AEROPORTO,IMBIRIBEIRA,,,COLISÃO,COLISÃO ENTRE AUTO E MOTO S/V,1,1,,,,,,,,0,,,,,,,,,,,,,,
2018-03-25,19:48:00,SEM VÍTIMA,FINALIZADA,IBURA,AV DOIS RIOS,563,,PROX DO POSTO TOTAL  PROX DA IGREJA PROX DA IGREJA ELSHADAY,AV DOIS RIOS,563,PROX DO POSTO TOTAL  PROX DA IGREJA PROX DA IGREJA ELSHADAY,IBURA,,,COLISÃO,COLISÃO ENTRE TRES AUTOS S/V,3,,,,,,,,,0,,,,,,,,,,,,,,
2018-03-25,19:50:00,SEM VÍTIMA,CANCELADA,VASCO DA GAMA,RUA VASCO DA GAMA,74,,E/F A FARMACIA DA SAÚDE / PRÓX AO SESI DO VASCO,RUA VASCO DA GAMA,74,E/F A FARMACIA DA SAÚDE / PRÓX AO SESI DO VASCO,VASCO DA GAMA,,,COLISÃO,ENTRE 2 AUTOS. S/V,2,,,,,,,,,0,,,,,,,,,,,,,,
2018-03-25,21:31:00,SEM VÍTIMA,FINALIZADA,DERBY,AV GOVERNADOR AGAMENON MAGALHAES,,,E/F AO COLÉGIO AMERICANO BATISTA. SNT OLINDA,AV GOVERNADOR AGAMENON MAGALHAES,,E/F AO COLÉGIO AMERICANO BATISTA. SNT OLINDA,DERBY,,,COLISÃO,ENTRE 2 AUTOS. S/V (( VT 09 NO LOCAL )),2,,,,,,,,,0,,,,,,,,,,,,,,
2018-03-25,21:58:00,SEM VÍTIMA,FINALIZADA,TAMARINEIRA,AV NORTE,,,SEMÁFORO 456,AV NORTE,,SEMÁFORO 456,TAMARINEIRA,,,COLISÃO,ENTRE 2 AUTOS. S/V,2,,,,,,,,,0,,,,,,,,,,,,,,
2018-03-25,22:19:00,SEM VÍTIMA,FINALIZADA,SANTO AMARO,RUA COELHO LEITE,,,NA MESMA RUA DO IML / E/F AO CENTRO DE QUALIFICAÇÃO PROFISSIONAL SÃO JOSÉ,RUA COELHO LEITE,,NA MESMA RUA DO IML / E/F AO CENTRO DE QUALIFICAÇÃO PROFISSIONAL SÃO JOSÉ,SANTO AMARO,,,COLISÃO,ENTRE 2 AUTOS. S/V,2,,,,,,,,,0,,,,,,,,,,,,,,
2018-03-25,22:22:00,SEM VÍTIMA,FINALIZADA,BEBERIBE,AV BEBERIBE,2740,,E/F A ASSEMBLEIA DE DEUS MINISTÉRIO SANTOS  SNT CIDADE/SUB //,AV BEBERIBE,2740,E/F A ASSEMBLEIA DE DEUS MINISTÉRIO SANTOS  SNT CIDADE/SUB //,BEBERIBE,,,COLISÃO,ENTRE 2 AUTOS. S/V,2,,,,,,,,,0,,,,,,,,,,,,,,
2018-03-25,22:59:00,SEM VÍTIMA,FINALIZADA,ÁGUA FRIA,RUA SAO SEBASTIAO,74,RUA LADEIRA DE PEDRA,CRUZAMENTO COM A RUA LADEIRA DE PEDRA,RUA SAO SEBASTIAO,74,CRUZAMENTO COM A RUA LADEIRA DE PEDRA,ÁGUA FRIA,,,COLISÃO,COLISÃO ENTRE DOIS AUTOS,2,,,,,,,,,0,,,,,,,,,,,,,,
2018-03-25,23:38:00,SEM VÍTIMA,FINALIZADA,TORRE,RUA REAL DA TORRE,1068,RUA DOM MANUEL DA COSTA,CRUZAMENTO COM A RUA DOM MANUEL DA COSTA,RUA REAL DA TORRE,1068,CRUZAMENTO COM A RUA DOM MANUEL DA COSTA,TORRE,,,COLISÃO,COLISÃO ENTRE DOIS AUTOS S/V,2,,,,,,,,,0,,,,,,,,,,,,,,
2018-03-25,23:59:00,SEM VÍTIMA,FINALIZADA,SANTO AMARO,AV CRUZ CABUGA,,AV DR JAYME DA FONTE,CRUZAMENTO COM A AVENIDA DR. JAYME DA FONTE,AV CRUZ CABUGA,,CRUZAMENTO COM A AVENIDA DR. JAYME DA FONTE,SANTO AMARO,,,COLISÃO,COLISÃO ENTRE AUTO E MOTO S/V,1,1,,,,,,,,0,,,,,,,,,,,,,,
2018-03-26,00:19:00,SEM VÍTIMA,FINALIZADA,CORDEIRO,AV CAXANGA,,,EM FRENTE AO PERNAMBUCO DA SORTE,AV CAXANGA,,EM FRENTE AO PERNAMBUCO DA SORTE,CORDEIRO,,,COLISÃO,COLISÃO ENTRE DOIS AUTOS S/V,2,,,,,,,,,0,,,,,,,,,,,,,,
2018-03-26,05:16:00,SEM VÍTIMA,FINALIZADA,DOIS UNIDOS,AV HILDEBRANDO DE VASCONCELOS,,,PRÓXIMO AO TERMINAL DE ÔNIBUS DE DOIS UNIDOS // APÓS O DEPÓSITO DE BEBIDAS DE DANDA,AV HILDEBRANDO DE VASCONCELOS,,PRÓXIMO AO TERMINAL DE ÔNIBUS DE DOIS UNIDOS // APÓS O DEPÓSITO DE BEBIDAS DE DANDA,DOIS UNIDOS,,,CHOQUE,VIATURA CHOCOU-SE CONTRA O MEIO- FIO DA AV,,,,,,,,1,,0,,,,,,,,,,,,,,
2018-03-26,05:46:00,SEM VÍTIMA,FINALIZADA,BOA VIAGEM,AV CONSELHEIRO AGUIAR,,,PRÓX AO COLÉGIO LANDELINO ROCHA // SEMÁFORO 133,AV CONSELHEIRO AGUIAR,,PRÓX AO COLÉGIO LANDELINO ROCHA // SEMÁFORO 133,BOA VIAGEM,,,COLISÃO,COLISÃO ENTRE DOIS AUTOS S/V,2,,,,,,,,,0,,,,,,,,,,,,,,
2018-03-26,06:22:00,COM VÍTIMA,FINALIZADA,AFOGADOS,RUA MOTOCOLOMBO,,,SEMAFORO Nº 039,RUA MOTOCOLOMBO,,SEMAFORO Nº 039,AFOGADOS,,,COLISÃO,COLISÃO ONIBUS E MOTO COM VITIMAS,,1,,,,1,,,,1,,,,,,,,,,,,,,
2018-03-26,08:11:00,SEM VÍTIMA,FINALIZADA,ESPINHEIRO,RUA DO ESPINHEIRO,506,,PROX. AO POSTO IPIRANGA,RUA DO ESPINHEIRO,506,PROX. AO POSTO IPIRANGA,ESPINHEIRO,,,COLISÃO,COLISÃO SEM VITIMAS,2,,,,,,,,,0,,,,,,,,,,,,,,
2018-03-26,08:16:00,SEM VÍTIMA,FINALIZADA,BOA VIAGEM,RUA BALTAZAR PASSOS,566,,JUNTO AO CRUZAMENTO AO COLEGIO FAZER EVOLUIR E A RUA BALTAZAR PASSOS,RUA BALTAZAR PASSOS,566,JUNTO AO CRUZAMENTO AO COLEGIO FAZER EVOLUIR E A RUA BALTAZAR PASSOS,BOA VIAGEM,,,COLISÃO,COLISÃO SEM VITIMAS,2,,,,,,,,,0,,,,,,,,,,,,,,
2018-03-26,08:37:00,SEM VÍTIMA,FINALIZADA,SANTO AMARO,RUA DOS PALMARES,,,NA FRENTE DA POLICLINIDA DR VALDEMAR DE OLIVEIRA,RUA DOS PALMARES,,NA FRENTE DA POLICLINIDA DR VALDEMAR DE OLIVEIRA,SANTO AMARO,,,COLISÃO,COLISÃO SEM VITIMAS,2,,,,,,,,,0,,,,,,,,,,,,,,
2018-03-26,08:45:00,SEM VÍTIMA,FINALIZADA,ENCRUZILHADA,AV NORTE,,,NA FRENTE DO EXTRA BOM  SENTIDO CIDADE,AV NORTE,,NA FRENTE DO EXTRA BOM  SENTIDO CIDADE,ENCRUZILHADA,,,COLISÃO,COLISÃO SEM VITIMAS,1,1,,,,,,,,0,,,,,,,,,,,,,,
2018-03-26,09:05:00,SEM VÍTIMA,FINALIZADA,MADALENA,RUA JOSE OSORIO,803,,SENTIDO CIDADE SUBURBIO EM FRENTE A LOJA VEICULOS PREMUIM AUTO MOVEIS,RUA JOSE OSORIO,803,SENTIDO CIDADE SUBURBIO EM FRENTE A LOJA VEICULOS PREMUIM AUTO MOVEIS,MADALENA,,,COLISÃO,COLISÃO SEM VITIMAS,1,1,,,,,,,,0,,,,,,,,,,,,,,
2018-03-26,09:15:00,COM VÍTIMA,FINALIZADA,PRADO,RUA PINTO JUNIOR,,,PROX. AIGREJA PRESBITERIANA  SENTIDO CIDADE,RUA PINTO JUNIOR,,PROX. AIGREJA PRESBITERIANA  SENTIDO CIDADE,PRADO,,,COLISÃO,COLISÃO COM VITIMA  O CLIO CAPOTOU SENDO LANÇADO PARA DENTRO DO RIO,2,,,,,,,,,3,,,,,,,,,,,,,,
2018-03-26,09:17:00,COM VÍTIMA,FINALIZADA,TAMARINEIRA,AV NORTE,,RUA CONEGO BARATA,DE ESQUINA CM A RUA CONEGO BARATA,AV NORTE,,DE ESQUINA CM A RUA CONEGO BARATA,TAMARINEIRA,,,ATROPELAMENTO,ATROPELAMENTO VITIMA A ESPERA DO SAMU,,1,,,1,,,,,1,,,,,,,,,,,,,,
2018-03-26,09:37:00,SEM VÍTIMA,FINALIZADA,MADALENA,AV BEIRA RIO,741,,SENTIDO PONTE DA TORRE EM FRENTE A ACADEMIA DA CIDADE,AV BEIRA RIO,741,SENTIDO PONTE DA TORRE EM FRENTE A ACADEMIA DA CIDADE,MADALENA,,,COLISÃO,COLISÃO SEM VITIMAS,2,,,,,,,,,0,,,,,,,,,,,,,,
2018-03-26,09:39:00,SEM VÍTIMA,FINALIZADA,IPUTINGA,AV MARIO ALVARES PEREIRA DE LYRA,,RUA CANDIDO BORGES CASTELO BRANCO,ESQ COM A RUA CANDIDO BOGES CASTELO BRANCO,AV MARIO ALVARES PEREIRA DE LYRA,,ESQ COM A RUA CANDIDO BOGES CASTELO BRANCO,IPUTINGA,,,COLISÃO,TRES AUTOS,3,,,,,,,,,0,,,,,,,,,,,,,,
2018-03-26,09:47:00,,CANCELADA,ENGENHO DO MEIO,AV MARIO ALVARES PEREIRA DE LYRA,608,,PROX.A PENITENCIARIA BOM PASTOR  SENTIDO SUBURBIO,AV MARIO ALVARES PEREIRA DE LYRA,608,PROX.A PENITENCIARIA BOM PASTOR  SENTIDO SUBURBIO,ENGENHO DO MEIO,,,COLISÃO,COLISÃO SEM VITIMA,3,,,,,,,,,0,,,,,,,,,,,,,,
2018-03-26,10:05:00,SEM VÍTIMA,FINALIZADA,SÃO JOSÉ,AV MARTINS DE BARROS,,,EM FRENTE AO FORO,AV MARTINS DE BARROS,,EM FRENTE AO FORO,SÃO JOSÉ,,,COLISÃO,COL.S/V,1,,,,,1,,,,0,,,,,,,,,,,,,,
2018-03-26,11:48:00,SEM VÍTIMA,FINALIZADA,BOA VIAGEM,RUA ANTONIO FALCAO,80,,EM FRENTE A GRAFICA LAFIT,RUA ANTONIO FALCAO,80,EM FRENTE A GRAFICA LAFIT,BOA VIAGEM,,,COLISÃO,COLISÃO SEM VÍTIMA,2,,,,,,,,,0,,,,,,,,,,,,,,
2018-03-26,11:56:00,SEM VÍTIMA,FINALIZADA,CAMPO GRANDE,EST DE BELEM,,,EM FRENTE AO COLEGIO JESUS CRUSIFICADO,EST DE BELEM,,EM FRENTE AO COLEGIO JESUS CRUSIFICADO,CAMPO GRANDE,,,COLISÃO,COLISÃO SEM VÍTIMA,1,,,,,,1,,,0,,,,,,,,,,,,,,
2018-03-26,11:58:00,SEM VÍTIMA,FINALIZADA,VÁRZEA,RUA FRUTUOSO GOMES,100,,AO LADO DA PRAÇA SABERE,RUA FRUTUOSO GOMES,100,AO LADO DA PRAÇA SABERE,VÁRZEA,,,COLISÃO,COLISÃO SEM VITIMAS,1,,,,,,1,,,0,,,,,,,,,,,,,,
2018-03-26,12:06:00,SEM VÍTIMA,FINALIZADA,ENCRUZILHADA,AV NORTE,2651,,EM FRENTE A OFICINA FREIO TESTE/ SENTIDO CIDADE,AV NORTE,2651,EM FRENTE A OFICINA FREIO TESTE/ SENTIDO CIDADE,ENCRUZILHADA,,,COLISÃO,COLISÃO SEM VÍTIMA,2,,,,,,,,,0,,,,,,,,,,,,,,
2018-03-26,12:40:00,SEM VÍTIMA,FINALIZADA,BOA VIAGEM,AV CONSELHEIRO AGUIAR,231,,EM FRENTE A CASA DO CELULAR,AV CONSELHEIRO AGUIAR,231,EM FRENTE A CASA DO CELULAR,BOA VIAGEM,,,COLISÃO,COLISÃO SEM VÍTIMA,1,,,,,1,,,,0,,,,,,,,,,,,,,
2018-03-26,12:47:00,SEM VÍTIMA,FINALIZADA,BONGI,EST DO BONGI,1155,,APOS A IGREJA DO BONGI S/T FACULDADE ESTACIO,EST DO BONGI,1155,APOS A IGREJA DO BONGI S/T FACULDADE ESTACIO,BONGI,,,COLISÃO,,1,,,,,,1,,,0,,,,,,,,,,,,,,
2018-03-26,13:08:00,SEM VÍTIMA,FINALIZADA,BOA VISTA,RUA PRINCESA IZABEL,,,AO LADO DO PARQUE TREZE DE MAIO PROX AO BAR A CANCELA E A CAMERA DOS VEREADORES,RUA PRINCESA IZABEL,,AO LADO DO PARQUE TREZE DE MAIO PROX AO BAR A CANCELA E A CAMERA DOS VEREADORES,BOA VISTA,,,COLISÃO,COLISÃO SEM VITIMAS,1,,,,1,,,,,0,,,,,,,,,,,,,,
2018-03-26,13:35:00,SEM VÍTIMA,FINALIZADA,IMBIRIBEIRA,AV MARECHAL MASCARENHAS DE MORAES,,,LADO OPOSTO DO SEMÁFORO 626/ SENTIDO JABOATÃO/ EM FRENTE AO MURO DO AEROPORTO,AV MARECHAL MASCARENHAS DE MORAES,,LADO OPOSTO DO SEMÁFORO 626/ SENTIDO JABOATÃO/ EM FRENTE AO MURO DO AEROPORTO,IMBIRIBEIRA,,,COLISÃO,COLISÃO SEM VITIMAS,1,1,,,,,,,,0,,,,,,,,,,,,,,
2018-03-26,14:19:00,SEM VÍTIMA,FINALIZADA,AFOGADOS,AV ENGENHEIRO ABDIAS DE CARVALHO,2116,,EM FRENTE A FARMACIA DROGASIL/ SENTIDO BR,AV ENGENHEIRO ABDIAS DE CARVALHO,2116,EM FRENTE A FARMACIA DROGASIL/ SENTIDO BR,AFOGADOS,,,COLISÃO,COLISÃO SEM VITIMAS,2,,,,,,,,,0,,,,,,,,,,,,,,
2018-03-26,14:25:00,SEM VÍTIMA,FINALIZADA,BAIRRO DO RECIFE,AV MILITAR,,,EM FRENTE AO POSTO DE GASOLINA SHELL,AV MILITAR,,EM FRENTE AO POSTO DE GASOLINA SHELL,BAIRRO DO RECIFE,,,COLISÃO,COLISÃO SEM VITIMAS GM QTH,1,1,,,,,,,,0,,,,,,,,,,,,,,
2018-03-26,14:34:00,SEM VÍTIMA,FINALIZADA,AFLITOS,RUA DES MARTINS PEREIRA,225,,POR TRAS DO BOMPREÇO DO AFLITOS / EM FRENTE AO EDIFICIO MONALISA,RUA DES MARTINS PEREIRA,225,POR TRAS DO BOMPREÇO DO AFLITOS / EM FRENTE AO EDIFICIO MONALISA,AFLITOS,,,COLISÃO,COLISAO DE DOIS AUTOS S/V,2,,,,,,,,,0,,,,,,,,,,,,,,
2018-03-26,14:41:00,SEM VÍTIMA,FINALIZADA,ILHA DO LEITE,AV GOVERNADOR AGAMENON MAGALHAES,,,SENTIDO BOA VIAGEM EM FRENTE AO HOSPITAL PORTUGUES,AV GOVERNADOR AGAMENON MAGALHAES,,SENTIDO BOA VIAGEM EM FRENTE AO HOSPITAL PORTUGUES,ILHA DO LEITE,,,COLISÃO,EM FRENTE AO HOSPITAL PORTUGUES,2,,,,,,,,,0,,,,,,,,,,,,,,
2018-03-26,14:57:00,SEM VÍTIMA,CANCELADA,CORDEIRO,EST DO FORTE DO ARRAIAL N. DO B. JESUS,780,,AO LADO DO DEPOSITO DA LIQUIGAS,EST DO FORTE DO ARRAIAL N. DO B. JESUS,780,AO LADO DO DEPOSITO DA LIQUIGAS,CORDEIRO,,,COLISÃO,COLISAO DE AUTO E MOTO S/V,1,1,,,,,,,,0,,,,,,,,,,,,,,
2018-03-26,15:14:00,COM VÍTIMA,FINALIZADA,CASA AMARELA,AV NORTE,,,SENTIDO CIDADE APOS A BARROS LIMA EM FRENTE A CASA DO VASSOUREIRO,AV NORTE,,SENTIDO CIDADE APOS A BARROS LIMA EM FRENTE A CASA DO VASSOUREIRO,CASA AMARELA,,,COLISÃO,COLISÃO COM VITIMA,1,1,,,,,,,,1,,,,,,,,,,,,,,
2018-03-26,15:30:00,SEM VÍTIMA,FINALIZADA,BOA VISTA,AV CONDE DA BOA VISTA,,,NA PONTE DUARTE COELHO,AV CONDE DA BOA VISTA,,NA PONTE DUARTE COELHO,BOA VISTA,,,COLISÃO,COLISAO DE ONIBUS E AUTO S/V GM NO LOCAL,1,,,,,1,,,,0,,,,,,,,,,,,,,
2018-03-26,16:17:00,COM VÍTIMA,FINALIZADA,SÃO JOSÉ,AV SUL,1105,,PROX AO PONTILHAO E/F A OFICINA DO ABELARDO,AV SUL,1105,PROX AO PONTILHAO E/F A OFICINA DO ABELARDO,SÃO JOSÉ,,,COLISÃO,COLISAO DE AUTO E MOTO COM UMA VITIMA,1,1,,,,,,,,1,,,,,,,,,,,,,,
2018-03-26,16:26:00,SEM VÍTIMA,FINALIZADA,CORDEIRO,RUA ALFREDO BECKER,32,,EM FRENTE AO HOSPITAL GETULIO VARGAS,RUA ALFREDO BECKER,32,EM FRENTE AO HOSPITAL GETULIO VARGAS,CORDEIRO,,,COLISÃO,COLISÃO SEM VITIMAS,2,,,,,,,,,0,,,,,,,,,,,,,,
2018-03-26,17:02:00,SEM VÍTIMA,FINALIZADA,CORDEIRO,RUA RIBEIRO ROMA,100,,PROX A PADARIA RAINHA DA TORRE EM FRENTE A EMPRESA LOQUIPE,RUA RIBEIRO ROMA,100,PROX A PADARIA RAINHA DA TORRE EM FRENTE A EMPRESA LOQUIPE,CORDEIRO,,,COLISÃO,COLISÃO SEM VITIMAS,1,,,,,,1,,,0,,,,,,,,,,,,,,
2018-03-26,17:16:00,COM VÍTIMA,FINALIZADA,MADALENA,RUA BENFICA,,,EM FRENTE AO INTERNACIONAL,RUA BENFICA,,EM FRENTE AO INTERNACIONAL,MADALENA,,,COLISÃO,COLISÃO COM VÍTIMA,1,,,,,1,,,,1,,,,,,,,,,,,,,
2018-03-26,17:42:00,SEM VÍTIMA,FINALIZADA,SANTO AMARO,RUA ALEXANDRE MOURA,,,AO LADO DO HOSPITAL DA MARINHA,RUA ALEXANDRE MOURA,,AO LADO DO HOSPITAL DA MARINHA,SANTO AMARO,,,COLISÃO,COLISÃO SEM VÍTIMA,1,,,,,1,,,,0,,,,,,,,,,,,,,
2018-03-26,17:46:00,SEM VÍTIMA,FINALIZADA,SANTO ANTÔNIO,C SANTA RITA,,,E/F AO GRANDE RECIFE NA SAIDA,C SANTA RITA,,E/F AO GRANDE RECIFE NA SAIDA,SANTO ANTÔNIO,,,COLISÃO,COLISAO DE AUTO E MOTO S/V,1,1,,,,,,,,0,,,,,,,,,,,,,,
2018-03-26,18:07:00,SEM VÍTIMA,CANCELADA,BOA VISTA,RUA DOM BOSCO,,,EM FRENTE AO COLEGIO AMERICANO BATISTA,RUA DOM BOSCO,,EM FRENTE AO COLEGIO AMERICANO BATISTA,BOA VISTA,,,COLISÃO,ONIBUS E AUTO,1,,,,,1,,,,0,,,,,,,,,,,,,,
2018-03-26,18:21:00,COM VÍTIMA,CANCELADA,BOA VIAGEM,RUA SETUBAL,156,RUA BARAO DE SOUZA LEAO,COM A RUA BARAO DE SOUSA LEAO  EM FRENTE A CASA DOS DOCES,RUA SETUBAL,156,COM A RUA BARAO DE SOUSA LEAO  EM FRENTE A CASA DOS DOCES,BOA VIAGEM,,,ATROPELAMENTO,AUTO E PEDESTRE,1,,,,,,,,,1,,,,,,,,,,,,,,
2018-03-26,18:41:00,COM VÍTIMA,FINALIZADA,IMBIRIBEIRA,RUA PINTOR LULA CARDOSO AYRES,108,,EM FRENTE A CASA DE FARINHA  PROX. AO POSTO SHELL,RUA PINTOR LULA CARDOSO AYRES,108,EM FRENTE A CASA DE FARINHA  PROX. AO POSTO SHELL,IMBIRIBEIRA,,,COLISÃO,AUTO E MOTO,1,1,,,,,,,,2,,,,,,,,,,,,,,