data,hora,natureza_acidente,situacao,bairro,endereco,numero,detalhe_endereco_acidente,complemento,endereco_cruzamento,numero_cruzamento,referencia_cruzamento,bairro_cruzamento,num_semaforo,sentido_via,tipo,descricao,auto,moto,ciclom,ciclista,pedestre,onibus,caminhao,viatura,outros,vitimas,vitimasfatais,acidente_verificado,tempo_clima,situacao_semaforo,sinalizacao,condicao_via,conservacao_via,ponto_controle,situacao_placa,velocidade_max_via,mao_direcao,divisao_via1,divisao_via2,divisao_via3
2018-03-26,19:12:00,SEM VÍTIMA,FINALIZADA,MADALENA,RUA BENFICA,,,PROX. A DPCA,RUA BENFICA,,PROX. A DPCA,MADALENA,,,COLISÃO,COLISÃO S/V,1,,,,,,1,,,0,,,,,,,,,,,,,,
2018-03-26,19:45:00,SEM VÍTIMA,FINALIZADA,IMBIRIBEIRA,AV MARECHAL MASCARENHAS DE MORAES,,,EM FRENTE AO GERALDÃO  NO SEMAFORO 290,AV MARECHAL MASCARENHAS DE MORAES,,EM FRENTE AO GERALDÃO  NO SEMAFORO 290,IMBIRIBEIRA,,,COLISÃO,CAMINHÃO E AUTO,1,,,,,,,,,0,,,,,,,,,,,,,,
2018-03-26,19:59:00,SEM VÍTIMA,FINALIZADA,BOA VISTA,RUA GERVASIO PIRES,237,,PROX. AOS CORREIOS E FARMACIA ROVAL,RUA GERVASIO PIRES,237,PROX. AOS CORREIOS E FARMACIA ROVAL,BOA VISTA,,,COLISÃO,DOIS AUTOS,2,,,,,,,,,0,,,,,,,,,,,,,,
2018-03-26,20:02:00,SEM VÍTIMA,FINALIZADA,ESTÂNCIA,AV CAPITAO GREGORIO DE CALDAS,,,AO LADO DO WALMART,AV CAPITAO GREGORIO DE CALDAS,,AO LADO DO WALMART,ESTÂNCIA,,,COLISÃO COM CICLISTA,COLISÃO ENTRE MOTO E BICICLETA,,1,,1,,,,,,0,,,,,,,,,,,,,,
2018-03-26,21:24:00,COM VÍTIMA,CANCELADA,BOA VIAGEM,RUA BARAO DE SOUZA LEAO,,,AO LADO DO POSTO DE GASOLINA,RUA BARAO DE SOUZA LEAO,,AO LADO DO POSTO DE GASOLINA,BOA VIAGEM,,,COLISÃO COM CICLISTA,VEICULO COLIDIU NO CICLISTA E O MESMO FOI SOCORRIDO PELO SAMU.,1,,,,,,,,,1,,,,,,,,,,,,,,
2018-03-26,22:11:00,SEM VÍTIMA,FINALIZADA,MADALENA,RUA JOSE OSORIO,,,E/F A BIG BEN,RUA JOSE OSORIO,,E/F A BIG BEN,MADALENA,,,COLISÃO,,2,,,,,,,,,0,,,,,,,,,,,,,,
2018-03-26,22:22:00,SEM VÍTIMA,FINALIZADA,BOA VIAGEM,RUA ERNESTO DE PAULA SANTOS,525,,NO POSTO DE GASOLINA SHELL,RUA ERNESTO DE PAULA SANTOS,525,NO POSTO DE GASOLINA SHELL,BOA VIAGEM,,,COLISÃO,DOIS AUTOS,2,,,,,,,,,0,,,,,,,,,,,,,,
2018-03-27,07:29:00,SEM VÍTIMA,FINALIZADA,DERBY,RUA JENER DE SOUZA,,,EM FRENTE AO QCG PMPE,RUA JENER DE SOUZA,,EM FRENTE AO QCG PMPE,DERBY,,,COLISÃO,DOIS AUTO PASSEIO,2,,,,,,,,,0,,,,,,,,,,,,,,
2018-03-27,07:58:00,SEM VÍTIMA,FINALIZADA,BAIRRO DO RECIFE,AV MILITAR,,,EM FRENTE A GERENCIA DE ATENÇÃO BASICA  AO LADO DA PREFEITURA DO RECIFE,AV MILITAR,,EM FRENTE A GERENCIA DE ATENÇÃO BASICA  AO LADO DA PREFEITURA DO RECIFE,BAIRRO DO RECIFE,,,COLISÃO,SEM VITIMAS,2,,,,,,,,,0,,,,,,,,,,,,,,
2018-03-27,08:04:00,,CANCELADA,AFOGADOS,AV DR JOSE RUFINO,1110,,NA ESQUINA DA RUA CARLOS PENA FILHO,AV DR JOSE RUFINO,1110,NA ESQUINA DA RUA CARLOS PENA FILHO,AFOGADOS,,,COLISÃO,COLISÃO SEM VITIMA,2,,,,,,,,,0,,,,,,,,,,,,,,
2018-03-27,08:07:00,COM VÍTIMA,FINALIZADA,TORREÃO,AV NORTE,,,SEMAFRO Nº056,AV NORTE,,SEMAFRO Nº056,TORREÃO,,,COLISÃO,COL.C/V UMA SET.SUB,1,1,,,,,,,,1,,,,,,,,,,,,,,
2018-03-27,08:08:00,COM VÍTIMA,FINALIZADA,TEJIPIÓ,AV DR JOSE RUFINO,,,EM FRENTE A HONDA,AV DR JOSE RUFINO,,EM FRENTE A HONDA,TEJIPIÓ,,,COLISÃO,COLISÃO COM VITIMA,,2,,,,,,,,2,,,,,,,,,,,,,,
2018-03-27,08:13:00,SEM VÍTIMA,FINALIZADA,AFOGADOS,RUA SAO MIGUEL,1136,,EM FRENTE AO CHINA IN BOX  POSTO DE GASOLINA FEDERAL,RUA SAO MIGUEL,1136,EM FRENTE AO CHINA IN BOX  POSTO DE GASOLINA FEDERAL,AFOGADOS,,,COLISÃO,AUTO E MOTO,1,1,,,,,,,,0,,,,,,,,,,,,,,
2018-03-27,08:46:00,SEM VÍTIMA,FINALIZADA,TORREÃO,AV NORTE,,,PROX. A CARLOS EQUIPADORA  JUNTO AO SEMAFORO 376,AV NORTE,,PROX. A CARLOS EQUIPADORA  JUNTO AO SEMAFORO 376,TORREÃO,,,COLISÃO,COLISÃO SEM VITIMA,1,1,,,,,,,,0,,,,,,,,,,,,,,
2018-03-27,08:47:00,SEM VÍTIMA,FINALIZADA,AFOGADOS,RUA SAO MIGUEL,1425,,DEZ METROS APÓS O BODE DO NÕ SENT/SUB,RUA SAO MIGUEL,1425,DEZ METROS APÓS O BODE DO NÕ SENT/SUB,AFOGADOS,,,COLISÃO,SEM VITIMAS,2,,,,,,,,,0,,,,,,,,,,,,,,
2018-03-27,08:47:00,SEM VÍTIMA,FINALIZADA,SANTO AMARO,AV CRUZ CABUGA,,,SEMAFORO Nº523,AV CRUZ CABUGA,,SEMAFORO Nº523,SANTO AMARO,,,COLISÃO,COL.S/V.SET.CD,1,,,,,1,,,,0,,,,,,,,,,,,,,
2018-03-27,09:48:00,SEM VÍTIMA,FINALIZADA,BOA VIAGEM,AV ENGENHEIRO DOMINGOS FERREIRA,2600,,EM FRENTE A FARMACIA INDEPENDENTE SEMAFORO 550,AV ENGENHEIRO DOMINGOS FERREIRA,2600,EM FRENTE A FARMACIA INDEPENDENTE SEMAFORO 550,BOA VIAGEM,,,COLISÃO,SEM VITIMAS,1,,,,,,1,,,0,,,,,,,,,,,,,,
2018-03-27,10:26:00,SEM VÍTIMA,FINALIZADA,CORDEIRO,RUA N S DA SAUDE,501,,RESIDENCIAL CLUB DO AUTOMOVEL,RUA N S DA SAUDE,501,RESIDENCIAL CLUB DO AUTOMOVEL,CORDEIRO,,,COLISÃO,COLISÃO SEM VITIMA,1,,,,,1,,,,0,,,,,,,,,,,,,,
2018-03-27,10:30:00,COM VÍTIMA,FINALIZADA,IMBIRIBEIRA,AV MARECHAL MASCARENHAS DE MORAES,2671,,EM FRENTE AO POSTO BR  SENTIDO RECIFE,AV MARECHAL MASCARENHAS DE MORAES,2671,EM FRENTE AO POSTO BR  SENTIDO RECIFE,IMBIRIBEIRA,,,ATROPELAMENTO,AUTO E PEDESTRE,1,,,,1,,,,,1,,,,,,,,,,,,,,
2018-03-27,10:32:00,SEM VÍTIMA,FINALIZADA,AFOGADOS,RUA COSME VIANA,550,,EM FRENTE DA OFICINA CEMAUTO,RUA COSME VIANA,550,EM FRENTE DA OFICINA CEMAUTO,AFOGADOS,,,COLISÃO,COL.S/V  SET .IMBIRIBEIRA,1,1,,,,,,,,0,,,,,,,,,,,,,,
2018-03-27,10:40:00,SEM VÍTIMA,FINALIZADA,BOA VIAGEM,RUA BARAO DE SOUZA LEAO,565,,APOS O MAR HOTEL,RUA BARAO DE SOUZA LEAO,565,APOS O MAR HOTEL,BOA VIAGEM,,,COLISÃO,COLISÃO SEM VITIMA,1,,,,,1,,,,0,,,,,,,,,,,,,,
2018-03-27,10:53:00,SEM VÍTIMA,CANCELADA,ÁGUA FRIA,RUA JULIO RAMOS,,,JUNTO A DELEGACIA,RUA JULIO RAMOS,,JUNTO A DELEGACIA,ÁGUA FRIA,,,COLISÃO,COLISÃO SEM VITIMA,2,,,,,,,,,0,,,,,,,,,,,,,,
2018-03-27,10:58:00,SEM VÍTIMA,FINALIZADA,SANTO AMARO,AV GOVERNADOR AGAMENON MAGALHAES,,,EM FRENTE AO MINISTERIO DO TRABALHO  SENTIDO DERBY,AV GOVERNADOR AGAMENON MAGALHAES,,EM FRENTE AO MINISTERIO DO TRABALHO  SENTIDO DERBY,SANTO AMARO,,,COLISÃO,AUTO E CAMINHAO SEM VITIMA,1,,,,,,1,,,0,,,,,,,,,,,,,,
2018-03-27,10:58:00,SEM VÍTIMA,FINALIZADA,CASA FORTE,AV DEZESSETE DE AGOSTO,,,NA FRENTE DA FARMACIA PAGUE MENOS,AV DEZESSETE DE AGOSTO,,NA FRENTE DA FARMACIA PAGUE MENOS,CASA FORTE,,,COLISÃO,COLISÃO SEM VITIMA,2,,,,,,,,,0,,,,,,,,,,,,,,
2018-03-27,10:58:00,SEM VÍTIMA,FINALIZADA,IPUTINGA,RUA SAO MATEUS,1160,,EM FRENTE AO CONDOMINIO JARDIM FLORENÇA,RUA SAO MATEUS,1160,EM FRENTE AO CONDOMINIO JARDIM FLORENÇA,IPUTINGA,,,COLISÃO,SEM VITIMAS,1,,,,,,1,,,0,,,,,,,,,,,,,,
2018-03-27,11:18:00,SEM VÍTIMA,FINALIZADA,BOA VISTA,RUA SETE DE SETEMBRO,,,NA FRENTE DO 100% BRASIL,RUA SETE DE SETEMBRO,,NA FRENTE DO 100% BRASIL,BOA VISTA,,,COLISÃO,COLISÃO SEM VITIMA,,,,,,,1,,1,0,,,,,,,,,,,,,,
2018-03-27,11:26:00,SEM VÍTIMA,FINALIZADA,SANTO AMARO,RUA CAPITAO LIMA,,,PX DA TV JORNAL,RUA CAPITAO LIMA,,PX DA TV JORNAL,SANTO AMARO,,,COLISÃO,COL.S/V,1,1,,,,,,,,0,,,,,,,,,,,,,,
2018-03-27,11:32:00,SEM VÍTIMA,FINALIZADA,IMBIRIBEIRA,AV SUL,173,,RESIDENCIAL BOA VIAGEM (DESOCUPADO),AV SUL,173,RESIDENCIAL BOA VIAGEM (DESOCUPADO),IMBIRIBEIRA,,,COLISÃO,SEM VITIMAS,1,1,,,,,,,,0,,,,,,,,,,,,,,
2018-03-27,11:51:00,COM VÍTIMA,FINALIZADA,BOA VIAGEM,RUA SETUBAL,,,LOCALIZA VEICULOS,RUA SETUBAL,,LOCALIZA VEICULOS,BOA VIAGEM,,,ATROPELAMENTO,ATROPELAMENTO ENVOLVENDO PEDESTRE E MOTOCICLETA,,1,,,1,,,,,1,,,,,,,,,,,,,,
2018-03-27,11:54:00,SEM VÍTIMA,FINALIZADA,SANTO AMARO,AV GOVERNADOR AGAMENON MAGALHAES,,,APOS O VIADUTO DA AV. NORTE  EM FRENTE AO POSTO DISLUB  SENTIDO OLINDA,AV GOVERNADOR AGAMENON MAGALHAES,,APOS O VIADUTO DA AV. NORTE  EM FRENTE AO POSTO DISLUB  SENTIDO OLINDA,SANTO AMARO,,,COLISÃO,AUTO E ONIBUS ,1,,,,,1,,,,0,,,,,,,,,,,,,,
2018-03-27,11:58:00,SEM VÍTIMA,FINALIZADA,SAN MARTIN,RUA ARSENIO CALACA,175,RUA VISCONDE DE PORTO SEGURO,PROX AO GIRADOURO COM RUA VISCONDE DE PORTO SEGURO E/F A QUITANDA SABOR E CIA,RUA ARSENIO CALACA,175,PROX AO GIRADOURO COM RUA VISCONDE DE PORTO SEGURO E/F A QUITANDA SABOR E CIA,SAN MARTIN,,,COLISÃO,COLISAO DE DOIS AUTOS S/V,2,,,,,,,,,0,,,,,,,,,,,,,,
2018-03-27,12:11:00,SEM VÍTIMA,FINALIZADA,SANTO ANTÔNIO,AV N S DO CARMO,,,EM FRENTE A CASA PIO,AV N S DO CARMO,,EM FRENTE A CASA PIO,SANTO ANTÔNIO,,,COLISÃO,COLISÃO SEM VITIMA,1,,,,,1,,,,0,,,,,,,,,,,,,,
2018-03-27,12:26:00,SEM VÍTIMA,FINALIZADA,IMBIRIBEIRA,AV MARECHAL MASCARENHAS DE MORAES,,,E/F AO AEROPORTO S/T CID,AV MARECHAL MASCARENHAS DE MORAES,,E/F AO AEROPORTO S/T CID,IMBIRIBEIRA,,,COLISÃO,COLISAO DE TAXI E CARRETA S/V,1,,,,,,1,,,0,,,,,,,,,,,,,,
2018-03-27,12:32:00,COM VÍTIMA,FINALIZADA,AREIAS,AV RECIFE,,,SOBRE O VIADULTO ULISSES GUIMARÃES,AV RECIFE,,SOBRE O VIADULTO ULISSES GUIMARÃES,AREIAS,,,COLISÃO,AUTO E MOTO COM VÍTIMA,1,1,,,,,,,,1,,,,,,,,,,,,,,
2018-03-27,13:03:00,SEM VÍTIMA,FINALIZADA,ESPINHEIRO,AV JOAO DE BARROS,1563,,EM FRENTE A FEDERAÇAO ESPIRITA,AV JOAO DE BARROS,1563,EM FRENTE A FEDERAÇAO ESPIRITA,ESPINHEIRO,,,COLISÃO,DOIS AUTOS S/V,2,,,,,,,,,0,,,,,,,,,,,,,,
2018-03-27,13:09:00,SEM VÍTIMA,FINALIZADA,IMBIRIBEIRA,AV MARECHAL MASCARENHAS DE MORAES,,,E/F A INFRAERO S/T PRAZERES,AV MARECHAL MASCARENHAS DE MORAES,,E/F A INFRAERO S/T PRAZERES,IMBIRIBEIRA,,,COLISÃO,COLISAO DE DOIS AUTOS S/V,2,,,,,,,,,0,,,,,,,,,,,,,,
2018-03-27,13:16:00,SEM VÍTIMA,FINALIZADA,BOA VIAGEM,RUA ERNESTO DE PAULA SANTOS,1172,,APOS O VIADUTO TANCREDO NEVES  SENTIDO BOA VIAGEM  EM FRENTE A PAGUE MENOS,RUA ERNESTO DE PAULA SANTOS,1172,APOS O VIADUTO TANCREDO NEVES  SENTIDO BOA VIAGEM  EM FRENTE A PAGUE MENOS,BOA VIAGEM,,,COLISÃO,DOIS AUTOS S/V,2,,,,,,,,,0,,,,,,,,,,,,,,
2018-03-27,13:27:00,SEM VÍTIMA,FINALIZADA,SANTO AMARO,RUA DOS PALMARES,,,EM FRENTE AO COMANDO DA GCMR,RUA DOS PALMARES,,EM FRENTE AO COMANDO DA GCMR,SANTO AMARO,,,COLISÃO,COLI~SO ENTRE 4 VEÍCULOS SENDO QUE O CAUSADOR EVADIU-SE,4,,,,,,,,,0,,,,,,,,,,,,,,
2018-03-27,13:28:00,SEM VÍTIMA,FINALIZADA,PRADO,AV ENGENHEIRO ABDIAS DE CARVALHO,,,NO SEMÁFORO 354/ SENTIDO CIDADE,AV ENGENHEIRO ABDIAS DE CARVALHO,,NO SEMÁFORO 354/ SENTIDO CIDADE,PRADO,,,COLISÃO,COLISÃO SEM VÍTIMA,1,,,,,,,,1,0,,,,,,,,,,,,,,
2018-03-27,13:38:00,COM VÍTIMA,FINALIZADA,CAMPO GRANDE,EST DE BELEM,,,EM FRENTE AO ARMAZEM MACHADO,EST DE BELEM,,EM FRENTE AO ARMAZEM MACHADO,CAMPO GRANDE,,,COLISÃO COM CICLISTA,COM VÍTIMA/ VT 07 NO LOCAL,,1,,1,,,,,,2,,,,,,,,,,,,,,
2018-03-27,13:47:00,SEM VÍTIMA,FINALIZADA,SÃO JOSÉ,PTE GIRATORIA,,,NA PONTE GIRATÓRIA,PTE GIRATORIA,,NA PONTE GIRATÓRIA,SÃO JOSÉ,,,COLISÃO,COLISAO DE DOIS AUTOS S/V,2,,,,,,,,,0,,,,,,,,,,,,,,
2018-03-27,14:16:00,COM VÍTIMA,FINALIZADA,SANTO AMARO,AV JOAO DE BARROS,,,E/F AO CLUBE DOS OFICIAIS,AV JOAO DE BARROS,,E/F AO CLUBE DOS OFICIAIS,SANTO AMARO,,,COLISÃO,COLISAO DE AUTO E MOTO COM UMA VITIMA,1,1,,,,,,,,1,,,,,,,,,,,,,,
2018-03-27,14:56:00,SEM VÍTIMA,FINALIZADA,AFOGADOS,AV SUL,,,EEM FRENTE AO TERMINAL DO LARGO DA PAZ,AV SUL,,EEM FRENTE AO TERMINAL DO LARGO DA PAZ,AFOGADOS,,,COLISÃO,AUTO E ONIBUS ,1,,,,,1,,,,0,,,,,,,,,,,,,,
2018-03-27,14:59:00,SEM VÍTIMA,FINALIZADA,IPUTINGA,RUA BOM PASTOR,292,,E/F AO EDF RIO ARAUÁ,RUA BOM PASTOR,292,E/F AO EDF RIO ARAUÁ,IPUTINGA,,,COLISÃO,COLISAO DE DOIS AUTOS S/V VT 15 NO LOCAL,2,,,,,,,,,0,,,,,,,,,,,,,,
2018-03-27,15:02:00,SEM VÍTIMA,FINALIZADA,BOA VISTA,RUA JOAO FERNANDES VIEIRA,,,E/F AO WALMART,RUA JOAO FERNANDES VIEIRA,,E/F AO WALMART,BOA VISTA,,,COLISÃO,COLISAO DE AUTO E CARRO FORTE COM VOLUMES,2,,,,,,,,,0,,,,,,,,,,,,,,
2018-03-27,15:21:00,SEM VÍTIMA,FINALIZADA,SÃO JOSÉ,AV SUL,,,EM FRENTE A GRANDE RECIFE/ SENTIDO CAIS DE SANTA RITA,AV SUL,,EM FRENTE A GRANDE RECIFE/ SENTIDO CAIS DE SANTA RITA,SÃO JOSÉ,,,COLISÃO,COLISÃO SEM VÍTIMA,1,1,,,,,,,,0,,,,,,,,,,,,,,
2018-03-27,15:24:00,SEM VÍTIMA,FINALIZADA,TORRE,RUA REAL DA TORRE,705,,EM FRENTE AO EDIFICIO ALDERBAR JUREMA,RUA REAL DA TORRE,705,EM FRENTE AO EDIFICIO ALDERBAR JUREMA,TORRE,,,COLISÃO,COLISÃO SEM VÍTIMA,1,,,,,1,,,,0,,,,,,,,,,,,,,
2018-03-27,15:29:00,SEM VÍTIMA,FINALIZADA,BOA VIAGEM,AV BOA VIAGEM,2876,,E/F A PADARIA BOA VIAGEM,AV BOA VIAGEM,2876,E/F A PADARIA BOA VIAGEM,BOA VIAGEM,,,COLISÃO,COLISAO DE AUTO E MOTO S/V,1,1,,,,,,,,0,,,,,,,,,,,,,,
2018-03-27,15:38:00,SEM VÍTIMA,FINALIZADA,BOA VIAGEM,RUA JOSE ADERVAL CHAVES,1920,,APOS O EXTRA SUPERMERCADO AO LADO DA CASA DOS FRIOS,RUA JOSE ADERVAL CHAVES,1920,APOS O EXTRA SUPERMERCADO AO LADO DA CASA DOS FRIOS,BOA VIAGEM,,,COLISÃO,COLISAO DE DOIS AUTOS S/V,2,,,,,,,,,0,,,,,,,,,,,,,,
2018-03-27,16:12:00,SEM VÍTIMA,CANCELADA,ESTÂNCIA,AV RECIFE,,,NO PONTILHÃO DO METRO/ EM FRENTE A DMFGESSO/ SENTIDO BOA VIAGEM,AV RECIFE,,NO PONTILHÃO DO METRO/ EM FRENTE A DMFGESSO/ SENTIDO BOA VIAGEM,ESTÂNCIA,,,COLISÃO,COLISÃO SEM VÍTIMA,1,1,,,,,,,,0,,,,,,,,,,,,,,
2018-03-27,17:02:00,SEM VÍTIMA,FINALIZADA,TORRE,RUA JOSE DE HOLANDA,1238,,PROX A PRAÇA DA TORRE,RUA JOSE DE HOLANDA,1238,PROX A PRAÇA DA TORRE,TORRE,,,COLISÃO,COLISAO DE AUTO E MOTO S/V,1,1,,,,,,,,0,,,,,,,,,,,,,,
2018-03-27,17:18:00,SEM VÍTIMA,CANCELADA,CABANGA,PTE GOVERNADOR PAULO GUERRA,,,NA DESCIDA DO VIA DUTO  APOS A COMPESA EM FRENTE A PARADA DE ONIBUS  SENTIDO PINA,PTE GOVERNADOR PAULO GUERRA,,NA DESCIDA DO VIA DUTO  APOS A COMPESA EM FRENTE A PARADA DE ONIBUS  SENTIDO PINA,CABANGA,,,COLISÃO,AUTO E ONIBUS ,1,,,,,1,,,,0,,,,,,,,,,,,,,
2018-03-27,17:55:00,SEM VÍTIMA,EQUIPE EM DESLOCAMENTO,PINA,AVENIDA CELSO FURTADO (VIA MANGUE),,,SENT. BOA VIAGEM APOS O RADAR,AVENIDA CELSO FURTADO (VIA MANGUE),,SENT. BOA VIAGEM APOS O RADAR,PINA,,,ENGAVETAMENTO,TRES AUTOS,3,,,,,,,,,0,,,,,,,,,,,,,,
2018-03-27,18:06:00,SEM VÍTIMA,FINALIZADA,SANTO AMARO,RUA TREZE DE MAIO,,AV NORTE,COM AV. NORTE  NO SEMAFORO 036,RUA TREZE DE MAIO,,COM AV. NORTE  NO SEMAFORO 036,SANTO AMARO,,,COLISÃO,DOIS AUTOS,2,,,,,,,,,0,,,,,,,,,,,,,,
2018-03-27,18:07:00,SEM VÍTIMA,CANCELADA,BOA VIAGEM,RUA SARGENTO WALDIR CORREIA,,,APÓS O CANAL A 1ª ESQUERDA,RUA SARGENTO WALDIR CORREIA,,APÓS O CANAL A 1ª ESQUERDA,BOA VIAGEM,,,COLISÃO,TRES AUTOS,3,,,,,,,,,0,,,,,,,,,,,,,,
2018-03-27,18:06:00,SEM VÍTIMA,FINALIZADA,CASA AMARELA,RUA DA HARMONIA,,EST ENCANAMENTO,COM ESTRADA DO ENCANAMENTO,RUA DA HARMONIA,,COM ESTRADA DO ENCANAMENTO,CASA AMARELA,,,COLISÃO,DOIS AUTOS,2,,,,,,,,,0,,,,,,,,,,,,,,
2018-03-27,18:25:00,SEM VÍTIMA,FINALIZADA,BOA VIAGEM,RUA PEDRO PAES DE MENDONCA,,,NA ESQUINA DO WALMART,RUA PEDRO PAES DE MENDONCA,,NA ESQUINA DO WALMART,BOA VIAGEM,,,COLISÃO,,2,,,,,,,,,0,,,,,,,,,,,,,,
2018-03-27,18:33:00,SEM VÍTIMA,FINALIZADA,MADALENA,RUA LOPES DE CARVALHO,,RUA VISCONDE DE ALBUQUERQUE,COM A VISCONDE DE ALBUQUERQUE  APOS O LOJAO DO CABELEIREIRO E GALERIA SPUK,RUA LOPES DE CARVALHO,,COM A VISCONDE DE ALBUQUERQUE  APOS O LOJAO DO CABELEIREIRO E GALERIA SPUK,MADALENA,,,COLISÃO,AUTO E MOTO,1,1,,,,,,,,0,,,,,,,,,,,,,,
2018-03-27,18:38:00,SEM VÍTIMA,FINALIZADA,ARRUDA,AV BEBERIBE,,AV PROF JOSE DOS ANJOS,COM A PROF. JOSE DOS ANJOS  EM FRENTE AO ESTADIO DO ARRUDA  NO SEMAFORO 131,AV BEBERIBE,,COM A PROF. JOSE DOS ANJOS  EM FRENTE AO ESTADIO DO ARRUDA  NO SEMAFORO 131,ARRUDA,,,COLISÃO,ONIBUS E AUTO,1,,,,,1,,,,0,,,,,,,,,,,,,,
2018-03-27,18:39:00,COM VÍTIMA,FINALIZADA,ILHA JOANA BEZERRA,RUA DES GUERRA BARRETO,,,E/F AO FORUM JOANA BEZERRA,RUA DES GUERRA BARRETO,,E/F AO FORUM JOANA BEZERRA,ILHA JOANA BEZERRA,,,COLISÃO,COLISÃO S/V,1,1,,,,,,,,1,,,,,,,,,,,,,,
2018-03-27,18:56:00,,CANCELADA,ARRUDA,AV BEBERIBE,,,AO LADO DO BOMPREÇO,AV BEBERIBE,,AO LADO DO BOMPREÇO,ARRUDA,,,COLISÃO,COLISÃO S/V,1,,,,,1,,,,0,,,,,,,,,,,,,,
2018-03-27,19:08:00,SEM VÍTIMA,FINALIZADA,ILHA DO LEITE,AV GOVERNADOR AGAMENON MAGALHAES,,,APOS O VIADULTO SENT. DERBY,AV GOVERNADOR AGAMENON MAGALHAES,,APOS O VIADULTO SENT. DERBY,ILHA DO LEITE,,,COLISÃO,TRES AUTOS,3,,,,,,,,,0,,,,,,,,,,,,,,
2018-03-27,20:12:00,SEM VÍTIMA,FINALIZADA,CORDEIRO,RUA CLAUDIO BROTHERHOOD,,,E/F AO SUPERMERCADO BOM DEMAIS,RUA CLAUDIO BROTHERHOOD,,E/F AO SUPERMERCADO BOM DEMAIS,CORDEIRO,,,COLISÃO,COLISÃO S/V,2,,,,,,,,,0,,,,,,,,,,,,,,
2018-03-27,20:21:00,SEM VÍTIMA,FINALIZADA,AFLITOS,RUA DES MARTINS PEREIRA,344,,EM FRENTE A EMPRESA VIAGEM DARCY TURISMO,RUA DES MARTINS PEREIRA,344,EM FRENTE A EMPRESA VIAGEM DARCY TURISMO,AFLITOS,,,ENGAVETAMENTO,TRES AUTOS,3,,,,,,,,,0,,,,,,,,,,,,,,
2018-03-27,22:39:00,SEM VÍTIMA,CANCELADA,TORRE,AV BEIRA RIO,,,EM FRENTE AO EMPORIO MARITIMO,AV BEIRA RIO,,EM FRENTE AO EMPORIO MARITIMO,TORRE,,,COLISÃO,DOIS AUTOS,2,,,,,,,,,0,,,,,,,,,,,,,,
2018-03-28,06:36:00,SEM VÍTIMA,FINALIZADA,SÃO JOSÉ,RUA IMPERIAL,,TRV RAPOSO,CRUZAMENTO COM TRAVESSA DO RAPOSO,RUA IMPERIAL,,CRUZAMENTO COM TRAVESSA DO RAPOSO,SÃO JOSÉ,,,COLISÃO,2 AUTOS S/VITIMA,,,,,,,,,,0,,,,,,,,,,,,,,
2018-03-28,07:03:00,SEM VÍTIMA,FINALIZADA,APIPUCOS,RUA ITATIAIA,,RUA DOIS IRMÃOS,EM FRENTE AO DECIMO PRIMEIRO BATALHÃO DE ZESSETE DE AGOSTO/CRUZAMENTO COM A RUA DOIS IRMÃOS,RUA ITATIAIA,,EM FRENTE AO DECIMO PRIMEIRO BATALHÃO DE ZESSETE DE AGOSTO/CRUZAMENTO COM A RUA DOIS IRMÃOS,APIPUCOS,,,COLISÃO,SEM VITIMAS,2,,,,,,,,,0,,,,,,,,,,,,,,
2018-03-28,07:28:00,SEM VÍTIMA,CANCELADA,ÁGUA FRIA,RUA ZEFERINO AGRA,328,,COLEGIO ADVENTISTA,RUA ZEFERINO AGRA,328,COLEGIO ADVENTISTA,ÁGUA FRIA,,,COLISÃO,COLISÃO SEM VITIMAS,,,,,,1,,,1,0,,,,,,,,,,,,,,
2018-03-28,08:05:00,COM VÍTIMA,FINALIZADA,ENCRUZILHADA,RUA JULIAO NETO,,RUA OTAVIO DE FREITAS,CRUZAMENTO COM A RUA OTAVIO DE FREITAS,RUA JULIAO NETO,,CRUZAMENTO COM A RUA OTAVIO DE FREITAS,ENCRUZILHADA,,,COLISÃO,COM UMA VITIMA AGUARDANDO BOMBEIROS,1,1,,,,,,,,1,,,,,,,,,,,,,,
2018-03-28,08:21:00,SEM VÍTIMA,FINALIZADA,IPUTINGA,RUA MANOEL JOAQUIM DE ALMEIDA,96,,E/F A COSTAMED AO LADO DA LOTERICA,RUA MANOEL JOAQUIM DE ALMEIDA,96,E/F A COSTAMED AO LADO DA LOTERICA,IPUTINGA,,,COLISÃO,COLISAO DE AMBULANCIA E AUTO S/V,1,,,,,,,1,,0,,,,,,,,,,,,,,
2018-03-28,08:32:00,SEM VÍTIMA,CANCELADA,AFOGADOS,EST DOS REMEDIOS,1397,,EM FRENTE DA JEEP,EST DOS REMEDIOS,1397,EM FRENTE DA JEEP,AFOGADOS,,,COLISÃO,COL.S/V.SET.CD,2,,,,,,,,,0,,,,,,,,,,,,,,
2018-03-28,08:39:00,COM VÍTIMA,FINALIZADA,CAXANGÁ,AV CAXANGA,,,E/F A AUTO ESCOLA PILOTO S/T SUB,AV CAXANGA,,E/F A AUTO ESCOLA PILOTO S/T SUB,CAXANGÁ,,,COLISÃO,COLISAO DE AUTO E MOTO COM UMA VITIMA,1,1,,,,,,,,1,,,,,,,,,,,,,,
2018-03-28,09:09:00,SEM VÍTIMA,FINALIZADA,PINA,AV ENGENHEIRO DOMINGOS FERREIRA,,,NA FRENTE DA CLINICAL CENTER,AV ENGENHEIRO DOMINGOS FERREIRA,,NA FRENTE DA CLINICAL CENTER,PINA,,,COLISÃO,COLISÃO SEM COLISÃO,3,,,,,,,,,0,,,,,,,,,,,,,,
2018-03-28,10:40:00,SEM VÍTIMA,FINALIZADA,GRAÇAS,AV CONS ROSA E SILVA,469,,EDF/MAISON LANGGUTH,AV CONS ROSA E SILVA,469,EDF/MAISON LANGGUTH,GRAÇAS,,,COLISÃO,COL.S/V,1,,,,,1,,,,0,,,,,,,,,,,,,,
2018-03-28,10:47:00,,CANCELADA,ESPINHEIRO,AV CONS ROSA E SILVA,,,JUNTO AO HOSP. DOS SERVIDORES,AV CONS ROSA E SILVA,,JUNTO AO HOSP. DOS SERVIDORES,ESPINHEIRO,,,COLISÃO,COLISÃO SEM VITIMA,1,,,,,1,,,,0,,,,,,,,,,,,,,