data,hora,natureza_acidente,situacao,bairro,endereco,numero,detalhe_endereco_acidente,complemento,endereco_cruzamento,numero_cruzamento,referencia_cruzamento,bairro_cruzamento,num_semaforo,sentido_via,tipo,descricao,auto,moto,ciclom,ciclista,pedestre,onibus,caminhao,viatura,outros,vitimas,vitimasfatais,acidente_verificado,tempo_clima,situacao_semaforo,sinalizacao,condicao_via,conservacao_via,ponto_controle,situacao_placa,velocidade_max_via,mao_direcao,divisao_via1,divisao_via2,divisao_via3
2018-03-28,11:03:00,SEM VÍTIMA,FINALIZADA,MADALENA,RUA BENFICA,,,EM AO POSTO DO EXTRA,RUA BENFICA,,EM AO POSTO DO EXTRA,MADALENA,,,COLISÃO,COL.S/V ,2,,,,,,,,,0,,,,,,,,,,,,,,
2018-03-28,12:34:00,SEM VÍTIMA,FINALIZADA,TAMARINEIRA,AV NORTE,4111,,PROXIMO A SESC/ SENTIDO SUBURBIO,AV NORTE,4111,PROXIMO A SESC/ SENTIDO SUBURBIO,TAMARINEIRA,,,COLISÃO,COLISÃO SEM VITIMA,3,,,,,1,,,,0,,,,,,,,,,,,,,
2018-03-28,12:36:00,SEM VÍTIMA,FINALIZADA,VASCO DA GAMA,RUA VASCO DA GAMA,353,,E/F AO CONJUNTO RESIDENCIAL PROFESSOR ADERBAL GALVAO,RUA VASCO DA GAMA,353,E/F AO CONJUNTO RESIDENCIAL PROFESSOR ADERBAL GALVAO,VASCO DA GAMA,,,COLISÃO,COLISAO DE AUTO E MOTO S/V,1,1,,,,,,,,0,,,,,,,,,,,,,,
2018-03-28,13:05:00,SEM VÍTIMA,FINALIZADA,DERBY,AV GOVERNADOR AGAMENON MAGALHAES,,,E/F A O COLEGIO BARBOSA LIMA S/T OLINDA,AV GOVERNADOR AGAMENON MAGALHAES,,E/F A O COLEGIO BARBOSA LIMA S/T OLINDA,DERBY,,,COLISÃO,COLISAO DE DOIS AUTOS S/V,2,,,,,,,,,0,,,,,,,,,,,,,,
2018-03-28,13:09:00,SEM VÍTIMA,FINALIZADA,AFOGADOS,RUA COSME VIANA,,,SEMAFORO 334,RUA COSME VIANA,,SEMAFORO 334,AFOGADOS,,,COLISÃO COM CICLISTA,AUTO E CICLISTA,1,,,1,,,,,,0,,,,,,,,,,,,,,
2018-03-28,13:39:00,SEM VÍTIMA,FINALIZADA,SÃO JOSÉ,RUA IMPERIAL,,,NO SEMÁFORO 207,RUA IMPERIAL,,NO SEMÁFORO 207,SÃO JOSÉ,,,COLISÃO,COLISÃO SEM VITIMA,2,,,,,,,,,0,,,,,,,,,,,,,,
2018-03-28,14:16:00,COM VÍTIMA,FINALIZADA,BOA VIAGEM,AV HERCULANO BANDEIRA,,,E/F A IGREJA DO PINA,AV HERCULANO BANDEIRA,,E/F A IGREJA DO PINA,BOA VIAGEM,,,COLISÃO,COLISAO DE AUTO E MOTO COM UMA VITIMA,1,1,,,,,,,,1,,,,,,,,,,,,,,
2018-03-28,14:58:00,COM VÍTIMA,FINALIZADA,IPSEP,AV RECIFE,1311,,PROX. AO SAL E BRASA  SENTIDO AEROPORTO,AV RECIFE,1311,PROX. AO SAL E BRASA  SENTIDO AEROPORTO,IPSEP,,,COLISÃO,DOIS AUTO E UMA MOTO,2,1,,,,,,,,2,,,,,,,,,,,,,,
2018-03-28,15:00:00,SEM VÍTIMA,CANCELADA,IMBIRIBEIRA,AV MARECHAL MASCARENHAS DE MORAES,,,E/F A HYUNDAI S/T AFOGADOS,AV MARECHAL MASCARENHAS DE MORAES,,E/F A HYUNDAI S/T AFOGADOS,IMBIRIBEIRA,,,COLISÃO,COLISAO AUTO E MOTO S/V,1,1,,,,,,,,0,,,,,,,,,,,,,,
2018-03-28,15:12:00,SEM VÍTIMA,CANCELADA,DERBY,AV GOVERNADOR AGAMENON MAGALHAES,,,E/F AO HOSPITAL PORTUGUES S/T OLINDA,AV GOVERNADOR AGAMENON MAGALHAES,,E/F AO HOSPITAL PORTUGUES S/T OLINDA,DERBY,,,COLISÃO,COLISAO DE DOIS AUTOS S/V,2,,,,,,,,,0,,,,,,,,,,,,,,
2018-03-28,15:59:00,SEM VÍTIMA,FINALIZADA,CAMPO GRANDE,RUA PROFESSOR FRANCISCO DA TRINDADE,290,,POR TRÁS DO CLUBE DAS PÁS,RUA PROFESSOR FRANCISCO DA TRINDADE,290,POR TRÁS DO CLUBE DAS PÁS,CAMPO GRANDE,,,COLISÃO,COLISÃO COM VÍTIMA,1,1,,,,,,,,0,,,,,,,,,,,,,,
2018-03-28,16:15:00,SEM VÍTIMA,FINALIZADA,IPSEP,AV RECIFE,2967,,AO LADO DO POSTO TOTAL/ SENTIDO AFOGADOS,AV RECIFE,2967,AO LADO DO POSTO TOTAL/ SENTIDO AFOGADOS,IPSEP,,,COLISÃO,COLISÃO SEM VÍTIMA,2,,,,,,,,,0,,,,,,,,,,,,,,
2018-03-28,16:54:00,SEM VÍTIMA,FINALIZADA,ILHA DO RETIRO,AV JOSE GONCALVES DE MEDEIROS,,,POR TRAS DO EXTRA E/F AO SPORT,AV JOSE GONCALVES DE MEDEIROS,,POR TRAS DO EXTRA E/F AO SPORT,ILHA DO RETIRO,,,COLISÃO,COLISAO DE DOIS AUTOS S/V,2,,,,,,,,,0,,,,,,,,,,,,,,
2018-03-28,17:24:00,SEM VÍTIMA,FINALIZADA,IPUTINGA,RUA DR JOSE ANASTACIO DA SILVA GUIMARAES,562,,PROX. A MERCADO COBAL DE CARDOSO,RUA DR JOSE ANASTACIO DA SILVA GUIMARAES,562,PROX. A MERCADO COBAL DE CARDOSO,IPUTINGA,,,COLISÃO,AUTO E ONIBUS DA MOBI,1,,,,,1,,,,0,,,,,,,,,,,,,,
2018-03-28,17:34:00,SEM VÍTIMA,FINALIZADA,IPSEP,RUA ARQUITETO LUIZ NUNES,,,,RUA ARQUITETO LUIZ NUNES,,,IPSEP,,,ACID. DE PERCURSO,,,,,,,,,,,0,,,,,,,,,,,,,,
2018-03-28,17:36:00,SEM VÍTIMA,FINALIZADA,DERBY,AV GOVERNADOR AGAMENON MAGALHAES,,,E/F AO PORTUGUES NA SUBIDA DO VIADUTO S/T BOA VIAGEM,AV GOVERNADOR AGAMENON MAGALHAES,,E/F AO PORTUGUES NA SUBIDA DO VIADUTO S/T BOA VIAGEM,DERBY,,,COLISÃO,COLISAO DE AUTO E CAMINHAO S/V,1,,,,,,1,,,0,,,,,,,,,,,,,,
2018-03-28,18:11:00,SEM VÍTIMA,CANCELADA,AFOGADOS,RUA VINTE E UM DE ABRIL,,,PROX AO CLUBE FERROVIARIO/ PAN DELICIA,RUA VINTE E UM DE ABRIL,,PROX AO CLUBE FERROVIARIO/ PAN DELICIA,AFOGADOS,,,COLISÃO,COLISÃO S/V,1,1,,,,,,,,0,,,,,,,,,,,,,,
2018-03-28,18:21:00,SEM VÍTIMA,FINALIZADA,MADALENA,AV BEIRA RIO,156,,,AV BEIRA RIO,156,,MADALENA,,,ENGAVETAMENTO,,,,,,,,,,,0,,,,,,,,,,,,,,
2018-03-28,18:47:00,COM VÍTIMA,FINALIZADA,IPSEP,RUA ITAJAI,24,,E/F A LUTEC / PRÓX AO HOTEL MILENIO,RUA ITAJAI,24,E/F A LUTEC / PRÓX AO HOTEL MILENIO,IPSEP,,,COLISÃO,ENTRE AUTO E MOTO- C/V,1,1,,,,,,,,1,,,,,,,,,,,,,,
2018-03-28,18:55:00,SEM VÍTIMA,FINALIZADA,TORREÃO,RUA OTHON PARAISO,,,NO FINAL DA RUA DO PRAÇA DA PICANHA,RUA OTHON PARAISO,,NO FINAL DA RUA DO PRAÇA DA PICANHA,TORREÃO,,,COLISÃO,,1,,1,,,,,,,0,,,,,,,,,,,,,,
2018-03-28,19:20:00,SEM VÍTIMA,CANCELADA,SANTO AMARO,AV GOVERNADOR AGAMENON MAGALHAES,,,PRÓX AO SHOPPING TACARUNA  SNT OLINDA / E/F AO POSTO BR,AV GOVERNADOR AGAMENON MAGALHAES,,PRÓX AO SHOPPING TACARUNA  SNT OLINDA / E/F AO POSTO BR,SANTO AMARO,,,COLISÃO,ENTRE 2 AUTOS. S/V,2,,,,,,,,,0,,,,,,,,,,,,,,
2018-03-28,19:27:00,SEM VÍTIMA,FINALIZADA,ENCRUZILHADA,AV BEBERIBE,,,AO LADO DA FARMACIA PAGUE MENOS / SNT CIDADE-SUB,AV BEBERIBE,,AO LADO DA FARMACIA PAGUE MENOS / SNT CIDADE-SUB,ENCRUZILHADA,,,COLISÃO,ENTRE AUTO E ÔNIBUS S/V,1,,,,,1,,,,0,,,,,,,,,,,,,,
2018-03-28,20:02:00,SEM VÍTIMA,CANCELADA,ILHA DO LEITE,AV GOVERNADOR AGAMENON MAGALHAES,,RUA PAISSANDU,SENTIDO BOA VIAGEM/OLINDA EMFRENTE AO BANCO ITAÚ.SEMAFORO 069-AGAMENON COM PAISSADÚ,AV GOVERNADOR AGAMENON MAGALHAES,,SENTIDO BOA VIAGEM/OLINDA EMFRENTE AO BANCO ITAÚ.SEMAFORO 069-AGAMENON COM PAISSADÚ,ILHA DO LEITE,,,ACID. DE PERCURSO,CONDUTOR CAIU NA VIA COM A MOTO .,,,,,,,,,,0,,,,,,,,,,,,,,
2018-03-28,20:08:00,SEM VÍTIMA,FINALIZADA,CORDEIRO,EST DO FORTE DO ARRAIAL N. DO B. JESUS,,,2 ESQUINA DA CIAFITY ACADEMIA STD CAXANGA/ TORROES,EST DO FORTE DO ARRAIAL N. DO B. JESUS,,2 ESQUINA DA CIAFITY ACADEMIA STD CAXANGA/ TORROES,CORDEIRO,,,COLISÃO,COLISÃO S/V,2,,,,,,,,,0,,,,,,,,,,,,,,
2018-03-28,20:22:00,COM VÍTIMA,FINALIZADA,CASA AMARELA,EST DAS UBAIAS ,147,,E/F A PADARIA PAREA DELI,EST DAS UBAIAS ,147,E/F A PADARIA PAREA DELI,CASA AMARELA,,,COLISÃO,ENTRE AUTO E MOTO. C/V,1,1,,,,,,,,1,,,,,,,,,,,,,,
2018-03-28,21:04:00,SEM VÍTIMA,CANCELADA,CURADO,AV GETULIO VARGAS,3666,,FABRICA DA GERDAU,AV GETULIO VARGAS,3666,FABRICA DA GERDAU,CURADO,,,COLISÃO,COLISÃO S/V,,,,,,,2,,,0,,,,,,,,,,,,,,
2018-03-28,22:39:00,SEM VÍTIMA,FINALIZADA,IMBIRIBEIRA,AV MARECHAL MASCARENHAS DE MORAES,141,,E/F A JUSTIÇA DO TRABALHO. SNT AFOGADOS,AV MARECHAL MASCARENHAS DE MORAES,141,E/F A JUSTIÇA DO TRABALHO. SNT AFOGADOS,IMBIRIBEIRA,,,COLISÃO,ENTRE AUTO E ÕNIBUS. S/V,1,,,,,1,,,,0,,,,,,,,,,,,,,
2018-03-28,23:31:00,SEM VÍTIMA,FINALIZADA,PINA,AV ENGENHEIRO DOMINGOS FERREIRA,,,NO INICO DA DOMINGOS FERREIRA / E/F AO POSTO TOTAL E PRÓX A IGREJA / SNT BOA VIAGEM,AV ENGENHEIRO DOMINGOS FERREIRA,,NO INICO DA DOMINGOS FERREIRA / E/F AO POSTO TOTAL E PRÓX A IGREJA / SNT BOA VIAGEM,PINA,,,COLISÃO,ENTRE ONIBUS E AUTO. S/V,1,,,,,1,,,,0,,,,,,,,,,,,,,
2018-03-29,00:21:00,SEM VÍTIMA,FINALIZADA,JARDIM SÃO PAULO,RUA LEANDRO BARRETO,,,EM FRENTE PADARIA LA ROQUE // EM FRENTE AO MONTE LÍBANO,RUA LEANDRO BARRETO,,EM FRENTE PADARIA LA ROQUE // EM FRENTE AO MONTE LÍBANO,JARDIM SÃO PAULO,,,COLISÃO,COLISÃO ENTRE AUTO E ÔNIBUS S/V,1,,,,,1,,,,0,,,,,,,,,,,,,,
2018-03-29,06:58:00,SEM VÍTIMA,FINALIZADA,BOA VIAGEM,AV BOA VIAGEM,3296,,EDIF. 14 BIS,AV BOA VIAGEM,3296,EDIF. 14 BIS,BOA VIAGEM,,,COLISÃO,COLISÃO SEM VITIMA,3,,,,,,,,,0,,,,,,,,,,,,,,
2018-03-29,07:03:00,SEM VÍTIMA,FINALIZADA,MADALENA,AV ENGENHEIRO ABDIAS DE CARVALHO,2116,,ESQUINA DA DROGASIL COM A BIG BEM,AV ENGENHEIRO ABDIAS DE CARVALHO,2116,ESQUINA DA DROGASIL COM A BIG BEM,MADALENA,,,COLISÃO,COLISÃO SEM VITIMA,2,,,,,,,,,0,,,,,,,,,,,,,,
2018-03-29,07:26:00,SEM VÍTIMA,FINALIZADA,CORDEIRO,RUA ODETE MONTEIRO,118,,PETROCAL,RUA ODETE MONTEIRO,118,PETROCAL,CORDEIRO,,,COLISÃO,COLISÃO SEM VITIMA,2,,,,,,,,,0,,,,,,,,,,,,,,
2018-03-29,07:32:00,,CANCELADA,IPUTINGA,RUA ODETE MONTEIRO,,,EM FRENTE A PETROCAL,RUA ODETE MONTEIRO,,EM FRENTE A PETROCAL,IPUTINGA,,,COLISÃO,DOIS AUTOS VT 14 NO QTH,2,,,,,,,,,0,,,,,,,,,,,,,,
2018-03-29,07:38:00,SEM VÍTIMA,FINALIZADA,DERBY,AV GOVERNADOR AGAMENON MAGALHAES,,,SEMAFORO 068 / SENT OLINDA / EM FRENTE AO ITAU,AV GOVERNADOR AGAMENON MAGALHAES,,SEMAFORO 068 / SENT OLINDA / EM FRENTE AO ITAU,DERBY,,,COLISÃO,DOIS AUTOS,2,,,,,,,,,0,,,,,,,,,,,,,,
2018-03-29,08:33:00,COM VÍTIMA,FINALIZADA,ARRUDA,RUA DAS MOCAS,309,,RESIDENCIA POR TRAS DO CAMPO DO ARRUDA EM FRENTE AO ARMAZEM SÃO JOÃO,RUA DAS MOCAS,309,RESIDENCIA POR TRAS DO CAMPO DO ARRUDA EM FRENTE AO ARMAZEM SÃO JOÃO,ARRUDA,,,COLISÃO,COLISÃO COM VITIMA A ESPERA DO SAMU,1,1,,,,,,,,1,,,,,,,,,,,,,,
2018-03-29,09:30:00,SEM VÍTIMA,FINALIZADA,PINA,AV BOA VIAGEM,,,EM FRENTE AO POSTO DE GASOLINA BR,AV BOA VIAGEM,,EM FRENTE AO POSTO DE GASOLINA BR,PINA,,,COLISÃO,COLISÃO SEM VITIMAS SUB NO QTH,1,1,,,,,,,,0,,,,,,,,,,,,,,
2018-03-29,09:31:00,SEM VÍTIMA,CANCELADA,BOA VIAGEM,AV ENGENHEIRO DOMINGOS FERREIRA,683,,EM FRENTE AO IBIS HOTEL,AV ENGENHEIRO DOMINGOS FERREIRA,683,EM FRENTE AO IBIS HOTEL,BOA VIAGEM,,,COLISÃO,SEM VITIMAS,1,1,,,,,,,,0,,,,,,,,,,,,,,
2018-03-29,09:33:00,SEM VÍTIMA,FINALIZADA,CABANGA,AV SUL,,,AO LADO DA ESTAÇAO DE TREM / SENT CIDADE,AV SUL,,AO LADO DA ESTAÇAO DE TREM / SENT CIDADE,CABANGA,,,COLISÃO,DOIS AUTOS,2,,,,,,,,,0,,,,,,,,,,,,,,
2018-03-29,09:43:00,,CANCELADA,SÃO JOSÉ,AV SUL,,,POR TRAZ DA IGREJA DE SÃO JOSÉ  ANTES DO FORTE DAS 5 PONTAS,AV SUL,,POR TRAZ DA IGREJA DE SÃO JOSÉ  ANTES DO FORTE DAS 5 PONTAS,SÃO JOSÉ,,,COLISÃO,COLISÃO SEM VITIMA,2,,,,,,,,,0,,,,,,,,,,,,,,
2018-03-29,10:59:00,COM VÍTIMA,FINALIZADA,BOA VIAGEM,AV ANTONIO DE GOES,,,EM BAIXO DO SEMAFORO 103 EM FRENTE AO DNIT,AV ANTONIO DE GOES,,EM BAIXO DO SEMAFORO 103 EM FRENTE AO DNIT,BOA VIAGEM,,,COLISÃO,COLISÃO COM 1 VITIMA A ESPERA DO SAMU,1,1,,,,,,,,1,,,,,,,,,,,,,,
2018-03-29,11:09:00,SEM VÍTIMA,FINALIZADA,BOA VISTA,RUA AURORA,,,DEFRONTE AO CINE SÃO LUIZ,RUA AURORA,,DEFRONTE AO CINE SÃO LUIZ,BOA VISTA,,,COLISÃO,COLISÃO SEM VITIMA,2,,,,,,,,,0,,,,,,,,,,,,,,
2018-03-29,11:15:00,SEM VÍTIMA,FINALIZADA,AREIAS,AV DR JOSE RUFINO,1099,,EM FRENTE AO SENAI AO MERCADO PUBLICO DE AREIAS SENTIDO SUBURBIO CIDADE,AV DR JOSE RUFINO,1099,EM FRENTE AO SENAI AO MERCADO PUBLICO DE AREIAS SENTIDO SUBURBIO CIDADE,AREIAS,,,COLISÃO,COLISÃO SEM VITIMAS,1,,,,,1,,,,0,,,,,,,,,,,,,,
2018-03-29,11:28:00,,CANCELADA,BOA VISTA,AV CONDE DA BOA VISTA,,,CRUZ COM A RUA DA AURORA EM FRENTE AO CINEMA SÃO LUIZ,AV CONDE DA BOA VISTA,,CRUZ COM A RUA DA AURORA EM FRENTE AO CINEMA SÃO LUIZ,BOA VISTA,,,COLISÃO,COLISÃO SEM VITIMAS,2,,,,,,,,,0,,,,,,,,,,,,,,
2018-03-29,12:04:00,SEM VÍTIMA,FINALIZADA,CIDADE UNIVERSITÁRIA,RUA GENERAL POLIDORO,,,E/F A PADARIA CDU,RUA GENERAL POLIDORO,,E/F A PADARIA CDU,CIDADE UNIVERSITÁRIA,,,COLISÃO,,2,,,,,,,,,0,,,,,,,,,,,,,,
2018-03-29,12:21:00,SEM VÍTIMA,CANCELADA,IPUTINGA,RUA CORONEL FERNANDO FURTADO,,,NO TERMINAL DE ONIBUS DO CAIARA AO LADO DO CLUBE DA EMLURB,RUA CORONEL FERNANDO FURTADO,,NO TERMINAL DE ONIBUS DO CAIARA AO LADO DO CLUBE DA EMLURB,IPUTINGA,,,COLISÃO,COLISAO DE AUTO E AUTO S/V,1,,,,,1,,,,0,,,,,,,,,,,,,,
2018-03-29,13:13:00,SEM VÍTIMA,FINALIZADA,TEJIPIÓ,AV DR JOSE RUFINO,328,,E/F AO CARTÓRIO LOCAL DE TEJIPIO  SNT JABOATÃO,AV DR JOSE RUFINO,328,E/F AO CARTÓRIO LOCAL DE TEJIPIO  SNT JABOATÃO,TEJIPIÓ,,,COLISÃO,ENTRE 2 AUTOS. S-V,2,,,,,,,,,0,,,,,,,,,,,,,,
2018-03-29,13:30:00,SEM VÍTIMA,CANCELADA,CORDEIRO,RUA MARIA QUITERIA,168,,PROX. A DELEGACIA DO CORDEIRO,RUA MARIA QUITERIA,168,PROX. A DELEGACIA DO CORDEIRO,CORDEIRO,,,COLISÃO,DOIS AUTOS,2,,,,,,,,,0,,,,,,,,,,,,,,
2018-03-29,13:50:00,SEM VÍTIMA,FINALIZADA,IMBIRIBEIRA,AV ENGENHEIRO ALVES DE SOUZA,,,SEMÁFORO 634,AV ENGENHEIRO ALVES DE SOUZA,,SEMÁFORO 634,IMBIRIBEIRA,,,COLISÃO,ENTRE 2 AUTOS. S-V,2,,,,,,,,,0,,,,,,,,,,,,,,
2018-03-29,14:01:00,SEM VÍTIMA,FINALIZADA,IPSEP,AV RAIMUNDO DINIZ,652,,PROX AO MARTELINHO DE OURO,AV RAIMUNDO DINIZ,652,PROX AO MARTELINHO DE OURO,IPSEP,,,COLISÃO,COLISAO ENTRE TRES AUTOS S/V,3,,,,,,,,,0,,,,,,,,,,,,,,
2018-03-29,14:54:00,SEM VÍTIMA,CANCELADA,NOVA DESCOBERTA,RUA NOVA DESCOBERTA,,,E/F A LOTERICA DE NOVA DESCOBERTA,RUA NOVA DESCOBERTA,,E/F A LOTERICA DE NOVA DESCOBERTA,NOVA DESCOBERTA,,,COLISÃO,COLISAO DE ONIBUS E AUTO S/V,1,,,,,1,,,,0,,,,,,,,,,,,,,
2018-03-29,14:55:00,SEM VÍTIMA,FINALIZADA,BOA VIAGEM,AV BOA VIAGEM,6986,,PROX. AO CLUBE DA AERONALTICA,AV BOA VIAGEM,6986,PROX. AO CLUBE DA AERONALTICA,BOA VIAGEM,,,COLISÃO,AUTO E ONIBUS ,1,,,,,1,,,,0,,,,,,,,,,,,,,
2018-03-29,15:02:00,SEM VÍTIMA,PENDENTE,CIDADE UNIVERSITÁRIA,AV PROFESSOR LUIZ FREIRE,500,,E/F AO QUARTEL 7 REGIÃO MILITAR  PRÓX A FEDERAL,AV PROFESSOR LUIZ FREIRE,500,E/F AO QUARTEL 7 REGIÃO MILITAR  PRÓX A FEDERAL,CIDADE UNIVERSITÁRIA,,,COLISÃO,ENTRE 2 AUTOS. S-V,2,,,,,,,,,0,,,,,,,,,,,,,,
2018-03-29,15:23:00,SEM VÍTIMA,FINALIZADA,BOA VIAGEM,AV ARMINDO MOURA,500,,E/F A COMAR / SNT BV,AV ARMINDO MOURA,500,E/F A COMAR / SNT BV,BOA VIAGEM,,,COLISÃO,ENTRE 2 AUTOS. S-V,2,,,,,,,,,0,,,,,,,,,,,,,,
2018-03-29,15:44:00,SEM VÍTIMA,CANCELADA,PARNAMIRIM,RUA DR JOSE DE GOES,284,,E/F A IGREJA TEMPLO DO RECIFE MORMON,RUA DR JOSE DE GOES,284,E/F A IGREJA TEMPLO DO RECIFE MORMON,PARNAMIRIM,,,COLISÃO,COLISAO ENTRE DOIS AUTOS S/V,2,,,,,,,,,0,,,,,,,,,,,,,,
2018-03-29,16:27:00,SEM VÍTIMA,FINALIZADA,VÁRZEA,RUA PROFESSOR CHAVES BATISTA,170,,PROX. AO SAL E BRASA,RUA PROFESSOR CHAVES BATISTA,170,PROX. AO SAL E BRASA,VÁRZEA,,,COLISÃO,AUTO E CAMINHAO S/V,1,,,,,1,,,,0,,,,,,,,,,,,,,
2018-03-29,17:17:00,SEM VÍTIMA,FINALIZADA,PRADO,RUA RICARDO SALAZAR,,,REF SEMÁFORO 623,RUA RICARDO SALAZAR,,REF SEMÁFORO 623,PRADO,,,COLISÃO,02 AUTOS PASSEIO,2,,,,,,,,,0,,,,,,,,,,,,,,
2018-03-29,17:50:00,COM VÍTIMA,FINALIZADA,AFOGADOS,RUA SAO MIGUEL,,,E/F AO BANCO DO BRASIL,RUA SAO MIGUEL,,E/F AO BANCO DO BRASIL,AFOGADOS,,,COLISÃO,ENTRE AUTO E MOTO. C/V,1,1,,,,,,,,2,,,,,,,,,,,,,,
2018-03-29,18:04:00,SEM VÍTIMA,FINALIZADA,ARRUDA,RUA DA REGENERACAO,,RUA DAS MOCAS,PIZZARIA APLANTICO/ NO CRUZAMENTO COM RUA DAS MOÇAS,RUA DA REGENERACAO,,PIZZARIA APLANTICO/ NO CRUZAMENTO COM RUA DAS MOÇAS,ARRUDA,,,COLISÃO,COLISAO COM MOTORISTA EMBRIAGADO,2,,,,,,,,,0,,,,,,,,,,,,,,
2018-03-29,18:08:00,SEM VÍTIMA,FINALIZADA,AFOGADOS,RUA COSME VIANA,,,PROXIMO AO POSTO SETTA,RUA COSME VIANA,,PROXIMO AO POSTO SETTA,AFOGADOS,,,COLISÃO,COLISAO ENTRE TRES AUTOS,3,,,,,,,,,0,,,,,,,,,,,,,,
2018-03-29,18:55:00,SEM VÍTIMA,FINALIZADA,CAXANGÁ,RUA PROFESSOR ARMANDO DE MEIRA LINS,,,PRÓX A UPA DA CAXANGÁ / APÓS O POSTO SHEL  PRIMEIRA A DIREITA,RUA PROFESSOR ARMANDO DE MEIRA LINS,,PRÓX A UPA DA CAXANGÁ / APÓS O POSTO SHEL  PRIMEIRA A DIREITA,CAXANGÁ,,,COLISÃO,ENTRE AUTO E CAMINHÃO . S/V,1,,,,,,1,,,0,,,,,,,,,,,,,,
2018-03-29,19:01:00,COM VÍTIMA,FINALIZADA,IMBIRIBEIRA,RUA ITACARI,,,CRUZANDO A RUA ITAJAI / E/F A DRIFOR E GOCIL E POR TRÁS DO BANCO ITAU,RUA ITACARI,,CRUZANDO A RUA ITAJAI / E/F A DRIFOR E GOCIL E POR TRÁS DO BANCO ITAU,IMBIRIBEIRA,,,COLISÃO,ENTRE AUTO E MOTO. C/V,1,1,,,,,,,,2,,,,,,,,,,,,,,
2018-03-29,19:10:00,SEM VÍTIMA,FINALIZADA,JOANA BEZERRA,PTE JOSE DE BARROS LIMA,,,POR CIMA DO VIADUTO DE JOANA BEZERRA  SNT OLINDA / PRÓX AO FORUM DE JB,PTE JOSE DE BARROS LIMA,,POR CIMA DO VIADUTO DE JOANA BEZERRA  SNT OLINDA / PRÓX AO FORUM DE JB,JOANA BEZERRA,,,COLISÃO,ENTRE AUTO E ÔNIBUS- S/V,1,,,,,1,,,,0,,,,,,,,,,,,,,
2018-03-29,19:39:00,SEM VÍTIMA,CANCELADA,IBURA,AV DOM HELDER CAMARA,,RUA JOSE DURVAL,ESQUINA COM A R JOSÉ DURVAL CARNEIRO CANTERO / PRÓX AO NÚCLEU DA POLÍCIA DE IBURA DE BAIXO,AV DOM HELDER CAMARA,,ESQUINA COM A R JOSÉ DURVAL CARNEIRO CANTERO / PRÓX AO NÚCLEU DA POLÍCIA DE IBURA DE BAIXO,IBURA,,,COLISÃO,ENTRE 2 AUTOS. S-V,2,,,,,,,,,0,,,,,,,,,,,,,,
2018-03-29,21:02:00,SEM VÍTIMA,FINALIZADA,VÁRZEA,AV INACIO DE BARROS BARRETO,,,PROX. AO TERMINAL CDU BOA VIAGEM,AV INACIO DE BARROS BARRETO,,PROX. AO TERMINAL CDU BOA VIAGEM,VÁRZEA,,,COLISÃO,COLISÃO S/V CONDUTOR PERDEU CONTROLE ENTROU EM UMA RESIDÊNCIA,2,,,,,,,,,0,,,,,,,,,,,,,,
2018-03-29,21:17:00,COM VÍTIMA,FINALIZADA,BOA VISTA,RUA MONTE CASTELO,35,,PROX AO POSTO IPIRANGA SENTIDO QUARTEL,RUA MONTE CASTELO,35,PROX AO POSTO IPIRANGA SENTIDO QUARTEL,BOA VISTA,,,COLISÃO COM CICLISTA,COLISÃO C/V MOTORISTA QUER SE EVADIR DO LOCAL,1,,,1,,,,,,1,,,,,,,,,,,,,,
2018-03-29,23:49:00,SEM VÍTIMA,CANCELADA,VÁRZEA,RUA ENGENHEIRO VASCONCELOS BITTENCOURT,,,RUA DA TELHA BRASILIT,RUA ENGENHEIRO VASCONCELOS BITTENCOURT,,RUA DA TELHA BRASILIT,VÁRZEA,,,COLISÃO,COLISÃO ENTRE DOIS AUTOS S/V,2,,,,,,,,,0,,,,,,,,,,,,,,
2018-03-30,04:32:00,SEM VÍTIMA,FINALIZADA,TORRE,RUA REAL DA TORRE,,,EM FRENTE AO POSTO TORRE  PROX A REAL COCHOES,RUA REAL DA TORRE,,EM FRENTE AO POSTO TORRE  PROX A REAL COCHOES,TORRE,,,COLISÃO,COLISÃO ENTRE DOIS AUTOS S/V,2,,,,,,,,,0,,,,,,,,,,,,,,
2018-03-30,06:21:00,COM VÍTIMA,CANCELADA,BOA VIAGEM,RUA COSMORAMA,,,SEMAFORO 478 AO LADO COLEGIO MADRE DE DEUS,RUA COSMORAMA,,SEMAFORO 478 AO LADO COLEGIO MADRE DE DEUS,BOA VIAGEM,,,COLISÃO,COM UMA VITIMA  AGUARDANDO SAMU,1,,,,,1,,,,1,,,,,,,,,,,,,,
2018-03-30,08:15:00,SEM VÍTIMA,FINALIZADA,MADALENA,RUA REAL DA TORRE,,,NO TUNEL DA ABOLIÇÃO,RUA REAL DA TORRE,,NO TUNEL DA ABOLIÇÃO,MADALENA,,,COLISÃO,SEM VITIMAS,2,,,,,,,,,0,,,,,,,,,,,,,,
2018-03-30,12:42:00,SEM VÍTIMA,FINALIZADA,AREIAS,AV CAPITAO GREGORIO DE CALDAS,,,AO LADO DO WALL MART,AV CAPITAO GREGORIO DE CALDAS,,AO LADO DO WALL MART,AREIAS,,,COLISÃO,COLISÃO SEM VITIMA,1,,,,,1,,,,0,,,,,,,,,,,,,,
2018-03-30,13:47:00,SEM VÍTIMA,FINALIZADA,IPSEP,RUA BLUMENAU,164,,PROX. A FARMACIA SANTA LUZIA,RUA BLUMENAU,164,PROX. A FARMACIA SANTA LUZIA,IPSEP,,,COLISÃO,FDOIS AUTOS S/V,2,,,,,,,,,0,,,,,,,,,,,,,,