data,hora,natureza_acidente,situacao,bairro,endereco,numero,detalhe_endereco_acidente,complemento,endereco_cruzamento,numero_cruzamento,referencia_cruzamento,bairro_cruzamento,num_semaforo,sentido_via,tipo,descricao,auto,moto,ciclom,ciclista,pedestre,onibus,caminhao,viatura,outros,vitimas,vitimasfatais,acidente_verificado,tempo_clima,situacao_semaforo,sinalizacao,condicao_via,conservacao_via,ponto_controle,situacao_placa,velocidade_max_via,mao_direcao,divisao_via1,divisao_via2,divisao_via3
2018-03-30,13:55:00,SEM VÍTIMA,FINALIZADA,CAMPO GRANDE,EST DE BELEM,,,EM FRENTE AO POSTO TOTAL/ NO SEMÁFORO 094,EST DE BELEM,,EM FRENTE AO POSTO TOTAL/ NO SEMÁFORO 094,CAMPO GRANDE,,,COLISÃO,COLISÃO SEM VITIMA,2,,,,,,,,,0,,,,,,,,,,,,,,
2018-03-30,14:33:00,COM VÍTIMA,FINALIZADA,IMBIRIBEIRA,RUA SARGENTO SILVINO DE MACEDO,620,,E/F A NAT GEO DISTRIBUIDORA DE PRODUTOS NATURAIS,RUA SARGENTO SILVINO DE MACEDO,620,E/F A NAT GEO DISTRIBUIDORA DE PRODUTOS NATURAIS,IMBIRIBEIRA,,,COLISÃO,AUTO E MOTO COM VITIMA/ O CONTATO INFORMADO E DO SR SEVERINO QUE ENCONTRA-SE NO LOCAL,1,1,,,,,,,,1,,,,,,,,,,,,,,
2018-03-30,17:13:00,COM VÍTIMA,FINALIZADA,CORDEIRO,AV CAXANGA,1832,,PROX. AO HOSPITAL GETULIO VARGAS  SENTIDO CID/SUB,AV CAXANGA,1832,PROX. AO HOSPITAL GETULIO VARGAS  SENTIDO CID/SUB,CORDEIRO,,,COLISÃO COM CICLISTA,ONIBUS DA MOBI E CICLISTA,,,,1,,1,,,,1,,,,,,,,,,,,,,
2018-03-30,18:10:00,COM VÍTIMA,CANCELADA,TEJIPIÓ,RUA PAPA JOAO VINTE E TRES,98,,PROXIMO AO HOSPITAL OTAVIO DE FREITAS,RUA PAPA JOAO VINTE E TRES,98,PROXIMO AO HOSPITAL OTAVIO DE FREITAS,TEJIPIÓ,,,COLISÃO,,1,1,,,,,,,,1,,,,,,,,,,,,,,
2018-03-30,18:40:00,COM VÍTIMA,FINALIZADA,SAN MARTIN,AV GENERAL SAN MARTIN,,,EM FRENTE A CAVALARIA,AV GENERAL SAN MARTIN,,EM FRENTE A CAVALARIA,SAN MARTIN,,,COLISÃO,DUAS MOTOS,,2,,,,,,,,2,,,,,,,,,,,,,,
2018-03-30,20:47:00,COM VÍTIMA,CANCELADA,IBURA,AV DOIS RIOS,S/N,,PROXIMO DA LADEIRA DA COAB.,AV DOIS RIOS,S/N,PROXIMO DA LADEIRA DA COAB.,IBURA,,,COLISÃO,ACIDENTE COM MOTO E AUTO NÃO REPASSADA AS PLACAS E AS MARCA E MODELO DOS VEICULOS ENVOLVIDOS.,1,1,,,,,,,,1,,,,,,,,,,,,,,
2018-03-30,22:20:00,SEM VÍTIMA,FINALIZADA,CAXANGÁ,AV CAXANGA,1142,,E/F A BELO AUTO PEÇAS  SNT CIDADE,AV CAXANGA,1142,E/F A BELO AUTO PEÇAS  SNT CIDADE,CAXANGÁ,,,COLISÃO,ENTRE 2 AUTOS. S/V,2,,,,,,,,,0,,,,,,,,,,,,,,
2018-03-30,23:37:00,COM VÍTIMA,FINALIZADA,IMBIRIBEIRA,RUA ARQUITETO LUIZ NUNES,,,PRÓX A FACULDADE BOA VIAGEM / E/F AO CONJUNTO HABITACIONAL  CONHECIDO COMO '' PREDINHOS '',RUA ARQUITETO LUIZ NUNES,,PRÓX A FACULDADE BOA VIAGEM / E/F AO CONJUNTO HABITACIONAL  CONHECIDO COMO '' PREDINHOS '',IMBIRIBEIRA,,,ATROPELAMENTO,** AO ATROPELAR O PEDESTRE  O AUTO ACABOU COLINDO COM OUTRO CARRO NA LOCALIDADE **,2,,,,1,,,,,1,,,,,,,,,,,,,,
2018-03-31,05:44:00,COM VÍTIMA,CANCELADA,JORDÃO,AV JULIO CESAR,,AV MARIA IRENE,CRUZAMENTO COM AV MARIA IRENE // BEIRANDO O CANAL,AV JULIO CESAR,,CRUZAMENTO COM AV MARIA IRENE // BEIRANDO O CANAL,JORDÃO,,,COLISÃO,COLISÃO ENTRE DOSI AUTOS C/V,1,1,,,,,,,,1,,,,,,,,,,,,,,
2018-03-31,05:48:00,SEM VÍTIMA,FINALIZADA,IMBIRIBEIRA,AV MARECHAL MASCARENHAS DE MORAES,,,EM FRENTE AO AEROPORTO,AV MARECHAL MASCARENHAS DE MORAES,,EM FRENTE AO AEROPORTO,IMBIRIBEIRA,,,COLISÃO,COLISÃO ENTRE DOIS AUTOS S/V,2,,,,,,,,,0,,,,,,,,,,,,,,
2018-03-31,08:05:00,COM VÍTIMA,FINALIZADA,PINA,AV ANTONIO DE GOES,,,LADO OPOSTO AO DNIT,AV ANTONIO DE GOES,,LADO OPOSTO AO DNIT,PINA,,,COLISÃO,COLISAO ENTRE AUTO E MOTO COM VITIMA,1,1,,,,,,,,1,,,,,,,,,,,,,,
2018-03-31,08:47:00,SEM VÍTIMA,FINALIZADA,SÃO JOSÉ,AV SATURNINO DE BRITO,297,,NA ALÇA DO VIADUTO QUE VAI PARA O RIO MAR,AV SATURNINO DE BRITO,297,NA ALÇA DO VIADUTO QUE VAI PARA O RIO MAR,SÃO JOSÉ,,,CHOQUE,SEM VITIMA,1,,,,,,,,,0,,,,,,,,,,,,,,
2018-03-31,09:24:00,SEM VÍTIMA,FINALIZADA,BOA VIAGEM,RUA PROFESSOR AUGUSTO LINS E SILVA,769,RUA JOÃO CARDOSO AIRES,CRUZ COM A RUA JOÃO CARDOSO AYRES EM FRENTE AO RESIDENCIAL PUERTO BLANCO,RUA PROFESSOR AUGUSTO LINS E SILVA,769,CRUZ COM A RUA JOÃO CARDOSO AYRES EM FRENTE AO RESIDENCIAL PUERTO BLANCO,BOA VIAGEM,,,COLISÃO,COLISÃO SEM VITIMAS,2,,,,,,,,,0,,,,,,,,,,,,,,
2018-03-31,09:46:00,COM VÍTIMA,FINALIZADA,PAISSANDU,RUA PAISSANDU,,,SEMAFORO 069  SENT/ILHADO RETIRO AO LADO DO PORTUGUES,RUA PAISSANDU,,SEMAFORO 069  SENT/ILHADO RETIRO AO LADO DO PORTUGUES,PAISSANDU,,,COLISÃO,COM UMA VITIMA,1,1,,,,,,,,1,,,,,,,,,,,,,,
2018-03-31,10:17:00,SEM VÍTIMA,CANCELADA,AFOGADOS,RUA DA PAZ,,RUA NICOLAU PEREIRA,CRUZ COM A RUA NICOLAU PEREIRA EM FRENTE A LOJA PNEUS FACIL,RUA DA PAZ,,CRUZ COM A RUA NICOLAU PEREIRA EM FRENTE A LOJA PNEUS FACIL,AFOGADOS,,,COLISÃO,COLISÃO SEM VITIMAS,1,,,,,,1,,,0,,,,,,,,,,,,,,
2018-03-31,12:14:00,SEM VÍTIMA,FINALIZADA,CAMPO GRANDE,EST DE BELEM,1273,,PROX. A SCAVE ENGENHARIA,EST DE BELEM,1273,PROX. A SCAVE ENGENHARIA,CAMPO GRANDE,,,COLISÃO,DOIS AUTOS,2,,,,,,,,,0,,,,,,,,,,,,,,
2018-03-31,14:01:00,SEM VÍTIMA,FINALIZADA,AREIAS,RUA AURORA CACOTE,523,,EM FRENTE AO CARDEAL PET  AO LADO DA FARMACIA FARMA FORÇA,RUA AURORA CACOTE,523,EM FRENTE AO CARDEAL PET  AO LADO DA FARMACIA FARMA FORÇA,AREIAS,,,COLISÃO,MOTO E AUTO,1,1,,,,,,,,0,,,,,,,,,,,,,,
2018-03-31,14:26:00,SEM VÍTIMA,FINALIZADA,COHAB,RUA DR BENIGNO JORDAO DE VASCONCELOS,975,,PROX. DO TERMINAL E ESCOLA MUNICIPAL LAGOA ENCANTA,RUA DR BENIGNO JORDAO DE VASCONCELOS,975,PROX. DO TERMINAL E ESCOLA MUNICIPAL LAGOA ENCANTA,COHAB,,,COLISÃO,ONIBUS E CAMINHÃO,,,,,,1,1,,,0,,,,,,,,,,,,,,
2018-03-31,14:26:00,SEM VÍTIMA,FINALIZADA,IPSEP,RUA SAO NICOLAU,,RUA HELIO BRANDÃO,CRUZ COM HELIO BRANDÃO EM FRENTE AO LAVA JATO GARAGEM QUATROCENTOS E DEZ,RUA SAO NICOLAU,,CRUZ COM HELIO BRANDÃO EM FRENTE AO LAVA JATO GARAGEM QUATROCENTOS E DEZ,IPSEP,,,COLISÃO,COLISÃO SEM VITIMAS,1,,,,,1,,,,0,,,,,,,,,,,,,,
2018-03-31,15:49:00,SEM VÍTIMA,FINALIZADA,SANTO AMARO,AV CRUZ CABUGA,,,NA ENTRADA DO SHOPPING TACARUNA,AV CRUZ CABUGA,,NA ENTRADA DO SHOPPING TACARUNA,SANTO AMARO,,,COLISÃO,COLISÃO SEM VITIMAS,2,,,,,,,,,0,,,,,,,,,,,,,,
2018-03-31,16:12:00,COM VÍTIMA,FINALIZADA,JIQUIÁ,AV DR JOSE RUFINO,2072,,EM FRENTE AO POSTO DE GASOLINA IPIRANGA,AV DR JOSE RUFINO,2072,EM FRENTE AO POSTO DE GASOLINA IPIRANGA,JIQUIÁ,,,COLISÃO,COLISÃO COM VITIMA,1,1,,,,,,,,1,,,,,,,,,,,,,,
2018-03-31,17:01:00,COM VÍTIMA,FINALIZADA,TORRE,RUA REAL DA TORRE,705,,PROX AO MERCADO DA MADALENA EM FRENTE AO LOJÃO DO CONDOMINIO,RUA REAL DA TORRE,705,PROX AO MERCADO DA MADALENA EM FRENTE AO LOJÃO DO CONDOMINIO,TORRE,,,COLISÃO,COLISÃO COM VITIMA,1,1,,,,,,,,1,,,,,,,,,,,,,,
2018-03-31,18:07:00,SEM VÍTIMA,FINALIZADA,FUNDÃO,AV BEBERIBE,,,SEMÁFORO 307,AV BEBERIBE,,SEMÁFORO 307,FUNDÃO,,,COLISÃO,ENTRE AUTO E MOTO. S/V,1,1,,,,,,,,0,,,,,,,,,,,,,,
2018-03-31,19:18:00,SEM VÍTIMA,FINALIZADA,SANTO AMARO,AV GOVERNADOR AGAMENON MAGALHAES,,,SEMÁFORO 465 / E/F A REITORIA FESP/UPE  SNT OLINDA,AV GOVERNADOR AGAMENON MAGALHAES,,SEMÁFORO 465 / E/F A REITORIA FESP/UPE  SNT OLINDA,SANTO AMARO,,,ENGAVETAMENTO,ENTRE 3 AUTOS ( UM DOS AUTOS SE EVADIU DO LOCAL  RESTANDO APENAS DOIS) S/V.,3,,,,,,,,,0,,,,,,,,,,,,,,
2018-03-31,19:50:00,SEM VÍTIMA,FINALIZADA,AFLITOS,AV CONS ROSA E SILVA,950,,E/F AO INCRA,AV CONS ROSA E SILVA,950,E/F AO INCRA,AFLITOS,,,COLISÃO,ENTRE AUTO E ÔNIBUS  S/V. O CONDUTOR DO AUTO APRESENTA EMBRIAGUEZ,1,,,,,,1,,,0,,,,,,,,,,,,,,
2018-03-31,21:49:00,COM VÍTIMA,FINALIZADA,CABANGA,AV SUL,,RUA NOVA DA CABANGA,SEMÁFORO 260 / CRUZANDO A RUA NOVA DA CABANGA,AV SUL,,SEMÁFORO 260 / CRUZANDO A RUA NOVA DA CABANGA,CABANGA,,,COLISÃO,ENTRE 2 AUTOS. C/V,2,,,,,,,,,1,,,,,,,,,,,,,,
2018-03-31,23:56:00,COM VÍTIMA,FINALIZADA,TORREÃO,RUA MARECHAL DEODORO,579,,EM FRENTE FESTANÇA RECEPÇÕES,RUA MARECHAL DEODORO,579,EM FRENTE FESTANÇA RECEPÇÕES,TORREÃO,,,COLISÃO,COLISÃO ENTRE DOIS AUTOS ONDE UM AUTO APOS A COLISÃO VEIO A CAPOTAR C/V,2,,,,,,,,,1,,,,,,,,,,,,,,
2018-04-01,03:04:00,SEM VÍTIMA,CANCELADA,SAN MARTIN,RUA COMENDADOR JOSE VITA,,,PRÓXIMO A CAVALARIA  2ª RUA PARARELA,RUA COMENDADOR JOSE VITA,,PRÓXIMO A CAVALARIA  2ª RUA PARARELA,SAN MARTIN,,,COLISÃO,COLISÃO ENTRE DOIS AUTOS S/V,2,,,,,,,,,0,,,,,,,,,,,,,,
2018-04-01,04:18:00,COM VÍTIMA,FINALIZADA,BOA VISTA,AV CONDE DA BOA VISTA,,,EM FRENTE AO POSTO SHEL,AV CONDE DA BOA VISTA,,EM FRENTE AO POSTO SHEL,BOA VISTA,,,COLISÃO,COLISÃO ENTRE AUTO E MOTO C/V,1,1,,,,,,,,1,,,,,,,,,,,,,,
2018-04-01,04:33:00,SEM VÍTIMA,FINALIZADA,AFOGADOS,RUA SAO MIGUEL,,,EM FRENTE A PRAÇA LARGO DA PAZ  EM FRENTE AO BANCO ITAÚ,RUA SAO MIGUEL,,EM FRENTE A PRAÇA LARGO DA PAZ  EM FRENTE AO BANCO ITAÚ,AFOGADOS,,,COLISÃO,COLISÃO ENTRE ÔNIBUS E AUTO S/V,1,,,,,1,,,,0,,,,,,,,,,,,,,
2018-04-01,04:52:00,COM VÍTIMA,FINALIZADA,ILHA DO RETIRO,RUA SPORT CLUBE DO RECIFE,,,EM FRENTE AO ESTÁDIO DO SPORT  SENTIDO BR,RUA SPORT CLUBE DO RECIFE,,EM FRENTE AO ESTÁDIO DO SPORT  SENTIDO BR,ILHA DO RETIRO,,,COLISÃO,COLISÃO ENTRE DOIS AUTOS C/V,2,,,,,,,,,1,,,,,,,,,,,,,,
2018-04-01,05:05:00,SEM VÍTIMA,FINALIZADA,CAMPO GRANDE,RUA ODORICO MENDES,,,EM FRENTE AO MARTELINHO DE OURO // PRÓXIMO AO SUPERMERCADO RENDE MAIS,RUA ODORICO MENDES,,EM FRENTE AO MARTELINHO DE OURO // PRÓXIMO AO SUPERMERCADO RENDE MAIS,CAMPO GRANDE,,,CHOQUE,VEÍCULO CHOCOU-SE CONTRA UM POSTE,1,,,,,,,,,0,,,,,,,,,,,,,,
2018-04-01,06:04:00,SEM VÍTIMA,FINALIZADA,MANGUEIRA,RUA VINTE E UM DE ABRIL,1'768,,EM FRENTE AO A ASSISTENCIA TECNICA DA SINGER,RUA VINTE E UM DE ABRIL,1'768,EM FRENTE AO A ASSISTENCIA TECNICA DA SINGER,MANGUEIRA,,,COLISÃO,COLISÃO SEM VITIMAS,2,,,,,,,,,0,,,,,,,,,,,,,,
2018-04-01,09:08:00,COM VÍTIMA,FINALIZADA,IMBIRIBEIRA,AV MARECHAL MASCARENHAS DE MORAES,,,SEM 570 SENTIDO SUB CID - AO LADO DO AEROPORTO,AV MARECHAL MASCARENHAS DE MORAES,,SEM 570 SENTIDO SUB CID - AO LADO DO AEROPORTO,IMBIRIBEIRA,,,COLISÃO,FORD ECOSPORT X MOTO 160 BROS,,,,,,,,,,2,,,,,,,,,,,,,,
2018-04-01,10:15:00,SEM VÍTIMA,FINALIZADA,IPUTINGA,RUA MAURICIO DE NASSAU,430,,EM FRENTE PRESENTES E CHAVEROS,RUA MAURICIO DE NASSAU,430,EM FRENTE PRESENTES E CHAVEROS,IPUTINGA,,,COLISÃO,COL.S/V.SET.CD,1,1,,,,,,,,0,,,,,,,,,,,,,,
2018-04-01,12:30:00,SEM VÍTIMA,FINALIZADA,CASA FORTE,PRC DE CASA FORTE,505,,EM FRENTE A EMPRESA GRUPO LIDER SEGUROS,PRC DE CASA FORTE,505,EM FRENTE A EMPRESA GRUPO LIDER SEGUROS,CASA FORTE,,,COLISÃO,COLISÃO SEM VITIMAS,2,,,,,,,,,0,,,,,,,,,,,,,,
2018-04-01,13:02:00,SEM VÍTIMA,FINALIZADA,IPSEP,AV RECIFE,3448,,EM FRENTE A EMPRESA AÇO RECIFE SENTIDO CAXANGA,AV RECIFE,3448,EM FRENTE A EMPRESA AÇO RECIFE SENTIDO CAXANGA,IPSEP,,,COLISÃO,COLISÃO SEM VITIMAS,3,,,,,,,,,0,,,,,,,,,,,,,,
2018-04-01,18:08:00,SEM VÍTIMA,CANCELADA,BONGI,AV GENERAL SAN MARTIN,1083,,EM FRENTE AO CENTRO DE DISTRIBUIÇÃO DOS CORREIOS,AV GENERAL SAN MARTIN,1083,EM FRENTE AO CENTRO DE DISTRIBUIÇÃO DOS CORREIOS,BONGI,,,COLISÃO,ONIBUS E AUTO,1,,,,,1,,,,0,,,,,,,,,,,,,,
2018-04-01,18:34:00,SEM VÍTIMA,CANCELADA,SANTO AMARO,AV CRUZ CABUGA,,,EM FRENTE AO SHOPPING TACARUNA,AV CRUZ CABUGA,,EM FRENTE AO SHOPPING TACARUNA,SANTO AMARO,,,COLISÃO,DOIS AUTOS,2,,,,,,,,,0,,,,,,,,,,,,,,
2018-04-01,19:18:00,SEM VÍTIMA,FINALIZADA,AREIAS,AV DR JOSE RUFINO,,,NO POSTO DE GASOLNA SHELL,AV DR JOSE RUFINO,,NO POSTO DE GASOLNA SHELL,AREIAS,,,COLISÃO,DOIS AUTOS,2,,,,,,,,,0,,,,,,,,,,,,,,
2018-04-01,19:25:00,SEM VÍTIMA,FINALIZADA,VÁRZEA,RUA GENERAL POLIDORO,,AV PROFESSOR ARTUR DE SA,PROX. AO POSTO DE GASOLINA BR,RUA GENERAL POLIDORO,,PROX. AO POSTO DE GASOLINA BR,VÁRZEA,,,COLISÃO,AUTO E ONIBUS,1,,,,,1,,,,0,,,,,,,,,,,,,,
2018-04-01,19:51:00,SEM VÍTIMA,FINALIZADA,ENGENHO DO MEIO,RUA ANTONIO CURADO,194,,PROX. A PRAÇA DO ENGENHO DO MEIO  EM FRENTE AO DEPOSITO BODEGA DO ENGENHO,RUA ANTONIO CURADO,194,PROX. A PRAÇA DO ENGENHO DO MEIO  EM FRENTE AO DEPOSITO BODEGA DO ENGENHO,ENGENHO DO MEIO,,,COLISÃO,DOIS AUTOS,2,,,,,,,,,0,,,,,,,,,,,,,,
2018-04-01,20:12:00,SEM VÍTIMA,FINALIZADA,JORDÃO,AV MARIA IRENE,255,,AO LADO DO ATACADÃO JORDÃO,AV MARIA IRENE,255,AO LADO DO ATACADÃO JORDÃO,JORDÃO,,,COLISÃO,DOIS AUTOS,2,,,,,,,,,0,,,,,,,,,,,,,,
2018-04-01,22:18:00,SEM VÍTIMA,FINALIZADA,IPSEP,AV RECIFE,2309,,PROX. A BETEL LOCADORA E ENTRADA DO IBURA,AV RECIFE,2309,PROX. A BETEL LOCADORA E ENTRADA DO IBURA,IPSEP,,,COLISÃO,DOIS AUTOS,2,,,,,,,,,0,,,,,,,,,,,,,,
2018-04-02,00:06:00,SEM VÍTIMA,FINALIZADA,BOA VIAGEM,AV ENGENHEIRO DOMINGOS FERREIRA,,RUA PROFESSOR JOSE BRANDÃO,CRUZAMENTO COM A RUA PROFESSOR JOSE BRANDÃO  LADO DIREITO DA DOMINGOS FERREIRA,AV ENGENHEIRO DOMINGOS FERREIRA,,CRUZAMENTO COM A RUA PROFESSOR JOSE BRANDÃO  LADO DIREITO DA DOMINGOS FERREIRA,BOA VIAGEM,,,COLISÃO,COLISÃO ENTRE DOIS AUTOS S/V,2,,,,,,,,,0,,,,,,,,,,,,,,
2018-04-02,02:51:00,SEM VÍTIMA,FINALIZADA,ÁGUA FRIA,EST VELHA DE AGUA FRIA,1835,,EM FRENTE O SUERMERCADO IDEAL  EM FRENTE A LEMOS BOMBONIERE  ESQUINA COM A FEIRA NOVA DE ÁGUA FRIA,EST VELHA DE AGUA FRIA,1835,EM FRENTE O SUERMERCADO IDEAL  EM FRENTE A LEMOS BOMBONIERE  ESQUINA COM A FEIRA NOVA DE ÁGUA FRIA,ÁGUA FRIA,,,CHOQUE,AUTO CHOCOU-SE COM MURO S/V  CONDUTOR APRESENTA SINTOMAS DE EMBRIAGUES,1,,,,,,,,,0,,,,,,,,,,,,,,
2018-04-02,06:08:00,VÍTIMA FATAL,FINALIZADA,AFOGADOS,RUA VINTE E UM DE ABRIL,220,,PROX. A PIPOQUEIRA VENEZA,RUA VINTE E UM DE ABRIL,220,PROX. A PIPOQUEIRA VENEZA,AFOGADOS,,,COLISÃO,ONIBUS E DUAS MOTOS C/V,,2,,,,1,,,,1,1,,,,,,,,,,,,,
2018-04-02,06:29:00,SEM VÍTIMA,CANCELADA,SANTO AMARO,RUA FRANCISCO JACINTO,273,,EM FRENTE DA ENTRADA PARA O HOSPITAL OSWALDO CRUZ,RUA FRANCISCO JACINTO,273,EM FRENTE DA ENTRADA PARA O HOSPITAL OSWALDO CRUZ,SANTO AMARO,,,COLISÃO,COL.S/V,2,,,,,,,,,0,,,,,,,,,,,,,,
2018-04-02,07:56:00,SEM VÍTIMA,FINALIZADA,IMBIRIBEIRA,AV MARECHAL MASCARENHAS DE MORAES,,,EM FRENTE AO ANTIGO AEROPORTO  SENTIDO CENTRO,AV MARECHAL MASCARENHAS DE MORAES,,EM FRENTE AO ANTIGO AEROPORTO  SENTIDO CENTRO,IMBIRIBEIRA,,,COLISÃO,DOIS AUTOS,2,,,,,,,,,0,,,,,,,,,,,,,,
2018-04-02,08:04:00,SEM VÍTIMA,FINALIZADA,IMBIRIBEIRA,RUA ENGENHEIRO JOSE APOLINARIO,304,,POR TRÁS DO ARMAZEM CORAL,RUA ENGENHEIRO JOSE APOLINARIO,304,POR TRÁS DO ARMAZEM CORAL,IMBIRIBEIRA,,,COLISÃO,COLISÃO SEM VÍTIMA,1,,,,,1,,,,0,,,,,,,,,,,,,,
2018-04-02,08:09:00,SEM VÍTIMA,FINALIZADA,BOA VIAGEM,AV CONSELHEIRO AGUIAR,,RUA RIBEIRO DE BRITO,COM A RUA RIBEIRO DE BRITO,AV CONSELHEIRO AGUIAR,,COM A RUA RIBEIRO DE BRITO,BOA VIAGEM,,,COLISÃO,SEM VITIMAS CTTU NO LOCAL GM VAI FAZER O B.O,2,,,,,,,,,0,,,,,,,,,,,,,,
2018-04-02,08:57:00,SEM VÍTIMA,FINALIZADA,JORDÃO,AV MARECHAL MASCARENHAS DE MORAES,6997,,NO RETORNO DO TUNEL DO JORDÃO SENT/IMBIRIBEIRA,AV MARECHAL MASCARENHAS DE MORAES,6997,NO RETORNO DO TUNEL DO JORDÃO SENT/IMBIRIBEIRA,JORDÃO,,,COLISÃO,SEM VITIMAS,1,,,,,1,,,,0,,,,,,,,,,,,,,
2018-04-02,09:19:00,SEM VÍTIMA,PENDENTE,TORRE,RUA JOSE BONIFACIO,961,,ATACADO DOS PRESENTE,RUA JOSE BONIFACIO,961,ATACADO DOS PRESENTE,TORRE,,,COLISÃO,COL.S/V,1,1,,,,,,,,0,,,,,,,,,,,,,,
2018-04-02,09:52:00,SEM VÍTIMA,FINALIZADA,BEBERIBE,AV BEBERIBE,4510,,EM FRENTE AO POSTO DE SAUDE PROFESSOR MONTEIRO DE MORAES,AV BEBERIBE,4510,EM FRENTE AO POSTO DE SAUDE PROFESSOR MONTEIRO DE MORAES,BEBERIBE,,,COLISÃO,SEM VITIMAS,1,1,,,,,,,,0,,,,,,,,,,,,,,
2018-04-02,10:18:00,SEM VÍTIMA,FINALIZADA,VÁRZEA,AV CAXANGA,,RUA SÃO FRANCISCO DE PAULA,ESQUINA COM RUA SAO FRANCISCO DE PAULA  EM FRENTE AO POSTO SHELL  SENTIDO CAMARAGIBE,AV CAXANGA,,ESQUINA COM RUA SAO FRANCISCO DE PAULA  EM FRENTE AO POSTO SHELL  SENTIDO CAMARAGIBE,VÁRZEA,,,COLISÃO,AUTO E CAMINHAO,1,,,,,,1,,,0,,,,,,,,,,,,,,
2018-04-02,10:32:00,SEM VÍTIMA,FINALIZADA,BOA VISTA,AV GOVERNADOR AGAMENON MAGALHAES,,,EM FRENTE A WALMART/ SENTIDO OLINDA,AV GOVERNADOR AGAMENON MAGALHAES,,EM FRENTE A WALMART/ SENTIDO OLINDA,BOA VISTA,,,COLISÃO,COLISÃO SEM VÍTIMA,2,,,,,,,,,0,,,,,,,,,,,,,,
2018-04-02,10:46:00,SEM VÍTIMA,FINALIZADA,BAIRRO DO RECIFE,AV MILITAR,,,EM FRENTE AO POSTO BR,AV MILITAR,,EM FRENTE AO POSTO BR,BAIRRO DO RECIFE,,,ENGAVETAMENTO,ENGAVETAMENTO DE 3 AUTOS PASSEIO SEM VÍTIMA,3,,,,,,,,,0,,,,,,,,,,,,,,
2018-04-02,10:46:00,SEM VÍTIMA,FINALIZADA,SANTO AMARO,RUA CAPITAO LIMA,,RUA DA FUNDICAO,CRUZAMENTO COM RUA DA FUNDIÇAO  POR TRAS DA GLOBO,RUA CAPITAO LIMA,,CRUZAMENTO COM RUA DA FUNDIÇAO  POR TRAS DA GLOBO,SANTO AMARO,,,COLISÃO,DOIS AUTOS S/V,2,,,,,,,,,0,,,,,,,,,,,,,,
2018-04-02,10:49:00,SEM VÍTIMA,FINALIZADA,PINA,RUA PAULO GUERRA,,,ENCIMA DA PONTE PAULO GUERRA,RUA PAULO GUERRA,,ENCIMA DA PONTE PAULO GUERRA,PINA,,,COLISÃO,COL.S/V SET. BOA VIAGEM,3,,,,,,,,,0,,,,,,,,,,,,,,
2018-04-02,11:49:00,SEM VÍTIMA,FINALIZADA,MADALENA,RUA JANUARIO BARBOSA,85,,PROXIMO A ESCOLA EQUIPE,RUA JANUARIO BARBOSA,85,PROXIMO A ESCOLA EQUIPE,MADALENA,,,COLISÃO,COLISÃO SEM VÍTIMA,2,,,,,,,,,0,,,,,,,,,,,,,,
2018-04-02,12:14:00,COM VÍTIMA,FINALIZADA,AFOGADOS,RUA MOTOCOLOMBO,190,,EM FRENTE À IGREJA PRESBITERIANA,RUA MOTOCOLOMBO,190,EM FRENTE À IGREJA PRESBITERIANA,AFOGADOS,,,COLISÃO,AUTO E MOTO COM LESÕES,1,1,,,,,,,,1,,,,,,,,,,,,,,
2018-04-02,12:31:00,SEM VÍTIMA,FINALIZADA,BOA VIAGEM,RUA ERNESTO DE PAULA SANTOS,75,,EM FRENTE AO EDIFICIO VIANNA DO CASTELO,RUA ERNESTO DE PAULA SANTOS,75,EM FRENTE AO EDIFICIO VIANNA DO CASTELO,BOA VIAGEM,,,COLISÃO,COLISÃO SEM VÍTIMA,2,,,,,,,,,0,,,,,,,,,,,,,,
2018-04-02,12:34:00,SEM VÍTIMA,FINALIZADA,IPUTINGA,RUA TOMAZ GONZAGA,,,SEMAFO 280,RUA TOMAZ GONZAGA,,SEMAFO 280,IPUTINGA,,,COLISÃO,DOIS AUTOS S/V,2,,,,,,,,,0,,,,,,,,,,,,,,
2018-04-02,12:57:00,SEM VÍTIMA,CANCELADA,JORDÃO,AV GOVERNADOR TORRES GALVAO,16,,PROXIMO A ESCOLA MUNICIPAL DE JORDÃO BAIXO,AV GOVERNADOR TORRES GALVAO,16,PROXIMO A ESCOLA MUNICIPAL DE JORDÃO BAIXO,JORDÃO,,,COLISÃO,COLISÃO SEM VÍTIMA,,,,,,2,,,,0,,,,,,,,,,,,,,
2018-04-02,13:26:00,SEM VÍTIMA,FINALIZADA,DERBY,AV GOVERNADOR AGAMENON MAGALHAES,241A,,EM FRENTE A CENTRAL DO DENTE,AV GOVERNADOR AGAMENON MAGALHAES,241A,EM FRENTE A CENTRAL DO DENTE,DERBY,,,COLISÃO,MOTO E AUTO,1,1,,,,,,,,0,,,,,,,,,,,,,,
2018-04-02,13:26:00,SEM VÍTIMA,FINALIZADA,MADALENA,AV VISCONDE DE ALBUQUERQUE,457,,EM FRENTE A DELICATESSEN ENGENHO MADALENA,AV VISCONDE DE ALBUQUERQUE,457,EM FRENTE A DELICATESSEN ENGENHO MADALENA,MADALENA,,,COLISÃO,COLISÃO SEM VÍTIMA,2,,,,,,,,,0,,,,,,,,,,,,,,
2018-04-02,13:48:00,SEM VÍTIMA,FINALIZADA,GRAÇAS,RUA JOAO RAMOS,,RUA BRUNO MAIA,COM A RUA BRUNO MAIA / POR TRAS DA PIZZARIA ATLANTICO,RUA JOAO RAMOS,,COM A RUA BRUNO MAIA / POR TRAS DA PIZZARIA ATLANTICO,GRAÇAS,,,COLISÃO,AMBULANCIA E AUTO,1,,,,,,,1,,0,,,,,,,,,,,,,,
2018-04-02,13:58:00,SEM VÍTIMA,FINALIZADA,ILHA DO RETIRO,AV ENGENHEIRO ABDIAS DE CARVALHO,,,EM FRENTE AO SPORT/ SENTIDO CIDADE,AV ENGENHEIRO ABDIAS DE CARVALHO,,EM FRENTE AO SPORT/ SENTIDO CIDADE,ILHA DO RETIRO,,,COLISÃO,COLISÃO SEM VÍTIMA,1,,,,,,1,,,0,,,,,,,,,,,,,,