data,hora,natureza_acidente,situacao,bairro,endereco,numero,detalhe_endereco_acidente,complemento,endereco_cruzamento,numero_cruzamento,referencia_cruzamento,bairro_cruzamento,num_semaforo,sentido_via,tipo,descricao,auto,moto,ciclom,ciclista,pedestre,onibus,caminhao,viatura,outros,vitimas,vitimasfatais,acidente_verificado,tempo_clima,situacao_semaforo,sinalizacao,condicao_via,conservacao_via,ponto_controle,situacao_placa,velocidade_max_via,mao_direcao,divisao_via1,divisao_via2,divisao_via3
2018-04-02,14:48:00,COM VÍTIMA,FINALIZADA,BONGI,AV ENGENHEIRO ABDIAS DE CARVALHO,,RUA BRANDÃO CAVALCANTI,COM A RUA BRANDAO CAVALCANTI / ESTACIONAMENTO DO LABORATORIO CERPE,AV ENGENHEIRO ABDIAS DE CARVALHO,,COM A RUA BRANDAO CAVALCANTI / ESTACIONAMENTO DO LABORATORIO CERPE,BONGI,,,COLISÃO,MOTO E AUTO,1,1,,,,,,,,1,,,,,,,,,,,,,,
2018-04-02,14:49:00,SEM VÍTIMA,FINALIZADA,PINA,AV ANTONIO DE GOES,,,EM FRENTE AO EMPRESARIAL NILTON MELO/ SEMÁFORO 277,AV ANTONIO DE GOES,,EM FRENTE AO EMPRESARIAL NILTON MELO/ SEMÁFORO 277,PINA,,,COLISÃO,COLISÃO SEM VÍTIMA,2,,,,,,,,,0,,,,,,,,,,,,,,
2018-04-02,14:58:00,SEM VÍTIMA,CANCELADA,BOA VIAGEM,RUA DOS NAVEGANTES,1475,,EM FRENTE AO EDIFICIO NATALIA,RUA DOS NAVEGANTES,1475,EM FRENTE AO EDIFICIO NATALIA,BOA VIAGEM,,,COLISÃO,COLISÃO SEM VÍTIMA,2,,,,,,,,,0,,,,,,,,,,,,,,
2018-04-02,15:38:00,SEM VÍTIMA,FINALIZADA,MADALENA,RUA JOAO FERNANDES VIEIRA,,,PROX. AO WALMART E A FARMACIA BIG BEN  AO LADO DA PRAÇA PARQUE AMORIM,RUA JOAO FERNANDES VIEIRA,,PROX. AO WALMART E A FARMACIA BIG BEN  AO LADO DA PRAÇA PARQUE AMORIM,MADALENA,,,COLISÃO,AUTO E ONIBUS ,1,,,,,1,,,,0,,,,,,,,,,,,,,
2018-04-02,16:23:00,SEM VÍTIMA,FINALIZADA,CASA AMARELA,RUA PADRE LEMOS,,,KINITOS,RUA PADRE LEMOS,,KINITOS,CASA AMARELA,,,COLISÃO,COLISÃO SEM VITIMA,2,,,,,,,,,0,,,,,,,,,,,,,,
2018-04-02,16:33:00,SEM VÍTIMA,FINALIZADA,MADALENA,RUA REAL DA TORRE,1060B,,EM FRENTE A LIVRARIA BOA VISTA,RUA REAL DA TORRE,1060B,EM FRENTE A LIVRARIA BOA VISTA,MADALENA,,,COLISÃO,COLISÃO SEM VÍTIMA,1,,,,,,,,1,0,,,,,,,,,,,,,,
2018-04-02,16:34:00,SEM VÍTIMA,FINALIZADA,CIDADE UNIVERSITÁRIA,RUA GENERAL POLIDORO,635,,EM FRENTE AO CONJUNTO RESIDENCIAL LUAR DO CAMPO  SENTIDO SUB/CID,RUA GENERAL POLIDORO,635,EM FRENTE AO CONJUNTO RESIDENCIAL LUAR DO CAMPO  SENTIDO SUB/CID,CIDADE UNIVERSITÁRIA,,,COLISÃO,AUTO E ONIBUS DA MOBI,1,,,,,,1,,,0,,,,,,,,,,,,,,
2018-04-02,16:52:00,COM VÍTIMA,FINALIZADA,SAN MARTIN,AV ENGENHEIRO ABDIAS DE CARVALHO,S/N,,C/ AV. GENERAL SAN MARTIN,AV ENGENHEIRO ABDIAS DE CARVALHO,S/N,C/ AV. GENERAL SAN MARTIN,SAN MARTIN,,,COLISÃO,COLISÃO ENVOLVENDO CAMINHÃO E MOTOCICLETA COM VÍTIMA,,1,,,,,1,,,1,,,,,,,,,,,,,,
2018-04-02,17:01:00,SEM VÍTIMA,FINALIZADA,PINA,AV REPUBLICA DO LIBANO,251,,EM FRENTE AO EMPRESARIAL RIOMAR,AV REPUBLICA DO LIBANO,251,EM FRENTE AO EMPRESARIAL RIOMAR,PINA,,,COLISÃO,AUTO E ONIBUS S/V,1,,,,,1,,,,0,,,,,,,,,,,,,,
2018-04-02,17:15:00,SEM VÍTIMA,FINALIZADA,MADALENA,RUA JOSE OSORIO,865,,EM FRENTE AS LOJAS AUTO CAR RECIFE,RUA JOSE OSORIO,865,EM FRENTE AS LOJAS AUTO CAR RECIFE,MADALENA,,,COLISÃO,DUAS MOTOS,,2,,,,,,,,0,,,,,,,,,,,,,,
2018-04-02,17:32:00,SEM VÍTIMA,FINALIZADA,BEBERIBE,AV BEBERIBE,,,RETORNO DA PRAÇA DA CONVENÇAO / EM FRENTE AO SUPERMERCADO DO GALEGO / SENT SUB,AV BEBERIBE,,RETORNO DA PRAÇA DA CONVENÇAO / EM FRENTE AO SUPERMERCADO DO GALEGO / SENT SUB,BEBERIBE,,,COLISÃO,ONIBUS E AUTO PASSEIO,1,,,,,1,,,,0,,,,,,,,,,,,,,
2018-04-02,18:03:00,SEM VÍTIMA,CANCELADA,BOA VIAGEM,RUA AVIADOR SEVERIANO LINS,,,PROX CENTRO DE NATAÇÃO NIKITA,RUA AVIADOR SEVERIANO LINS,,PROX CENTRO DE NATAÇÃO NIKITA,BOA VIAGEM,,,COLISÃO,COLISÃO S/V,1,,,,,,1,,,0,,,,,,,,,,,,,,
2018-04-02,18:38:00,SEM VÍTIMA,FINALIZADA,TAMARINEIRA,RUA CONEGO BARATA,,,E/F A FERREIRA COSTA,RUA CONEGO BARATA,,E/F A FERREIRA COSTA,TAMARINEIRA,,,COLISÃO,COLISÃO S/V,1,1,,,,,,,,0,,,,,,,,,,,,,,
2018-04-02,19:02:00,SEM VÍTIMA,CANCELADA,CORDEIRO,EST DO FORTE DO ARRAIAL N. DO B. JESUS,,,PROX AO YOKI,EST DO FORTE DO ARRAIAL N. DO B. JESUS,,PROX AO YOKI,CORDEIRO,,,COLISÃO,CARRO POPULAR COM CARRO DA PREFEITURA DO RECIFE,2,,,,,,,,,0,,,,,,,,,,,,,,
2018-04-02,19:28:00,SEM VÍTIMA,FINALIZADA,IMBIRIBEIRA,AV MARECHAL MASCARENHAS DE MORAES,,,E/F AO AEROPORTO INTERNACIONAL DOS GUARARAPES E FOCUS. SNT PRAZERES  APÓS O VIADUTO.,AV MARECHAL MASCARENHAS DE MORAES,,E/F AO AEROPORTO INTERNACIONAL DOS GUARARAPES E FOCUS. SNT PRAZERES  APÓS O VIADUTO.,IMBIRIBEIRA,,,COLISÃO,ENTRE AUTO E CAMINHÃO. S/V,1,,,,,,1,,,0,,,,,,,,,,,,,,
2018-04-02,19:37:00,SEM VÍTIMA,FINALIZADA,CORDEIRO,RUA N S DA SAUDE,,,PROX.TERMINAL DE ÔNIBUS DA TORRE,RUA N S DA SAUDE,,PROX.TERMINAL DE ÔNIBUS DA TORRE,CORDEIRO,,,COLISÃO,COLISÃO S/V,1,1,,,,,,,,0,,,,,,,,,,,,,,
2018-04-02,19:51:00,COM VÍTIMA,FINALIZADA,BOA VIAGEM,RUA DHALIA,211,,E/F AO EDF PARADOR DE ARAGON,RUA DHALIA,211,E/F AO EDF PARADOR DE ARAGON,BOA VIAGEM,,,COLISÃO,ENTRE AUTO E MOTO. C/V,1,1,,,,,,,,1,,,,,,,,,,,,,,
2018-04-02,20:14:00,SEM VÍTIMA,FINALIZADA,BOA VIAGEM,AV BOA VIAGEM,1230,,E/F AO EDF. JARDINS,AV BOA VIAGEM,1230,E/F AO EDF. JARDINS,BOA VIAGEM,,,COLISÃO,COLISAO 2 MOTOS S/V,,2,,,,,,,,0,,,,,,,,,,,,,,
2018-04-02,20:57:00,SEM VÍTIMA,FINALIZADA,DERBY,AV GOVERNADOR AGAMENON MAGALHAES,153,,E/F A MCDONALD´S/ PROX A PRAÇA DO DERBY,AV GOVERNADOR AGAMENON MAGALHAES,153,E/F A MCDONALD´S/ PROX A PRAÇA DO DERBY,DERBY,,,COLISÃO,COLISAO S/V,2,,,,,,,,,0,,,,,,,,,,,,,,
2018-04-02,22:45:00,SEM VÍTIMA,FINALIZADA,CAMPO GRANDE,RUA ODORICO MENDES,263,,E/F AO CLUBE DAS PÁS,RUA ODORICO MENDES,263,E/F AO CLUBE DAS PÁS,CAMPO GRANDE,,,COLISÃO,ENTRE 2 AUTOS. S/V,2,,,,,,,,,0,,,,,,,,,,,,,,
2018-04-02,23:45:00,SEM VÍTIMA,FINALIZADA,ROSARINHO,AV NORTE,3388,,AO LADO DO POSTO BR  SENT. CIDADE,AV NORTE,3388,AO LADO DO POSTO BR  SENT. CIDADE,ROSARINHO,,,COLISÃO,MOTO E AUTO,1,1,,,,,,,,0,,,,,,,,,,,,,,
2018-04-03,06:42:00,COM VÍTIMA,FINALIZADA,MADALENA,RUA PADRE TEOFILO TWORZ,295,,RUA DA FACULDADE NOVA ROMA,RUA PADRE TEOFILO TWORZ,295,RUA DA FACULDADE NOVA ROMA,MADALENA,,,COLISÃO,CAMINHAO E AUTO,1,,,,,,1,,,1,,,,,,,,,,,,,,
2018-04-03,07:28:00,SEM VÍTIMA,FINALIZADA,AFOGADOS,AV SUL,,,EM FRENTE DA ESTÇÃO DO METROR LARGO DA PAZ,AV SUL,,EM FRENTE DA ESTÇÃO DO METROR LARGO DA PAZ,AFOGADOS,,,COLISÃO,COL.S/V SET. CD,1,,,,,,1,,,0,,,,,,,,,,,,,,
2018-04-03,07:37:00,SEM VÍTIMA,FINALIZADA,DERBY,RUA JOAQUIM NABUCO,,,AO LADO DA RESTAURACAO / SEMAFORO 174,RUA JOAQUIM NABUCO,,AO LADO DA RESTAURACAO / SEMAFORO 174,DERBY,,,COLISÃO,ONIBUS E AUTO PASSEIO,1,,,,,1,,,,0,,,,,,,,,,,,,,
2018-04-03,07:50:00,SEM VÍTIMA,FINALIZADA,SÃO JOSÉ,RUA IMPERIAL,2212,,IMPERIO CAR  SENTIDO AFOGADOS,RUA IMPERIAL,2212,IMPERIO CAR  SENTIDO AFOGADOS,SÃO JOSÉ,,,COLISÃO,COLISÃO SEM VÍTIMA,1,1,,,,,,,,0,,,,,,,,,,,,,,
2018-04-03,08:11:00,SEM VÍTIMA,CANCELADA,PINA,RUA MANOEL DE BRITO,272,,NA FRENTE DO 19º BATALHÃO ANDRE VIDAL DE NEGREIROS NA DESCIDA DO VIADUTO  SENTIDO CIDADE,RUA MANOEL DE BRITO,272,NA FRENTE DO 19º BATALHÃO ANDRE VIDAL DE NEGREIROS NA DESCIDA DO VIADUTO  SENTIDO CIDADE,PINA,,,COLISÃO,COLISÃO SEM VITIMA,2,,,,,,,,,0,,,,,,,,,,,,,,
2018-04-03,08:16:00,SEM VÍTIMA,FINALIZADA,GRAÇAS,PRC DO ENTRONCAMENTO,,,EM FRENTE A FHARMAPELE,PRC DO ENTRONCAMENTO,,EM FRENTE A FHARMAPELE,GRAÇAS,,,COLISÃO,SEM VITIMAS,1,,,,,,1,,,0,,,,,,,,,,,,,,
2018-04-03,08:34:00,SEM VÍTIMA,FINALIZADA,CAMPO GRANDE,RUA MARQUES DE BAIPENDI,691,RUA JERONIMO VILELA,COM A RUA JERONIMO VILELA,RUA MARQUES DE BAIPENDI,691,COM A RUA JERONIMO VILELA,CAMPO GRANDE,,,ENGAVETAMENTO,DOIS CAMINHOES E DOIS AUTOS PASSEIO,2,,,,,,2,,,0,,,,,,,,,,,,,,
2018-04-03,08:47:00,SEM VÍTIMA,CANCELADA,SAN MARTIN,AV ENGENHEIRO ABDIAS DE CARVALHO,,,NA UPA  SENTIDO CENTRO DO RECIFE,AV ENGENHEIRO ABDIAS DE CARVALHO,,NA UPA  SENTIDO CENTRO DO RECIFE,SAN MARTIN,,,COLISÃO,COLISÃO SEM VITIMA  OS CONDUTORES SE DESLOCARAM ATE A CHESF  PARA PODER DEIXAR A VIA LIVRE,1,,,,,,1,,,0,,,,,,,,,,,,,,
2018-04-03,09:14:00,COM VÍTIMA,FINALIZADA,BOA VISTA,RUA JOSE DE ALENCAR,555,,EM FRENTE DA MERCEARIA DO BRAZ,RUA JOSE DE ALENCAR,555,EM FRENTE DA MERCEARIA DO BRAZ,BOA VISTA,,,COLISÃO,COL.S/V,1,1,,,,,,,,1,,,,,,,,,,,,,,
2018-04-03,09:23:00,SEM VÍTIMA,CANCELADA,AFOGADOS,RUA SAO MIGUEL,554,,EM FRENTE DA GT ASSESORIO DE PEÇA,RUA SAO MIGUEL,554,EM FRENTE DA GT ASSESORIO DE PEÇA,AFOGADOS,,,COLISÃO,COL.S/V,1,,,,,,,,,0,,,,,,,,,,,,,,
2018-04-03,09:24:00,SEM VÍTIMA,FINALIZADA,BEBERIBE,EST VELHA DE AGUA FRIA,,,AO LADO DA MILENA MOVEIS,EST VELHA DE AGUA FRIA,,AO LADO DA MILENA MOVEIS,BEBERIBE,,,COLISÃO,SEM VITIMAS,1,,,,,,1,,,0,,,,,,,,,,,,,,
2018-04-03,09:28:00,SEM VÍTIMA,FINALIZADA,CAMPINA DO BARRETO,AV POETA VINICIUS DE MORAIS,19,,ACADEMIA DO RECIFE  SENTIDO OLINDA,AV POETA VINICIUS DE MORAIS,19,ACADEMIA DO RECIFE  SENTIDO OLINDA,CAMPINA DO BARRETO,,,COLISÃO,COLISÃO SEM VITIMA,,,,,,1,1,,,0,,,,,,,,,,,,,,
2018-04-03,09:30:00,COM VÍTIMA,FINALIZADA,IMBIRIBEIRA,RUA ARQUITETO LUIZ NUNES,,,SEMAFORO 634 / SENT IPSEP,RUA ARQUITETO LUIZ NUNES,,SEMAFORO 634 / SENT IPSEP,IMBIRIBEIRA,,,COLISÃO,MOTO E AUTO,1,1,,,,,,,,1,,,,,,,,,,,,,,
2018-04-03,09:43:00,SEM VÍTIMA,FINALIZADA,BOA VIAGEM,AV BOA VIAGEM,,AV ARMINDO MOURA,PROX. AO POSTO DE OBS DOS BOMBEIROS 08 CRUZ COM A ARMINDO MOURA SEM 084,AV BOA VIAGEM,,PROX. AO POSTO DE OBS DOS BOMBEIROS 08 CRUZ COM A ARMINDO MOURA SEM 084,BOA VIAGEM,,,COLISÃO,COLISÃO SEM VITIMAS,1,1,,,,,,,,0,,,,,,,,,,,,,,
2018-04-03,10:22:00,SEM VÍTIMA,FINALIZADA,BOA VIAGEM,RUA PROFESSOR AUGUSTO LINS E SILVA,769,RUA JOAO CARDOSO AYRES,RUA DA EXTRA FARMA CRUZAMENTO COM A RUA JOÃO CARDOSO AYRES,RUA PROFESSOR AUGUSTO LINS E SILVA,769,RUA DA EXTRA FARMA CRUZAMENTO COM A RUA JOÃO CARDOSO AYRES,BOA VIAGEM,,,COLISÃO,SEM VITIMAS,2,,,,,,,,,0,,,,,,,,,,,,,,
2018-04-03,10:38:00,SEM VÍTIMA,FINALIZADA,SANTO ANTÔNIO,RUA SIQUEIRA CAMPOS,251,,EM FRENTE AO EDF DANTAS BARRETO,RUA SIQUEIRA CAMPOS,251,EM FRENTE AO EDF DANTAS BARRETO,SANTO ANTÔNIO,,,COLISÃO,SEM VITIMAS,1,,,,,,,1,,0,,,,,,,,,,,,,,
2018-04-03,10:55:00,SEM VÍTIMA,FINALIZADA,ILHA JOANA BEZERRA,AV DES GUERRA BARRETO,,,NA FRENTE D FORUM DE JOANA BEZERRA  JUNTO A AO SEMAFORO 038,AV DES GUERRA BARRETO,,NA FRENTE D FORUM DE JOANA BEZERRA  JUNTO A AO SEMAFORO 038,ILHA JOANA BEZERRA,,,COLISÃO,COLISÃO SEM VITIMA,1,,,,,,1,,,0,,,,,,,,,,,,,,
2018-04-03,11:08:00,SEM VÍTIMA,FINALIZADA,CASA FORTE,RUA LAURINDO COELHO,656,,EM FRENTE A DELIKATA DOCERIA,RUA LAURINDO COELHO,656,EM FRENTE A DELIKATA DOCERIA,CASA FORTE,,,COLISÃO,SEM VITIMAS,1,1,,,,,,,,0,,,,,,,,,,,,,,
2018-04-03,11:17:00,SEM VÍTIMA,FINALIZADA,SANTO AMARO,AV JOAO DE BARROS,948,,AO LADO VIADUTO SENT/HOSPITAL OSWALDO CRUZ,AV JOAO DE BARROS,948,AO LADO VIADUTO SENT/HOSPITAL OSWALDO CRUZ,SANTO AMARO,,,COLISÃO,SEM VITIMAS,1,,,,,1,,,,0,,,,,,,,,,,,,,
2018-04-03,11:38:00,SEM VÍTIMA,FINALIZADA,IMBIRIBEIRA,RUA ARQUITETO LUIZ NUNES,260,AV PINHEIROS,COM AV PINHEIROS PROX A GRILLO FLORES,RUA ARQUITETO LUIZ NUNES,260,COM AV PINHEIROS PROX A GRILLO FLORES,IMBIRIBEIRA,,,COLISÃO,COLISAO DE AUTO E MOTO S/V,1,1,,,,,,,,0,,,,,,,,,,,,,,
2018-04-03,12:47:00,SEM VÍTIMA,FINALIZADA,IBURA,RUA SAO FRANCISCO,256,,ANTES AO COLEGIO POLIVALENTE IBURA DE CIMA,RUA SAO FRANCISCO,256,ANTES AO COLEGIO POLIVALENTE IBURA DE CIMA,IBURA,,,COLISÃO,COLISAO DE DUAS MOTO S/V,,2,,,,,,,,0,,,,,,,,,,,,,,
2018-04-03,13:31:00,SEM VÍTIMA,FINALIZADA,DERBY,RUA HENRIQUE DIAS,,,NA FRENTE AO COLEGIO MILITAR,RUA HENRIQUE DIAS,,NA FRENTE AO COLEGIO MILITAR,DERBY,,,COLISÃO,COLISÃO SEM VITIMAS,2,,,,,,,,,0,,,,,,,,,,,,,,
2018-04-03,13:42:00,SEM VÍTIMA,FINALIZADA,BOA VISTA,RUA AURORA,703,,EM FRENTE AO GINASIO PERNAMBUCANO,RUA AURORA,703,EM FRENTE AO GINASIO PERNAMBUCANO,BOA VISTA,,,COLISÃO,AUTO E CAMINHAO,1,,,,,,1,,,0,,,,,,,,,,,,,,
2018-04-03,13:42:00,SEM VÍTIMA,FINALIZADA,CAXANGÁ,AV CAXANGA,1319,,NA FRENTE A BRADESCO,AV CAXANGA,1319,NA FRENTE A BRADESCO,CAXANGÁ,,,COLISÃO,COLISÃO SEM VITIMAS,1,,,,,,1,,,0,,,,,,,,,,,,,,
2018-04-03,13:43:00,SEM VÍTIMA,FINALIZADA,IMBIRIBEIRA,AV MARECHAL MASCARENHAS DE MORAES,4115,,ANTES DO ATACADO DOS PRESENTES E/F E/F A FONTE NÁUTICA S/T CID,AV MARECHAL MASCARENHAS DE MORAES,4115,ANTES DO ATACADO DOS PRESENTES E/F E/F A FONTE NÁUTICA S/T CID,IMBIRIBEIRA,,,COLISÃO,COLISAO DE CAMINHAO E AUTO S/V,1,,,,,,1,,,0,,,,,,,,,,,,,,
2018-04-03,13:55:00,SEM VÍTIMA,FINALIZADA,PARNAMIRIM,EST DO ENCANAMENTO,,,RESTAURANTE AO GUAIMUNDO,EST DO ENCANAMENTO,,RESTAURANTE AO GUAIMUNDO,PARNAMIRIM,,,COLISÃO,,2,,,,,,,,,0,,,,,,,,,,,,,,
2018-04-03,14:01:00,SEM VÍTIMA,FINALIZADA,CORDEIRO,RUA GREGORIO JUNIOR,,,PROX. AO MERCADO DO CORDEIRO  E A IGREJA BATISTA MEMORIAL  SENTIDO SUB,RUA GREGORIO JUNIOR,,PROX. AO MERCADO DO CORDEIRO  E A IGREJA BATISTA MEMORIAL  SENTIDO SUB,CORDEIRO,,,COLISÃO,AUTO E ONIBUS,1,,,,,1,,,,0,,,,,,,,,,,,,,
2018-04-03,14:11:00,SEM VÍTIMA,CANCELADA,AFLITOS,RUA DES MARTINS PEREIRA,225,,EDIF. MONALISA  SENTIDO COLEGIO DAMAS,RUA DES MARTINS PEREIRA,225,EDIF. MONALISA  SENTIDO COLEGIO DAMAS,AFLITOS,,,COLISÃO,COLISÃO SEM VITIMA,2,,,,,,,,,0,,,,,,,,,,,,,,
2018-04-03,14:35:00,SEM VÍTIMA,FINALIZADA,BRASÍLIA TEIMOSA,RUA DELFIM,,,E/F AO POSTO DE SAUDE,RUA DELFIM,,E/F AO POSTO DE SAUDE,BRASÍLIA TEIMOSA,,,COLISÃO,COLISAO DE CAMINHAO E AUTO,1,,,,,,1,,,0,,,,,,,,,,,,,,
2018-04-03,15:21:00,SEM VÍTIMA,FINALIZADA,IPSEP,AV RECIFE,,,APOS O SAL E BRASA  NA SUBIDA DO VIA DUTO SENTIDO BOA VIAGEM,AV RECIFE,,APOS O SAL E BRASA  NA SUBIDA DO VIA DUTO SENTIDO BOA VIAGEM,IPSEP,,,COLISÃO,DOIS AUTOS,2,,,,,,,,,0,,,,,,,,,,,,,,
2018-04-03,16:13:00,SEM VÍTIMA,FINALIZADA,BOA VIAGEM,RUA RIBEIRO DE BRITO,901,,NA FRENTE DO EMPRESARIAL RIBEIRO DE BRITO,RUA RIBEIRO DE BRITO,901,NA FRENTE DO EMPRESARIAL RIBEIRO DE BRITO,BOA VIAGEM,,,COLISÃO,COLISÃO SEM VITIMA,1,,,,,,,,1,0,,,,,,,,,,,,,,
2018-04-03,16:33:00,SEM VÍTIMA,FINALIZADA,JAQUEIRA,RUA DO FUTURO,1309,,NA PRAÇA DA JAQUEIRA E/F AO ESTACIONAMENTO DA VERDE FRUTTI,RUA DO FUTURO,1309,NA PRAÇA DA JAQUEIRA E/F AO ESTACIONAMENTO DA VERDE FRUTTI,JAQUEIRA,,,CHOQUE,CAMINHAO CHOCOU COM UM POSTE E O POSTE CAIU SOBRE O VEICULO,1,,,,,,1,,,0,,,,,,,,,,,,,,
2018-04-03,16:47:00,SEM VÍTIMA,CANCELADA,BOA VIAGEM,AV ARMINDO MOURA,,,E/F A AERONAUTICA NO SEMAFORO 529,AV ARMINDO MOURA,,E/F A AERONAUTICA NO SEMAFORO 529,BOA VIAGEM,,,COLISÃO,COLISAO DE DOIS AUTOS S/V,2,,,,,,,,,0,,,,,,,,,,,,,,
2018-04-03,17:13:00,COM VÍTIMA,FINALIZADA,CAJUEIRO,AV SEBASTIAO SALAZAR,125,,PROX. AO BAR DA FAVA  FUNDAO,AV SEBASTIAO SALAZAR,125,PROX. AO BAR DA FAVA  FUNDAO,CAJUEIRO,,,COLISÃO,AUTO E MOTO C/V  MOTO NOVA SEM PLACA,1,1,,,,,,,,2,,,,,,,,,,,,,,
2018-04-03,18:21:00,SEM VÍTIMA,FINALIZADA,BAIRRO DO RECIFE,AV ALFREDO LISBOA,,,SEMAFORO 477  AO LADO DO ESTACIONAMENTO DO PAÇO ALFANDEGA,AV ALFREDO LISBOA,,SEMAFORO 477  AO LADO DO ESTACIONAMENTO DO PAÇO ALFANDEGA,BAIRRO DO RECIFE,,,COLISÃO,AUTO E CAMINHAO S/V,1,,,,,,1,,,0,,,,,,,,,,,,,,
2018-04-03,18:21:00,SEM VÍTIMA,CANCELADA,CAXANGÁ,AV CAXANGA,,,AO LADO DA UPA CAXANGÁ/ POSTO SHELL,AV CAXANGA,,AO LADO DA UPA CAXANGÁ/ POSTO SHELL,CAXANGÁ,,,COLISÃO,COLISAO S/V,2,,,,,,,,,0,,,,,,,,,,,,,,
2018-04-03,18:25:00,COM VÍTIMA,FINALIZADA,BOA VIAGEM,AV CONSELHEIRO AGUIAR,597,,E/F A BOSS BARBEARIA  SNT PINA/ PRÓX A SUZUKI MOTOS,AV CONSELHEIRO AGUIAR,597,E/F A BOSS BARBEARIA  SNT PINA/ PRÓX A SUZUKI MOTOS,BOA VIAGEM,,,ATROPELAMENTO,ENTRE AUTO E PEDETRE. C/V,1,,,,1,,,,,1,,,,,,,,,,,,,,
2018-04-03,23:14:00,SEM VÍTIMA,FINALIZADA,CASA AMARELA,RUA CONS PERETTI,136,RUA CONS RIBAS,CRUZ COM A R CONS RIBAS / PRÓX A CENTRAL COMERCIAL DE CASA AMARELA,RUA CONS PERETTI,136,CRUZ COM A R CONS RIBAS / PRÓX A CENTRAL COMERCIAL DE CASA AMARELA,CASA AMARELA,,,COLISÃO,EMTRE 2 AUTOS. SV,2,,,,,,,,,0,,,,,,,,,,,,,,
2018-04-03,23:39:00,SEM VÍTIMA,FINALIZADA,BOA VIAGEM,AV ENGENHEIRO DOMINGOS FERREIRA,,RUA PADRE BERNARDINO PESSOA,CRUZ COM A R PADRE BERNARDINO PESSOA / SEMÁFORO 144,AV ENGENHEIRO DOMINGOS FERREIRA,,CRUZ COM A R PADRE BERNARDINO PESSOA / SEMÁFORO 144,BOA VIAGEM,,,ENGAVETAMENTO,ENTRE 2 AUTOS E 2 ÔNIBUS . S/V,2,,,,,2,,,,0,,,,,,,,,,,,,,
2018-04-04,07:13:00,COM VÍTIMA,CANCELADA,AREIAS,AV RECIFE,,,PROXIMO AO BOMPREÇO,AV RECIFE,,PROXIMO AO BOMPREÇO,AREIAS,,,ACID. DE PERCURSO,QUEDA DE MOTO,,1,,,,,,,,2,,,,,,,,,,,,,,
2018-04-04,07:15:00,SEM VÍTIMA,FINALIZADA,BOA VIAGEM,AVENIDA CELSO FURTADO (VIA MANGUE),,,SENTIDO LE PARC,AVENIDA CELSO FURTADO (VIA MANGUE),,SENTIDO LE PARC,BOA VIAGEM,,,COLISÃO,COLISÃO SEM VITIMA,2,,,,,,,,,0,,,,,,,,,,,,,,
2018-04-04,07:22:00,SEM VÍTIMA,FINALIZADA,IMBIRIBEIRA,AV MARECHAL MASCARENHAS DE MORAES,7935,,EM FRENTE AO CONTINENTAL ALINHAMENTO PNEUS  SENT/BOA VIAGEM,AV MARECHAL MASCARENHAS DE MORAES,7935,EM FRENTE AO CONTINENTAL ALINHAMENTO PNEUS  SENT/BOA VIAGEM,IMBIRIBEIRA,,,COLISÃO,COLISÃO SEM VITIMA,2,1,,,,,,,,0,,,,,,,,,,,,,,
2018-04-04,07:48:00,SEM VÍTIMA,FINALIZADA,AFOGADOS,RUA SAO MIGUEL,4004,,EM FRENTE AO BANCO DO BRASIL E AO COLEGIO MONTEIRO LOBATO,RUA SAO MIGUEL,4004,EM FRENTE AO BANCO DO BRASIL E AO COLEGIO MONTEIRO LOBATO,AFOGADOS,,,COLISÃO,COLISÃO SEM VITIMAS,2,,,,,,,,,0,,,,,,,,,,,,,,
2018-04-04,08:09:00,SEM VÍTIMA,FINALIZADA,DERBY,AV GOVERNADOR AGAMENON MAGALHAES,,,DEFRONTE A RESTAURAÇÃO   SENTIDO BOA VIAGEM,AV GOVERNADOR AGAMENON MAGALHAES,,DEFRONTE A RESTAURAÇÃO   SENTIDO BOA VIAGEM,DERBY,,,COLISÃO,COLISÃO SEM VITIMA,1,,,,,1,,,,0,,,,,,,,,,,,,,
2018-04-04,08:24:00,COM VÍTIMA,FINALIZADA,AFOGADOS,RUA SAO MIGUEL,1093,,AO LADO DO POSTO FEDERAL  SENTIDO SUBURBIO,RUA SAO MIGUEL,1093,AO LADO DO POSTO FEDERAL  SENTIDO SUBURBIO,AFOGADOS,,,COLISÃO,COLISÃO COM VITIMA,1,1,,,,,,,,2,,,,,,,,,,,,,,
2018-04-04,08:36:00,SEM VÍTIMA,FINALIZADA,SÃO JOSÉ,RUA BUARQUE DE MACEDO,,,EM FRENTE AO TRIBUNAL DE JUSTIÇA NA SUBIDA DA PONTE BUARQUE MACEDO,RUA BUARQUE DE MACEDO,,EM FRENTE AO TRIBUNAL DE JUSTIÇA NA SUBIDA DA PONTE BUARQUE MACEDO,SÃO JOSÉ,,,COLISÃO,COLISÃO SEM VITIMAS,2,,,,,,,,,0,,,,,,,,,,,,,,
2018-04-04,08:50:00,SEM VÍTIMA,FINALIZADA,BOA VIAGEM,RUA FELIX DE BRITO E MELO,945,,AO ALDO DO WALL MART,RUA FELIX DE BRITO E MELO,945,AO ALDO DO WALL MART,BOA VIAGEM,,,COLISÃO,COLISÃO SEM VITIMA,1,,,,,1,,,,0,,,,,,,,,,,,,,
2018-04-04,09:01:00,SEM VÍTIMA,FINALIZADA,PINA,AV ENCANTA MOCA,68,RUA SÃO LUIS,CRUZAMENTO COM A RUA SÃO LUIS EM FRENTE A CASA DE RAÇÃO MC NASCIMENTO,AV ENCANTA MOCA,68,CRUZAMENTO COM A RUA SÃO LUIS EM FRENTE A CASA DE RAÇÃO MC NASCIMENTO,PINA,,,COLISÃO,SEM VITIMAS,1,,,,,1,,,,0,,,,,,,,,,,,,,