data,hora,natureza_acidente,situacao,bairro,endereco,numero,detalhe_endereco_acidente,complemento,endereco_cruzamento,numero_cruzamento,referencia_cruzamento,bairro_cruzamento,num_semaforo,sentido_via,tipo,descricao,auto,moto,ciclom,ciclista,pedestre,onibus,caminhao,viatura,outros,vitimas,vitimasfatais,acidente_verificado,tempo_clima,situacao_semaforo,sinalizacao,condicao_via,conservacao_via,ponto_controle,situacao_placa,velocidade_max_via,mao_direcao,divisao_via1,divisao_via2,divisao_via3
2018-04-06,12:48:00,COM VÍTIMA,FINALIZADA,AFOGADOS,RUA SAO MIGUEL,443,,LOGO APOS A RUA SAO MIGUEL EM FRENTE AO POSTO AEREO COBUSTIVEL,RUA SAO MIGUEL,443,LOGO APOS A RUA SAO MIGUEL EM FRENTE AO POSTO AEREO COBUSTIVEL,AFOGADOS,,,COLISÃO,COLISAO ENTRE AUTO E MOTO COM VITIMA,1,1,,,,,,,,1,,,,,,,,,,,,,,
2018-04-06,13:01:00,SEM VÍTIMA,FINALIZADA,AFOGADOS,RUA VINTE E UM DE ABRIL,,,NO SEMAFORO 334 DA MASTERBOI,RUA VINTE E UM DE ABRIL,,NO SEMAFORO 334 DA MASTERBOI,AFOGADOS,,,COLISÃO,COLISAO DE DOIS AUTOS S/V,2,,,,,,,,,0,,,,,,,,,,,,,,
2018-04-06,14:53:00,SEM VÍTIMA,CANCELADA,IPSEP,AV RECIFE,,,NA DESCIDA DO VIADUTO TANCREDO NEVES,AV RECIFE,,NA DESCIDA DO VIADUTO TANCREDO NEVES,IPSEP,,,ENGAVETAMENTO,ENGAVETAMENTO DE QUATRO AUTOS S/V,,,,,,,,,,0,,,,,,,,,,,,,,
2018-04-06,14:49:00,SEM VÍTIMA,FINALIZADA,CORDEIRO,EST DO BARBALHO,,AV MAURICIO DE NASSAU,COM NAURICIO DE NASSAU,EST DO BARBALHO,,COM NAURICIO DE NASSAU,CORDEIRO,,,COLISÃO,COLISÃO SEM VITIMA,2,,,,,,,,,0,,,,,,,,,,,,,,
2018-04-06,15:09:00,SEM VÍTIMA,FINALIZADA,BOA VISTA,PRC PARQUE AMORIM,,,AO LADO DO BRADESCO,PRC PARQUE AMORIM,,AO LADO DO BRADESCO,BOA VISTA,,,COLISÃO,COLISAO ENTRE AUTO E CAMINHAO,1,,,,,,1,,,0,,,,,,,,,,,,,,
2018-04-06,16:13:00,SEM VÍTIMA,FINALIZADA,IMBIRIBEIRA,RUA ITAJAI,191,,PROX. A IGREJA PRESBITERIANA MEMORIAL,RUA ITAJAI,191,PROX. A IGREJA PRESBITERIANA MEMORIAL,IMBIRIBEIRA,,,COLISÃO,DOIS AUTOS,2,,,,,,,,,0,,,,,,,,,,,,,,
2018-04-06,16:17:00,SEM VÍTIMA,CANCELADA,CORDEIRO,RUA CLAUDIO BROTHERHOOD,328,RUA AUREO XAVIER,CRUZAMENTO COM A RUA AUREO XAVIER,RUA CLAUDIO BROTHERHOOD,328,CRUZAMENTO COM A RUA AUREO XAVIER,CORDEIRO,,,COLISÃO,COLISÃO SEM VITIMA,2,,,,,,,,,0,,,,,,,,,,,,,,
2018-04-06,16:19:00,SEM VÍTIMA,CANCELADA,ÁGUA FRIA,EST VELHA DE AGUA FRIA,190,,E/F A FEIRA DE AGUA FRIA,EST VELHA DE AGUA FRIA,190,E/F A FEIRA DE AGUA FRIA,ÁGUA FRIA,,,COLISÃO,COLISAO DE AUTO E ONIBUS S/V,1,,,,,1,,,,0,,,,,,,,,,,,,,
2018-04-06,16:40:00,SEM VÍTIMA,FINALIZADA,CAXANGÁ,AV CAXANGA,,,EM BAIXO DO VIADUTO/ SENTIDO CAMARAGIBE,AV CAXANGA,,EM BAIXO DO VIADUTO/ SENTIDO CAMARAGIBE,CAXANGÁ,,,COLISÃO,COLISÃO SEM VÍTIMA,1,,,,,,1,,,0,,,,,,,,,,,,,,
2018-04-06,17:23:00,SEM VÍTIMA,FINALIZADA,AREIAS,AV DR JOSE RUFINO,955,,EM FRENTE A HONDA/ SENTIDO AFOGADOS,AV DR JOSE RUFINO,955,EM FRENTE A HONDA/ SENTIDO AFOGADOS,AREIAS,,,COLISÃO,COLISÃO SEM VÍTIMA,2,,,,,,,,,0,,,,,,,,,,,,,,
2018-04-06,17:27:00,SEM VÍTIMA,FINALIZADA,IMBIRIBEIRA,AV MARECHAL MASCARENHAS DE MORAES,,,ANTES DA GRILO PRESENTES/ EM FRENTE A VOLKSWAGEN/ SENTIDO CIDADE,AV MARECHAL MASCARENHAS DE MORAES,,ANTES DA GRILO PRESENTES/ EM FRENTE A VOLKSWAGEN/ SENTIDO CIDADE,IMBIRIBEIRA,,,COLISÃO,COLISÃO SEM VÍTIMA,3,,,,,,,,,0,,,,,,,,,,,,,,
2018-04-06,17:46:00,COM VÍTIMA,FINALIZADA,JORDÃO,AV CENTENARIO ALBERTO SANTOS DUMONT,,,NA ENTRADA DO TÚNEL DO JORDÃO,AV CENTENARIO ALBERTO SANTOS DUMONT,,NA ENTRADA DO TÚNEL DO JORDÃO,JORDÃO,,,COLISÃO,COLISÃO COM VÍTIMA,1,1,,,,,,,,1,,,,,,,,,,,,,,
2018-04-06,18:24:00,SEM VÍTIMA,CANCELADA,PARNAMIRIM,AV PARNAMIRIM,,,E/F AO BANCO SANTANDER. SNT TORRE,AV PARNAMIRIM,,E/F AO BANCO SANTANDER. SNT TORRE,PARNAMIRIM,,,COLISÃO,ENTRE AUTO E ÔNIBUS. S/V,1,,,,,1,,,,0,,,,,,,,,,,,,,
2018-04-06,19:16:00,SEM VÍTIMA,FINALIZADA,BOA VIAGEM,AV BOA VIAGEM,,,E/F AO PARQUE DONA LINDU / SEMÁFORO 001  SNT PIEDADE,AV BOA VIAGEM,,E/F AO PARQUE DONA LINDU / SEMÁFORO 001  SNT PIEDADE,BOA VIAGEM,,,COLISÃO,ENTRE 2 AUTOS. S/V,2,,,,,,,,,0,,,,,,,,,,,,,,
2018-04-06,20:09:00,SEM VÍTIMA,FINALIZADA,ARRUDA,AV BEBERIBE,,,E/F AO CAMPO DO SANTA CRUZ FC,AV BEBERIBE,,E/F AO CAMPO DO SANTA CRUZ FC,ARRUDA,,,COLISÃO,ENTRE ÔNIBUS E AUTO. S/V,1,,,,,1,,,,0,,,,,,,,,,,,,,
2018-04-06,21:00:00,SEM VÍTIMA,FINALIZADA,APIPUCOS,RUA CORONEL JOAO BATISTA DO REGO BARROS,,,PROX AO POSTO DE SAÚDE/USF APIPUCOS,RUA CORONEL JOAO BATISTA DO REGO BARROS,,PROX AO POSTO DE SAÚDE/USF APIPUCOS,APIPUCOS,,,COLISÃO,ENTRE ÔNIBUS E AUTO. S/V,1,,,,,1,,,,0,,,,,,,,,,,,,,
2018-04-06,21:08:00,COM VÍTIMA,FINALIZADA,NOVA DESCOBERTA,RUA CORREGO DA AREIA,,,ANTES DA SUBIDA DA BETINHA,RUA CORREGO DA AREIA,,ANTES DA SUBIDA DA BETINHA,NOVA DESCOBERTA,,,COLISÃO,CLISÃO S/V,1,1,,,,,,,,1,,,,,,,,,,,,,,
2018-04-06,21:11:00,SEM VÍTIMA,FINALIZADA,DOIS UNIDOS,AV HILDEBRANDO DE VASCONCELOS,,,APÓS A SUBESTAÇÃO DA CELPE/ NA ENTRADA DE DOIS UNIDOS  E/F A BORRACHARIA LOCAL E PRÓX AO CT DO SANTA CRUZ,AV HILDEBRANDO DE VASCONCELOS,,APÓS A SUBESTAÇÃO DA CELPE/ NA ENTRADA DE DOIS UNIDOS  E/F A BORRACHARIA LOCAL E PRÓX AO CT DO SANTA CRUZ,DOIS UNIDOS,,,COLISÃO,ENBTRE 2 AUTOS. S/V,2,,,,,,,,,0,,,,,,,,,,,,,,
2018-04-06,21:40:00,SEM VÍTIMA,FINALIZADA,APIPUCOS,RUA DE APIPUCOS,,,E/F AO Nº 1060/ APOS O SEMAFORO 540 E/F A ARCADIA RECEPÇÕES,RUA DE APIPUCOS,,E/F AO Nº 1060/ APOS O SEMAFORO 540 E/F A ARCADIA RECEPÇÕES,APIPUCOS,,,COLISÃO,COLISAO S/V,2,,,,,,,,,0,,,,,,,,,,,,,,
2018-04-06,22:45:00,SEM VÍTIMA,FINALIZADA,TORRE,AV BEIRA RIO,,,NO FINAL DA AV BEIRA RIO / E/F A COMPESA,AV BEIRA RIO,,NO FINAL DA AV BEIRA RIO / E/F A COMPESA,TORRE,,,COLISÃO,ENTRE 2 AUTOS. S/V,2,,,,,,,,,0,,,,,,,,,,,,,,
2018-04-06,23:08:00,SEM VÍTIMA,FINALIZADA,PINA,AV ANTONIO DE GOES,,,E/F AO SEMÁFORO 103  AO LADO DO POSTO BR / APÓS O TÚNEL LOCAL DA VIA MANGUE,AV ANTONIO DE GOES,,E/F AO SEMÁFORO 103  AO LADO DO POSTO BR / APÓS O TÚNEL LOCAL DA VIA MANGUE,PINA,,,COLISÃO,ENTRE 2 AUTOS. S/V,2,,,,,,,,,0,,,,,,,,,,,,,,
2018-04-07,03:00:00,COM VÍTIMA,FINALIZADA,GRAÇAS,RUA JOAQUIM NABUCO,,,PRÓXIMO A PONTE DA CAPUNGA // PRÓX A UNINASSAU,RUA JOAQUIM NABUCO,,PRÓXIMO A PONTE DA CAPUNGA // PRÓX A UNINASSAU,GRAÇAS,,,CHOQUE,VEÍCULO CHOCOU-SE CONTRA O MURO DE UMA RESIDÊNCIA APÓS FURAR BLOQUEIO DA OPERAÇÃO LEI SECA.,1,,,,,,,,,1,,,,,,,,,,,,,,
2018-04-07,03:05:00,SEM VÍTIMA,CANCELADA,BOA VIAGEM,RUA BARAO DE SOUZA LEAO,,,PROX AO SUPERMERCADO TREVO,RUA BARAO DE SOUZA LEAO,,PROX AO SUPERMERCADO TREVO,BOA VIAGEM,,,COLISÃO,VEICULO PERDEU O CONTROLE E CAIU DENTRO DO CANAL,1,,,,,,,,,0,,,,,,,,,,,,,,
2018-04-07,08:04:00,SEM VÍTIMA,FINALIZADA,SANTO AMARO,AV GOVERNADOR AGAMENON MAGALHAES,,,NA DESCIDA DO VIADUTO S/T OLINDA,AV GOVERNADOR AGAMENON MAGALHAES,,NA DESCIDA DO VIADUTO S/T OLINDA,SANTO AMARO,,,COLISÃO,COLISAO DE DOIS AUTOS S/V,2,,,,,,,,,0,,,,,,,,,,,,,,
2018-04-07,08:59:00,SEM VÍTIMA,FINALIZADA,BOA VIAGEM,RUA BARAO DE SOUZA LEAO,,,PROX AO SUPERMERCADO TREVO,RUA BARAO DE SOUZA LEAO,,PROX AO SUPERMERCADO TREVO,BOA VIAGEM,,,COLISÃO,VEICULO PERDEU O CONTROLE E CAIU DENTRO DO CANAL,1,,,,,,,,,0,,,,,,,,,,,,,,
2018-04-07,09:33:00,SEM VÍTIMA,CANCELADA,TORRÕES,AV VISCONDE DE SAO LEOPOLDO,1079,,NO FINAL DA ABDIAS DE CARVALHO S/T CID UNIVERSITARIA PROX AO FERRO VELHO,AV VISCONDE DE SAO LEOPOLDO,1079,NO FINAL DA ABDIAS DE CARVALHO S/T CID UNIVERSITARIA PROX AO FERRO VELHO,TORRÕES,,,COLISÃO,COLISAO DE DOIS AUTOS S/V,2,,,,,,,,,0,,,,,,,,,,,,,,
2018-04-07,11:40:00,SEM VÍTIMA,CANCELADA,SÃO JOSÉ,RUA RIO CAPIBARIBE,,,EM FRENTE A CASA DA CULTURA,RUA RIO CAPIBARIBE,,EM FRENTE A CASA DA CULTURA,SÃO JOSÉ,,,COLISÃO,COLISÃO SEM VÍTIMA,2,,,,,,,,,0,,,,,,,,,,,,,,
2018-04-07,12:51:00,SEM VÍTIMA,FINALIZADA,ARRUDA,RUA DAS MOCAS,856,,ESQ DA FARMACIA SANTO ANTONIO / SENT SUB,RUA DAS MOCAS,856,ESQ DA FARMACIA SANTO ANTONIO / SENT SUB,ARRUDA,,,COLISÃO,DOIS AUTOS,2,,,,,,,,,0,,,,,,,,,,,,,,
2018-04-07,13:12:00,SEM VÍTIMA,CANCELADA,ESTÂNCIA,AV TAPAJOS,29,,AO LADO DA BRINKS,AV TAPAJOS,29,AO LADO DA BRINKS,ESTÂNCIA,,,COLISÃO,COLISÃO SEM VÍTIMA,2,,,,,,,,,0,,,,,,,,,,,,,,
2018-04-07,13:37:00,SEM VÍTIMA,PENDENTE,CABANGA,AV SUL,,,SEMAFORO 205 / LADO ESQUERDO DA VIA SENT CIDADE,AV SUL,,SEMAFORO 205 / LADO ESQUERDO DA VIA SENT CIDADE,CABANGA,,,COLISÃO,DOIS AUTOS,2,,,,,,,,,0,,,,,,,,,,,,,,
2018-04-07,13:43:00,SEM VÍTIMA,CANCELADA,BOA VIAGEM,AV CONSELHEIRO AGUIAR,,,AO LADO DA MCDONALD/ NO SEMÁRO 005,AV CONSELHEIRO AGUIAR,,AO LADO DA MCDONALD/ NO SEMÁRO 005,BOA VIAGEM,,,COLISÃO,COLISÃO SEM VÍTIMA,2,,,,,,,,,0,,,,,,,,,,,,,,
2018-04-07,14:36:00,SEM VÍTIMA,FINALIZADA,IMBIRIBEIRA,AV MARECHAL MASCARENHAS DE MORAES,,,SEMAFO 288 / SENT AFOGADOS / AO LADO DO JUIZADO ESPECIAL DO RECIFE,AV MARECHAL MASCARENHAS DE MORAES,,SEMAFO 288 / SENT AFOGADOS / AO LADO DO JUIZADO ESPECIAL DO RECIFE,IMBIRIBEIRA,,,COLISÃO,MOTO E AUTO,1,1,,,,,,,,0,,,,,,,,,,,,,,
2018-04-07,15:21:00,SEM VÍTIMA,FINALIZADA,MADALENA,RUA BENFICA,,,SENTIDO ABDIAS DE CARVALHO NA SAIDA DO TUNEL CHICO SCIENCE,RUA BENFICA,,SENTIDO ABDIAS DE CARVALHO NA SAIDA DO TUNEL CHICO SCIENCE,MADALENA,,,COLISÃO,COLISÃO SEM VITIMAS,2,,,,,,,,,0,,,,,,,,,,,,,,
2018-04-07,15:51:00,SEM VÍTIMA,FINALIZADA,BOA VIAGEM,RUA CAMBOIM,210,RUA DEZ DE JULHO,CRUZ COM A RUA DEZ DE JULHO,RUA CAMBOIM,210,CRUZ COM A RUA DEZ DE JULHO,BOA VIAGEM,,,COLISÃO,DOIS AUTOS,2,,,,,,,,,0,,,,,,,,,,,,,,
2018-04-07,16:08:00,SEM VÍTIMA,CANCELADA,NOVA DESCOBERTA,RUA NOVA DESCOBERTA,2478,,EM FRENTE A DESTRIBUIDORA DE AVES PREÇO BOM / E PADARIA MARANATA / FEIRA DE NOVA DESCOBERTA,RUA NOVA DESCOBERTA,2478,EM FRENTE A DESTRIBUIDORA DE AVES PREÇO BOM / E PADARIA MARANATA / FEIRA DE NOVA DESCOBERTA,NOVA DESCOBERTA,,,COLISÃO,ONIBUS E TAXI,1,,,,,1,,,,0,,,,,,,,,,,,,,
2018-04-07,16:43:00,SEM VÍTIMA,FINALIZADA,IBURA,AV DOIS RIOS,550,,EM FRENTE AO POSTO TOTAL,AV DOIS RIOS,550,EM FRENTE AO POSTO TOTAL,IBURA,,,COLISÃO,COLISÃO SEM VÍTIMA,1,1,,,,,,,,0,,,,,,,,,,,,,,
2018-04-07,17:14:00,SEM VÍTIMA,FINALIZADA,JARDIM SÃO PAULO,AV PIRACICABA,219,,EM FRENTE AO TERMINAL DE ONIBUS DE JARDIM SÃO PAULO,AV PIRACICABA,219,EM FRENTE AO TERMINAL DE ONIBUS DE JARDIM SÃO PAULO,JARDIM SÃO PAULO,,,COLISÃO,COLISÃO SEM VITIMAS,1,,,,,1,,,,0,,,,,,,,,,,,,,
2018-04-07,17:41:00,SEM VÍTIMA,FINALIZADA,BOA VIAGEM,AV CONSELHEIRO AGUIAR,1739,,APOS O NUCLEO DA POLICIA EM FRENTE A LOJA DE EQUIPAMNETOPS DE ACADEMIA KIKOS,AV CONSELHEIRO AGUIAR,1739,APOS O NUCLEO DA POLICIA EM FRENTE A LOJA DE EQUIPAMNETOPS DE ACADEMIA KIKOS,BOA VIAGEM,,,COLISÃO,COLISÃO SEM VITIMAS,2,,,,,,,,,0,,,,,,,,,,,,,,
2018-04-07,18:11:00,COM VÍTIMA,FINALIZADA,IMBIRIBEIRA,AV MARECHAL MASCARENHAS DE MORAES,,,AO LADO DA MARAVILHA MOTOS,AV MARECHAL MASCARENHAS DE MORAES,,AO LADO DA MARAVILHA MOTOS,IMBIRIBEIRA,,,COLISÃO,ACIDENTE ATIPICO ENVOLVENDO ALTO E MOTOCICLETA  ACIDENTE FLAGRADO PELO VIDEO MONITORAMENTO,1,1,,,,,,,,2,,,,,,,,,,,,,,
2018-04-07,18:48:00,SEM VÍTIMA,CANCELADA,IPUTINGA,RUA SAO MATEUS,,,E/F A ASSEMBLEIA DE DEUS/ LANCHONETE BOCA MALDITA,RUA SAO MATEUS,,E/F A ASSEMBLEIA DE DEUS/ LANCHONETE BOCA MALDITA,IPUTINGA,,,COLISÃO,COLISÃO S/V,1,1,,,,,,,,0,,,,,,,,,,,,,,
2018-04-07,19:21:00,SEM VÍTIMA,FINALIZADA,ENCRUZILHADA,RUA FREDERICO,87,,AO LADO DO RESTAURANTE CONFRARIA DO MAR,RUA FREDERICO,87,AO LADO DO RESTAURANTE CONFRARIA DO MAR,ENCRUZILHADA,,,COLISÃO,COLISÃO S/V,2,,,,,,,,,0,,,,,,,,,,,,,,
2018-04-07,20:04:00,SEM VÍTIMA,FINALIZADA,IPUTINGA,RUA MAURICIO DE NASSAU,130,RUA PEREIRA COUTINHO,COM A RUA PEREIRA COUTINHO  PROX. A LOMBADA ELETRONICA EDF. SOLAR GENIPABU,RUA MAURICIO DE NASSAU,130,COM A RUA PEREIRA COUTINHO  PROX. A LOMBADA ELETRONICA EDF. SOLAR GENIPABU,IPUTINGA,,,COLISÃO,DOIS AUTOS,2,,,,,,,,,0,,,,,,,,,,,,,,
2018-04-07,20:43:00,SEM VÍTIMA,FINALIZADA,SANTO ANTÔNIO,RUA VIGARIO TENORIO,149,,PROX A RUA DA MOEDA,RUA VIGARIO TENORIO,149,PROX A RUA DA MOEDA,SANTO ANTÔNIO,,,COLISÃO,COLISÃO S/V,2,,,,,,,,,0,,,,,,,,,,,,,,
2018-04-07,21:22:00,SEM VÍTIMA,CANCELADA,CIDADE UNIVERSITÁRIA,AV RECIFE,,,EM FRENTE A SUDENE POR BAIXO DO VIADUTO,AV RECIFE,,EM FRENTE A SUDENE POR BAIXO DO VIADUTO,CIDADE UNIVERSITÁRIA,,,COLISÃO,ONIBUS E AUTO,1,,,,,1,,,,0,,,,,,,,,,,,,,
2018-04-07,22:25:00,SEM VÍTIMA,FINALIZADA,TAMARINEIRA,RUA CONEGO BARATA,,AV NORTE,PROX A FERREIRA COSTA/ NA DIVIASA COM A AV. NORTE,RUA CONEGO BARATA,,PROX A FERREIRA COSTA/ NA DIVIASA COM A AV. NORTE,TAMARINEIRA,,,COLISÃO,COLISAO S/V,1,1,,,,,,,,0,,,,,,,,,,,,,,
2018-04-08,00:15:00,SEM VÍTIMA,FINALIZADA,ILHA DO RETIRO,RUA SPORT CLUBE DO RECIFE,,,EM FRENTE AO ESTÁDIO ALDEMAR DA COSTA CARVALHO (ILHA DO RETIRO),RUA SPORT CLUBE DO RECIFE,,EM FRENTE AO ESTÁDIO ALDEMAR DA COSTA CARVALHO (ILHA DO RETIRO),ILHA DO RETIRO,,,COLISÃO,COLISÃO ENTRE DOIS AUTOS S/V,2,,,,,,,,,0,,,,,,,,,,,,,,
2018-04-08,00:35:00,SEM VÍTIMA,FINALIZADA,BOA VIAGEM,RUA JOSE HIPOLITO CARDOSO,90,,APÓS O SUPERMERCADO RM  PRIMEIRA À ESQUERDA,RUA JOSE HIPOLITO CARDOSO,90,APÓS O SUPERMERCADO RM  PRIMEIRA À ESQUERDA,BOA VIAGEM,,,COLISÃO,COLISÃO ENTRE TRÊS AUTOS S/V,3,,,,,,,,,0,,,,,,,,,,,,,,
2018-04-08,00:57:00,SEM VÍTIMA,FINALIZADA,MADALENA,RUA PESSOA DE MELO,,RUA LUIS SALAZAR,CRUZAMENTO COM RUA LUÍS LASAZAR // EM FRENTE A PRAÇA EÇA DE QUEIROZ,RUA PESSOA DE MELO,,CRUZAMENTO COM RUA LUÍS LASAZAR // EM FRENTE A PRAÇA EÇA DE QUEIROZ,MADALENA,,,COLISÃO,COLISÃO ENTRE AUTO E CAMINHÃO S/V,1,,,,,,1,,,0,,,,,,,,,,,,,,
2018-04-08,01:33:00,SEM VÍTIMA,FINALIZADA,APIPUCOS,RUA MANDACARU,,,AO LADO DO ARCADIA,RUA MANDACARU,,AO LADO DO ARCADIA,APIPUCOS,,,COLISÃO,COLISÃO ENTRE DOIS AUTOS S/V,2,,,,,,,,,0,,,,,,,,,,,,,,
2018-04-08,02:33:00,SEM VÍTIMA,PENDENTE,ESPINHEIRO,RUA BUENOS AYRES,98,,PRÓX AO BANCO DO NORDESTE,RUA BUENOS AYRES,98,PRÓX AO BANCO DO NORDESTE,ESPINHEIRO,,,0,ART 181,1,,,,,,,,,0,,,,,,,,,,,,,,
2018-04-08,02:48:00,SEM VÍTIMA,FINALIZADA,JOANA BEZERRA,AV CENTRAL,,,EM FRENTE A ESTAÇÃO DO METRÔ DE JOANA BEZERRA,AV CENTRAL,,EM FRENTE A ESTAÇÃO DO METRÔ DE JOANA BEZERRA,JOANA BEZERRA,,,CHOQUE,VEÍCULO CHOCOU-SE CONTRA UM POSTE,1,,,,,,,,,0,,,,,,,,,,,,,,
2018-04-08,06:30:00,SEM VÍTIMA,FINALIZADA,AFOGADOS,AV SUL,S/N,,NA FRENTE DA IGREJA PERNAMBUCO GRANDE ORIENTE,AV SUL,S/N,NA FRENTE DA IGREJA PERNAMBUCO GRANDE ORIENTE,AFOGADOS,,,COLISÃO,PROXIMO DA PONTE DO BAIRRO DE AFOGADOS,,2,,,,,,,,0,,,,,,,,,,,,,,
2018-04-08,07:02:00,SEM VÍTIMA,CANCELADA,BARRO,AV DR JOSE RUFINO,,,PROX. A IGREJA DO BARRO   SENTIDO SUBURBIO,AV DR JOSE RUFINO,,PROX. A IGREJA DO BARRO   SENTIDO SUBURBIO,BARRO,,,COLISÃO,COLISÃO SEM VITIMAS,2,,,,,,,,,0,,,,,,,,,,,,,,
2018-04-08,07:31:00,SEM VÍTIMA,FINALIZADA,CAXANGÁ,AV CAXANGA,,,NO SEMAFORO 080,AV CAXANGA,,NO SEMAFORO 080,CAXANGÁ,,,COLISÃO,COL.S/V.SET CD,2,,,,,,,,,0,,,,,,,,,,,,,,
2018-04-08,09:25:00,SEM VÍTIMA,CANCELADA,BONGI,AV ENGENHEIRO ABDIAS DE CARVALHO,,,EM FRENTE A ESTACIO  SENTIDO CAXANGA,AV ENGENHEIRO ABDIAS DE CARVALHO,,EM FRENTE A ESTACIO  SENTIDO CAXANGA,BONGI,,,COLISÃO,DOIS AUTOS S/V,2,,,,,,,,,0,,,,,,,,,,,,,,
2018-04-08,10:14:00,SEM VÍTIMA,FINALIZADA,PINA,RUA PEREIRA DA COSTA,636,AV ENG DOMINGOS FERREIRA,NA ESQUINA DA CLINICAL CENTER,RUA PEREIRA DA COSTA,636,NA ESQUINA DA CLINICAL CENTER,PINA,,,COLISÃO,COLISÃO SEM VITIMAS,2,,,,,,,,,0,,,,,,,,,,,,,,
2018-04-08,11:03:00,SEM VÍTIMA,FINALIZADA,ENGENHO DO MEIO,RUA ARARUNA,,,NA RUA DA PANIFICADORA ARARUNA,RUA ARARUNA,,NA RUA DA PANIFICADORA ARARUNA,ENGENHO DO MEIO,,,COLISÃO,COL.S/V,1,,,,,,,1,,0,,,,,,,,,,,,,,
2018-04-08,12:07:00,SEM VÍTIMA,CANCELADA,IMBIRIBEIRA,AV MARECHAL MASCARENHAS DE MORAES,,,EM FRENTE A FERREIRA PINTO/ SENTIDO AFOGADOS,AV MARECHAL MASCARENHAS DE MORAES,,EM FRENTE A FERREIRA PINTO/ SENTIDO AFOGADOS,IMBIRIBEIRA,,,COLISÃO,COLISÃO SEM VÍTIMA,2,,,,,,,,,0,,,,,,,,,,,,,,
2018-04-08,12:11:00,SEM VÍTIMA,CANCELADA,BOA VIAGEM,RUA CARLOS PEREIRA FALCAO,874,,EM FRENTE AO EMPRESARIAL IBRAHIM NEJAIM,RUA CARLOS PEREIRA FALCAO,874,EM FRENTE AO EMPRESARIAL IBRAHIM NEJAIM,BOA VIAGEM,,,COLISÃO,COLISÃO SEM VÍTIMA,2,,,,,,,,,0,,,,,,,,,,,,,,
2018-04-08,13:52:00,COM VÍTIMA,FINALIZADA,CASA FORTE,RUA LEONARDO BEZERRA CAVALCANTE,,,PROX. AO SHOPPING PALAZA E A MC DONALDS,RUA LEONARDO BEZERRA CAVALCANTE,,PROX. AO SHOPPING PALAZA E A MC DONALDS,CASA FORTE,,,COLISÃO,AUTO E MOTO,1,1,,,,,,,,1,,,,,,,,,,,,,,
2018-04-08,15:06:00,SEM VÍTIMA,FINALIZADA,CAXANGÁ,RUA RIBEIRO PESSOA,324,,EM FRENTE AO CONDOMINIO FICCOS BENJAMIM,RUA RIBEIRO PESSOA,324,EM FRENTE AO CONDOMINIO FICCOS BENJAMIM,CAXANGÁ,,,COLISÃO,COLISÃO SEM VÍTIMA,,,,,,,,,,0,,,,,,,,,,,,,,
2018-04-08,15:26:00,SEM VÍTIMA,FINALIZADA,DERBY,AV GOVERNADOR AGAMENON MAGALHAES,,,PROX. AO SPETTUS  SEMAFORO 068,AV GOVERNADOR AGAMENON MAGALHAES,,PROX. AO SPETTUS  SEMAFORO 068,DERBY,,,COLISÃO,AUTO E CAMINHAO,1,,,,,,1,,,0,,,,,,,,,,,,,,
2018-04-08,16:04:00,SEM VÍTIMA,CANCELADA,SAN MARTIN,AV ENGENHEIRO ABDIAS DE CARVALHO,,,SEMAFORO 058,AV ENGENHEIRO ABDIAS DE CARVALHO,,SEMAFORO 058,SAN MARTIN,,,COLISÃO,AUTO E MOTO,1,1,,,,,,,,0,,,,,,,,,,,,,,
2018-04-08,16:11:00,SEM VÍTIMA,FINALIZADA,CAMPO GRANDE,EST DE BELEM,,RUA LARGO DO FEITOSA,CRUZAMENTO COM RUA LARGO DO FEITOSA,EST DE BELEM,,CRUZAMENTO COM RUA LARGO DO FEITOSA,CAMPO GRANDE,,,COLISÃO,DOIS AUTOS S/V,2,,,,,,,,,0,,,,,,,,,,,,,,
2018-04-08,16:39:00,COM VÍTIMA,FINALIZADA,ÁGUA FRIA,RUA JOAO UZEDA LUNA,,,PROX. LOJA TROPICAL,RUA JOAO UZEDA LUNA,,PROX. LOJA TROPICAL,ÁGUA FRIA,,,COLISÃO,AUTO E MOTO C/V,1,1,,,,,,,,1,,,,,,,,,,,,,,
2018-04-08,18:04:00,SEM VÍTIMA,CANCELADA,BOA VIAGEM,RUA VISCONDE DE JEQUITINHONHA,,RUA BALTAZAR PASSOS,APOS O PARUQE DONA LINDU SNT SUBURBIO/ CRUZAMENTO DA BALTAZAR PASSOS,RUA VISCONDE DE JEQUITINHONHA,,APOS O PARUQE DONA LINDU SNT SUBURBIO/ CRUZAMENTO DA BALTAZAR PASSOS,BOA VIAGEM,,,COLISÃO,COLISAO S/V,2,,,,,,,,,0,,,,,,,,,,,,,,
2018-04-08,18:20:00,COM VÍTIMA,FINALIZADA,CASA AMARELA,RUA DA HARMONIA,785,,ANTES DO SEMÁFORO QUE CRUZA A EST DO ENCANAMENTO / E/F A HANDS BELEZA E ACADEMIA ACTIVE,RUA DA HARMONIA,785,ANTES DO SEMÁFORO QUE CRUZA A EST DO ENCANAMENTO / E/F A HANDS BELEZA E ACADEMIA ACTIVE,CASA AMARELA,,,COLISÃO,ENTRE AUTO E MOTO. C/V,1,1,,,,,,,,1,,,,,,,,,,,,,,
2018-04-08,18:57:00,SEM VÍTIMA,CANCELADA,IPUTINGA,RUA ZUMBI DOS PALMARES,,,NO FINAL DA RUA SENTIDO CIDADE,RUA ZUMBI DOS PALMARES,,NO FINAL DA RUA SENTIDO CIDADE,IPUTINGA,,,COLISÃO,COLISÃO COM MOTORISTA EMBRIAGADO,2,,,,,,,,,0,,,,,,,,,,,,,,
2018-04-08,19:06:00,SEM VÍTIMA,CANCELADA,VÁRZEA,RUA GASTAO VIDIGAL,,,E/F AO POSTO DE GASOLINA SHELL,RUA GASTAO VIDIGAL,,E/F AO POSTO DE GASOLINA SHELL,VÁRZEA,,,COLISÃO,COLISÃO S/V,2,,,,,,,,,0,,,,,,,,,,,,,,