data,hora,natureza_acidente,situacao,bairro,endereco,numero,detalhe_endereco_acidente,complemento,endereco_cruzamento,numero_cruzamento,referencia_cruzamento,bairro_cruzamento,num_semaforo,sentido_via,tipo,descricao,auto,moto,ciclom,ciclista,pedestre,onibus,caminhao,viatura,outros,vitimas,vitimasfatais,acidente_verificado,tempo_clima,situacao_semaforo,sinalizacao,condicao_via,conservacao_via,ponto_controle,situacao_placa,velocidade_max_via,mao_direcao,divisao_via1,divisao_via2,divisao_via3
2018-04-08,20:36:00,SEM VÍTIMA,FINALIZADA,BOA VIAGEM,RUA PROFESSOR MARIO CASTRO,389,,E/F AO EDF PLACE DE PASSY,RUA PROFESSOR MARIO CASTRO,389,E/F AO EDF PLACE DE PASSY,BOA VIAGEM,,,ENGAVETAMENTO,ENTRE 4 AUTOS (( O CARRO QUE CAUSOU O ENGAVETAMENTO NO LOCAL  ACABOU SE EVADINDO  RESTANDO ASSIM APENAS 3 NA VIA)) S/V.,4,,,,,,,,,0,,,,,,,,,,,,,,
2018-04-08,21:07:00,SEM VÍTIMA,FINALIZADA,HIPÓDROMO,RUA MARQUES DE ABRANTES,,,POSTO TOTAL DA EST. DE BELEM,RUA MARQUES DE ABRANTES,,POSTO TOTAL DA EST. DE BELEM,HIPÓDROMO,,,COLISÃO,COLISAO S/V CONDUTORA GESTANTE,2,,,,,,,,,0,,,,,,,,,,,,,,
2018-04-08,21:16:00,SEM VÍTIMA,FINALIZADA,BARRO,AV DR JOSE RUFINO,,,E/F AO COLEGIO IMACULADA CONCEIÇÃO,AV DR JOSE RUFINO,,E/F AO COLEGIO IMACULADA CONCEIÇÃO,BARRO,,,COLISÃO,COLISÃO S/V,2,,,,,,,,,0,,,,,,,,,,,,,,
2018-04-08,23:14:00,SEM VÍTIMA,FINALIZADA,ÁGUA FRIA,RUA DR EUDES COSTA,81,,PROX. A LADEIRA DE PEDRA  EM FRENTE A GRANJA DO NEGO,RUA DR EUDES COSTA,81,PROX. A LADEIRA DE PEDRA  EM FRENTE A GRANJA DO NEGO,ÁGUA FRIA,,,COLISÃO,DOIS AUTOS,2,,,,,,,,,0,,,,,,,,,,,,,,
2018-04-09,03:19:00,SEM VÍTIMA,FINALIZADA,BOA VISTA,RUA DAS NINFAS,269,,APOS A METROPOLE,RUA DAS NINFAS,269,APOS A METROPOLE,BOA VISTA,,,COLISÃO,DOIS AUTOS,2,,,,,,,,,0,,,,,,,,,,,,,,
2018-04-09,06:16:00,COM VÍTIMA,FINALIZADA,PAISSANDU,RUA PAISSANDU,,,EM FRENTE AO HOSPITAL CAPIBARIBE E AO LADO DO HOSPITAL SÃO MARCOS,RUA PAISSANDU,,EM FRENTE AO HOSPITAL CAPIBARIBE E AO LADO DO HOSPITAL SÃO MARCOS,PAISSANDU,,,COLISÃO,COM VITIMA,1,1,,,,,,,,1,,,,,,,,,,,,,,
2018-04-09,06:20:00,SEM VÍTIMA,FINALIZADA,DERBY,AV GOVERNADOR AGAMENON MAGALHAES,63,,SENT/OLINDA EM FRENTE AO PRONTO PELE,AV GOVERNADOR AGAMENON MAGALHAES,63,SENT/OLINDA EM FRENTE AO PRONTO PELE,DERBY,,,COLISÃO,SEM VITIMAS,2,,,,,,,,,0,,,,,,,,,,,,,,
2018-04-09,06:24:00,SEM VÍTIMA,FINALIZADA,ENGENHO DO MEIO,RUA BOM PASTOR,,,PRACA DO ENGENHO DO MEIO,RUA BOM PASTOR,,PRACA DO ENGENHO DO MEIO,ENGENHO DO MEIO,,,COLISÃO,COL.S/V SET.SUB  EM UM VEICULOS TEM UM BEBE E NO OUTRO A CONDUTORA ESTA COM SINTOMA DE EMBRIAGUES,2,,,,,,,,,0,,,,,,,,,,,,,,
2018-04-09,06:48:00,SEM VÍTIMA,FINALIZADA,ILHA DO RETIRO,AV ENGENHEIRO ABDIAS DE CARVALHO,,,EM FRENTE DO COLEGIO GGE,AV ENGENHEIRO ABDIAS DE CARVALHO,,EM FRENTE DO COLEGIO GGE,ILHA DO RETIRO,,,COLISÃO,COL.S/V SET.SUB,2,,,,,,,,,0,,,,,,,,,,,,,,
2018-04-09,07:02:00,SEM VÍTIMA,CANCELADA,PORTO DA MADEIRA,AV BEBERIBE,3530,,EM FRENTE AO CONJUNTO RESIDENCIAL JOÃO PAULO SEGUNDO,AV BEBERIBE,3530,EM FRENTE AO CONJUNTO RESIDENCIAL JOÃO PAULO SEGUNDO,PORTO DA MADEIRA,,,COLISÃO,SEM VITIMAS,1,1,,,,,,,,0,,,,,,,,,,,,,,
2018-04-09,07:50:00,SEM VÍTIMA,FINALIZADA,BOA VIAGEM,RUA BALTAZAR PASSOS,,,EM FRENTE A PADARIA PAN JOVEM,RUA BALTAZAR PASSOS,,EM FRENTE A PADARIA PAN JOVEM,BOA VIAGEM,,,COLISÃO,SEM VITIMAS,1,1,,,,,,,,0,,,,,,,,,,,,,,
2018-04-09,08:23:00,SEM VÍTIMA,FINALIZADA,SAN MARTIN,AV GENERAL SAN MARTIN,777,,ENTRE OS CARREIOS E O SUPERMERCADO IDEAL,AV GENERAL SAN MARTIN,777,ENTRE OS CARREIOS E O SUPERMERCADO IDEAL,SAN MARTIN,,,COLISÃO,CAMONHAO DO EXERCITO E AUTO PASSEIO,1,,,,,,,1,,0,,,,,,,,,,,,,,
2018-04-09,08:47:00,SEM VÍTIMA,FINALIZADA,COHAB,AV JORNALISTA COSTA PORTO,,,AO LADO DA COMPESA,AV JORNALISTA COSTA PORTO,,AO LADO DA COMPESA,COHAB,,,COLISÃO,SEM VITIMAS,1,,,,,1,,,,0,,,,,,,,,,,,,,
2018-04-09,09:15:00,SEM VÍTIMA,FINALIZADA,BOA VIAGEM,RUA JEAN MERMOZ,47,,EDF JOAN MERITZ,RUA JEAN MERMOZ,47,EDF JOAN MERITZ,BOA VIAGEM,,,COLISÃO,SEM VITIMAS,1,,,,,,1,,,0,,,,,,,,,,,,,,
2018-04-09,09:12:00,SEM VÍTIMA,FINALIZADA,CASA AMARELA,RUA PROFESSOR SOUTO MAIOR,54,,EDIF. SOBRADO JOAQUIM CARDOSO,RUA PROFESSOR SOUTO MAIOR,54,EDIF. SOBRADO JOAQUIM CARDOSO,CASA AMARELA,,,COLISÃO,COLISÃO SEM VITIMA,2,,,,,,,,,0,,,,,,,,,,,,,,
2018-04-09,09:17:00,SEM VÍTIMA,FINALIZADA,SAN MARTIN,RUA DELMIRO GOUVEIA,,,ESQ DA CHESF / AO LADO DO PONTO DE TAXI,RUA DELMIRO GOUVEIA,,ESQ DA CHESF / AO LADO DO PONTO DE TAXI,SAN MARTIN,,,COLISÃO,DOIS AUTOS,2,,,,,,,,,0,,,,,,,,,,,,,,
2018-04-09,10:39:00,SEM VÍTIMA,FINALIZADA,BOA VIAGEM,RUA RIBEIRO DE BRITO,,,HOLLIDAY,RUA RIBEIRO DE BRITO,,HOLLIDAY,BOA VIAGEM,,,COLISÃO,COLISÃO SEM VITIMAS,2,,,,,,,,,0,,,,,,,,,,,,,,
2018-04-09,10:45:00,COM VÍTIMA,FINALIZADA,SANTO AMARO,AV NORTE,,,EM FRENTE A TVU SENT/PREFEITURA,AV NORTE,,EM FRENTE A TVU SENT/PREFEITURA,SANTO AMARO,,,COLISÃO,COM UMA VITIMA,1,1,,,,,,,,1,,,,,,,,,,,,,,
2018-04-09,10:56:00,COM VÍTIMA,FINALIZADA,IMBIRIBEIRA,RUA ITAJAI,408,,EM FRENTE AO EDF/ MAURICEIA,RUA ITAJAI,408,EM FRENTE AO EDF/ MAURICEIA,IMBIRIBEIRA,,,COLISÃO,COL.C/V SET.MASCARENHA,2,,,,,,,,,2,,,,,,,,,,,,,,
2018-04-09,11:19:00,SEM VÍTIMA,FINALIZADA,TORRE,RUA CONDE DE IRAJA,,,EM FRENTE A ESCOLA ESTADUAL MACIEL PINHEIRO,RUA CONDE DE IRAJA,,EM FRENTE A ESCOLA ESTADUAL MACIEL PINHEIRO,TORRE,,,COLISÃO,SEM VITIMAS,1,,,,,,1,,,0,,,,,,,,,,,,,,
2018-04-09,12:14:00,SEM VÍTIMA,FINALIZADA,DERBY,RUA JOAQUIM NABUCO,,,AO LADO DA RESTAURAÇÃO  SENTIDO AFLITOS,RUA JOAQUIM NABUCO,,AO LADO DA RESTAURAÇÃO  SENTIDO AFLITOS,DERBY,,,COLISÃO,COLISÃO SEM VÍTIMA,2,,,,,,,,,0,,,,,,,,,,,,,,
2018-04-09,12:21:00,SEM VÍTIMA,FINALIZADA,MADALENA,AV JOSE GONCALVES DE MEDEIROS,150,,NA FRENTE DA FARMACIA PAGUE MENOS,AV JOSE GONCALVES DE MEDEIROS,150,NA FRENTE DA FARMACIA PAGUE MENOS,MADALENA,,,COLISÃO,COLISÃO SEM VITIMAS,,,,,,1,,,1,0,,,,,,,,,,,,,,
2018-04-09,13:23:00,SEM VÍTIMA,FINALIZADA,BOA VIAGEM,RUA PROFESSOR JOAO MEDEIROS,,RUA BRUNO VELOSO,COM RUA BRUNO VELOSO ESQUINA DA ACADEMIA R2,RUA PROFESSOR JOAO MEDEIROS,,COM RUA BRUNO VELOSO ESQUINA DA ACADEMIA R2,BOA VIAGEM,,,COLISÃO,COLISAO DE DOIS AUTOS S/V,2,,,,,,,,,0,,,,,,,,,,,,,,
2018-04-09,13:31:00,SEM VÍTIMA,FINALIZADA,IBURA,RUA IBIRA,183,,PROX. AO TERMINAL DE ONIBUS DE TRES CARNEIROS,RUA IBIRA,183,PROX. AO TERMINAL DE ONIBUS DE TRES CARNEIROS,IBURA,,,COLISÃO,COLISÃO SEM VITIMA,,,,,,,1,1,,0,,,,,,,,,,,,,,
2018-04-09,13:50:00,SEM VÍTIMA,FINALIZADA,PINA,RUA ARQUITETO AUGUSTO REINALDO,,,PROX. A POLICIA RODOVIARIA FEDERAL,RUA ARQUITETO AUGUSTO REINALDO,,PROX. A POLICIA RODOVIARIA FEDERAL,PINA,,,COLISÃO,COLISÃO SEM VITIMAS,1,,,,,,1,,,0,,,,,,,,,,,,,,
2018-04-09,14:01:00,SEM VÍTIMA,FINALIZADA,PAISSANDU,AV GOVERNADOR AGAMENON MAGALHAES,,RUA PAISSANDU,CRUZAMENTO COM RUA PAISSANDU  PROX. AO HOSPITAL PORTUGUES,AV GOVERNADOR AGAMENON MAGALHAES,,CRUZAMENTO COM RUA PAISSANDU  PROX. AO HOSPITAL PORTUGUES,PAISSANDU,,,COLISÃO,DOIS AUTOS SEM VITIMA  UM DOS VEICULOS QUEBROU NO CRUZAMENTO E NAO TEM COMO SAIR DA VIA,2,,,,,,,,,0,,,,,,,,,,,,,,
2018-04-09,14:07:00,COM VÍTIMA,FINALIZADA,IPSEP,RUA JEAN EMILE FAVRE,,,INF A FACULDADE BOA VIAGEM,RUA JEAN EMILE FAVRE,,INF A FACULDADE BOA VIAGEM,IPSEP,,,COLISÃO,COLISAO DE AUTO E MOTO COM UMA VITIMA,1,1,,,,,,,,1,,,,,,,,,,,,,,
2018-04-09,14:16:00,SEM VÍTIMA,CANCELADA,DERBY,RUA DAS CREOULAS,,RUA JOAQUIM NABUCO,ESQUINA COM A RUA JOAQUIM NABUCO  EM FRENTE A FARMACIA QUATRO CANTOS,RUA DAS CREOULAS,,ESQUINA COM A RUA JOAQUIM NABUCO  EM FRENTE A FARMACIA QUATRO CANTOS,DERBY,,,COLISÃO,DOIS AUTOS S/V,2,,,,,,,,,0,,,,,,,,,,,,,,
2018-04-09,17:15:00,SEM VÍTIMA,FINALIZADA,TORRE,AV BEIRA RIO,,,SOBRE A PONTE DA TORRE,AV BEIRA RIO,,SOBRE A PONTE DA TORRE,TORRE,,,COLISÃO,SANDERO E HB20,2,,,,,,,,,0,,,,,,,,,,,,,,
2018-04-09,17:15:00,SEM VÍTIMA,FINALIZADA,TORREÃO,AV NORTE,,,EM FRENTE A PÇA DA PICANHA SENTIDO CIDADE,AV NORTE,,EM FRENTE A PÇA DA PICANHA SENTIDO CIDADE,TORREÃO,,,COLISÃO,SEM VÍTIMA,1,1,,,,,,,,0,,,,,,,,,,,,,,
2018-04-09,17:19:00,COM VÍTIMA,CANCELADA,ESTÂNCIA,AV RECIFE,,,AO LADO DA ANTIGA FABRICA DA CYROL ROYAL,AV RECIFE,,AO LADO DA ANTIGA FABRICA DA CYROL ROYAL,ESTÂNCIA,,,COLISÃO,COM VÍTIMA,,,,,,1,1,,,1,,,,,,,,,,,,,,
2018-04-09,17:19:00,SEM VÍTIMA,FINALIZADA,BOA VISTA,RUA DOM BOSCO,,,PRÓXIMO A EMLURB SENTIDO DERBY,RUA DOM BOSCO,,PRÓXIMO A EMLURB SENTIDO DERBY,BOA VISTA,,,COLISÃO,,1,,,,,1,,,,0,,,,,,,,,,,,,,
2018-04-09,17:35:00,SEM VÍTIMA,FINALIZADA,CAXANGÁ,AV CAXANGA,624,,SENTIDO CIDADE E/F G1 VEÍCULOS',AV CAXANGA,624,SENTIDO CIDADE E/F G1 VEÍCULOS',CAXANGÁ,,,COLISÃO,ENGAVETAMENTO DE UM ÔNIBUS E DOIS VEÍCULOS,2,,,,,1,,,,0,,,,,,,,,,,,,,
2018-04-09,17:38:00,SEM VÍTIMA,FINALIZADA,BOA VIAGEM,AV CONSELHEIRO AGUIAR,,RUA ANTONIO FALCÃO,CRUZAMENTO COM A RUA ANTÔNIO FALCÃO - SEMÁFORO 006,AV CONSELHEIRO AGUIAR,,CRUZAMENTO COM A RUA ANTÔNIO FALCÃO - SEMÁFORO 006,BOA VIAGEM,,,COLISÃO,SEM VÍTIMA,2,,,,,,,,,0,,,,,,,,,,,,,,
2018-04-09,17:39:00,SEM VÍTIMA,FINALIZADA,IMBIRIBEIRA,AV MARECHAL MASCARENHAS DE MORAES,2508,,SENTIDO CIDADE SUBÚRBIO,AV MARECHAL MASCARENHAS DE MORAES,2508,SENTIDO CIDADE SUBÚRBIO,IMBIRIBEIRA,,,COLISÃO,FIAT/PUNTO X ,2,,,,,,,,,0,,,,,,,,,,,,,,
2018-04-09,17:40:00,SEM VÍTIMA,FINALIZADA,DERBY,RUA BUENOS AYRES,212,,,RUA BUENOS AYRES,212,,DERBY,,,COLISÃO,SEM VÍTIMA,2,,,,,,,,,0,,,,,,,,,,,,,,
2018-04-09,17:42:00,COM VÍTIMA,FINALIZADA,PINA,AV HERCULANO BANDEIRA,,,AV DOMINGOS FERREIRA,AV HERCULANO BANDEIRA,,AV DOMINGOS FERREIRA,PINA,,,COLISÃO,FUSCA X MOTO ,1,1,,,,,,,,1,,,,,,,,,,,,,,
2018-04-09,17:45:00,SEM VÍTIMA,FINALIZADA,AFOGADOS,EST DOS REMEDIOS,,,E/F A JEEP,EST DOS REMEDIOS,,E/F A JEEP,AFOGADOS,,,COLISÃO,MOTO X JEEP,1,1,,,,,,,,0,,,,,,,,,,,,,,
2018-04-09,17:49:00,SEM VÍTIMA,FINALIZADA,BOA VIAGEM,RUA SETUBAL,12,,PRÓXIMO A FLORICULTURA NO FINAL DA RUA SETÚBAL - FARMÁCIA DROGASIL,RUA SETUBAL,12,PRÓXIMO A FLORICULTURA NO FINAL DA RUA SETÚBAL - FARMÁCIA DROGASIL,BOA VIAGEM,,,COLISÃO,ÔNIBUS X ECOSPORT ,1,,,,,1,,,,0,,,,,,,,,,,,,,
2018-04-09,17:57:00,SEM VÍTIMA,CANCELADA,,AV CAXANGA,,,AO LADO DO WALMART - SENTIDO VARZEA,AV CAXANGA,,AO LADO DO WALMART - SENTIDO VARZEA,,,,COLISÃO,SEM VÍTIMA,3,,,,,,,,,0,,,,,,,,,,,,,,
2018-04-09,18:19:00,SEM VÍTIMA,FINALIZADA,IMBIRIBEIRA,AV MARECHAL MASCARENHAS DE MORAES,,,E/F AO AEROPORTO ANTIGO SENTIDO JABOATÃO,AV MARECHAL MASCARENHAS DE MORAES,,E/F AO AEROPORTO ANTIGO SENTIDO JABOATÃO,IMBIRIBEIRA,,,COLISÃO,PALIO X CAMINHÃO,1,,,,,,1,,,0,,,,,,,,,,,,,,
2018-04-09,18:28:00,SEM VÍTIMA,FINALIZADA,TORRE,RUA AMELIA,,AV RUI BARBOSA,CRUZAMENTO COM A AV RUI BARBOSA - DESCIDA DA PONTE E PRÓXIMO AO POSTO DE COMBUSTÍVEL BR,RUA AMELIA,,CRUZAMENTO COM A AV RUI BARBOSA - DESCIDA DA PONTE E PRÓXIMO AO POSTO DE COMBUSTÍVEL BR,TORRE,,,COLISÃO,SEM VÍTIMA COM VEÍCULO OFICIAL DA PMPE,1,,,,,1,,,,0,,,,,,,,,,,,,,
2018-04-09,18:33:00,SEM VÍTIMA,FINALIZADA,PAISSANDU,AV GOVERNADOR AGAMENON MAGALHAES,,RUA DO PAISSANDU,CRUZAMENTO COM A RUA DO PAISSANDU - PRÓXIMO AO HOSPITAL PORTUGUÊS - SENTIDO BOA VIAGEM,AV GOVERNADOR AGAMENON MAGALHAES,,CRUZAMENTO COM A RUA DO PAISSANDU - PRÓXIMO AO HOSPITAL PORTUGUÊS - SENTIDO BOA VIAGEM,PAISSANDU,,,COLISÃO,SEM VÍTIMA,1,,,,,1,,,,0,,,,,,,,,,,,,,
2018-04-09,21:08:00,SEM VÍTIMA,FINALIZADA,NOVA DESCOBERTA,RUA JORNALISTA WALDETE AGRA,,,E/F AO TERMINAL ÔNIBUS DE NOVA DESCOBERTA,RUA JORNALISTA WALDETE AGRA,,E/F AO TERMINAL ÔNIBUS DE NOVA DESCOBERTA,NOVA DESCOBERTA,,,COLISÃO,ENTRE AUTO E ÔNIBUS. S/V,1,,,,,1,,,,0,,,,,,,,,,,,,,
2018-04-09,21:07:00,SEM VÍTIMA,FINALIZADA,AFOGADOS,RUA SAO MIGUEL,,,EM FRENTE A GLOBO VIDROS E AO POSTO IPIRANGA  APÓS AO RESTAURANTE DO NÔ,RUA SAO MIGUEL,,EM FRENTE A GLOBO VIDROS E AO POSTO IPIRANGA  APÓS AO RESTAURANTE DO NÔ,AFOGADOS,,,ENGAVETAMENTO,ENTRE 3 AUTOS. S/V,3,,,,,,,,,0,,,,,,,,,,,,,,
2018-04-09,19:15:00,SEM VÍTIMA,FINALIZADA,TORRE,RUA REAL DA TORRE,1166,,PRÓXIMO AO ATACADO DOS PRESENTES,RUA REAL DA TORRE,1166,PRÓXIMO AO ATACADO DOS PRESENTES,TORRE,,,COLISÃO,,1,,,,,,1,,,0,,,,,,,,,,,,,,
2018-04-09,20:04:00,SEM VÍTIMA,CANCELADA,AFOGADOS,RUA NICOLAU PEREIRA,,,PRÓXIMO DA POLICLINICA AGAMENON,RUA NICOLAU PEREIRA,,PRÓXIMO DA POLICLINICA AGAMENON,AFOGADOS,,,COLISÃO,AV SUL AO LADO DA ESTAÇÃO DO METRÔ,,,,,,,,,,0,,,,,,,,,,,,,,
2018-04-09,20:17:00,SEM VÍTIMA,FINALIZADA,ESPINHEIRO,AV JOAO DE BARROS,S/N,RUA DA HORA,CRUZAMENTO COM A RUA DA HORA,AV JOAO DE BARROS,S/N,CRUZAMENTO COM A RUA DA HORA,ESPINHEIRO,,,COLISÃO,PROX  AO POSTO SHELL,2,,,,,,,,,0,,,,,,,,,,,,,,
2018-04-09,20:40:00,COM VÍTIMA,FINALIZADA,CAXANGÁ,AV CAXANGA,S/N,,EM FRENTE AO GOLF CLUBE,AV CAXANGA,S/N,EM FRENTE AO GOLF CLUBE,CAXANGÁ,,,COLISÃO,,1,1,,,,,,,,1,,,,,,,,,,,,,,
2018-04-09,21:35:00,SEM VÍTIMA,FINALIZADA,CASA FORTE,AV DEZESSETE DE AGOSTO,,,E/F AO PLAZA NA ESQUINA DA MCDONALD´S,AV DEZESSETE DE AGOSTO,,E/F AO PLAZA NA ESQUINA DA MCDONALD´S,CASA FORTE,,,COLISÃO,COLISÃO S/V,2,,,,,,,,,0,,,,,,,,,,,,,,
2018-04-09,21:53:00,SEM VÍTIMA,FINALIZADA,CASA FORTE,AV DEZESSETE DE AGOSTO,,,EM FRENTE AO PLAZA E A FÁRMACIA PAGUE MENOS,AV DEZESSETE DE AGOSTO,,EM FRENTE AO PLAZA E A FÁRMACIA PAGUE MENOS,CASA FORTE,,,COLISÃO,COROLLA E FOX,2,,,,,,,,,0,,,,,,,,,,,,,,
2018-04-10,06:55:00,SEM VÍTIMA,FINALIZADA,SANTO ANTÔNIO,AV DANTAS BARRETO,,,N AFRENTE DA IGREJA DE SANTO ANTONIO,AV DANTAS BARRETO,,N AFRENTE DA IGREJA DE SANTO ANTONIO,SANTO ANTÔNIO,,,COLISÃO,COLISÃO SEM VITIMA,1,,,,,1,,,,0,,,,,,,,,,,,,,
2018-04-10,07:56:00,SEM VÍTIMA,FINALIZADA,DERBY,AV GOVERNADOR AGAMENON MAGALHAES,,RUA LUIZ BARBALHO,SENTIDO OLINDA CRUZ COM A RUA LUIZ BARBALHO EM FRENTE A CLINICA PRONTO PELE,AV GOVERNADOR AGAMENON MAGALHAES,,SENTIDO OLINDA CRUZ COM A RUA LUIZ BARBALHO EM FRENTE A CLINICA PRONTO PELE,DERBY,,,COLISÃO,COLISÃO SEM VITIMAS,1,1,,,,,,,,0,,,,,,,,,,,,,,
2018-04-10,08:00:00,SEM VÍTIMA,FINALIZADA,PARNAMIRIM,AV PARNAMIRIM,95,,NA FRENTE DO HOSPITAL MARIA LUCINDA,AV PARNAMIRIM,95,NA FRENTE DO HOSPITAL MARIA LUCINDA,PARNAMIRIM,,,COLISÃO,COLISÃO SEM VÍTIMAS,,,,,,2,,,,0,,,,,,,,,,,,,,
2018-04-10,09:06:00,SEM VÍTIMA,FINALIZADA,CAMPO GRANDE,EST DE BELEM,1799,,AO LADO DO POSTO TOTAL,EST DE BELEM,1799,AO LADO DO POSTO TOTAL,CAMPO GRANDE,,,COLISÃO,SEM VITIMAS,,2,,,,,,,,0,,,,,,,,,,,,,,
2018-04-10,09:20:00,SEM VÍTIMA,FINALIZADA,SANTO AMARO,AV NORTE,635,AV CRUZ CABUGA,SENT/PREFEITURA HA 50 METROS DO CRUZAMENTO COM A AVA CRUZ CABUGA,AV NORTE,635,SENT/PREFEITURA HA 50 METROS DO CRUZAMENTO COM A AVA CRUZ CABUGA,SANTO AMARO,,,COLISÃO,SEM VITIMA  COM UM VEICULO OFICIAL  TRIBUNAL DE JUSTIÇA,1,,,,,,,1,,0,,,,,,,,,,,,,,
2018-04-10,10:26:00,SEM VÍTIMA,FINALIZADA,GRAÇAS,RUA DOM SEBASTIAO LEME,,,EM FRENTE A IGREJA DAS GRAÇAS,RUA DOM SEBASTIAO LEME,,EM FRENTE A IGREJA DAS GRAÇAS,GRAÇAS,,,COLISÃO,SEM VITIMAS,2,,,,,,,,,0,,,,,,,,,,,,,,
2018-04-10,11:31:00,SEM VÍTIMA,FINALIZADA,COELHOS,RUA DR JOSE MARIANO,,,EM FRENTE AO RESTAURANTE SORRISO DA NOITE,RUA DR JOSE MARIANO,,EM FRENTE AO RESTAURANTE SORRISO DA NOITE,COELHOS,,,COLISÃO,CAMINHAO E AUTO,1,,,,,,1,,,0,,,,,,,,,,,,,,
2018-04-10,12:15:00,SEM VÍTIMA,FINALIZADA,IMBIRIBEIRA,AV MARECHAL MASCARENHAS DE MORAES,2713,,E/F AO POSTO IPIRANGA S/T CID AO LADO DA ASSEMBLEIA DE DEUS,AV MARECHAL MASCARENHAS DE MORAES,2713,E/F AO POSTO IPIRANGA S/T CID AO LADO DA ASSEMBLEIA DE DEUS,IMBIRIBEIRA,,,COLISÃO,COLISAO ENTRE DOIS AUTOS S/V BATEDOR DA MOTO 21 E 22 ESTA NO LOCAL,1,,,,,,1,,,0,,,,,,,,,,,,,,
2018-04-10,12:37:00,SEM VÍTIMA,FINALIZADA,MADALENA,AV CAXANGA,3275,,EM FRENTE A FARMACIA PAGUE MENOS E BIG BEN SENT. CAMARAGIBE,AV CAXANGA,3275,EM FRENTE A FARMACIA PAGUE MENOS E BIG BEN SENT. CAMARAGIBE,MADALENA,,,COLISÃO,ONIBUS E AUTO,1,,,,,1,,,,0,,,,,,,,,,,,,,
2018-04-10,12:41:00,SEM VÍTIMA,CANCELADA,TORRE,RUA JOAO DE DEUS,138,RUA PIO NONO,CRUZAMENTO COM A RUA PIO NONO,RUA JOAO DE DEUS,138,CRUZAMENTO COM A RUA PIO NONO,TORRE,,,COLISÃO,DOIS AUTOS S/V,2,,,,,,,,,0,,,,,,,,,,,,,,
2018-04-10,13:07:00,SEM VÍTIMA,CANCELADA,BOA VISTA,RUA GENERAL JOSE SEMEAO,184,,PROX AO BLOCO G4 DA UNIVERSIDADE CATÓLICA,RUA GENERAL JOSE SEMEAO,184,PROX AO BLOCO G4 DA UNIVERSIDADE CATÓLICA,BOA VISTA,,,COLISÃO,COLISAO ENTRE DOIS AUTOS S/V,2,,,,,,,,,0,,,,,,,,,,,,,,
2018-04-10,13:09:00,SEM VÍTIMA,CANCELADA,ENGENHO DO MEIO,AV VISCONDE DE SAO LEOPOLDO,689,,PROX. A UFPE,AV VISCONDE DE SAO LEOPOLDO,689,PROX. A UFPE,ENGENHO DO MEIO,,,COLISÃO,AUTO E MOTO,1,1,,,,,,,,0,,,,,,,,,,,,,,
2018-04-10,13:42:00,SEM VÍTIMA,FINALIZADA,SANTO AMARO,RUA FRANCISCO JACINTO,124,RUA TUPINIQUINS,COM A TUPINIQUINS  PROX. AO RESTAURANTE ESQUINA GRILL,RUA FRANCISCO JACINTO,124,COM A TUPINIQUINS  PROX. AO RESTAURANTE ESQUINA GRILL,SANTO AMARO,,,COLISÃO,MOTO E AUTO,1,1,,,,,,,,0,,,,,,,,,,,,,,
2018-04-10,14:22:00,COM VÍTIMA,FINALIZADA,AREIAS,AV RECIFE,,,EM FRENTE A GALETUS  SENTIDO IMBIRIBEIRA,AV RECIFE,,EM FRENTE A GALETUS  SENTIDO IMBIRIBEIRA,AREIAS,,,COLISÃO,AUTO E MOTO DO EB,1,1,,,,,,,,1,,,,,,,,,,,,,,
2018-04-10,14:27:00,SEM VÍTIMA,FINALIZADA,DERBY,AV GOVERNADOR AGAMENON MAGALHAES,,,SENTIDO BOA VIAGEM  EM FRENTE A PRAÇA DO DERBY,AV GOVERNADOR AGAMENON MAGALHAES,,SENTIDO BOA VIAGEM  EM FRENTE A PRAÇA DO DERBY,DERBY,,,COLISÃO,DOIS AUTOS S/V,2,,,,,,,,,0,,,,,,,,,,,,,,
2018-04-10,15:07:00,SEM VÍTIMA,CANCELADA,AREIAS,AV RECIFE,,,ENTRE O HOSPITAL PAN DE AREIAS E O RESTAURANTE GALETOS S/T CEASA,AV RECIFE,,ENTRE O HOSPITAL PAN DE AREIAS E O RESTAURANTE GALETOS S/T CEASA,AREIAS,,,COLISÃO,COLISAO ENTRE DOIS AUTOS S/V,2,,,,,,,,,0,,,,,,,,,,,,,,
2018-04-10,15:21:00,SEM VÍTIMA,FINALIZADA,IMBIRIBEIRA,RUA ITACARI,57,,AO LADO DO BANCO ITAU,RUA ITACARI,57,AO LADO DO BANCO ITAU,IMBIRIBEIRA,,,COLISÃO,CAMINHÃO E AUTO,1,,,,,,1,,,0,,,,,,,,,,,,,,
2018-04-10,15:37:00,SEM VÍTIMA,CANCELADA,SANTO AMARO,AV VISCONDE DE SUASSUNA,594,,PROX AO SENAC,AV VISCONDE DE SUASSUNA,594,PROX AO SENAC,SANTO AMARO,,,COLISÃO,COLISAO ENTRE DOIS AUTOS S/V,2,,,,,,,,,0,,,,,,,,,,,,,,
2018-04-10,15:58:00,SEM VÍTIMA,FINALIZADA,VÁRZEA,RUA DONA MARIA LACERDA,,,PROX. AO 12° BATALHAO,RUA DONA MARIA LACERDA,,PROX. AO 12° BATALHAO,VÁRZEA,,,COLISÃO,COLISAO ENTRE DOIS AUTOS S/V,1,,,,,,1,,,0,,,,,,,,,,,,,,
2018-04-10,16:00:00,SEM VÍTIMA,FINALIZADA,IPSEP,RUA JEAN EMILE FAVRE,885,,APOS O SUPERMERCADO ARCO IRÍS E/F A AUTO PEÇAS MARINGÁ,RUA JEAN EMILE FAVRE,885,APOS O SUPERMERCADO ARCO IRÍS E/F A AUTO PEÇAS MARINGÁ,IPSEP,,,COLISÃO,COLISAO ENTRE VAN E AUTO S/V,2,,,,,,,,,0,,,,,,,,,,,,,,
2018-04-10,16:22:00,SEM VÍTIMA,FINALIZADA,IPUTINGA,RUA CELESTINO NEVES,209,,POR TRAS DO RESTAURANTE GOTA SERENA,RUA CELESTINO NEVES,209,POR TRAS DO RESTAURANTE GOTA SERENA,IPUTINGA,,,COLISÃO,DOIS AUTOS S/V,2,,,,,,,,,0,,,,,,,,,,,,,,