data,hora,natureza_acidente,situacao,bairro,endereco,numero,detalhe_endereco_acidente,complemento,endereco_cruzamento,numero_cruzamento,referencia_cruzamento,bairro_cruzamento,num_semaforo,sentido_via,tipo,descricao,auto,moto,ciclom,ciclista,pedestre,onibus,caminhao,viatura,outros,vitimas,vitimasfatais,acidente_verificado,tempo_clima,situacao_semaforo,sinalizacao,condicao_via,conservacao_via,ponto_controle,situacao_placa,velocidade_max_via,mao_direcao,divisao_via1,divisao_via2,divisao_via3
2018-04-10,16:26:00,SEM VÍTIMA,FINALIZADA,ILHA DO LEITE,AV GOVERNADOR AGAMENON MAGALHAES,,,AO LADO DA CAIXA ECONOMICA,AV GOVERNADOR AGAMENON MAGALHAES,,AO LADO DA CAIXA ECONOMICA,ILHA DO LEITE,,,COLISÃO,COLISAO ENTRE DOIS AUTOS,2,,,,,,,,,0,,,,,,,,,,,,,,
2018-04-10,17:29:00,SEM VÍTIMA,FINALIZADA,ESPINHEIRO,RUA QUARENTA E OITO,52,AV NORTE,ESQUINA COM AV NORTE APOS O EXTRABOM,RUA QUARENTA E OITO,52,ESQUINA COM AV NORTE APOS O EXTRABOM,ESPINHEIRO,,,COLISÃO,COLISAO ENTRE DOIS AUTOS S/V,2,,,,,,,,,0,,,,,,,,,,,,,,
2018-04-10,17:59:00,COM VÍTIMA,FINALIZADA,CORDEIRO,RUA MAURICIO DE NASSAU,,,E/F AO PARQUE CAIARA  SNT IPUTINGA / PRÓX A LOMBADA ELETRÔNICA,RUA MAURICIO DE NASSAU,,E/F AO PARQUE CAIARA  SNT IPUTINGA / PRÓX A LOMBADA ELETRÔNICA,CORDEIRO,,,COLISÃO,ENTRE AUTO E MOTO. C/V,1,1,,,,,,,,2,,,,,,,,,,,,,,
2018-04-10,18:06:00,SEM VÍTIMA,FINALIZADA,CAXANGÁ,AV CAXANGA,,,POR BAIXO DO VIADUTO CAXANGÁ E E/F AO BANCO DO BRASIL,AV CAXANGA,,POR BAIXO DO VIADUTO CAXANGÁ E E/F AO BANCO DO BRASIL,CAXANGÁ,,,COLISÃO,ENTRE AUTO E MOTO. S/V,1,1,,,,,,,,0,,,,,,,,,,,,,,
2018-04-10,18:36:00,SEM VÍTIMA,FINALIZADA,DOIS UNIDOS,AV HILDEBRANDO DE VASCONCELOS,,,E/F A FÁBRICA DA MINERVA / SNT AO TERMINAL DE DOIS UNIDOS,AV HILDEBRANDO DE VASCONCELOS,,E/F A FÁBRICA DA MINERVA / SNT AO TERMINAL DE DOIS UNIDOS,DOIS UNIDOS,,,COLISÃO,ENTRE CAMINHÃO E ÕNIBUS. S/V,,,,,,1,1,,,0,,,,,,,,,,,,,,
2018-04-10,18:37:00,SEM VÍTIMA,FINALIZADA,BOA VIAGEM,RUA DEZ DE JULHO,,AV VINTE E TRES DE OUTUBRO,CRUZAMENTO COM A AVENIDA VINTE E TRÊS DE OUTUBRO,RUA DEZ DE JULHO,,CRUZAMENTO COM A AVENIDA VINTE E TRÊS DE OUTUBRO,BOA VIAGEM,,,COLISÃO,COLISÃO ENTRE DOIS AUTOS,2,,,,,,,,,0,,,,,,,,,,,,,,
2018-04-10,18:49:00,COM VÍTIMA,FINALIZADA,VASCO DA GAMA,RUA VASCO DA GAMA,S/N,,E/F AO SESI DO VASCO / PRÓX A DELIVERY,RUA VASCO DA GAMA,S/N,E/F AO SESI DO VASCO / PRÓX A DELIVERY,VASCO DA GAMA,,,COLISÃO,ENTRE AUTO E MOTO. C/V,1,,1,,,,,,,1,,,,,,,,,,,,,,
2018-04-10,19:24:00,SEM VÍTIMA,FINALIZADA,AREIAS,AV RECIFE,,,E/F AO HOTEL ESTORIL E POSTO TOTAL,AV RECIFE,,E/F AO HOTEL ESTORIL E POSTO TOTAL,AREIAS,,,COLISÃO,ENTRE 2 AUTOS. S/V,2,,,,,,,,,0,,,,,,,,,,,,,,
2018-04-10,19:56:00,SEM VÍTIMA,FINALIZADA,GRAÇAS,RUA DO ESPINHEIRO,360,,E/F AO RESTAURANTE TABERNA PORTUGUESA / PRÓX A ESPAÇO CASA,RUA DO ESPINHEIRO,360,E/F AO RESTAURANTE TABERNA PORTUGUESA / PRÓX A ESPAÇO CASA,GRAÇAS,,,COLISÃO,ENTRE CAMINHÃO E AUTO. S/V,1,,,,,,1,,,0,,,,,,,,,,,,,,
2018-04-10,20:05:00,COM VÍTIMA,FINALIZADA,SANTO AMARO,RUA DO POMBAL,,,EM FRENTE A ESCOLA ANIBAL FERNANDES  PROX DO IML,RUA DO POMBAL,,EM FRENTE A ESCOLA ANIBAL FERNANDES  PROX DO IML,SANTO AMARO,,,COLISÃO,COLISÃO ENTRE DUAS MOTOS C/V,,2,,,,,,,,1,,,,,,,,,,,,,,
2018-04-10,20:10:00,COM VÍTIMA,FINALIZADA,BOA VIAGEM,AVENIDA CELSO FURTADO (VIA MANGUE),,,POR CIMA DO VIADUTO  SNT AEROPORTO / POR TRÁS DO SUPERMERCADO BOMPREÇO,AVENIDA CELSO FURTADO (VIA MANGUE),,POR CIMA DO VIADUTO  SNT AEROPORTO / POR TRÁS DO SUPERMERCADO BOMPREÇO,BOA VIAGEM,,,COLISÃO,ENTRE AUTO E MOTO. C/V,1,1,,,,,,,,1,,,,,,,,,,,,,,
2018-04-10,21:13:00,SEM VÍTIMA,FINALIZADA,BREJO DA GUABIRABA,AV VEREADOR OTACILIO AZEVEDO,4632,,APOS A FABRICA DA KINITOS  PROX DO SALÃO DAS TESTEMUNHAS DE JEOVÁ SENTIDO BR 101,AV VEREADOR OTACILIO AZEVEDO,4632,APOS A FABRICA DA KINITOS  PROX DO SALÃO DAS TESTEMUNHAS DE JEOVÁ SENTIDO BR 101,BREJO DA GUABIRABA,,,COLISÃO,COLISÃO ENTRE ÔNIBUS E MOTO S/V,,1,,,,1,,,,0,,,,,,,,,,,,,,
2018-04-11,00:21:00,SEM VÍTIMA,FINALIZADA,AREIAS,AV RECIFE,,AV TAPAJÓS,SEMÁFORO 620 // CRUZAMENTO AV TAPAJÓS  SENTIDO SENTIDO CIDADE UNIVERSITÁRIA,AV RECIFE,,SEMÁFORO 620 // CRUZAMENTO AV TAPAJÓS  SENTIDO SENTIDO CIDADE UNIVERSITÁRIA,AREIAS,,,ATROPELAMENTO ANIMAL,VEÍCULO ATROPELOU UM CAVALO,1,,,,,,,,1,0,,,,,,,,,,,,,,
2018-04-11,05:23:00,COM VÍTIMA,FINALIZADA,ILHA DO LEITE,RUA PAISSANDU,,,AO LADO DA HAPIVIDA CAPIBARIBE/ HOSPITAL SÃO MARCOS,RUA PAISSANDU,,AO LADO DA HAPIVIDA CAPIBARIBE/ HOSPITAL SÃO MARCOS,ILHA DO LEITE,,,CHOQUE,VEÍCULO CHOCOU-SE CONTRA GELO-BAIANO,1,,,,,,,,,3,,,,,,,,,,,,,,
2018-04-11,06:30:00,SEM VÍTIMA,FINALIZADA,IMBIRIBEIRA,AV MARECHAL MASCARENHAS DE MORAES,,,EM FRENTE DO ARMAZEM CORAL,AV MARECHAL MASCARENHAS DE MORAES,,EM FRENTE DO ARMAZEM CORAL,IMBIRIBEIRA,,,CHOQUE,CHOQUE EM POSTE,,,,,,,,1,,0,,,,,,,,,,,,,,
2018-04-11,07:18:00,SEM VÍTIMA,FINALIZADA,CORDEIRO,AV PROFESSOR ESTEVAO FRANCISCO DA COSTA,199,,EM FRENTE AO POSTO PETROCAL SEMAFORO 589,AV PROFESSOR ESTEVAO FRANCISCO DA COSTA,199,EM FRENTE AO POSTO PETROCAL SEMAFORO 589,CORDEIRO,,,COLISÃO,SEM VITIMAS,1,1,,,,,,,,0,,,,,,,,,,,,,,
2018-04-11,07:55:00,SEM VÍTIMA,FINALIZADA,BOA VIAGEM,RUA PADRE BERNADINO PESSOA,690,,EDF/ JOANA DARC,RUA PADRE BERNADINO PESSOA,690,EDF/ JOANA DARC,BOA VIAGEM,,,COLISÃO,COL.S/V,3,,,,,,,,,0,,,,,,,,,,,,,,
2018-04-11,08:14:00,COM VÍTIMA,CANCELADA,SAN MARTIN,AV GENERAL SAN MARTIN,348,,EM FRENTE AO SALAO SIRLANE CABELEIREIRA / SENT SUB,AV GENERAL SAN MARTIN,348,EM FRENTE AO SALAO SIRLANE CABELEIREIRA / SENT SUB,SAN MARTIN,,,COLISÃO,DOIS AUTO PASSEIO E UMA MOTO,2,1,,,,,,,,1,,,,,,,,,,,,,,
2018-04-11,08:20:00,SEM VÍTIMA,FINALIZADA,CAXANGÁ,RUA EMILIANO BRAGA,96,,EM FRENTE DA GALERIA COSTA MED,RUA EMILIANO BRAGA,96,EM FRENTE DA GALERIA COSTA MED,CAXANGÁ,,,COLISÃO,COL.C/V SET.SUB,2,,,,,,,,,0,,,,,,,,,,,,,,
2018-04-11,09:29:00,SEM VÍTIMA,FINALIZADA,SÃO JOSÉ,AV SATURNINO DE BRITO,,,EMBAIXO DO VIADUTO CAPITÃO TEMUDO,AV SATURNINO DE BRITO,,EMBAIXO DO VIADUTO CAPITÃO TEMUDO,SÃO JOSÉ,,,COLISÃO,VIATURA COLIDIU COM PLACAS DE CIMENTOS QUE ESTAVA ENCOBERTA POR AGUA DA CHUVA VT 18 DA CTTU NO LOCAL,,,,,,,,1,,0,,,,,,,,,,,,,,
2018-04-11,09:32:00,SEM VÍTIMA,FINALIZADA,CASA FORTE,RUA JADER DE ANDRADE,215,,NA RUA DO COLEGIO MOTIVO,RUA JADER DE ANDRADE,215,NA RUA DO COLEGIO MOTIVO,CASA FORTE,,,COLISÃO,COL.S/V.SET.17 DE AGOSTO,2,,,,,,,,,0,,,,,,,,,,,,,,
2018-04-11,09:39:00,SEM VÍTIMA,FINALIZADA,AFLITOS,RUA SAMUEL CAMPELO,315,,EM FRENTE AO EDF/JOAO S. BEZERRA,RUA SAMUEL CAMPELO,315,EM FRENTE AO EDF/JOAO S. BEZERRA,AFLITOS,,,COLISÃO,COL.S/V,2,,,,,,,,,0,,,,,,,,,,,,,,
2018-04-11,09:47:00,SEM VÍTIMA,FINALIZADA,IMBIRIBEIRA,AV SUL,,,POR TRAZ DA UPA DA IBIRIBEIRA E JUNTO A ESTAÇÃO DE METRO,AV SUL,,POR TRAZ DA UPA DA IBIRIBEIRA  E JUNTO A ESTAÇÃO DE METRO,IMBIRIBEIRA,,,COLISÃO,COLISÃO SEM VÍTIMAS,1,,,,,,1,,,0,,,,,,,,,,,,,,
2018-04-11,10:24:00,SEM VÍTIMA,FINALIZADA,IMBIRIBEIRA,AV MARECHAL MASCARENHAS DE MORAES,,,EM FRENTE DA JUSTIÇA DO TRABALHO,AV MARECHAL MASCARENHAS DE MORAES,,EM FRENTE DA JUSTIÇA DO TRABALHO,IMBIRIBEIRA,,,COLISÃO,COL.S/V.SET.CD,1,,,,,,1,,,0,,,,,,,,,,,,,,
2018-04-11,10:45:00,COM VÍTIMA,FINALIZADA,IMBIRIBEIRA,AV PRESIDENTE DUTRA,451,,NA FRENTE DO SAL E BRASA,AV PRESIDENTE DUTRA,451,NA FRENTE DO SAL E BRASA,IMBIRIBEIRA,,,COLISÃO,COLISÃO COM VITIMA/ A VITIMA UM TAXISTA  O MESMO JA FOI SOCORRIDO O CONDUTOR DO ONIBUS SE EVADIU DO LOCAL.,1,,,,,1,,,,1,,,,,,,,,,,,,,
2018-04-11,11:34:00,SEM VÍTIMA,FINALIZADA,ENCRUZILHADA,AV JOAO DE BARROS,1750,,NA FRENTE DO ETEPAM,AV JOAO DE BARROS,1750,NA FRENTE DO ETEPAM,ENCRUZILHADA,,,COLISÃO,COLISÃO SEM VITIMAS,1,,,,,1,,,,0,,,,,,,,,,,,,,
2018-04-11,12:22:00,SEM VÍTIMA,FINALIZADA,IMBIRIBEIRA,AV MARECHAL MASCARENHAS DE MORAES,,,EM FRENTE AO POSTO IPIRANGA/ SENTIDO CAXANGA,AV MARECHAL MASCARENHAS DE MORAES,,EM FRENTE AO POSTO IPIRANGA/ SENTIDO CAXANGA,IMBIRIBEIRA,,,COLISÃO,COLISÃO SEM VÍTIMA,2,,,,,,,,,0,,,,,,,,,,,,,,
2018-04-11,12:37:00,SEM VÍTIMA,FINALIZADA,IPSEP,RUA PINTOR ANTONIO ALBUQUERQUE,,RUA PROF JOSE VICENTE,CRUZAMENTO COM RUA PROFESSOR JOSE VICENTE,RUA PINTOR ANTONIO ALBUQUERQUE,,CRUZAMENTO COM RUA PROFESSOR JOSE VICENTE,IPSEP,,,COLISÃO,DOIS AUTOS S/V,2,,,,,,,,,0,,,,,,,,,,,,,,
2018-04-11,12:57:00,SEM VÍTIMA,FINALIZADA,SÃO JOSÉ,C SANTA RITA,,,PROX A GRANDE RECIFE EM FRENTE AO BATALHÃO DECIMO SEXTO SEMAFORO 582,C SANTA RITA,,PROX A GRANDE RECIFE EM FRENTE AO BATALHÃO DECIMO SEXTO SEMAFORO 582,SÃO JOSÉ,,,COLISÃO,COLISÃO SEM VITIMAS,2,,,,,,,,,0,,,,,,,,,,,,,,
2018-04-11,13:15:00,SEM VÍTIMA,FINALIZADA,IPSEP,AV RECIFE,1600,,EM FRENTE A AUTO SPORT VEÍCULO/ NO SEMÁFORO 212/ SENTIDO SUBURBIO,AV RECIFE,1600,EM FRENTE A AUTO SPORT VEÍCULO/ NO SEMÁFORO 212/ SENTIDO SUBURBIO,IPSEP,,,COLISÃO,COLISÃO SEM VÍTIMA,2,,,,,,,,,0,,,,,,,,,,,,,,
2018-04-11,13:23:00,SEM VÍTIMA,FINALIZADA,ILHA DO LEITE,RUA JOSE DE ALENCAR,,,EM FRENTE A UNIMEND 3,RUA JOSE DE ALENCAR,,EM FRENTE A UNIMEND 3,ILHA DO LEITE,,,COLISÃO,DOIS AUTOS S/V,2,,,,,,,,,0,,,,,,,,,,,,,,
2018-04-11,13:55:00,SEM VÍTIMA,FINALIZADA,CABANGA,PRC ABELARDO RIJO,,,EM FRENTE AO CABANGA,PRC ABELARDO RIJO,,EM FRENTE AO CABANGA,CABANGA,,,ENGAVETAMENTO,COLISAO ENVOLVENDO TRES VEICULOS SEM VITIMA,3,,,,,,,,,0,,,,,,,,,,,,,,
2018-04-11,14:22:00,SEM VÍTIMA,FINALIZADA,SANTO AMARO,AV GOVERNADOR AGAMENON MAGALHAES,,,NO SEMAORO 379 S/T CID,AV GOVERNADOR AGAMENON MAGALHAES,,NO SEMAORO 379 S/T CID,SANTO AMARO,,,COLISÃO,COLISAO DE ENTRE AUTO E MOTO S/B,1,1,,,,,,,,0,,,,,,,,,,,,,,
2018-04-11,14:31:00,SEM VÍTIMA,FINALIZADA,ENCRUZILHADA,RUA CEARA,322,RUA JULIAO NETO,CRUZ COM A RUA JULIÃO NETO EM FRENTE AO EDIFICIO CHAPEAL,RUA CEARA,322,CRUZ COM A RUA JULIÃO NETO EM FRENTE AO EDIFICIO CHAPEAL,ENCRUZILHADA,,,COLISÃO,COLISÃO SEM VITIMAS,2,,,,,,,,,0,,,,,,,,,,,,,,
2018-04-11,15:03:00,SEM VÍTIMA,FINALIZADA,SAN MARTIN,RUA COMENDADOR FRANCO FERREIRA,588,,EM FRENTE AO MERCADO EXTRACOMPRA/ NO GIRADOURO,RUA COMENDADOR FRANCO FERREIRA,588,EM FRENTE AO MERCADO EXTRACOMPRA/ NO GIRADOURO,SAN MARTIN,,,COLISÃO,COLISÃO SEM VÍTIMA,2,,,,,,,,,0,,,,,,,,,,,,,,
2018-04-11,15:15:00,SEM VÍTIMA,FINALIZADA,CIDADE UNIVERSITÁRIA,AV PROFESSOR ARTUR DE SA,1180,,APOS O CEMITÉRIO DA VARZEA,AV PROFESSOR ARTUR DE SA,1180,APOS O CEMITÉRIO DA VARZEA,CIDADE UNIVERSITÁRIA,,,COLISÃO,COLISAO ENTRE DOIS AUTOS S/V,2,,,,,,,,,0,,,,,,,,,,,,,,
2018-04-11,15:18:00,COM VÍTIMA,FINALIZADA,DERBY,AV GOVERNADOR AGAMENON MAGALHAES,,,EM FRENTE A RESTAURAÇÃO/ PISTA LOCAL/ SENTIDO BOA VIAGEM,AV GOVERNADOR AGAMENON MAGALHAES,,EM FRENTE A RESTAURAÇÃO/ PISTA LOCAL/ SENTIDO BOA VIAGEM,DERBY,,,COLISÃO,COLISÃO COM VÍTIMA,1,1,,,,,,,,1,,,,,,,,,,,,,,
2018-04-11,15:23:00,COM VÍTIMA,FINALIZADA,CASA AMARELA,RUA PADRE LEMOS,,,SEMAFORO 404,RUA PADRE LEMOS,,SEMAFORO 404,CASA AMARELA,,,ATROPELAMENTO,MOTO E PEDESTRE,,1,,,1,,,,,1,,,,,,,,,,,,,,
2018-04-11,15:24:00,SEM VÍTIMA,FINALIZADA,SÃO JOSÉ,RUA FLORIANO PEIXOTO,,,APOS A ESTAÇÃO DO METRO E/F AO GP PARK,RUA FLORIANO PEIXOTO,,APOS A ESTAÇÃO DO METRO E/F AO GP PARK,SÃO JOSÉ,,,COLISÃO,COLISAO DE DOIS AUTOS S/V,2,,,,,,,,,0,,,,,,,,,,,,,,
2018-04-11,15:59:00,SEM VÍTIMA,FINALIZADA,BOA VIAGEM,RUA SANSAO RIBEIRO,99,,POR TRAS DO COLEGIO SANTO DUMONT,RUA SANSAO RIBEIRO,99,POR TRAS DO COLEGIO SANTO DUMONT,BOA VIAGEM,,,COLISÃO,COLISAO ENTRE CAMINHAO E AUTO S/V,1,,,,,,1,,,0,,,,,,,,,,,,,,
2018-04-11,18:20:00,COM VÍTIMA,FINALIZADA,ENCRUZILHADA,AV NORTE,2577,,EM FRENTE A JACAUNA DECORAÇÕES  SENT. SUBURBIO,AV NORTE,2577,EM FRENTE A JACAUNA DECORAÇÕES  SENT. SUBURBIO,ENCRUZILHADA,,,COLISÃO,AUTO E MOTO,1,1,,,,,,,,1,,,,,,,,,,,,,,
2018-04-11,18:31:00,SEM VÍTIMA,FINALIZADA,TORRE,RUA REAL DA TORRE,,,DE ESQUINA COM O ATACADO DOS PRESENTES E POSTO SHELL,RUA REAL DA TORRE,,DE ESQUINA COM O ATACADO DOS PRESENTES E POSTO SHELL,TORRE,,,COLISÃO,ENTRE 2 AUTOS. S/V,2,,,,,,,,,0,,,,,,,,,,,,,,
2018-04-11,19:06:00,SEM VÍTIMA,FINALIZADA,ARRUDA,RUA ZEFERINO AGRA,828,RUA DAS MOCAS,COM RUA DAS MOÇAS  EM FRENTE AO RESTAURANTE CACULÉ,RUA ZEFERINO AGRA,828,COM RUA DAS MOÇAS  EM FRENTE AO RESTAURANTE CACULÉ,ARRUDA,,,COLISÃO,AUTO E ONIBUS. S/V,1,,,,,1,,,,0,,,,,,,,,,,,,,
2018-04-11,19:22:00,SEM VÍTIMA,FINALIZADA,AFOGADOS,RUA COSME VIANA,,RUA VINTE E UM DE ABRIL,SEMAFORO 334 / CRUZANDO A R 21 DE ABRIL,RUA COSME VIANA,,SEMAFORO 334 / CRUZANDO A R 21 DE ABRIL,AFOGADOS,,,COLISÃO,ENTRE AUTO E CAMINHÃO. S/V,1,,,,,,1,,,0,,,,,,,,,,,,,,
2018-04-11,19:29:00,SEM VÍTIMA,FINALIZADA,BOA VIAGEM,AV BOA VIAGEM,3610,,ANTES DA PADARIA BOA VIAGEM,AV BOA VIAGEM,3610,ANTES DA PADARIA BOA VIAGEM,BOA VIAGEM,,,COLISÃO,DOIS AUTOS S/V,2,,,,,,,,,0,,,,,,,,,,,,,,
2018-04-11,21:15:00,SEM VÍTIMA,FINALIZADA,BOA VISTA,RUA DAS NINFAS,,RUA DO PROGRESSO,CRUZAMENTO COM A R DO PROGRESSO / PRÓX AO ALTINO VENTURA,RUA DAS NINFAS,,CRUZAMENTO COM A R DO PROGRESSO / PRÓX AO ALTINO VENTURA,BOA VISTA,,,COLISÃO,ENTRE 2 AUTOS. S/V,2,,,,,,,,,0,,,,,,,,,,,,,,
2018-04-11,22:40:00,COM VÍTIMA,FINALIZADA,BEBERIBE,AV BEBERIBE,3620,,E/F AO SEST SENAC  SNT OLINDA,AV BEBERIBE,3620,E/F AO SEST SENAC  SNT OLINDA,BEBERIBE,,,COLISÃO,ENTRE AUTO E MOTO. C/V,1,1,,,,,,,,1,,,,,,,,,,,,,,
2018-04-12,06:42:00,SEM VÍTIMA,CANCELADA,APIPUCOS,RUA DE APIPUCOS,,,EM FRENTE AO POSTO BR DA ENTRADA DO ALTO DO MANDU SEMAFORO 500,RUA DE APIPUCOS,,EM FRENTE AO POSTO BR DA ENTRADA DO ALTO DO MANDU SEMAFORO 500,APIPUCOS,,,COLISÃO,SEM VITIMAS,1,1,,,,,,,,0,,,,,,,,,,,,,,
2018-04-12,06:53:00,SEM VÍTIMA,FINALIZADA,BOA VISTA,AV GOVERNADOR AGAMENON MAGALHAES,,RUA DOM BOSCO,ESQUINA COM RUA DOM BOSCO,AV GOVERNADOR AGAMENON MAGALHAES,,ESQUINA COM RUA DOM BOSCO,BOA VISTA,,,COLISÃO,COLISÃO ENTRE DOIS AUTOS SEM VÍTIMA. VT PMPE E AUTO,,,,,,,,,,0,,,,,,,,,,,,,,
2018-04-12,07:33:00,,CANCELADA,DERBY,AV GOVERNADOR AGAMENON MAGALHAES,,,JOAQUIM NABUCO,AV GOVERNADOR AGAMENON MAGALHAES,,JOAQUIM NABUCO,DERBY,,,COLISÃO,COLISÃO SEM VITIMA,2,,,,,,,,,0,,,,,,,,,,,,,,
2018-04-12,07:36:00,COM VÍTIMA,CANCELADA,TORRE,RUA VIRGINIA LORETO,,,EM FRENTE AO SHOPPING PARNAMIRIM NO SENTIDO CARREFOUR,RUA VIRGINIA LORETO,,EM FRENTE AO SHOPPING PARNAMIRIM NO SENTIDO CARREFOUR,TORRE,,,COLISÃO,COM UMA VITIMA AGUARDANDO SAMU,1,1,,,,,,,,1,,,,,,,,,,,,,,
2018-04-12,07:42:00,COM VÍTIMA,FINALIZADA,PINA,AV CONSELHEIRO AGUIAR,,,RUA SOUTO FILHO,AV CONSELHEIRO AGUIAR,,RUA SOUTO FILHO,PINA,,,ATROPELAMENTO,ATROPELAMENTO DE ESTUDANTE,1,,,,1,,,,,1,,,,,,,,,,,,,,
2018-04-12,07:43:00,SEM VÍTIMA,CANCELADA,APIPUCOS,RUA DE APIPUCOS,,,SEMAFORO 500 EM FRENTE AO POSTO DE GASOLINA BR,RUA DE APIPUCOS,,SEMAFORO 500 EM FRENTE AO POSTO DE GASOLINA BR,APIPUCOS,,,COLISÃO,COLISÃO SEM VITIMAS,1,,,,,1,,,,0,,,,,,,,,,,,,,
2018-04-12,08:11:00,COM VÍTIMA,FINALIZADA,ENCRUZILHADA,RUA PROFESSOR JERONIMO GUEIROS,211,,RESIDENCIA PROX AO ARMAZEM FERREIRA PINTO SENTIDO ESTRADA DE BELEM,RUA PROFESSOR JERONIMO GUEIROS,211,RESIDENCIA PROX AO ARMAZEM FERREIRA PINTO SENTIDO ESTRADA DE BELEM,ENCRUZILHADA,,,COLISÃO,COLISÃO COM 1 VITIMA,1,1,,,,,,,,1,,,,,,,,,,,,,,
2018-04-12,08:18:00,SEM VÍTIMA,FINALIZADA,CAMPO GRANDE,RUA ODORICO MENDES,169,RUA VISCONDE DE CAIRU,CRUZAMENTO COM A RUA VISCONDE DE CAIRÚ,RUA ODORICO MENDES,169,CRUZAMENTO COM A RUA VISCONDE DE CAIRÚ,CAMPO GRANDE,,,COLISÃO,SEM VITIMA,2,,,,,,,,,0,,,,,,,,,,,,,,
2018-04-12,08:52:00,SEM VÍTIMA,FINALIZADA,IMBIRIBEIRA,AV MARECHAL MASCARENHAS DE MORAES,,,EM BAIXO DO VIADUTO TANCREDO NEVES,AV MARECHAL MASCARENHAS DE MORAES,,EM BAIXO DO VIADUTO TANCREDO NEVES,IMBIRIBEIRA,,,COLISÃO,COL.S/V.SET.CD,1,,,,,1,,,,0,,,,,,,,,,,,,,
2018-04-12,08:58:00,COM VÍTIMA,FINALIZADA,IMBIRIBEIRA,RUA CONEGO LIRA,1288,,EM FRENTE DA BATERIAS MOURAS,RUA CONEGO LIRA,1288,EM FRENTE DA BATERIAS MOURAS,IMBIRIBEIRA,,,COLISÃO,COL.C/V SET..AEROPORTO,1,1,,,,,,,,1,,,,,,,,,,,,,,
2018-04-12,09:15:00,SEM VÍTIMA,FINALIZADA,PINA,AV ANTONIO DE GOES,449,,EM FRENTE AO PREDIO DA RECEITA FEDERAL,AV ANTONIO DE GOES,449,EM FRENTE AO PREDIO DA RECEITA FEDERAL,PINA,,,COLISÃO,COLISÃO SEM VITIMAS,,,,,,,,,,0,,,,,,,,,,,,,,
2018-04-12,09:16:00,SEM VÍTIMA,FINALIZADA,BOA VIAGEM,RUA VISCONDE DE JEQUITINHONHA,518,,EDF CONDE NASSAU / OUTRO LADO DA VIA / VIA LOCAL,RUA VISCONDE DE JEQUITINHONHA,518,EDF CONDE NASSAU / OUTRO LADO DA VIA / VIA LOCAL,BOA VIAGEM,,,COLISÃO,SEM VITIMAS,1,,,,,,1,,,0,,,,,,,,,,,,,,
2018-04-12,09:37:00,SEM VÍTIMA,FINALIZADA,PINA,RUA MANOEL DE BRITO,,,NA SAIDA DO SHOPPING RIO MAR EM FRENTE O CALDINHO DO NENE,RUA MANOEL DE BRITO,,NA SAIDA DO SHOPPING RIO MAR EM FRENTE O CALDINHO DO NENE,PINA,,,COLISÃO,COLISÃO SEM VITIMAS,1,,,,,1,,,,0,,,,,,,,,,,,,,
2018-04-12,09:52:00,SEM VÍTIMA,FINALIZADA,TOTÓ,AV LIBERDADE,1531,,EM FRENTE DA PADARIA IMPORIO DOS PAES,AV LIBERDADE,1531,EM FRENTE DA PADARIA IMPORIO DOS PAES,TOTÓ,,,COLISÃO,COL.S/V.SET.SUB,1,1,,,,,,,,0,,,,,,,,,,,,,,
2018-04-12,09:53:00,SEM VÍTIMA,FINALIZADA,SÃO JOSÉ,RUA PADRE JOSE DE SA LEITAO,41,RUA IMPERIAL,CRUZAMENTO COM A RUA IMPERIAL  SEMAFORO 510,RUA PADRE JOSE DE SA LEITAO,41,CRUZAMENTO COM A RUA IMPERIAL  SEMAFORO 510,SÃO JOSÉ,,,COLISÃO,SEM VITIMAS,,1,,,,1,,,,0,,,,,,,,,,,,,,
2018-04-12,09:59:00,SEM VÍTIMA,FINALIZADA,CAMPO GRANDE,EST DE BELEM,,RUA CORREIA DE BRITO,COM A RUA CORREIA DE BRITO,EST DE BELEM,,COM A RUA CORREIA DE BRITO,CAMPO GRANDE,,,COLISÃO,COL.S/V,2,,,,,,,,,0,,,,,,,,,,,,,,
2018-04-12,10:27:00,SEM VÍTIMA,FINALIZADA,CORDEIRO,RUA DR JOAO LACERDA,7,,EM FRENTE AO DHPP,RUA DR JOAO LACERDA,7,EM FRENTE AO DHPP,CORDEIRO,,,COLISÃO,SEM VITIMAS,2,,,,,,,,,0,,,,,,,,,,,,,,
2018-04-12,10:37:00,SEM VÍTIMA,CANCELADA,IMBIRIBEIRA,AV MARECHAL MASCARENHAS DE MORAES,1511,,EM FRENTE A VENEZA DIESEL SENT/AFOGADOS,AV MARECHAL MASCARENHAS DE MORAES,1511,EM FRENTE A VENEZA DIESEL SENT/AFOGADOS,IMBIRIBEIRA,,,COLISÃO,SEM VITIMAS,1,1,,,,,,,,0,,,,,,,,,,,,,,
2018-04-12,12:08:00,SEM VÍTIMA,FINALIZADA,IMBIRIBEIRA,RUA JOSE DA SILVA LUCENA,,RUA SARGENTO SILVINO DE MACEDO,CRUZAMENTO COM RUA SARGENTO SILVINO DE MACEDO,RUA JOSE DA SILVA LUCENA,,CRUZAMENTO COM RUA SARGENTO SILVINO DE MACEDO,IMBIRIBEIRA,,,COLISÃO,COLISÃO SEM VÍTIMA,1,1,,,,,,,,0,,,,,,,,,,,,,,
2018-04-12,12:03:00,SEM VÍTIMA,FINALIZADA,CORDEIRO,RUA GOMES TABORDA,1186,,PROX. A BOMBONIERE AMENDOZE E MERCADINHO SAO JOSE,RUA GOMES TABORDA,1186,PROX. A BOMBONIERE AMENDOZE E MERCADINHO SAO JOSE,CORDEIRO,,,COLISÃO,ONIBUS E AUTO,1,,,,,1,,,,0,,,,,,,,,,,,,,
2018-04-12,12:12:00,SEM VÍTIMA,FINALIZADA,BOA VIAGEM,RUA ANTONIO FALCAO,80,,EM FRENTE A GRAFICA LAFFITE,RUA ANTONIO FALCAO,80,EM FRENTE A GRAFICA LAFFITE,BOA VIAGEM,,,COLISÃO,AUTO E MOTO,1,1,,,,,,,,0,,,,,,,,,,,,,,