data,hora,natureza_acidente,situacao,bairro,endereco,numero,detalhe_endereco_acidente,complemento,endereco_cruzamento,numero_cruzamento,referencia_cruzamento,bairro_cruzamento,num_semaforo,sentido_via,tipo,descricao,auto,moto,ciclom,ciclista,pedestre,onibus,caminhao,viatura,outros,vitimas,vitimasfatais,acidente_verificado,tempo_clima,situacao_semaforo,sinalizacao,condicao_via,conservacao_via,ponto_controle,situacao_placa,velocidade_max_via,mao_direcao,divisao_via1,divisao_via2,divisao_via3
2018-04-17,08:12:00,SEM VÍTIMA,FINALIZADA,TORRE,AV BEIRA RIO,,AV CONDE DE IRAJA,SEMAFORO 630 / SENT MADALENA / COM A CONDE DE IRAJA,AV BEIRA RIO,,SEMAFORO 630 / SENT MADALENA / COM A CONDE DE IRAJA,TORRE,,,COLISÃO,ONIBUS E AUTO,1,,,,,1,,,,0,,,,,,,,,,,,,,
2018-04-17,08:17:00,SEM VÍTIMA,FINALIZADA,MADALENA,RUA BENFICA,,,EM FRENTE AO COLEGIO GGE,RUA BENFICA,,EM FRENTE AO COLEGIO GGE,MADALENA,,,COLISÃO,SEM VITIMAS INSPETOR PONTO FIXO VAI FAZER O B.O,1,1,,,,,,,,0,,,,,,,,,,,,,,
2018-04-17,08:22:00,SEM VÍTIMA,FINALIZADA,TAMARINEIRA,RUA CONEGO BARATA,,,EM FRENTE AO DENOCS,RUA CONEGO BARATA,,EM FRENTE AO DENOCS,TAMARINEIRA,,,COLISÃO,AUTO E ONIBUS,1,,,,,1,,,,0,,,,,,,,,,,,,,
2018-04-17,08:28:00,,CANCELADA,MADALENA,AV BEIRA RIO,,,NA PONTE DA TORRE,AV BEIRA RIO,,NA PONTE DA TORRE,MADALENA,,,COLISÃO,COL.S/V.SET.SUB,1,,,,,1,,,,0,,,,,,,,,,,,,,
2018-04-17,08:34:00,SEM VÍTIMA,FINALIZADA,AREIAS,AV RECIFE,1040,,EM FREN AO HN VEICULOS,AV RECIFE,1040,EM FREN AO HN VEICULOS,AREIAS,,,COLISÃO,COL.S/V.SET.BOA VIAGEM,1,1,,,,,,,,0,,,,,,,,,,,,,,
2018-04-17,08:45:00,SEM VÍTIMA,FINALIZADA,TORRE,RUA DIOGO ALVARES,34,,APOS A IGREJA DA TORRE / SEGUNDA PRAÇA LADO DIREITO,RUA DIOGO ALVARES,34,APOS A IGREJA DA TORRE / SEGUNDA PRAÇA LADO DIREITO,TORRE,,,COLISÃO,DOIS AUTOS,2,,,,,,,,,0,,,,,,,,,,,,,,
2018-04-17,08:47:00,SEM VÍTIMA,FINALIZADA,CORDEIRO,AV MARIO ALVARES PEREIRA DE LYRA,,,SEMAFORO Nº134,AV MARIO ALVARES PEREIRA DE LYRA,,SEMAFORO Nº134,CORDEIRO,,,COLISÃO,COL.S/V.SET.CD,2,,,,,,,,,0,,,,,,,,,,,,,,
2018-04-17,08:58:00,SEM VÍTIMA,CANCELADA,ARRUDA,AV PROFESSOR JOSE DOS ANJOS,,,SEMAFORO Nº306,AV PROFESSOR JOSE DOS ANJOS,,SEMAFORO Nº306,ARRUDA,,,COLISÃO,COL.S/V SET.AV NORTE,2,,,,,,,,,0,,,,,,,,,,,,,,
2018-04-17,09:18:00,SEM VÍTIMA,FINALIZADA,AFOGADOS,AV VISCONDE DE ALBUQUERQUE,123,RUA LOPES DE CARVALHO,COM A RUA LOPES DE CARVALHO / SENT TORRE,AV VISCONDE DE ALBUQUERQUE,123,COM A RUA LOPES DE CARVALHO / SENT TORRE,AFOGADOS,,,COLISÃO,,2,,,,,,,,,0,,,,,,,,,,,,,,
2018-04-17,09:36:00,SEM VÍTIMA,FINALIZADA,TORRE,RUA SEBASTIAO MALTA ARCOVERDE,,,PROXIMO AO SERPRO  SENTIDO CARREFOUR,RUA SEBASTIAO MALTA ARCOVERDE,,PROXIMO AO SERPRO  SENTIDO CARREFOUR,TORRE,,,COLISÃO,COLISÃO AUTO E CAMINHÃO SEM VÍTIMA,1,,,,,,1,,,0,,,,,,,,,,,,,,
2018-04-17,09:37:00,SEM VÍTIMA,FINALIZADA,SANTO AMARO,AV GOVERNADOR AGAMENON MAGALHAES,,,SENT/OLINDA APÓS O SEMAFORO 049,AV GOVERNADOR AGAMENON MAGALHAES,,SENT/OLINDA APÓS O SEMAFORO 049,SANTO AMARO,,,COLISÃO,VT 29 NO LOCAL  SEM VITIMAS,2,,,,,,,,,0,,,,,,,,,,,,,,
2018-04-17,10:35:00,SEM VÍTIMA,CANCELADA,BOA VIAGEM,AV BOA VIAGEM,2784,,EM FRENTE AO EDF/ MARIA LUCIANA,AV BOA VIAGEM,2784,EM FRENTE AO EDF/ MARIA LUCIANA,BOA VIAGEM,,,COLISÃO,COL.S/V,2,,,,,,,,,0,,,,,,,,,,,,,,
2018-04-17,10:42:00,COM VÍTIMA,FINALIZADA,CASA FORTE,AV DEZESSETE DE AGOSTO,,,AO LADO DO RESTAURANTE RECANTO PARAIBANO,AV DEZESSETE DE AGOSTO,,AO LADO DO RESTAURANTE RECANTO PARAIBANO,CASA FORTE,,,COLISÃO,COL.C/V SET.CD   GM JA NO LOCAL,1,1,,,,,,,,1,,,,,,,,,,,,,,
2018-04-17,11:22:00,SEM VÍTIMA,FINALIZADA,JORDÃO,AV MARECHAL MASCARENHAS DE MORAES,,,APOS O MURO DO AEROPORTO SENT SUB,AV MARECHAL MASCARENHAS DE MORAES,,APOS O MURO DO AEROPORTO SENT SUB,JORDÃO,,,COLISÃO,DOIS AUTOS,2,,,,,,,,,0,,,,,,,,,,,,,,
2018-04-17,11:55:00,SEM VÍTIMA,FINALIZADA,CASA AMARELA,RUA DA HARMONIA,125,,EM FRENTE A FARMACIA INDEPENDENTE,RUA DA HARMONIA,125,EM FRENTE A FARMACIA INDEPENDENTE,CASA AMARELA,,,COLISÃO,COLISÃO SEM VITIMAS,2,,,,,,,,,0,,,,,,,,,,,,,,
2018-04-17,12:14:00,SEM VÍTIMA,FINALIZADA,AFOGADOS,LARGO DA PAZ,,,ENTRE A ESTAÇÃO DE AFOGADOS E O POSTO MEDICO S/T CID,LARGO DA PAZ,,ENTRE A ESTAÇÃO DE AFOGADOS E O POSTO MEDICO S/T CID,AFOGADOS,,,COLISÃO,COLISAO DE TAXI E AUTO S/V,2,,,,,,,,,0,,,,,,,,,,,,,,
2018-04-17,12:17:00,SEM VÍTIMA,CANCELADA,JARDIM SÃO PAULO,RUA LEANDRO BARRETO,,RUA LORENA,COM RUA LORENA PROX AO VIADUTO DE JARDIM SAO PAULO,RUA LEANDRO BARRETO,,COM RUA LORENA PROX AO VIADUTO DE JARDIM SAO PAULO,JARDIM SÃO PAULO,,,COLISÃO,COLISAO ENTRE ONIBUS E CAMINHAO S/V,,,,,,1,1,,,0,,,,,,,,,,,,,,
2018-04-17,12:20:00,SEM VÍTIMA,FINALIZADA,TEJIPIÓ,AV RECIFE,312,,EM FRENTE AO ANTIGO CIROL ROYAL,AV RECIFE,312,EM FRENTE AO ANTIGO CIROL ROYAL,TEJIPIÓ,,,COLISÃO,COLISÃO SEM VITIMAS,2,,,,,,,,,0,,,,,,,,,,,,,,
2018-04-17,12:33:00,SEM VÍTIMA,FINALIZADA,MADALENA,RUA PROFESSOR BENEDITO MONTEIRO,,,EM FRENTE A POLITEC  PROX. AO INTERNACIONAL,RUA PROFESSOR BENEDITO MONTEIRO,,EM FRENTE A POLITEC  PROX. AO INTERNACIONAL,MADALENA,,,COLISÃO,AUTO E ONIBUS ESCOLAR,1,,,,,1,,,,0,,,,,,,,,,,,,,
2018-04-17,12:40:00,SEM VÍTIMA,FINALIZADA,CIDADE UNIVERSITÁRIA,RUA PROFESSOR ANTONIO COELHO,495,,ESQUINA DO COLEGIO PONTUAL,RUA PROFESSOR ANTONIO COELHO,495,ESQUINA DO COLEGIO PONTUAL,CIDADE UNIVERSITÁRIA,,,COLISÃO,AUTO E MOTO,1,1,,,,,,,,0,,,,,,,,,,,,,,
2018-04-17,13:03:00,SEM VÍTIMA,CANCELADA,CORDEIRO,AV ENGENHEIRO ABDIAS DE CARVALHO,S/N,,E/F AO COMPAZ S/T CID,AV ENGENHEIRO ABDIAS DE CARVALHO,S/N,E/F AO COMPAZ S/T CID,CORDEIRO,,,COLISÃO,COLISA0 ENTRE AUTO E ONIBUS S/V,1,,,,,1,,,,0,,,,,,,,,,,,,,
2018-04-17,13:08:00,SEM VÍTIMA,FINALIZADA,AFOGADOS,RUA QUITERIO INACIO DE MELLO,,,NA SUBIDA DA PONTE GILBERTO FREIRE,RUA QUITERIO INACIO DE MELLO,,NA SUBIDA DA PONTE GILBERTO FREIRE,AFOGADOS,,,COLISÃO,COLISAO ENTRE DOIS AUTOS S/V,2,,,,,,,,,0,,,,,,,,,,,,,,
2018-04-17,13:18:00,SEM VÍTIMA,FINALIZADA,MADALENA,RUA REAL DA TORRE,,,DENTRO DO TUNEL DA ABOLIÇAO,RUA REAL DA TORRE,,DENTRO DO TUNEL DA ABOLIÇAO,MADALENA,,,COLISÃO,AUTO E ONIBUS ,2,,,,,,,,,0,,,,,,,,,,,,,,
2018-04-17,13:54:00,SEM VÍTIMA,CANCELADA,DOIS IRMÃOS,RUA DOIS IRMAOS,,,EM BAIXO DO VIADUTO,RUA DOIS IRMAOS,,EM BAIXO DO VIADUTO,DOIS IRMÃOS,,,COLISÃO,DOIS AUTOS SV,2,,,,,,,,,0,,,,,,,,,,,,,,
2018-04-17,13:59:00,SEM VÍTIMA,FINALIZADA,MADALENA,RUA BENFICA,,,EM FRENTE A ESCOLA POLITECNICA DE PERNAMBUCO ANDERSON TAMIRES QTH,RUA BENFICA,,EM FRENTE A ESCOLA POLITECNICA DE PERNAMBUCO ANDERSON TAMIRES QTH,MADALENA,,,COLISÃO,COLISÃO SEM VITIMAS,2,,,,,,,,,0,,,,,,,,,,,,,,
2018-04-17,15:04:00,SEM VÍTIMA,FINALIZADA,ARRUDA,RUA DA REGENERACAO,561,,EM FRENTE A PADARIA SANTO ANTONIO,RUA DA REGENERACAO,561,EM FRENTE A PADARIA SANTO ANTONIO,ARRUDA,,,COLISÃO,CAMINHAO E VT DA PM,,,,,,,1,1,,0,,,,,,,,,,,,,,
2018-04-17,15:21:00,SEM VÍTIMA,CANCELADA,ILHA DO LEITE,AV GOVERNADOR AGAMENON MAGALHAES,,,APOS O HOSPITAL PORTUGUES  NA SUBIDA DO VIADUTO  SENTIDO BOA VIAGEM,AV GOVERNADOR AGAMENON MAGALHAES,,APOS O HOSPITAL PORTUGUES  NA SUBIDA DO VIADUTO  SENTIDO BOA VIAGEM,ILHA DO LEITE,,,COLISÃO,AUTO E ONIBUS DA BOORBOREMA,1,,,,,1,,,,0,,,,,,,,,,,,,,
2018-04-17,15:54:00,SEM VÍTIMA,FINALIZADA,GRAÇAS,RUA JOAQUIM NABUCO,,,EM FRENTE AO HOSPITAL SANTA JOANA,RUA JOAQUIM NABUCO,,EM FRENTE AO HOSPITAL SANTA JOANA,GRAÇAS,,,COLISÃO,COLISÃO SEM VITIMAS,2,,,,,,,,,0,,,,,,,,,,,,,,
2018-04-17,16:00:00,SEM VÍTIMA,FINALIZADA,BOA VIAGEM,RUA CAMBOIM,421,,EM FRENTE A SEGUNDA IGREJA BATISTA EM BOA VIAGEM,RUA CAMBOIM,421,EM FRENTE A SEGUNDA IGREJA BATISTA EM BOA VIAGEM,BOA VIAGEM,,,COLISÃO,COLISÃO SEM VÍTIMA,1,,,,,,1,,,0,,,,,,,,,,,,,,
2018-04-17,16:10:00,COM VÍTIMA,FINALIZADA,IPSEP,AV RECIFE,2964,,EM FRENTE AO POSTO DE GASOLINA FEDERAL,AV RECIFE,2964,EM FRENTE AO POSTO DE GASOLINA FEDERAL,IPSEP,,,COLISÃO,COLISÃO COM VITIMA A ESPERA DO SAMU,1,1,,,,,,,,1,,,,,,,,,,,,,,
2018-04-15,16:10:00,COM VÍTIMA,FINALIZADA,BEBERIBE,RUA TAGUATINGA,41,,BAR DO EDUARDO,RUA TAGUATINGA,41,BAR DO EDUARDO,BEBERIBE,,,CHOQUE,CAMINHÃO PERDEU O CONTROLE  HOUVE UM CHOQUE COM O POSTE E ENTROU DENTRO DO BAR DO EDUARDO PROVOCANDO O ACIDENTE COM 3 VÍTIMAS,,,,,,,1,,,3,,,,,,,,,,,,,,
2018-04-15,16:10:00,SEM VÍTIMA,FINALIZADA,BOA VIAGEM,RUA DR LUIZ INACIO PESSOA DE MELO,194,,,RUA DR LUIZ INACIO PESSOA DE MELO,194,,BOA VIAGEM,,,COLISÃO,2 AUTOS PLACAS E CRETA E VOLVO,2,,,,,,,,,0,,,,,,,,,,,,,,
2018-04-17,16:12:00,SEM VÍTIMA,FINALIZADA,AFOGADOS,AV SUL,,,AO LADO DA INTEGRAÇÃO LARGO DA PAZ,AV SUL,,AO LADO DA INTEGRAÇÃO LARGO DA PAZ,AFOGADOS,,,COLISÃO,COLISÃO ENTRE AUTO E ONIBUS SEM VITIMA,1,,,,,1,,,,0,,,,,,,,,,,,,,
2018-04-17,16:27:00,SEM VÍTIMA,FINALIZADA,ESTÂNCIA,AV DR JOSE RUFINO,,,EM FRENTE AO COLEGIO VISÃO,AV DR JOSE RUFINO,,EM FRENTE AO COLEGIO VISÃO,ESTÂNCIA,,,COLISÃO,COLISÃO SEM VÍTIMA,1,,,,,1,,,,0,,,,,,,,,,,,,,
2018-04-17,16:28:00,SEM VÍTIMA,FINALIZADA,JIQUIÁ,RUA SAO MIGUEL,,,,RUA SAO MIGUEL,,,JIQUIÁ,,,COLISÃO,,1,1,,,,,,,,0,,,,,,,,,,,,,,
2018-04-17,17:02:00,SEM VÍTIMA,FINALIZADA,ILHA DO RETIRO,AV ENGENHEIRO ABDIAS DE CARVALHO,,,LADO OPOSTO A SUBWAY/ SENTIDO CIDADE,AV ENGENHEIRO ABDIAS DE CARVALHO,,LADO OPOSTO A SUBWAY/ SENTIDO CIDADE,ILHA DO RETIRO,,,COLISÃO,COLISÃO SEM VÍTIMA,2,,,,,,,,,0,,,,,,,,,,,,,,
2018-04-17,17:04:00,SEM VÍTIMA,CANCELADA,ESPINHEIRO,RUA DO ESPINHEIRO,,,AO LADO DO HOSPITAL DO SERVIDOR EM FRENTE A DOCERIA DA LENA,RUA DO ESPINHEIRO,,AO LADO DO HOSPITAL DO SERVIDOR EM FRENTE A DOCERIA DA LENA,ESPINHEIRO,,,COLISÃO,COLISÃO SEM VITIMAS,2,,,,,,,,,0,,,,,,,,,,,,,,
2018-04-17,17:13:00,SEM VÍTIMA,CANCELADA,ALTO SANTA TERESINHA,AV ANIBAL BENEVOLO,,,EM FRENTE ASO TERMINAL DE DO ALTO SANTA TEREZINHA,AV ANIBAL BENEVOLO,,EM FRENTE ASO TERMINAL DE DO ALTO SANTA TEREZINHA,ALTO SANTA TERESINHA,,,COLISÃO,COLISÃO SEM VITIMAS,1,1,,,,1,,,,0,,,,,,,,,,,,,,
2018-04-17,17:49:00,SEM VÍTIMA,FINALIZADA,TEJIPIÓ,AV LIBERDADE,65,,E/F A DELEGACIA DE CAPTURAS,AV LIBERDADE,65,E/F A DELEGACIA DE CAPTURAS,TEJIPIÓ,,,COLISÃO,COLISAO ENTRE AUTO E CAMINHAO S/V,1,,,,,,1,,,0,,,,,,,,,,,,,,
2018-04-17,18:11:00,COM VÍTIMA,FINALIZADA,PRADO,RUA GOMES TABORDA,,,PRÓXIMO AO BAILE PERFUMADO,RUA GOMES TABORDA,,PRÓXIMO AO BAILE PERFUMADO,PRADO,,,CAPOTAMENTO,CAPOTAMENTO DE VEÍCULO,1,,,,,,1,,,1,,,,,,,,,,,,,,
2018-04-17,18:22:00,SEM VÍTIMA,FINALIZADA,BOA VIAGEM,RUA PROFESSOR AUGUSTO LINS E SILVA,,RUA MARIO DE CASTRO,CRUZ COM A R MARIO DE CASTRO / PRÓX AO ANTIGO COLÉGIO MADRE DE DEUS,RUA PROFESSOR AUGUSTO LINS E SILVA,,CRUZ COM A R MARIO DE CASTRO / PRÓX AO ANTIGO COLÉGIO MADRE DE DEUS,BOA VIAGEM,,,COLISÃO,ENTRE 2 AUTOS. S/V,2,,,,,,,,,0,,,,,,,,,,,,,,
2018-04-17,18:24:00,SEM VÍTIMA,FINALIZADA,FUNDÃO,AV BEBERIBE,244,,E/F AO PAGODE DA PRESSÃO  NO RETORNO SNT PE15 / AO LADO DO POSTO BR,AV BEBERIBE,244,E/F AO PAGODE DA PRESSÃO  NO RETORNO SNT PE15 / AO LADO DO POSTO BR,FUNDÃO,,,COLISÃO,ENTRE AUTO E ÔNIBUS.. S/V,1,,,,,1,,,,0,,,,,,,,,,,,,,
2018-04-17,18:28:00,SEM VÍTIMA,CANCELADA,BOA VIAGEM,AVENIDA CELSO FURTADO (VIA MANGUE),,,PRÓXIMO AO HIPER MERCADO WALMART E O SUPERMERCADO EXTRA - SENTIDO SUB/CID,AVENIDA CELSO FURTADO (VIA MANGUE),,PRÓXIMO AO HIPER MERCADO WALMART E O SUPERMERCADO EXTRA - SENTIDO SUB/CID,BOA VIAGEM,,,COLISÃO,MOTO E AUTO SEM VÍTIMA,1,1,,,,,,,,0,,,,,,,,,,,,,,
2018-04-17,18:32:00,SEM VÍTIMA,FINALIZADA,BOA VIAGEM,AVENIDA CELSO FURTADO (VIA MANGUE),,,NO INICIO DA VIA  POR TRÁS DO SUPERMERCADO BOMPREÇO E PRÓX AO SHOPPING RECIFE,AVENIDA CELSO FURTADO (VIA MANGUE),,NO INICIO DA VIA  POR TRÁS DO SUPERMERCADO BOMPREÇO E PRÓX AO SHOPPING RECIFE,BOA VIAGEM,,,COLISÃO,ENTRE CAMINHÃO E AUTO. S/V,1,,,,,,1,,,0,,,,,,,,,,,,,,
2018-04-17,19:03:00,COM VÍTIMA,FINALIZADA,ESPINHEIRO,RUA DO ESPINHEIRO,,RUA SANTO ELIAS,CRUZ COM A R SANTO ELIAS / PRÓX AO BANCO TEXACO,RUA DO ESPINHEIRO,,CRUZ COM A R SANTO ELIAS / PRÓX AO BANCO TEXACO,ESPINHEIRO,,,COLISÃO,ENTRE AUTO E MOTO. C/V,1,1,,,,,,,,1,,,,,,,,,,,,,,
2018-04-17,19:16:00,SEM VÍTIMA,FINALIZADA,TORRE,RUA JOSE BONIFACIO,,,E/F AO ATACADO DOS PRESENTES E DROGASIL,RUA JOSE BONIFACIO,,E/F AO ATACADO DOS PRESENTES E DROGASIL,TORRE,,,COLISÃO,ENTRE 2 AUTOS. S/V,2,,,,,,,,,0,,,,,,,,,,,,,,
2018-04-17,20:46:00,SEM VÍTIMA,FINALIZADA,DERBY,PTE ESTACIO COIMBRA,S/N,,POR CIMA DA PTE CITADA. AO LADO DO BATALHÃO DO DERBY,PTE ESTACIO COIMBRA,S/N,POR CIMA DA PTE CITADA. AO LADO DO BATALHÃO DO DERBY,DERBY,,,ENGAVETAMENTO,ENTRE 2 AUTOS E 1 CAMINHÃO. S/V,2,,,,,,1,,,0,,,,,,,,,,,,,,
2018-04-17,21:27:00,SEM VÍTIMA,FINALIZADA,IPUTINGA,RUA SAO MATEUS,,AV MAURICIO DE NASSAU,CUZ COM A MAURICIO DE NASSAU / E/F A GALERIA AMANDA MARANHÃO,RUA SAO MATEUS,,CUZ COM A MAURICIO DE NASSAU / E/F A GALERIA AMANDA MARANHÃO,IPUTINGA,,,COLISÃO,ENTRE 2 AUTOS. S/V,2,,,,,,,,,0,,,,,,,,,,,,,,
2018-04-17,22:11:00,COM VÍTIMA,FINALIZADA,PINA,AV ENGENHEIRO DOMINGOS FERREIRA,1818 -,,E/F AO SUPERMERCADO EXTRA  SNT PINA/PIEDADE,AV ENGENHEIRO DOMINGOS FERREIRA,1818 -,E/F AO SUPERMERCADO EXTRA  SNT PINA/PIEDADE,PINA,,,COLISÃO,ENTRE AUTO E MOTO. C/V,1,1,,,,,,,,1,,,,,,,,,,,,,,
2018-04-18,00:14:00,SEM VÍTIMA,FINALIZADA,ESPINHEIRO,RUA CONS PORTELA,,RUA QUARENTA E OITO,CRUZAMENTO COM A RUA QUARENTA E OITO  SEMÁFORO 111,RUA CONS PORTELA,,CRUZAMENTO COM A RUA QUARENTA E OITO  SEMÁFORO 111,ESPINHEIRO,,,COLISÃO,COLISÃO ENTRE DOIS AUTOS S/V,2,,,,,,,,,0,,,,,,,,,,,,,,
2018-04-18,06:19:00,SEM VÍTIMA,FINALIZADA,IBURA,AV PERNAMBUCO,181,,UR 01 EM FRENTE AO ESTABELECIMENTO JEFERSON BARBEARIA,AV PERNAMBUCO,181,UR 01 EM FRENTE AO ESTABELECIMENTO JEFERSON BARBEARIA,IBURA,,,CHOQUE,CONDUTOR BATEU CONTRA UM POSTE SEM VITIMAS,,,,,,,,,,0,,,,,,,,,,,,,,
2018-04-18,06:55:00,SEM VÍTIMA,FINALIZADA,ESTÂNCIA,AV RECIFE,272,,EM FRENTE A SON DE CAR / SENT SUB,AV RECIFE,272,EM FRENTE A SON DE CAR / SENT SUB,ESTÂNCIA,,,COLISÃO,DOIS AUTOS,2,,,,,,,,,0,,,,,,,,,,,,,,
2018-04-18,07:20:00,COM VÍTIMA,FINALIZADA,PARNAMIRIM,RUA DA HARMONIA,,,EM FRENTE AO SUPERMERCADO VERD FRUT,RUA DA HARMONIA,,EM FRENTE AO SUPERMERCADO VERD FRUT,PARNAMIRIM,,,ATROPELAMENTO,PEDESTRE A ESPERA DO SAMU,1,,,,1,,,,,1,,,,,,,,,,,,,,
2018-04-18,07:33:00,SEM VÍTIMA,FINALIZADA,AFOGADOS,RUA COSME VIANA,73,,EM FRENTE TEC FRIOS,RUA COSME VIANA,73,EM FRENTE TEC FRIOS,AFOGADOS,,,COLISÃO,COL..S/V ,1,,,,,,1,,,0,,,,,,,,,,,,,,
2018-04-18,07:49:00,SEM VÍTIMA,FINALIZADA,JARDIM SÃO PAULO,RUA LEANDRO BARRETO,355,,EM FRENTE AO CONJUNTO RESIDENCIAL FELIPE CAMARÃO,RUA LEANDRO BARRETO,355,EM FRENTE AO CONJUNTO RESIDENCIAL FELIPE CAMARÃO,JARDIM SÃO PAULO,,,COLISÃO,COLISÃO SEM VITIMAS,1,2,,,,,,,,0,,,,,,,,,,,,,,
2018-04-18,07:52:00,SEM VÍTIMA,FINALIZADA,PARNAMIRIM,RUA LEONARDO BEZERRA CAVALCANTE,240,,EM FRENTE AO EDF VALE DO CAPIBARIBE,RUA LEONARDO BEZERRA CAVALCANTE,240,EM FRENTE AO EDF VALE DO CAPIBARIBE,PARNAMIRIM,,,COLISÃO,TRES AUTOS,3,,,,,,,,,0,,,,,,,,,,,,,,
2018-04-18,07:55:00,SEM VÍTIMA,CANCELADA,BOA VIAGEM,RUA RIO AZUL,219,,EM FRENTE AO POSTO DE GASOLINA SHELL,RUA RIO AZUL,219,EM FRENTE AO POSTO DE GASOLINA SHELL,BOA VIAGEM,,,COLISÃO,COLISÃO SEM VITIMAS,2,,,,,,,,,0,,,,,,,,,,,,,,
2018-04-18,08:15:00,SEM VÍTIMA,FINALIZADA,BOA VIAGEM,AV BOA VIAGEM,6688,,EM FRENTE AO EDIFICIO EQUINOCIO,AV BOA VIAGEM,6688,EM FRENTE AO EDIFICIO EQUINOCIO,BOA VIAGEM,,,COLISÃO,COLISÃO SEM VITIMAS,1,,,,,,1,,,0,,,,,,,,,,,,,,
2018-04-18,08:26:00,SEM VÍTIMA,FINALIZADA,CAMPO GRANDE,RUA SAO CAETANO,,RUA PROF FRANCISCO DA TRINDADE,CRUZAMENTO COM A RUA PROF. FRANCISCO DA TRINDADE,RUA SAO CAETANO,,CRUZAMENTO COM A RUA PROF. FRANCISCO DA TRINDADE,CAMPO GRANDE,,,COLISÃO,DOIS AUTOS,,,,,,,,,,0,,,,,,,,,,,,,,
2018-04-18,08:33:00,SEM VÍTIMA,FINALIZADA,CORDEIRO,AV PROFESSOR ESTEVAO FRANCISCO DA COSTA,121,,EM FRENTE DA PADARIA RAINHA DA TORRE,AV PROFESSOR ESTEVAO FRANCISCO DA COSTA,121,EM FRENTE DA PADARIA RAINHA DA TORRE,CORDEIRO,,,COLISÃO,COL.S/V .SET..AV CAXANGA,2,,,,,,,,,0,,,,,,,,,,,,,,
2018-04-18,08:51:00,SEM VÍTIMA,FINALIZADA,IPUTINGA,RUA MAURICIO DE NASSAU,287,,ESQ DA PREAÇA / LOMBADA ELETRONICA,RUA MAURICIO DE NASSAU,287,ESQ DA PREAÇA / LOMBADA ELETRONICA,IPUTINGA,,,COLISÃO,AUTO PASSEIO E CAMINHAO,1,,,,,,1,,,0,,,,,,,,,,,,,,
2018-04-18,09:16:00,SEM VÍTIMA,FINALIZADA,MADALENA,RUA BENFICA,1108,,SENTIDO DERBY AO LADO DO MARTELINHO DE OURO E A MULT LIDER,RUA BENFICA,1108,SENTIDO DERBY AO LADO DO MARTELINHO DE OURO E A MULT LIDER,MADALENA,,,COLISÃO,COLISÃO SEM VITIMAS,2,,,,,,,,,0,,,,,,,,,,,,,,
2018-04-18,10:01:00,SEM VÍTIMA,FINALIZADA,AFOGADOS,AV SUL,1148,,EM FRENTE A UM GALPÃO DE RECICLAGENS,AV SUL,1148,EM FRENTE A UM GALPÃO DE RECICLAGENS,AFOGADOS,,,COLISÃO,COLISÃO SEM VITIMAS,2,,,,,,,,,0,,,,,,,,,,,,,,
2018-04-18,10:01:00,SEM VÍTIMA,FINALIZADA,CABANGA,VIADUTO CAPITAO TEMUDO,,,NO VIADUTO,VIADUTO CAPITAO TEMUDO,,NO VIADUTO,CABANGA,,,COLISÃO,QUATRO AUTOS SEM VITIMA,,,,,,,,,,0,,,,,,,,,,,,,,
2018-04-18,10:02:00,COM VÍTIMA,FINALIZADA,AFOGADOS,RUA SAO MIGUEL,1140,,AO LADO DA CHINE IN BOX,RUA SAO MIGUEL,1140,AO LADO DA CHINE IN BOX,AFOGADOS,,,COLISÃO,COLISAO ENTRE AUTO E MOTO COM UMA VITIMA VT 18 NO LOCAL,1,1,,,,,,,,1,,,,,,,,,,,,,,
2018-04-18,10:07:00,SEM VÍTIMA,FINALIZADA,PINA,RUA ARQUITETO AUGUSTO REINALDO,1001,,E/F AO ATACADO DA CONTRUÇÃO,RUA ARQUITETO AUGUSTO REINALDO,1001,E/F AO ATACADO DA CONTRUÇÃO,PINA,,,COLISÃO,COLISAO ENTRE AUTO E ONIBUS S/V GM NO LOCAL,1,,,,,1,,,,0,,,,,,,,,,,,,,
2018-04-18,10:33:00,SEM VÍTIMA,CANCELADA,ESTÂNCIA,AV DR JOSE RUFINO,,,EM FRENTE AO COLEGIO VISÃO E A LOMBADA ELETRONICA,AV DR JOSE RUFINO,,EM FRENTE AO COLEGIO VISÃO E A LOMBADA ELETRONICA,ESTÂNCIA,,,COLISÃO,COLISÃO SEM VITIMAS,2,,,,,,,,,0,,,,,,,,,,,,,,
2018-04-18,11:03:00,SEM VÍTIMA,FINALIZADA,IMBIRIBEIRA,AV MARECHAL MASCARENHAS DE MORAES,474,,EM FRENTE DA SPORTE CAR,AV MARECHAL MASCARENHAS DE MORAES,474,EM FRENTE DA SPORTE CAR,IMBIRIBEIRA,,,COLISÃO,COL.S/V.SET.SUB,2,,,,,,,,,0,,,,,,,,,,,,,,
2018-04-18,11:04:00,COM VÍTIMA,FINALIZADA,BOA VIAGEM,RUA FELIX DE BRITO E MELO,,RUA DOS NAVEGANTES,CRUZ COM A RUA DOS NAVEGANTES EM FRENTE AO EDIFICIO 14 BIS,RUA FELIX DE BRITO E MELO,,CRUZ COM A RUA DOS NAVEGANTES EM FRENTE AO EDIFICIO 14 BIS,BOA VIAGEM,,,CAPOTAMENTO,COLISÃO EM SEGUIDA DE CAPOTAMENTO VITIMA A ESPERA DO SAMU,2,,,,,,,,,1,,,,,,,,,,,,,,
2018-04-18,12:01:00,SEM VÍTIMA,FINALIZADA,PINA,AV CONSELHEIRO AGUIAR,S/N,,E/F A ESCOLA ESTADUAL LANDELINO ROCHA,AV CONSELHEIRO AGUIAR,S/N,E/F A ESCOLA ESTADUAL LANDELINO ROCHA,PINA,,,COLISÃO,COLISAO ENTRE AUTO E MOTO S/V,1,1,,,,,,,,0,,,,,,,,,,,,,,