data,hora,natureza_acidente,situacao,bairro,endereco,numero,detalhe_endereco_acidente,complemento,endereco_cruzamento,numero_cruzamento,referencia_cruzamento,bairro_cruzamento,num_semaforo,sentido_via,tipo,descricao,auto,moto,ciclom,ciclista,pedestre,onibus,caminhao,viatura,outros,vitimas,vitimasfatais,acidente_verificado,tempo_clima,situacao_semaforo,sinalizacao,condicao_via,conservacao_via,ponto_controle,situacao_placa,velocidade_max_via,mao_direcao,divisao_via1,divisao_via2,divisao_via3
2018-04-18,12:06:00,SEM VÍTIMA,FINALIZADA,MADALENA,RUA BENFICA,,,NA SAIDA DO TUNEL CHICO SCIENCE EM FRENTE A PRAÇA DA BANDEIRA,RUA BENFICA,,NA SAIDA DO TUNEL CHICO SCIENCE EM FRENTE A PRAÇA DA BANDEIRA,MADALENA,,,COLISÃO,DOIS AUTOS,2,,,,,,,,,0,,,,,,,,,,,,,,
2018-04-18,12:11:00,SEM VÍTIMA,FINALIZADA,AFOGADOS,RUA SAO MIGUEL,,,EM FRENTE AO 14º BATALHÃO LOGISTICO DO EXÉRCITO,RUA SAO MIGUEL,,EM FRENTE AO 14º BATALHÃO LOGISTICO DO EXÉRCITO,AFOGADOS,,,COLISÃO,COLISÃO SEM VÍTIMA,1,,,,,1,,,,0,,,,,,,,,,,,,,
2018-04-18,12:36:00,SEM VÍTIMA,FINALIZADA,BOA VIAGEM,RUA JOAO CARDOSO AIRES,700,,AO LADO DA CLINICA VETERINARIA VET CENTER,RUA JOAO CARDOSO AIRES,700,AO LADO DA CLINICA VETERINARIA VET CENTER,BOA VIAGEM,,,COLISÃO,COLISAO ENTRE DOIS AUTOS S/V,2,,,,,,,,,0,,,,,,,,,,,,,,
2018-04-18,13:04:00,SEM VÍTIMA,FINALIZADA,TAMARINEIRA,AV SANTOS DUMONT,657,,EM FRENTE A CASA ROSADA,AV SANTOS DUMONT,657,EM FRENTE A CASA ROSADA,TAMARINEIRA,,,COLISÃO,TAXI E CAMINHÃO,1,,,,,,1,,,0,,,,,,,,,,,,,,
2018-04-18,13:50:00,SEM VÍTIMA,FINALIZADA,BOA VIAGEM,AV BOA VIAGEM,,,EM FRENTE AO EDF. MARIA ALICE,AV BOA VIAGEM,,EM FRENTE AO EDF. MARIA ALICE,BOA VIAGEM,,,COLISÃO,COLISAO ENTRE DOIS AUTOS S/V,2,,,,,,,,,0,,,,,,,,,,,,,,
2018-04-18,14:37:00,SEM VÍTIMA,FINALIZADA,BOA VIAGEM,RUA ERNESTO DE PAULA SANTOS,550,,E/F AO POSTO SHEL,RUA ERNESTO DE PAULA SANTOS,550,E/F AO POSTO SHEL,BOA VIAGEM,,,COLISÃO,COLISAO ENTRE TRES AUTOS S/V,3,,,,,,,,,0,,,,,,,,,,,,,,
2018-04-18,14:40:00,SEM VÍTIMA,FINALIZADA,SÃO JOSÉ,RUA IMPERIAL,,,NO SEMÁFORO 510,RUA IMPERIAL,,NO SEMÁFORO 510,SÃO JOSÉ,,,COLISÃO,COLISÃO SEM VÍTIMA,2,,,,,,,,,0,,,,,,,,,,,,,,
2018-04-18,16:00:00,COM VÍTIMA,CANCELADA,BOA VISTA,RUA DOM BOSCO,913,,EM FRENTE AO EXTRA,RUA DOM BOSCO,913,EM FRENTE AO EXTRA,BOA VISTA,,,COLISÃO,MOTO E AUTO,1,1,,,,,,,,1,,,,,,,,,,,,,,
2018-04-18,16:24:00,COM VÍTIMA,FINALIZADA,SANTO AMARO,AV CRUZ CABUGA,,,EM FRENTE AO HOSPITAL DO CANCER,AV CRUZ CABUGA,,EM FRENTE AO HOSPITAL DO CANCER,SANTO AMARO,,,ATROPELAMENTO,AUTO E PEDESTRE,1,,,,1,,,,,1,,,,,,,,,,,,,,
2018-04-18,17:10:00,SEM VÍTIMA,FINALIZADA,TORRE,RUA JOSE BONIFACIO,1315,,E/F AO CARREFOUR,RUA JOSE BONIFACIO,1315,E/F AO CARREFOUR,TORRE,,,COLISÃO,COLISAO ENTRE DOIS AUTOS S/V,2,,,,,,,,,0,,,,,,,,,,,,,,
2018-04-18,17:38:00,SEM VÍTIMA,FINALIZADA,MADALENA,RUA BENFICA,748,,EM FRENTE AO EXTRA DA BENFICA,RUA BENFICA,748,EM FRENTE AO EXTRA DA BENFICA,MADALENA,,,COLISÃO,ONIBUS E AUTO,1,,,,,1,,,,0,,,,,,,,,,,,,,
2018-04-18,18:12:00,SEM VÍTIMA,FINALIZADA,IPSEP,AV RECIFE,,,NA ENTRADA DO IBURA E E/F AO POSTO SHELL / SEMÁFORO 055,AV RECIFE,,NA ENTRADA DO IBURA E E/F AO POSTO SHELL / SEMÁFORO 055,IPSEP,,,COLISÃO,ENTRE AUTO E ÕNIBUS. SV,1,,,,,1,,,,0,,,,,,,,,,,,,,
2018-04-18,18:16:00,SEM VÍTIMA,FINALIZADA,IMBIRIBEIRA,AV MARECHAL MASCARENHAS DE MORAES,4223,,SENT. SUBURBIO/ CIDADE  EM FRENTE AO CLUBE RODOVIARIO DE PERNAMBUCO,AV MARECHAL MASCARENHAS DE MORAES,4223,SENT. SUBURBIO/ CIDADE  EM FRENTE AO CLUBE RODOVIARIO DE PERNAMBUCO,IMBIRIBEIRA,,,COLISÃO,ONIBUS E AUTO,1,,,,,1,,,,0,,,,,,,,,,,,,,
2018-04-18,18:26:00,SEM VÍTIMA,FINALIZADA,AFOGADOS,AV SUL,,,E/F AO TERMINAL LARGO DA PAZ / SNT CIDADE,AV SUL,,E/F AO TERMINAL LARGO DA PAZ / SNT CIDADE,AFOGADOS,,,COLISÃO,ENTRE CARRO FORTE E AUTO PASSEIO. S/V,2,,,,,,,,,0,,,,,,,,,,,,,,
2018-04-18,18:27:00,SEM VÍTIMA,FINALIZADA,DERBY,AV GOVERNADOR AGAMENON MAGALHAES,73,,PROX. AO CLUBE SAUDE,AV GOVERNADOR AGAMENON MAGALHAES,73,PROX. AO CLUBE SAUDE,DERBY,,,COLISÃO,DOIS AUTOS,2,,,,,,,,,0,,,,,,,,,,,,,,
2018-04-18,18:35:00,SEM VÍTIMA,FINALIZADA,DERBY,RUA JENER DE SOUZA,,,(PRAÇA DO DERBY) E/F AO QUARTEL DO DERBY,RUA JENER DE SOUZA,,(PRAÇA DO DERBY) E/F AO QUARTEL DO DERBY,DERBY,,,COLISÃO,ENTRE 2 AUTOS. S/V,2,,,,,,,,,0,,,,,,,,,,,,,,
2018-04-18,19:22:00,SEM VÍTIMA,FINALIZADA,ÁGUA FRIA,RUA DA REGENERACAO,1179,,APOS O CANAL DO ARRUDA  PROX. AOS PREDIOS DESATIVADOS,RUA DA REGENERACAO,1179,APOS O CANAL DO ARRUDA  PROX. AOS PREDIOS DESATIVADOS,ÁGUA FRIA,,,COLISÃO,DOIS AUTOS,2,,,,,,,,,0,,,,,,,,,,,,,,
2018-04-18,19:36:00,SEM VÍTIMA,FINALIZADA,VASCO DA GAMA,AV VEREADOR OTACILIO AZEVEDO,1093,,PROX. A UPA DE NOVA DESCOBERTA,AV VEREADOR OTACILIO AZEVEDO,1093,PROX. A UPA DE NOVA DESCOBERTA,VASCO DA GAMA,,,CAPOTAMENTO,CAPOTAMENTO DEVIDO A PERSEGUIÇÃO POLICIAL,1,,,,,,,,,0,,,,,,,,,,,,,,
2018-04-18,19:36:00,COM VÍTIMA,FINALIZADA,SANTO AMARO,AV CRUZ CABUGA,,,E/F AO HOSPITAL NAVAL DE RECIFE (( OU HOSPITAL DA MARINHA )) SNT OLINDA,AV CRUZ CABUGA,,E/F AO HOSPITAL NAVAL DE RECIFE (( OU HOSPITAL DA MARINHA )) SNT OLINDA,SANTO AMARO,,,COLISÃO,ENTRE AUTO E MOTO. C/V,1,1,,,,,,,,1,,,,,,,,,,,,,,
2018-04-18,20:16:00,SEM VÍTIMA,FINALIZADA,AFLITOS,RUA DES MARTINS PEREIRA,132,RUA TELES JUNIOR,COM A RUA TELES JUNIOR  EM FRENTE AO FERNANDO´S BAR,RUA DES MARTINS PEREIRA,132,COM A RUA TELES JUNIOR  EM FRENTE AO FERNANDO´S BAR,AFLITOS,,,COLISÃO,DOIS AUTOS,2,,,,,,,,,0,,,,,,,,,,,,,,
2018-04-18,20:21:00,SEM VÍTIMA,FINALIZADA,IPSEP,AV RECIFE,,,PROX. A ENTRADA DO IBURA EM FRENTE DO POSTO DE GASOLINA SHELL,AV RECIFE,,PROX. A ENTRADA DO IBURA EM FRENTE DO POSTO DE GASOLINA SHELL,IPSEP,,,COLISÃO,TRES AUTOS,3,,,,,,,,,0,,,,,,,,,,,,,,
2018-04-18,20:36:00,SEM VÍTIMA,FINALIZADA,BOMBA DO HEMETÉRIO,RUA BOMBA DO HEMETERIO,405,,EM FRENTE A FUNERARIA CANAA,RUA BOMBA DO HEMETERIO,405,EM FRENTE A FUNERARIA CANAA,BOMBA DO HEMETÉRIO,,,COLISÃO,CAMINHÃO E AUTO,1,,,,,,1,,,0,,,,,,,,,,,,,,
2018-04-18,23:05:00,SEM VÍTIMA,FINALIZADA,VÁRZEA,RUA MARECHAL MANOEL LUIS OSORIO,,,E/F AO COLÉGIO PONTUAL,RUA MARECHAL MANOEL LUIS OSORIO,,E/F AO COLÉGIO PONTUAL,VÁRZEA,,,COLISÃO,ENTRE AUTO E CAMINHÃO. S/V,1,,,,,,1,,,0,,,,,,,,,,,,,,
2018-04-19,06:44:00,SEM VÍTIMA,FINALIZADA,BEBERIBE,PRC DA CONVENCAO,45,,AO LADO DA LOJA ESPOSENDE CALÇADOS,PRC DA CONVENCAO,45,AO LADO DA LOJA ESPOSENDE CALÇADOS,BEBERIBE,,,COLISÃO,COLISÃO SEM VITIMAS,1,,,,,1,,,,0,,,,,,,,,,,,,,
2018-04-19,08:09:00,SEM VÍTIMA,FINALIZADA,BOA VIAGEM,AV CONSELHEIRO AGUIAR,3600,,EM FRENTE A ACADEMIA HI,AV CONSELHEIRO AGUIAR,3600,EM FRENTE A ACADEMIA HI,BOA VIAGEM,,,COLISÃO,DOIS AUTOS,2,,,,,,,,,0,,,,,,,,,,,,,,
2018-04-19,08:57:00,COM VÍTIMA,FINALIZADA,IBURA,AV RECIFE,,AV DOM HELDER CAMARA,CRUZAMENTO COM A AV DOM HELDER CÂMARA,AV RECIFE,,CRUZAMENTO COM A AV DOM HELDER CÂMARA,IBURA,,,ATROPELAMENTO,MOTO E PEDESTRE - VÍTIMA SOCORRIDA PELO SANU,,1,,,1,,,,,1,,,,,,,,,,,,,,
2018-04-19,09:31:00,SEM VÍTIMA,FINALIZADA,BOA VIAGEM,AV CONSELHEIRO AGUIAR,,,EM FRENTE A CAIXA ECONOMICA / SEMAFORO 318,AV CONSELHEIRO AGUIAR,,EM FRENTE A CAIXA ECONOMICA / SEMAFORO 318,BOA VIAGEM,,,COLISÃO,AUTO PASSEIO / ONIBUS / VT 10 NO QTH,1,,,,,1,,,,0,,,,,,,,,,,,,,
2018-04-19,09:32:00,SEM VÍTIMA,FINALIZADA,DERBY,RUA BENFICA,,,EM FRENTE AO CLUBE INTERNACIONAL,RUA BENFICA,,EM FRENTE AO CLUBE INTERNACIONAL,DERBY,,,COLISÃO,COL.,2,,,,,,,,,0,,,,,,,,,,,,,,
2018-04-19,09:40:00,COM VÍTIMA,FINALIZADA,IBURA,AV RECIFE,,AV DOM HELDER CAMARA,CRUZAMENTO COM A AV DOM HELDER CÂMARA,AV RECIFE,,CRUZAMENTO COM A AV DOM HELDER CÂMARA,IBURA,,,ATROPELAMENTO,MOTO E PEDESTRE - VÍTIMA SOCORRIDA PELO SANU,,1,,,1,,,,,1,,,,,,,,,,,,,,
2018-04-19,09:51:00,SEM VÍTIMA,FINALIZADA,BONGI,EST DOS REMEDIOS,,EST VELHA DO BONGI,DE ESQUINA COM A ESTRADA VELHA DO BONGI EM FRENTE AO POSTO DE GASOLINA BR,EST DOS REMEDIOS,,DE ESQUINA COM A ESTRADA VELHA DO BONGI EM FRENTE AO POSTO DE GASOLINA BR,BONGI,,,COLISÃO,COLISÃO SEM VITIMAS,2,,,,,,,,,0,,,,,,,,,,,,,,
2018-04-19,10:01:00,SEM VÍTIMA,FINALIZADA,CAJUEIRO,RUA TENENTE WANDERLEY,645,,TERMINAL DE ONIBUS DO CAJUEIRO,RUA TENENTE WANDERLEY,645,TERMINAL DE ONIBUS DO CAJUEIRO,CAJUEIRO,,,COLISÃO,COLISÃO SEM VITIMAS,1,,,,,,1,,,0,,,,,,,,,,,,,,
2018-04-19,10:02:00,SEM VÍTIMA,FINALIZADA,ARRUDA,RUA PETRONILA BOTELHO,171,,APOS A UPAA PRIMEIRA A DIREITA,RUA PETRONILA BOTELHO,171,APOS A UPAA PRIMEIRA A DIREITA,ARRUDA,,,COLISÃO,DOIS AUTOS,2,,,,,,,,,0,,,,,,,,,,,,,,
2018-04-19,10:11:00,COM VÍTIMA,CANCELADA,SANTO AMARO,AV JOAO DE BARROS,,,NO SEMAFORO Nº412,AV JOAO DE BARROS,,NO SEMAFORO Nº412,SANTO AMARO,,,COLISÃO,COL..C/V.SET.SUB,1,1,,,,,,,,1,,,,,,,,,,,,,,
2018-04-19,10:25:00,SEM VÍTIMA,FINALIZADA,IMBIRIBEIRA,AV MARECHAL MASCARENHAS DE MORAES,,,AO LADO DA CAIXA ECONOMICA NA ENTADA PARA RUA CAPITÃO ZUZINHA,AV MARECHAL MASCARENHAS DE MORAES,,AO LADO DA CAIXA ECONOMICA NA ENTADA PARA RUA CAPITÃO ZUZINHA,IMBIRIBEIRA,,,COLISÃO,COL.S/V.SET.BOA VIAGEM,1,,,,,1,,,,0,,,,,,,,,,,,,,
2018-04-19,12:04:00,SEM VÍTIMA,FINALIZADA,TEJIPIÓ,AV DR JOSE RUFINO,,,EM FRENTE AO POSTO DE GASOLINA IPIRANGA E A ESTAÇÃO TEJIPIO,AV DR JOSE RUFINO,,EM FRENTE AO POSTO DE GASOLINA IPIRANGA E A ESTAÇÃO TEJIPIO,TEJIPIÓ,,,COLISÃO,COLISÃO SEM VITIMAS,2,,,,,,,,,0,,,,,,,,,,,,,,
2018-04-19,12:13:00,SEM VÍTIMA,FINALIZADA,IMBIRIBEIRA,AV TANCREDO NEVES,,,NA SAÍDA DA INTEGRAÇÃO - TI TANCREDO NEVES,AV TANCREDO NEVES,,NA SAÍDA DA INTEGRAÇÃO - TI TANCREDO NEVES,IMBIRIBEIRA,,,COLISÃO,SEM VÍTIMA,1,,,,,,1,,,0,,,,,,,,,,,,,,
2018-04-19,12:31:00,SEM VÍTIMA,CANCELADA,IBURA,AV SANTA FE,616,,EM FRENTE A LOJA TINTAS FREVO E AO COLEGIO JORDÃO EMERECIANO,AV SANTA FE,616,EM FRENTE A LOJA TINTAS FREVO E AO COLEGIO JORDÃO EMERECIANO,IBURA,,,COLISÃO,COLISÃO SEM VITIMAS,1,1,,,,,,,,0,,,,,,,,,,,,,,
2018-04-19,12:41:00,SEM VÍTIMA,FINALIZADA,JORDÃO,AV MARIA IRENE,1094,,NA PRAÇA DO JORDÃO DE BAIXO,AV MARIA IRENE,1094,NA PRAÇA DO JORDÃO DE BAIXO,JORDÃO,,,COLISÃO,COLISAO ENTRE MOTO E AUTO S/V,1,1,,,,,,,,0,,,,,,,,,,,,,,
2018-04-19,12:46:00,SEM VÍTIMA,FINALIZADA,BOA VIAGEM,AV BOA VIAGEM,4988,,NA PRAÇA DE BOA VIAGEM,AV BOA VIAGEM,4988,NA PRAÇA DE BOA VIAGEM,BOA VIAGEM,,,COLISÃO,COLISAO ENTRE DOIS AUTOS S/V,2,,,,,,,,,0,,,,,,,,,,,,,,
2018-04-19,13:20:00,SEM VÍTIMA,FINALIZADA,BOA VISTA,RUA DO PRINCIPE,,,NA FRENTE DO HOSP. MILITAR,RUA DO PRINCIPE,,NA FRENTE DO HOSP. MILITAR,BOA VISTA,,,COLISÃO,COLISÃO SEM VITIMAS,1,,,,,1,,,,0,,,,,,,,,,,,,,
2018-04-19,13:37:00,SEM VÍTIMA,FINALIZADA,IPSEP,RUA HELIO BRANDAO,,GENERAL BENTO GAMA,COM GENERAL BENTO GAMA NA RUA DA PIZZARIA ATLANTICO,RUA HELIO BRANDAO,,COM GENERAL BENTO GAMA NA RUA DA PIZZARIA ATLANTICO,IPSEP,,,COLISÃO,COLISAO ENTRE DOIS AUTOS S/V,2,,,,,,,,,0,,,,,,,,,,,,,,
2018-04-19,13:47:00,SEM VÍTIMA,CANCELADA,SÃO JOSÉ,RUA FLORIANO PEIXOTO,,,AO LADO DA ESTAÇÃO DO METRO DE RECIFE EM BAIXO DO SEMAFORO 012,RUA FLORIANO PEIXOTO,,AO LADO DA ESTAÇÃO DO METRO DE RECIFE EM BAIXO DO SEMAFORO 012,SÃO JOSÉ,,,COLISÃO,COLISÃO SEM VITIMAS,,1,,,,,1,,,0,,,,,,,,,,,,,,
2018-04-19,14:55:00,SEM VÍTIMA,FINALIZADA,ILHA JOANA BEZERRA,VDO PAPA JOAO PAULO II,,,AO LADO DA INTEGRAÇÃO JOANA BEZERRA E A AACD EM CIMA DO VIADUTO JOANA BEZERRA SENTIDO AGAMENON MAGALHAES,VDO PAPA JOAO PAULO II,,AO LADO DA INTEGRAÇÃO JOANA BEZERRA E A AACD EM CIMA DO VIADUTO JOANA BEZERRA SENTIDO AGAMENON MAGALHAES,ILHA JOANA BEZERRA,,,COLISÃO,COLISÃO SEM VITIMAS,3,,,,,,,,,0,,,,,,,,,,,,,,
2018-04-19,15:10:00,SEM VÍTIMA,FINALIZADA,IMBIRIBEIRA,VIADUTO TANCREDO NEVES,,,SUBIDA DO VIADUTO TANCREDO NEVES NA SAÍDA DA INTEGRAÇÃO TANCREDO NEVES,VIADUTO TANCREDO NEVES,,SUBIDA DO VIADUTO TANCREDO NEVES NA SAÍDA DA INTEGRAÇÃO TANCREDO NEVES,IMBIRIBEIRA,,,CHOQUE,SEM VÍTIMA. GRANDE DERRAMAMENTO DE OLEO NA PISTA OCASIONANDO VARIOS TRANSTORNOS NO LOCAL. CONFORME SE DEPREENDE DO PROTOCOLO 2018 10 830  O CAMINHÃO CHOCOU-SE COM OS PRISMAS DE CONCRETO NA SUBIDA DO VIADUTO  SAÍDA DO TI-TANCREDO NEVES.,,,,,,,1,,,0,,,,,,,,,,,,,,
2018-04-19,15:18:00,SEM VÍTIMA,CANCELADA,IMBIRIBEIRA,AV MARECHAL MASCARENHAS DE MORAES,5109,,PROX. A LINHA DO TREM DA ENTRADA PARA O AEROPORTO,AV MARECHAL MASCARENHAS DE MORAES,5109,PROX. A LINHA DO TREM DA ENTRADA PARA O AEROPORTO,IMBIRIBEIRA,,,COLISÃO,COLISÃO SEM VITIMAS,1,,,,,,1,,,0,,,,,,,,,,,,,,
2018-04-19,15:59:00,COM VÍTIMA,FINALIZADA,ROSARINHO,AV NORTE,3370,,,AV NORTE,3370,,ROSARINHO,,,COLISÃO COM CICLISTA,,,1,,,,,,,,1,,,,,,,,,,,,,,
2018-04-19,16:29:00,SEM VÍTIMA,FINALIZADA,BAIRRO DO RECIFE,AV ALFREDO LISBOA,173,,PROX. AO MARCO ZERO  E O PODER JUDICIARIO  SENTIDO OLINDA,AV ALFREDO LISBOA,173,PROX. AO MARCO ZERO  E O PODER JUDICIARIO  SENTIDO OLINDA,BAIRRO DO RECIFE,,,COLISÃO,COLISÃO SEM VITIMA,3,,,,,,,,,0,,,,,,,,,,,,,,
2018-04-19,16:47:00,SEM VÍTIMA,FINALIZADA,CAXANGÁ,AV CAXANGA,5312,,NA FRENTE AO RESIDENCIAL CAXANGÁ E O GOLF CLUB,AV CAXANGA,5312,NA FRENTE AO RESIDENCIAL CAXANGÁ E O GOLF CLUB,CAXANGÁ,,,COLISÃO,COLISÃO SEM VITIMA,2,,,,,,,,,0,,,,,,,,,,,,,,
2018-04-19,17:06:00,SEM VÍTIMA,CANCELADA,LINHA DO TIRO,RUA URIEL DE HOLANDA,1274,,EM FRENTE A ESCOLA VISÃO ATUAL,RUA URIEL DE HOLANDA,1274,EM FRENTE A ESCOLA VISÃO ATUAL,LINHA DO TIRO,,,COLISÃO,COLISÃO SEM VITIMAS,1,1,,,,,,,,0,,,,,,,,,,,,,,
2018-04-19,17:26:00,SEM VÍTIMA,FINALIZADA,IPUTINGA,RUA PROFESSOR JOAQUIM XAVIER DE BRITO,166,,EM FRENTE AO ARMAZEM JC ' EM FRENTE AO EDIFICIO IRMÃ DULCE,RUA PROFESSOR JOAQUIM XAVIER DE BRITO,166,EM FRENTE AO ARMAZEM JC ' EM FRENTE AO EDIFICIO IRMÃ DULCE,IPUTINGA,,,COLISÃO,COLISÃO SEM VITIMAS,2,,,,,,,,,0,,,,,,,,,,,,,,
2018-04-19,17:51:00,SEM VÍTIMA,FINALIZADA,BAIRRO DO RECIFE,AV MARQUES DE OLINDA,,CAIS DA ALFANDEGA,COM CAIS DA ALFANDEGA  NO SEMAFORO 165,AV MARQUES DE OLINDA,,COM CAIS DA ALFANDEGA  NO SEMAFORO 165,BAIRRO DO RECIFE,,,COLISÃO,COLISAO ENTRE AUTO E ONIBUS S/V,1,,,,,1,,,,0,,,,,,,,,,,,,,
2018-04-19,19:07:00,SEM VÍTIMA,FINALIZADA,SANTO ANTÔNIO,AV SUL,,,EF AO PREDIO DA EMTU SENTIDO AFOGADOS,AV SUL,,EF AO PREDIO DA EMTU SENTIDO AFOGADOS,SANTO ANTÔNIO,,,COLISÃO,COLISAO S/V,1,,,,,,1,,,0,,,,,,,,,,,,,,
2018-04-19,19:27:00,SEM VÍTIMA,FINALIZADA,ILHA DO LEITE,AV GOVERNADOR AGAMENON MAGALHAES,,,SENT. OLINDA  EM FRENTE AO EMPRESARIAL ISAAC NEWTON,AV GOVERNADOR AGAMENON MAGALHAES,,SENT. OLINDA  EM FRENTE AO EMPRESARIAL ISAAC NEWTON,ILHA DO LEITE,,,COLISÃO,DOIS AUTOS,2,,,,,,,,,0,,,,,,,,,,,,,,
2018-04-19,22:33:00,SEM VÍTIMA,FINALIZADA,AFOGADOS,RUA SAO MIGUEL,,,PROX A MATERNIDADE BANDEIRA FILHO/ EM FRENTE AO CORREIOS,RUA SAO MIGUEL,,PROX A MATERNIDADE BANDEIRA FILHO/ EM FRENTE AO CORREIOS,AFOGADOS,,,COLISÃO,COLISAO S/V,2,,,,,,,,,0,,,,,,,,,,,,,,
2018-04-20,00:06:00,SEM VÍTIMA,FINALIZADA,IPSEP,RUA FRANCISCO BARRETO,467,RUA ITACAMBIRA,ESQUINA COM A RUA ITACAMBIRA  EM FRENTE AO EDIFICIO PARQUE BONDEIRÃO  PROX DO CANTINHO DO AÇAI,RUA FRANCISCO BARRETO,467,ESQUINA COM A RUA ITACAMBIRA  EM FRENTE AO EDIFICIO PARQUE BONDEIRÃO  PROX DO CANTINHO DO AÇAI,IPSEP,,,COLISÃO,COLISÃO ENTRE VIATURA DA PM E AUTO S/V,1,,,,,,,1,,0,,,,,,,,,,,,,,
2018-04-20,00:25:00,SEM VÍTIMA,FINALIZADA,CORDEIRO,AV ENGENHEIRO ABDIAS DE CARVALHO,,AV GAL SAN MARTIN,CRUZAMENTO COM A AVENIDA GENERAL SAN MARTIN  EM FRENTE AO COMPAZ  SENTIDO RECIFE,AV ENGENHEIRO ABDIAS DE CARVALHO,,CRUZAMENTO COM A AVENIDA GENERAL SAN MARTIN  EM FRENTE AO COMPAZ  SENTIDO RECIFE,CORDEIRO,,,COLISÃO,COLISÃO ENTRE DOIS AUTOS S/V,2,,,,,,,,,0,,,,,,,,,,,,,,
2018-04-20,01:53:00,SEM VÍTIMA,FINALIZADA,BOA VISTA,RUA DO HOSPICIO,,RUA RIACHUELO,CRUZAMENTOCOM A RUA RIACHUELO  PROX DA LOJAS AMERICANAS,RUA DO HOSPICIO,,CRUZAMENTOCOM A RUA RIACHUELO  PROX DA LOJAS AMERICANAS,BOA VISTA,,,COLISÃO,COLISÃO ENTRE DOIS AUTOS S/V,2,,,,,,,,,0,,,,,,,,,,,,,,
2018-04-20,05:59:00,SEM VÍTIMA,FINALIZADA,SÃO JOSÉ,RUA IMPERIAL,,TRV PADRE AZEVEDO,CRUZ/COM A TRAVESSA PADRE AZEVEDO SEMAFORO 511,RUA IMPERIAL,,CRUZ/COM A TRAVESSA PADRE AZEVEDO SEMAFORO 511,SÃO JOSÉ,,,COLISÃO,SEM VITIMAS,1,,,,,1,,,,0,,,,,,,,,,,,,,
2018-04-20,06:34:00,SEM VÍTIMA,FINALIZADA,SÃO JOSÉ,C SANTA RITA,,,SEMAFORO 383 CAIS DE SANTA RITA,C SANTA RITA,,SEMAFORO 383 CAIS DE SANTA RITA,SÃO JOSÉ,,,COLISÃO,SEM VITIMAS CRIANÇA DE COLO NO VEÍCULO AUTO PASSEIO,1,,,,,1,,,,0,,,,,,,,,,,,,,
2018-04-20,07:58:00,SEM VÍTIMA,FINALIZADA,SANTO AMARO,AV MARIO MELO,,,E/F A ASSEMBLEIA DE DEUS  SENTIDO AGAMENON. SEMÁFORO 171,AV MARIO MELO,,E/F A ASSEMBLEIA DE DEUS  SENTIDO AGAMENON. SEMÁFORO 171,SANTO AMARO,,,COLISÃO,SEM VÍTIMAS,1,1,,,,,,,,0,,,,,,,,,,,,,,
2018-04-20,08:46:00,SEM VÍTIMA,CANCELADA,ESPINHEIRO,RUA DO ESPINHEIRO,800,,EM FRENTE EDF/PIO XII,RUA DO ESPINHEIRO,800,EM FRENTE EDF/PIO XII,ESPINHEIRO,,,COLISÃO,COL.S/V,2,,,,,,,,,0,,,,,,,,,,,,,,
2018-04-20,08:50:00,SEM VÍTIMA,FINALIZADA,MADALENA,AV BEIRA RIO,80,,EM FRENTE AO EDF GIARDINO BEIRA RIO,AV BEIRA RIO,80,EM FRENTE AO EDF GIARDINO BEIRA RIO,MADALENA,,,COLISÃO,SEM VITIMAS.,1,1,,,,,,,,0,,,,,,,,,,,,,,
2018-04-20,08:50:00,SEM VÍTIMA,FINALIZADA,BOA VIAGEM,AV BOA VIAGEM,3870,,PROX. AO QUIOSQUE PONTO DO AÇAI,AV BOA VIAGEM,3870,PROX. AO QUIOSQUE PONTO DO AÇAI,BOA VIAGEM,,,COLISÃO,DOIS AUTOS S/V,2,,,,,,,,,0,,,,,,,,,,,,,,
2018-04-20,08:51:00,COM VÍTIMA,FINALIZADA,AREIAS,RUA IPOJUCA,,,EM FRENTE DA PRAÇ DOS EROIS,RUA IPOJUCA,,EM FRENTE DA PRAÇ DOS EROIS,AREIAS,,,COLISÃO,COL.C/V,1,1,,,,,,,,1,,,,,,,,,,,,,,
2018-04-20,09:48:00,SEM VÍTIMA,FINALIZADA,IPSEP,AV RECIFE,3592,,ANTES DO SAL E BRASA  SENTIDO BOA VIAGEM,AV RECIFE,3592,ANTES DO SAL E BRASA  SENTIDO BOA VIAGEM,IPSEP,,,ENGAVETAMENTO,ENTRE QUATRO VEICULOS,4,,,,,,,,,0,,,,,,,,,,,,,,
2018-04-20,10:02:00,SEM VÍTIMA,CANCELADA,BOA VIAGEM,RUA RIBEIRO DE BRITO,,,NO SEMAFOO Nº496,RUA RIBEIRO DE BRITO,,NO SEMAFOO Nº496,BOA VIAGEM,,,COLISÃO,COL.S/V. CONDUTORA ESTA GESTANTE,2,,,,,,,,,0,,,,,,,,,,,,,,
2018-04-20,10:37:00,SEM VÍTIMA,FINALIZADA,JORDÃO,RUA ALBERTO LUNDGREN,31A,,E/F A LOJA ATRAÇÃO MODAS. NO LADO DIREITO DA VIA.,RUA ALBERTO LUNDGREN,31A,E/F A LOJA ATRAÇÃO MODAS. NO LADO DIREITO DA VIA.,JORDÃO,,,COLISÃO,SEM VÍTIMAS,1,,,,,1,,,,0,,,,,,,,,,,,,,
2018-04-20,11:10:00,SEM VÍTIMA,FINALIZADA,PINA,RUA JOAQUIM CARNEIRO DA SILVA,248,,EM FRENTE A PRAÇA CATUARINA,RUA JOAQUIM CARNEIRO DA SILVA,248,EM FRENTE A PRAÇA CATUARINA,PINA,,,COLISÃO,SEM VITIMAS,2,,,,,,,,,0,,,,,,,,,,,,,,
2018-04-20,11:12:00,SEM VÍTIMA,FINALIZADA,ÁGUA FRIA,AV BEBERIBE,2046,,EM FRENTE A PAGUE MENOS  SENTIDO FUNDAO,AV BEBERIBE,2046,EM FRENTE A PAGUE MENOS  SENTIDO FUNDAO,ÁGUA FRIA,,,COLISÃO,DUAS MOTOS S/V,,2,,,,,,,,0,,,,,,,,,,,,,,