data,hora,natureza_acidente,situacao,bairro,endereco,numero,detalhe_endereco_acidente,complemento,endereco_cruzamento,numero_cruzamento,referencia_cruzamento,bairro_cruzamento,num_semaforo,sentido_via,tipo,descricao,auto,moto,ciclom,ciclista,pedestre,onibus,caminhao,viatura,outros,vitimas,vitimasfatais,acidente_verificado,tempo_clima,situacao_semaforo,sinalizacao,condicao_via,conservacao_via,ponto_controle,situacao_placa,velocidade_max_via,mao_direcao,divisao_via1,divisao_via2,divisao_via3
2018-04-20,11:17:00,SEM VÍTIMA,FINALIZADA,SANTO AMARO,RUA FREI CASSIMIRO,892,,NO INICIO DA RUA,RUA FREI CASSIMIRO,892,NO INICIO DA RUA,SANTO AMARO,,,COLISÃO,COL.S/V.NO SET.AV CURZ CABUGA,2,,,,,,,,,0,,,,,,,,,,,,,,
2018-04-20,12:20:00,SEM VÍTIMA,FINALIZADA,BOA VIAGEM,RUA BARAO DE SOUZA LEAO,1153,,EM FRENTE AO SUPERMERCADO TREVO,RUA BARAO DE SOUZA LEAO,1153,EM FRENTE AO SUPERMERCADO TREVO,BOA VIAGEM,,,COLISÃO,COLISÃO SEM VÍTIMA,2,,,,,,,,,0,,,,,,,,,,,,,,
2018-04-20,12:39:00,SEM VÍTIMA,FINALIZADA,GRAÇAS,AV RUI BARBOSA,,,E/F AO BANCO ITAÚ,AV RUI BARBOSA,,E/F AO BANCO ITAÚ,GRAÇAS,,,COLISÃO,COLISAO ENTRE AUTO E MOTO S/V,2,,,,,,,,,0,,,,,,,,,,,,,,
2018-04-20,13:09:00,SEM VÍTIMA,FINALIZADA,CASA AMARELA,AV NORTE,4728,,EM FRENTE AO ARMAZEM CORAL  SENTIDO MACAXEIRA,AV NORTE,4728,EM FRENTE AO ARMAZEM CORAL  SENTIDO MACAXEIRA,CASA AMARELA,,,ENGAVETAMENTO,TRES AUTOS S/V,3,,,,,,,,,0,,,,,,,,,,,,,,
2018-04-20,13:10:00,SEM VÍTIMA,FINALIZADA,IBURA,AV DOM HELDER CAMARA,267,,PROX AO NUCLEO DA POLICIA MILITAR,AV DOM HELDER CAMARA,267,PROX AO NUCLEO DA POLICIA MILITAR,IBURA,,,COLISÃO,COLISAO ENTRE DOIS AUTOS E UM CAMINHAO S/V,2,,,,,,1,,,0,,,,,,,,,,,,,,
2018-04-20,13:54:00,SEM VÍTIMA,FINALIZADA,IMBIRIBEIRA,AV MARECHAL MASCARENHAS DE MORAES,,,PORTÃO DE DESEMBARQUE NORTE A2,AV MARECHAL MASCARENHAS DE MORAES,,PORTÃO DE DESEMBARQUE NORTE A2,IMBIRIBEIRA,,,COLISÃO,COLISÃO SEM VITIMA,2,,,,,,,,,0,,,,,,,,,,,,,,
2018-04-20,15:08:00,SEM VÍTIMA,CANCELADA,JORDÃO,RUA JOSE MARTORANO,,,NO TERMINAL DO JORDÃO BAIXO,RUA JOSE MARTORANO,,NO TERMINAL DO JORDÃO BAIXO,JORDÃO,,,COLISÃO,COLISAO ENTRE ONIBUS E CAMINHAO HR,,1,,,,,1,,,0,,,,,,,,,,,,,,
2018-04-20,15:10:00,SEM VÍTIMA,FINALIZADA,JOANA BEZERRA,VIADUTO CAPITAO TEMUDO,,,EM CIMA DO VIADUTO/ SENTIDO BOA VIAGEM,VIADUTO CAPITAO TEMUDO,,EM CIMA DO VIADUTO/ SENTIDO BOA VIAGEM,JOANA BEZERRA,,,COLISÃO COM CICLISTA,COLISÃO SEM VÍTIMA,2,,,1,,,,,,0,,,,,,,,,,,,,,
2018-04-20,15:20:00,COM VÍTIMA,FINALIZADA,TORRE,RUA REAL DA TORRE,918,,EM FRENTE AO WIZARD,RUA REAL DA TORRE,918,EM FRENTE AO WIZARD,TORRE,,,ATROPELAMENTO,COM VÍTIMA,1,,,,2,,,,,2,,,,,,,,,,,,,,
2018-04-20,15:22:00,SEM VÍTIMA,FINALIZADA,BOA VISTA,AV CONDE DA BOA VISTA,,,S/T DERBY E/F AO POSTO BR,AV CONDE DA BOA VISTA,,S/T DERBY E/F AO POSTO BR,BOA VISTA,,,COLISÃO,COLISAO ENTRE ONIBUS E AUTO S/V,1,,,,,1,,,,0,,,,,,,,,,,,,,
2018-04-20,15:43:00,SEM VÍTIMA,FINALIZADA,MANGUEIRA,RUA ALEXANDRE RODRIGUES FERREIRA,314,,EM FRENTE AO SUPERMERCADO REDE TEM,RUA ALEXANDRE RODRIGUES FERREIRA,314,EM FRENTE AO SUPERMERCADO REDE TEM,MANGUEIRA,,,COLISÃO,COLISÃO SEM VÍTIMA,1,,,,,,1,,,0,,,,,,,,,,,,,,
2018-04-20,15:44:00,SEM VÍTIMA,FINALIZADA,BOA VISTA,RUA DA SOLEDADE,,,EM FRENTE AO ALTINO VENTURA,RUA DA SOLEDADE,,EM FRENTE AO ALTINO VENTURA,BOA VISTA,,,COLISÃO,AUTO E ONIBUS,1,,,,,1,,,,0,,,,,,,,,,,,,,
2018-04-20,16:19:00,SEM VÍTIMA,FINALIZADA,DERBY,AV GOVERNADOR AGAMENON MAGALHAES,,,PROX A MC DONALD S PISTA LOCAL S/T OLINDA,AV GOVERNADOR AGAMENON MAGALHAES,,PROX A MC DONALD S PISTA LOCAL S/T OLINDA,DERBY,,,COLISÃO,COLISAO ENTRE ONIBUS E AUTOS S/V,1,,,,,1,,,,0,,,,,,,,,,,,,,
2018-04-20,16:47:00,SEM VÍTIMA,FINALIZADA,SAN MARTIN,AV ENGENHEIRO ABDIAS DE CARVALHO,,,APÓS O YOK  SENTIDO CENTRO,AV ENGENHEIRO ABDIAS DE CARVALHO,,APÓS O YOK  SENTIDO CENTRO,SAN MARTIN,,,COLISÃO,COLISÃO ENTRE VT PC E MOTOCICLETA SEM VÍTIMA,,,,,,,,,,0,,,,,,,,,,,,,,
2018-04-20,16:47:00,SEM VÍTIMA,FINALIZADA,BOA VIAGEM,RUA RIBEIRO DE BRITO,1250,,E/F AO HOTEL NACIONAL INN RECIFE,RUA RIBEIRO DE BRITO,1250,E/F AO HOTEL NACIONAL INN RECIFE,BOA VIAGEM,,,COLISÃO,COLISAO ENTRE DOIS AUTOS S/V,2,,,,,,,,,0,,,,,,,,,,,,,,
2018-04-20,17:18:00,SEM VÍTIMA,FINALIZADA,PINA,AV CONSELHEIRO AGUIAR,122,,E/F AO SÓ CALDINHO,AV CONSELHEIRO AGUIAR,122,E/F AO SÓ CALDINHO,PINA,,,COLISÃO,COLISAO ENTRE DOIS AUTOS E UMA MOTO S/V,2,1,,,,,,,,0,,,,,,,,,,,,,,
2018-04-20,17:56:00,SEM VÍTIMA,FINALIZADA,BOA VIAGEM,AV CONSELHEIRO AGUIAR,642,,E/F AO CONSORCIO REALIZA,AV CONSELHEIRO AGUIAR,642,E/F AO CONSORCIO REALIZA,BOA VIAGEM,,,COLISÃO,COLISAO ENTRE DOIS AUTOS S/V,2,,,,,,,,,0,,,,,,,,,,,,,,
2018-04-20,18:29:00,SEM VÍTIMA,FINALIZADA,TORRÕES,AV ENGENHEIRO ABDIAS DE CARVALHO,,,E/F A UPA TORRÕES - DULCE SAMPAIO / SNT CURADO,AV ENGENHEIRO ABDIAS DE CARVALHO,,E/F A UPA TORRÕES - DULCE SAMPAIO / SNT CURADO,TORRÕES,,,COLISÃO,ENTRE 2 AUTOS. S/V,2,,,,,,,,,0,,,,,,,,,,,,,,
2018-04-20,19:08:00,SEM VÍTIMA,FINALIZADA,AFOGADOS,RUA NICOLAU PEREIRA,,,EF A ASA INDUSTRIA,RUA NICOLAU PEREIRA,,EF A ASA INDUSTRIA,AFOGADOS,,,ENGAVETAMENTO,COLISAO S/V,2,,,,,,1,,,0,,,,,,,,,,,,,,
2018-04-20,20:52:00,COM VÍTIMA,FINALIZADA,MADALENA,RUA NOBRE DE LACERDA,,MONSENHOR JULIO MARIA,NO CRUZAMENTO COM NOSENHOR JULIO MARIA/CASA DO MAÇOM,RUA NOBRE DE LACERDA,,NO CRUZAMENTO COM NOSENHOR JULIO MARIA/CASA DO MAÇOM,MADALENA,,,COLISÃO,COLISÃO C/V SAMU NO LOCAL,1,1,,,,,,,,2,,,,,,,,,,,,,,
2018-04-20,21:35:00,SEM VÍTIMA,CANCELADA,BOA VIAGEM,RUA ANTONIO FALCAO,240,,APÓS O MERCADO EXTRA  SNT IMBIRIBEIRA / PRÓX AO SANTANDER SELECT,RUA ANTONIO FALCAO,240,APÓS O MERCADO EXTRA  SNT IMBIRIBEIRA / PRÓX AO SANTANDER SELECT,BOA VIAGEM,,,COLISÃO,ENTRE 2 AUTOS. S/V,2,,,,,,,,,0,,,,,,,,,,,,,,
2018-04-20,21:45:00,SEM VÍTIMA,FINALIZADA,BOA VISTA,AV MANOEL BORBA,,RUA JOSE DE ALENCAR,CRUZANDO COM A JOSÉ DE ELENCAR / SEMÁFORO 029,AV MANOEL BORBA,,CRUZANDO COM A JOSÉ DE ELENCAR / SEMÁFORO 029,BOA VISTA,,,COLISÃO,ENTRE 2 AUTOS. S/V],2,,,,,,,,,0,,,,,,,,,,,,,,
2018-04-20,22:26:00,SEM VÍTIMA,FINALIZADA,SANTO AMARO,RUA DOS PALMARES,,,NO SEMAFORO 171/ CEMITERIO DE SANTO AMARO,RUA DOS PALMARES,,NO SEMAFORO 171/ CEMITERIO DE SANTO AMARO,SANTO AMARO,,,COLISÃO,COLISAO S/V,1,,,,,1,,,,0,,,,,,,,,,,,,,
2018-04-21,02:48:00,COM VÍTIMA,FINALIZADA,CAXANGÁ,AV CAXANGA,,,APOS A UPA  EM FRENTE A IGREJA ASSEMBLEIA DE DEUS NO SEMAFORO 232 SENT. CIDADE,AV CAXANGA,,APOS A UPA  EM FRENTE A IGREJA ASSEMBLEIA DE DEUS NO SEMAFORO 232 SENT. CIDADE,CAXANGÁ,,,COLISÃO,DOIS AUTOS,2,,,,,,,,,1,,,,,,,,,,,,,,
2018-04-21,03:32:00,SEM VÍTIMA,FINALIZADA,CIDADE UNIVERSITÁRIA,AV PROFESSOR ARTUR DE SA,236,,AO LADO DO HOSPITAL DAS CLINICAS,AV PROFESSOR ARTUR DE SA,236,AO LADO DO HOSPITAL DAS CLINICAS,CIDADE UNIVERSITÁRIA,,,COLISÃO,DOIS AUTOS,2,,,,,,,,,0,,,,,,,,,,,,,,
2018-04-21,07:02:00,SEM VÍTIMA,FINALIZADA,ARRUDA,RUA ALEGRE,,AV BEBERIBE,CRUZAMENTO COM A AV BEBERIBE,RUA ALEGRE,,CRUZAMENTO COM A AV BEBERIBE,ARRUDA,,,COLISÃO,SEM VITIMAS,,,,,,,,,,0,,,,,,,,,,,,,,
2018-04-21,08:06:00,SEM VÍTIMA,FINALIZADA,SAN MARTIN,RUA PEDRO BOULITREAU,404,,RUA DA PRAÇA DO CACHICO / ESTACIONADOS NO LAVA JATO,RUA PEDRO BOULITREAU,404,RUA DA PRAÇA DO CACHICO / ESTACIONADOS NO LAVA JATO,SAN MARTIN,,,COLISÃO,DOIS AUTOS,2,,,,,,,,,0,,,,,,,,,,,,,,
2018-04-21,11:29:00,SEM VÍTIMA,FINALIZADA,ENGENHO DO MEIO,AV VISCONDE DE SAO LEOPOLDO,,,EM FRENTE DA REITORIA UFPE,AV VISCONDE DE SAO LEOPOLDO,,EM FRENTE DA REITORIA UFPE,ENGENHO DO MEIO,,,COLISÃO,COL.S/V   SET AV .CAXANGA,1,,,,,1,,,,0,,,,,,,,,,,,,,
2018-04-21,13:12:00,SEM VÍTIMA,FINALIZADA,IMBIRIBEIRA,AV MARECHAL MASCARENHAS DE MORAES,630,,EM FRENTE AO ARMAZEM CORAL SENT/ AFOGADOS,AV MARECHAL MASCARENHAS DE MORAES,630,EM FRENTE AO ARMAZEM CORAL SENT/ AFOGADOS,IMBIRIBEIRA,,,COLISÃO,SEM VITIMAS,2,,,,,,,,,0,,,,,,,,,,,,,,
2018-04-21,13:18:00,SEM VÍTIMA,CANCELADA,IPUTINGA,RUA SAO MATEUS,10,,NA ESQUINA DA FARMACIA DO TRABALHADOR,RUA SAO MATEUS,10,NA ESQUINA DA FARMACIA DO TRABALHADOR,IPUTINGA,,,COLISÃO COM CICLISTA,SEM VITIMAS,1,,,1,,,,,,0,,,,,,,,,,,,,,
2018-04-21,14:05:00,SEM VÍTIMA,FINALIZADA,BOA VIAGEM,AV BOA VIAGEM,3650,,EM FRENTE AO EDF AMBROSIO TRAJADO,AV BOA VIAGEM,3650,EM FRENTE AO EDF AMBROSIO TRAJADO,BOA VIAGEM,,,COLISÃO,SEM VITIMAS,1,1,,,,,,,,0,,,,,,,,,,,,,,
2018-04-21,14:07:00,SEM VÍTIMA,FINALIZADA,SANTO AMARO,AV CRUZ CABUGA,,,NA ESQUINA DA ESCOLA DE APRENDIZ DE MARINHEIRO  SENTIDO OLINDA,AV CRUZ CABUGA,,NA ESQUINA DA ESCOLA DE APRENDIZ DE MARINHEIRO  SENTIDO OLINDA,SANTO AMARO,,,COLISÃO,COLISÃO SEM VITIMA,2,,,,,,,,,0,,,,,,,,,,,,,,
2018-04-21,14:53:00,SEM VÍTIMA,FINALIZADA,ESPINHEIRO,RUA ALFREDO DE CARVALHO,186,,RUA AO LADO DA DELEGACIA DO ESPINHEIRO,RUA ALFREDO DE CARVALHO,186,RUA AO LADO DA DELEGACIA DO ESPINHEIRO,ESPINHEIRO,,,COLISÃO,SEM VITIMAS,3,,,,,,,,,0,,,,,,,,,,,,,,
2018-04-21,14:59:00,SEM VÍTIMA,CANCELADA,DERBY,AV GOVERNADOR AGAMENON MAGALHAES,,,NA FRENTE DO AMERICANO BATISTA  ESQUINA DA DROGASIL SENTIDO OLINDA,AV GOVERNADOR AGAMENON MAGALHAES,,NA FRENTE DO AMERICANO BATISTA  ESQUINA DA DROGASIL SENTIDO OLINDA,DERBY,,,COLISÃO,COLISÃO SEM VITIMA,2,,,,,,,,,0,,,,,,,,,,,,,,
2018-04-21,16:30:00,COM VÍTIMA,FINALIZADA,CASA FORTE,AV DEZESSETE DE AGOSTO,,,COLADO COM O CPOR - OFICINA PARQUE DE MOTOS,AV DEZESSETE DE AGOSTO,,COLADO COM O CPOR - OFICINA PARQUE DE MOTOS,CASA FORTE,,,COLISÃO,CARRO E MOTO,1,1,,,,,,,,2,,,,,,,,,,,,,,
2018-04-21,16:35:00,SEM VÍTIMA,FINALIZADA,PARNAMIRIM,RUA TITO ROSAS,,,NA FRENTE DO POSTO SHELL,RUA TITO ROSAS,,NA FRENTE DO POSTO SHELL,PARNAMIRIM,,,COLISÃO,COLISÃO SEM VITIMA,1,,,,,1,,,,0,,,,,,,,,,,,,,
2018-04-21,17:08:00,SEM VÍTIMA,FINALIZADA,SÃO JOSÉ,RUA IMPERIAL,1600,,NA FRENTE DA JUCEPE,RUA IMPERIAL,1600,NA FRENTE DA JUCEPE,SÃO JOSÉ,,,ATROPELAMENTO ANIMAL,ACIDENTE ENTRE UM AUTO E UM CAVALO/ A CRIANÇA QUE ESTAVA SOB O CAVALO SAIU DO LOCAL,1,,,,,,,,1,0,,,,,,,,,,,,,,
2018-04-21,17:15:00,COM VÍTIMA,FINALIZADA,BOA VIAGEM,AV ENGENHEIRO DOMINGOS FERREIRA,,,RUA BRUNO VELOEO,AV ENGENHEIRO DOMINGOS FERREIRA,,RUA BRUNO VELOEO,BOA VIAGEM,,,COLISÃO,CELTA X BMW,2,,,,,,,,,1,,,,,,,,,,,,,,
2018-04-21,18:42:00,SEM VÍTIMA,FINALIZADA,IMBIRIBEIRA,AV MARECHAL MASCARENHAS DE MORAES,,,PROX AO AEROPORTO SENTIDO AFOGADOS,AV MARECHAL MASCARENHAS DE MORAES,,PROX AO AEROPORTO SENTIDO AFOGADOS,IMBIRIBEIRA,,,COLISÃO,COLISAO S/V,1,,,,,,1,,,0,,,,,,,,,,,,,,
2018-04-21,19:36:00,COM VÍTIMA,FINALIZADA,BOA VIAGEM,AV CONSELHEIRO AGUIAR,,,EF AO EXTRA,AV CONSELHEIRO AGUIAR,,EF AO EXTRA,BOA VIAGEM,,,COLISÃO,COLISAO C/ V,1,1,,,,,,,,1,,,,,,,,,,,,,,
2018-04-21,20:05:00,COM VÍTIMA,FINALIZADA,IMBIRIBEIRA,RUA JOSE DA SILVA LUCENA,619,,COLEGIO GGE,RUA JOSE DA SILVA LUCENA,619,COLEGIO GGE,IMBIRIBEIRA,,,COLISÃO,COLISAO C/ V,1,1,,,,,,,,1,,,,,,,,,,,,,,
2018-04-21,21:45:00,SEM VÍTIMA,CANCELADA,TEJIPIÓ,AV DR JOSE RUFINO,,,E/F A ESCOLA ALBERTO TORRES,AV DR JOSE RUFINO,,E/F A ESCOLA ALBERTO TORRES,TEJIPIÓ,,,COLISÃO,COLISAO S/V,1,,,,,1,,,,0,,,,,,,,,,,,,,
2018-04-21,20:48:00,COM VÍTIMA,FINALIZADA,SANTO AMARO,AV CRUZ CABUGA,,,E/F A ASSEMBLEIA DE DEUS SEMAFORO 523,AV CRUZ CABUGA,,E/F A ASSEMBLEIA DE DEUS SEMAFORO 523,SANTO AMARO,,,COLISÃO,COLISAO C/ V,1,1,,,,,,,,1,,,,,,,,,,,,,,
2018-04-21,22:13:00,COM VÍTIMA,CANCELADA,TORRE,RUA CONDE DE IRAJA,,,PROXIMIDADES DA IGREJA DA TORRE E E/F A BARBEARIA SÃO VITORINO,RUA CONDE DE IRAJA,,PROXIMIDADES DA IGREJA DA TORRE E E/F A BARBEARIA SÃO VITORINO,TORRE,,,COLISÃO,ENTRE AUTO E MOTO. C/V,1,1,,,,,,,,1,,,,,,,,,,,,,,
2018-04-21,23:08:00,SEM VÍTIMA,FINALIZADA,BOA VIAGEM,RUA ERNESTO DE PAULA SANTOS,,AV FERNANDO SIMOES BARBOSA,CRUZANDO A AV FERNANDO SIMÕES BARBOSA / ESQUINA CM POSTO SHELL,RUA ERNESTO DE PAULA SANTOS,,CRUZANDO A AV FERNANDO SIMÕES BARBOSA / ESQUINA CM POSTO SHELL,BOA VIAGEM,,,COLISÃO,ENTRE 2 AUTOS. S/V,2,,,,,,,,,0,,,,,,,,,,,,,,
2018-04-21,23:09:00,SEM VÍTIMA,FINALIZADA,BEBERIBE,AV BEBERIBE,,,PIZZARIA HUT,AV BEBERIBE,,PIZZARIA HUT,BEBERIBE,,,COLISÃO,FIAT/PALIO - ONIBUS,1,,,,,1,,,,0,,,,,,,,,,,,,,
2018-04-21,23:27:00,COM VÍTIMA,FINALIZADA,ARRUDA,RUA PETRONILA BOTELHO,,,SEMÁFORO 554 / CAMPO DO ARRUDA PRÓXIMO,RUA PETRONILA BOTELHO,,SEMÁFORO 554 / CAMPO DO ARRUDA PRÓXIMO,ARRUDA,,,COLISÃO,ENTRE 2 AUTOS. C/V,2,,,,,,,,,1,,,,,,,,,,,,,,
2018-04-22,01:05:00,COM VÍTIMA,FINALIZADA,AREIAS,AV RECIFE,,,EM FRENTE A PAJUÇARA // EM FRENTE A FARMÁCIA PAGUE MENOS / e/f a churrascaria pai jussara   semáforo 619,AV RECIFE,,EM FRENTE A PAJUÇARA // EM FRENTE A FARMÁCIA PAGUE MENOS / e/f a churrascaria pai jussara   semáforo 619,AREIAS,,,ATROPELAMENTO ANIMAL,MOTO ATROPELOU UM CAVALO,,1,,,,,,,,1,,,,,,,,,,,,,,
2018-04-22,04:05:00,SEM VÍTIMA,FINALIZADA,ARRUDA,AV BEBERIBE,,,E/F AO CAMPO DO SANTA CRUZ FC  SNT BEBERIBE,AV BEBERIBE,,E/F AO CAMPO DO SANTA CRUZ FC  SNT BEBERIBE,ARRUDA,,,COLISÃO,ENTRE 2 AUTOS. S/V,2,,,,,,,,,0,,,,,,,,,,,,,,
2018-04-22,06:29:00,SEM VÍTIMA,FINALIZADA,BOA VIAGEM,RUA DES JOAO PAES,,,CRUZ/ CORONEL ANIZIO RODRIGUES COELHO AO LADO DO LAVA JATO BAR ESCRITORIO,RUA DES JOAO PAES,,CRUZ/ CORONEL ANIZIO RODRIGUES COELHO AO LADO DO LAVA JATO BAR ESCRITORIO,BOA VIAGEM,,,COLISÃO,SEM VITIMAS,2,,,,,,,,,0,,,,,,,,,,,,,,
2018-04-22,09:30:00,SEM VÍTIMA,FINALIZADA,IPSEP,AV RECIFE,,,EM FRENTE AO POSTO SHEL SENT AEROPORTO / SEMAFORO 055,AV RECIFE,,EM FRENTE AO POSTO SHEL SENT AEROPORTO / SEMAFORO 055,IPSEP,,,COLISÃO,DOIS AUTOS,2,,,,,,,,,0,,,,,,,,,,,,,,
2018-04-22,12:43:00,SEM VÍTIMA,CANCELADA,ESPINHEIRO,RUA AMELIA,,,PAO DE AÇUCAR/ SHOPPING ESPINHEIRO,RUA AMELIA,,PAO DE AÇUCAR/ SHOPPING ESPINHEIRO,ESPINHEIRO,,,COLISÃO,COLISAO S/V,2,,,,,,,,,0,,,,,,,,,,,,,,
2018-04-22,13:11:00,SEM VÍTIMA,FINALIZADA,SAN MARTIN,RUA ITAPEMIRIM,,AV CONS VILARES FRAGOSO,CRUZAMENTO COM CONS. VILARES FRAGOSO   PROX. A CAVALARIA,RUA ITAPEMIRIM,,CRUZAMENTO COM CONS. VILARES FRAGOSO   PROX. A CAVALARIA,SAN MARTIN,,,COLISÃO,DOIS AUTOS S/V,2,,,,,,,,,0,,,,,,,,,,,,,,
2018-04-22,18:27:00,COM VÍTIMA,CANCELADA,BONGI,EST DO BONGI,,,E/F A ANTIGA ITAPEMIRIM   SNT MUSTARDINHA,EST DO BONGI,,E/F A ANTIGA ITAPEMIRIM   SNT MUSTARDINHA,BONGI,,,COLISÃO COM CICLISTA,AUTO X CICLISTA,1,,,1,,,,,,1,,,,,,,,,,,,,,
2018-04-22,18:31:00,COM VÍTIMA,FINALIZADA,CASA FORTE,AV DEZESSETE DE AGOSTO,,,PROX A VITORIA REGIA/ PRAÇA DE CASA FORTE,AV DEZESSETE DE AGOSTO,,PROX A VITORIA REGIA/ PRAÇA DE CASA FORTE,CASA FORTE,,,COLISÃO,COLISAO C/V,1,1,,,,,,,,1,,,,,,,,,,,,,,
2018-04-22,19:12:00,SEM VÍTIMA,CANCELADA,BOA VIAGEM,RUA SETUBAL,,,PROX A PRAÇA DE BOA VIAGEM/NO CRUZ. VICENTE GOMES,RUA SETUBAL,,PROX A PRAÇA DE BOA VIAGEM/NO CRUZ. VICENTE GOMES,BOA VIAGEM,,,COLISÃO,COLISAO S/V,2,,,,,,,,,0,,,,,,,,,,,,,,
2018-04-22,19:29:00,SEM VÍTIMA,FINALIZADA,BOA VIAGEM,RUA RIO AZUL,142,RUA VIRIATO CORREIA,CRUZANDO COM A R VIRIATO CORREIA / PRÓX AO CANAL,RUA RIO AZUL,142,CRUZANDO COM A R VIRIATO CORREIA / PRÓX AO CANAL,BOA VIAGEM,,,COLISÃO,ENTRE 2 AUTOS. S/V,2,,,,,,,,,0,,,,,,,,,,,,,,
2018-04-22,19:29:00,SEM VÍTIMA,FINALIZADA,JOANA BEZERRA,AV BEIRA RIO,,,PROX AO METRO JOANA BEZERRA,AV BEIRA RIO,,PROX AO METRO JOANA BEZERRA,JOANA BEZERRA,,,ATROPELAMENTO ANIMAL,VEICULO COLIDIU COM UM CAVALO,,,,,,,,,,0,,,,,,,,,,,,,,
2018-04-22,19:56:00,SEM VÍTIMA,FINALIZADA,BOA VIAGEM,RUA BRUNO VELOSO,,,EF A ACADEMIA R2,RUA BRUNO VELOSO,,EF A ACADEMIA R2,BOA VIAGEM,,,COLISÃO,COLISAO SV,1,,,,,1,,,,0,,,,,,,,,,,,,,
2018-04-23,06:36:00,SEM VÍTIMA,FINALIZADA,BOA VIAGEM,AV DOM JOAO VI,,RUA PEDRO PAES MENDONCA,SEMAFORO 543 CRUZ/COM A RUA PEDRO PAES MENDONÇA,AV DOM JOAO VI,,SEMAFORO 543 CRUZ/COM A RUA PEDRO PAES MENDONÇA,BOA VIAGEM,,,COLISÃO,SEM VITIMAS,2,,,,,,,,,0,,,,,,,,,,,,,,
2018-04-23,07:19:00,COM VÍTIMA,FINALIZADA,BOA VIAGEM,RUA JOAO CARDOSO AIRES,446,,EM FRENTE AO EDF TEOREMA,RUA JOAO CARDOSO AIRES,446,EM FRENTE AO EDF TEOREMA,BOA VIAGEM,,,COLISÃO,MOTO E AUTO,1,1,,,,,,,,1,,,,,,,,,,,,,,
2018-04-23,07:34:00,SEM VÍTIMA,FINALIZADA,CAÇOTE,AV RECIFE,1501,,SENT/BR 101 EM FRENTE A LOJA DE PISCINAS FIBER,AV RECIFE,1501,SENT/BR 101 EM FRENTE A LOJA DE PISCINAS FIBER,CAÇOTE,,,COLISÃO,SEM VITIMAS,1,,,,,,1,,,0,,,,,,,,,,,,,,
2018-04-23,07:44:00,SEM VÍTIMA,FINALIZADA,IPSEP,AV RAIMUNDO DINIZ,3335,,E/F AO RESIDENCIAL AV RECIFE  SEMÁFORO 247. SENTIDO BR 101,AV RAIMUNDO DINIZ,3335,E/F AO RESIDENCIAL AV RECIFE  SEMÁFORO 247. SENTIDO BR 101,IPSEP,,,COLISÃO,SEM VÍTIMAS,1,1,,,,,,,,0,,,,,,,,,,,,,,
2018-04-23,08:22:00,SEM VÍTIMA,FINALIZADA,ENCRUZILHADA,RUA GUADALUPE,34,,RUA EM FRENTE A PRAÇA DA PICANHA E AO LADO DA AUTO NORTE EQUIPADORA,RUA GUADALUPE,34,RUA EM FRENTE A PRAÇA DA PICANHA E AO LADO DA AUTO NORTE EQUIPADORA,ENCRUZILHADA,,,COLISÃO,SEM VITIMAS,1,,,,,,1,,,0,,,,,,,,,,,,,,
2018-04-23,08:28:00,SEM VÍTIMA,CANCELADA,IMBIRIBEIRA,AV MARECHAL MASCARENHAS DE MORAES,,,AO LADO DO AEROPORTO NO RETORNO DO JORDAO,AV MARECHAL MASCARENHAS DE MORAES,,AO LADO DO AEROPORTO NO RETORNO DO JORDAO,IMBIRIBEIRA,,,COLISÃO,COL.S/V,1,,,,,,1,,,0,,,,,,,,,,,,,,
2018-04-23,09:16:00,SEM VÍTIMA,FINALIZADA,PINA,RUA MANOEL DE BRITO,,AV ANTONIO DE GOES,CRUZAMENTO COM A AVENIDA ANTONIO DE GÓES SEMAFORO 103,RUA MANOEL DE BRITO,,CRUZAMENTO COM A AVENIDA ANTONIO DE GÓES SEMAFORO 103,PINA,,,COLISÃO,SEM VITIMAS AGENTE DA CTTU PONTO FIXO VAI FAZER O B.O,1,,,,,1,,,,0,,,,,,,,,,,,,,
2018-04-23,09:26:00,SEM VÍTIMA,CANCELADA,SAN MARTIN,AV ENGENHEIRO ABDIAS DE CARVALHO,,,E/F A ANTIGA ENTRADA DA CHESF  SENTIDO PRADO.,AV ENGENHEIRO ABDIAS DE CARVALHO,,E/F A ANTIGA ENTRADA DA CHESF  SENTIDO PRADO.,SAN MARTIN,,,COLISÃO,SEM VÍTIMAS,2,,,,,,,,,0,,,,,,,,,,,,,,
2018-04-23,09:26:00,SEM VÍTIMA,FINALIZADA,ESTÂNCIA,AV RECIFE,,,EM FRENTE AO MAKRO SENT/BOA VIAGEM,AV RECIFE,,EM FRENTE AO MAKRO SENT/BOA VIAGEM,ESTÂNCIA,,,COLISÃO,SEM VITIMAS CONDUTORA DO ALTO PASSEIO GESTANTE,1,,,,,,1,,,0,,,,,,,,,,,,,,
2018-04-23,09:49:00,SEM VÍTIMA,FINALIZADA,NOVA DESCOBERTA,AV CHAGAS FERREIRA,,,POR TRÁS DA UPA DE NOVA DESCOBERTA,AV CHAGAS FERREIRA,,POR TRÁS DA UPA DE NOVA DESCOBERTA,NOVA DESCOBERTA,,,TOMBAMENTO,EQUIPE NO LOCAL AGUARDANDO O MUCK PARA TIRAR O VEÍCULO DO CANAL,,,,,,,,,,0,,,,,,,,,,,,,,
2018-04-23,10:10:00,SEM VÍTIMA,FINALIZADA,SÃO JOSÉ,AV DANTAS BARRETO,1224,,AO LADO DO EDF SAO RAFAEL,AV DANTAS BARRETO,1224,AO LADO DO EDF SAO RAFAEL,SÃO JOSÉ,,,COLISÃO,DOIS AUTOS,2,,,,,,,,,0,,,,,,,,,,,,,,
2018-04-23,10:56:00,SEM VÍTIMA,FINALIZADA,AREIAS,AV RECIFE,,,E/F AO MAKRO  SENTIDO AEROPORTO,AV RECIFE,,E/F AO MAKRO  SENTIDO AEROPORTO,AREIAS,,,COLISÃO,SEM VÍTIMAS. VT 10 NO LOCAL,2,,,,,,1,,,0,,,,,,,,,,,,,,