data,hora,natureza_acidente,situacao,bairro,endereco,numero,detalhe_endereco_acidente,complemento,endereco_cruzamento,numero_cruzamento,referencia_cruzamento,bairro_cruzamento,num_semaforo,sentido_via,tipo,descricao,auto,moto,ciclom,ciclista,pedestre,onibus,caminhao,viatura,outros,vitimas,vitimasfatais,acidente_verificado,tempo_clima,situacao_semaforo,sinalizacao,condicao_via,conservacao_via,ponto_controle,situacao_placa,velocidade_max_via,mao_direcao,divisao_via1,divisao_via2,divisao_via3
2018-04-23,12:07:00,SEM VÍTIMA,FINALIZADA,BOA VISTA,AV GOVERNADOR AGAMENON MAGALHAES,675,,PARQUE AMORIM E/F A IGREJA DA CAPUNGA,AV GOVERNADOR AGAMENON MAGALHAES,675,PARQUE AMORIM E/F A IGREJA DA CAPUNGA,BOA VISTA,,,COLISÃO,COLISAO ENTRE DOIS AUTOS S/V,2,,,,,,,,,0,,,,,,,,,,,,,,
2018-04-23,12:37:00,SEM VÍTIMA,FINALIZADA,BEBERIBE,AV BEBERIBE,4553,,PROX. A OPÇAO MOVEIS  E EM FRENTE AO POSTO DE SAUDE  SEMAFORO 398,AV BEBERIBE,4553,PROX. A OPÇAO MOVEIS  E EM FRENTE AO POSTO DE SAUDE  SEMAFORO 398,BEBERIBE,,,COLISÃO,AUTO E MOTO,1,1,,,,,,,,0,,,,,,,,,,,,,,
2018-04-23,12:46:00,SEM VÍTIMA,CANCELADA,IPUTINGA,RUA SANTA LUCIA,146,,E/F AO SUPERMERCADO RENDE MAIS,RUA SANTA LUCIA,146,E/F AO SUPERMERCADO RENDE MAIS,IPUTINGA,,,COLISÃO,COLISAOO ENTRE AUTO E ONIBUS,1,,,,,1,,,,0,,,,,,,,,,,,,,
2018-04-23,12:48:00,COM VÍTIMA,FINALIZADA,IMBIRIBEIRA,AV MARECHAL MASCARENHAS DE MORAES,,,EM FRENTE AO BANCO ITAU E AO BANCO SANTADER,AV MARECHAL MASCARENHAS DE MORAES,,EM FRENTE AO BANCO ITAU E AO BANCO SANTADER,IMBIRIBEIRA,,,COLISÃO,COLISÃO COM VITIMA A ESPERA DO SAMU,1,1,,,,,,,,1,,,,,,,,,,,,,,
2018-04-23,12:59:00,COM VÍTIMA,FINALIZADA,COQUEIRAL,RUA GUANABARA,326,,E/F A IGREJA ASSEMBLEIA E DEUS,RUA GUANABARA,326,E/F A IGREJA ASSEMBLEIA E DEUS,COQUEIRAL,,,COLISÃO,COLISAO ENTRE AUTO E MOTO COM UMA VITIMA,1,1,,,,,,,,1,,,,,,,,,,,,,,
2018-04-23,13:03:00,SEM VÍTIMA,FINALIZADA,MADALENA,AV VISCONDE DE ALBUQUERQUE,,,EM FRENTE AO MUNDO DO CABELEIREIIRO,AV VISCONDE DE ALBUQUERQUE,,EM FRENTE AO MUNDO DO CABELEIREIIRO,MADALENA,,,COLISÃO,COLISÃO SEM VITIMAS VT 15 QTH,1,,,,,,1,,,0,,,,,,,,,,,,,,
2018-04-23,13:42:00,SEM VÍTIMA,FINALIZADA,BOA VIAGEM,RUA BARAO DE SOUZA LEAO,,,ENTRE O MAR HOTEL E O BANCO DO BRASIL,RUA BARAO DE SOUZA LEAO,,ENTRE O MAR HOTEL E O BANCO DO BRASIL,BOA VIAGEM,,,COLISÃO,COLISAO ENTRE DOIS AUTOS S/V,2,,,,,,,,,0,,,,,,,,,,,,,,
2018-04-23,14:37:00,SEM VÍTIMA,FINALIZADA,HIPÓDROMO,RUA FONSECA OLIVEIRA,,,SEMAFORO 504,RUA FONSECA OLIVEIRA,,SEMAFORO 504,HIPÓDROMO,,,ENGAVETAMENTO,TRES AUTOS,3,,,,,,,,,0,,,,,,,,,,,,,,
2018-04-23,15:02:00,SEM VÍTIMA,CANCELADA,SÃO JOSÉ,RUA DA CONCORDIA,206,,E/F AO TACADÃO DOS ELETROS,RUA DA CONCORDIA,206,E/F AO TACADÃO DOS ELETROS,SÃO JOSÉ,,,COLISÃO,COLISAO ENTRE DOIS AUTOS S/V,2,,,,,,,,,0,,,,,,,,,,,,,,
2018-04-23,15:27:00,SEM VÍTIMA,FINALIZADA,IMBIRIBEIRA,AV MARECHAL MASCARENHAS DE MORAES,,,SENTIDO AEROPORTO EM FRENTE AO MINISTERIO DO TRABALHO,AV MARECHAL MASCARENHAS DE MORAES,,SENTIDO AEROPORTO EM FRENTE AO MINISTERIO DO TRABALHO,IMBIRIBEIRA,,,COLISÃO,COLISÃO SEM VITIMAAS,1,,,,,,1,,,0,,,,,,,,,,,,,,
2018-04-23,15:33:00,COM VÍTIMA,FINALIZADA,IBURA,AV DOIS RIOS,430,,EM FRENTE A MD TINTAS/ SENTIDO AV. RECIFE,AV DOIS RIOS,430,EM FRENTE A MD TINTAS/ SENTIDO AV. RECIFE,IBURA,,,COLISÃO,COLISÃO COM VÍTIMA,1,1,,,,,,,,2,,,,,,,,,,,,,,
2018-04-23,15:40:00,COM VÍTIMA,FINALIZADA,CASA AMARELA,RUA OSCAR DE BARROS,,AV CONS PERETE,NO CRUZAMENTO DA CONS. PERETE COM OSCAR DE BARROS,RUA OSCAR DE BARROS,,NO CRUZAMENTO DA CONS. PERETE COM OSCAR DE BARROS,CASA AMARELA,,,COLISÃO,COLISAO ENTRE AUTO E MOTO COM VITIMA,1,1,,,,,,,,1,,,,,,,,,,,,,,
2018-04-23,16:38:00,COM VÍTIMA,FINALIZADA,CASA FORTE,AV DEZESSETE DE AGOSTO,2133,,EM FRENTE AO MUSEU DO NORDESTE,AV DEZESSETE DE AGOSTO,2133,EM FRENTE AO MUSEU DO NORDESTE,CASA FORTE,,,COLISÃO,AUTO E MOTO C/V,1,1,,,,,,,,1,,,,,,,,,,,,,,
2018-04-23,16:48:00,SEM VÍTIMA,FINALIZADA,ILHA DO LEITE,RUA MINAS GERAIS,,,POR TRAS DO IMIP EM FRENTE A PRAÇA MIGUEL DE CERVANTES,RUA MINAS GERAIS,,POR TRAS DO IMIP EM FRENTE A PRAÇA MIGUEL DE CERVANTES,ILHA DO LEITE,,,COLISÃO,COLISÃO SEM VITIMAS,,1,,,,1,,,,0,,,,,,,,,,,,,,
2018-04-23,17:01:00,SEM VÍTIMA,FINALIZADA,IPUTINGA,RUA SAO MATEUS,1060,,PROX A FARMACIA DO TRABALHADOR E/F AO CONJUNTO RESIDENCIAL JARDIM RENASCENÇE,RUA SAO MATEUS,1060,PROX A FARMACIA DO TRABALHADOR E/F AO CONJUNTO RESIDENCIAL JARDIM RENASCENÇE,IPUTINGA,,,COLISÃO,COLISAO ENTRE ONIBUS E AUTO S/V,1,,,,,1,,,,0,,,,,,,,,,,,,,
2018-04-23,17:31:00,SEM VÍTIMA,FINALIZADA,BOA VISTA,AV JOAO DE BARROS,2615,,AO LADO DO VIADUTO  PROX. A CELPE,AV JOAO DE BARROS,2615,AO LADO DO VIADUTO  PROX. A CELPE,BOA VISTA,,,COLISÃO,AUTO E ONIBUS DA ,1,,,,,1,,,,0,,,,,,,,,,,,,,
2018-04-23,17:39:00,SEM VÍTIMA,FINALIZADA,BOA VIAGEM,RUA RIBEIRO DE BRITO,,,PROX A ENTRADA DO CARREFOUR NA SUBIDA DO VIADUTO TANCREDO NEVES,RUA RIBEIRO DE BRITO,,PROX A ENTRADA DO CARREFOUR NA SUBIDA DO VIADUTO TANCREDO NEVES,BOA VIAGEM,,,COLISÃO,COLISÃO SEM VITIMAS,1,,,,,,1,,,0,,,,,,,,,,,,,,
2018-04-23,18:17:00,SEM VÍTIMA,FINALIZADA,IMBIRIBEIRA,RUA ENGENHEIRO JOSE BRANDAO CAVALCANTE,40,AV ENG ALVES DE SOUZA,COM AV. ENG. ALVES DE SOUZA  PROX. A LAGOA DO ARAÇA  E AUTO STOP RECUPERAÇÃO AUTOMOTIVA,RUA ENGENHEIRO JOSE BRANDAO CAVALCANTE,40,COM AV. ENG. ALVES DE SOUZA  PROX. A LAGOA DO ARAÇA  E AUTO STOP RECUPERAÇÃO AUTOMOTIVA,IMBIRIBEIRA,,,COLISÃO,AUTO E ONIBUS COMP.,1,,,,,1,,,,0,,,,,,,,,,,,,,
2018-04-23,19:11:00,SEM VÍTIMA,FINALIZADA,DERBY,RUA AMARO BEZERRA,410,,PROX. AO PET SHOP CAES E GATOS E RICARDO E RIVA CABELEIREIROS,RUA AMARO BEZERRA,410,PROX. AO PET SHOP CAES E GATOS E RICARDO E RIVA CABELEIREIROS,DERBY,,,COLISÃO,CARRO FORTE E AUTO,1,,,,,,,,1,0,,,,,,,,,,,,,,
2018-04-23,19:35:00,SEM VÍTIMA,FINALIZADA,BOA VISTA,RUA DAS NINFAS,303,,E/F A FACULDADE SÃO MIGUEL,RUA DAS NINFAS,303,E/F A FACULDADE SÃO MIGUEL,BOA VISTA,,,COLISÃO,ENTRE 2 AUTOS. S/V,2,,,,,,,,,0,,,,,,,,,,,,,,
2018-04-23,21:43:00,SEM VÍTIMA,FINALIZADA,IMBIRIBEIRA,AV MARECHAL MASCARENHAS DE MORAES,,,NA DESCIDA DO VIADUTO E E/F A AVIS  SNT CIDADE,AV MARECHAL MASCARENHAS DE MORAES,,NA DESCIDA DO VIADUTO E E/F A AVIS  SNT CIDADE,IMBIRIBEIRA,,,CHOQUE,ENTRE AUTO E MURO NA LOCALIDADE. S/V,1,,,,,,,,,0,,,,,,,,,,,,,,
2018-04-23,22:33:00,SEM VÍTIMA,FINALIZADA,ENCRUZILHADA,RUA PROFESSOR MIRANDA CURIO,101,,E/F AO TABERNÁCULO ESPÍRITA APÓSTOLOS DE CRISTO,RUA PROFESSOR MIRANDA CURIO,101,E/F AO TABERNÁCULO ESPÍRITA APÓSTOLOS DE CRISTO,ENCRUZILHADA,,,COLISÃO,ENTRE 2 AUTOS. S/V,2,,,,,,,,,0,,,,,,,,,,,,,,
2018-04-24,02:57:00,COM VÍTIMA,FINALIZADA,BOA VIAGEM,AVENIDA CELSO FURTADO (VIA MANGUE),,,PRÓXIMO AO EXTRA E POR TRAZ DO ESPAÇO FOCO.,AVENIDA CELSO FURTADO (VIA MANGUE),,PRÓXIMO AO EXTRA E POR TRAZ DO ESPAÇO FOCO.,BOA VIAGEM,,,CAPOTAMENTO,VEÍCULO BATEU NUM POSTE E CAPOTOU,1,,,,,,,,,1,,,,,,,,,,,,,,
2018-04-24,06:28:00,SEM VÍTIMA,FINALIZADA,ESTÂNCIA,AV RECIFE,,,EM CIMA DO VIADUTO ULISSES GUIMARÃES / SENT BOA VIAGEM,AV RECIFE,,EM CIMA DO VIADUTO ULISSES GUIMARÃES / SENT BOA VIAGEM,ESTÂNCIA,,,COLISÃO,DOIS AUTOS,2,,,,,,,,,0,,,,,,,,,,,,,,
2018-04-24,06:30:00,SEM VÍTIMA,FINALIZADA,PRADO,AV ENGENHEIRO ABDIAS DE CARVALHO,260,,SENTIDO INTERIOR EM FRENTE AO HABIB´S,AV ENGENHEIRO ABDIAS DE CARVALHO,260,SENTIDO INTERIOR EM FRENTE AO HABIB´S,PRADO,,,COLISÃO,COLISÃO SEM VITIMAS,2,,,,,,,,,0,,,,,,,,,,,,,,
2018-04-24,06:49:00,COM VÍTIMA,FINALIZADA,JORDÃO,AV MARIA IRENE,261,,PROX AO QUARTEL DA AERONAUTICA,AV MARIA IRENE,261,PROX AO QUARTEL DA AERONAUTICA,JORDÃO,,,COLISÃO,COLISÃO COM VITIMA A ESPERA DO SAMU,1,1,,,,,,,,1,,,,,,,,,,,,,,
2018-04-24,08:03:00,COM VÍTIMA,FINALIZADA,ESTÂNCIA,AV DR JOSE RUFINO,520,,EM FRENTE AO COMERCIAL GALERIA MARGARIDA,AV DR JOSE RUFINO,520,EM FRENTE AO COMERCIAL GALERIA MARGARIDA,ESTÂNCIA,,,COLISÃO,COLISÃO COM A VITIMA A ESPERA SAMU,1,1,,,,,,,,1,,,,,,,,,,,,,,
2018-04-24,08:31:00,SEM VÍTIMA,FINALIZADA,BOA VIAGEM,RUA SA E SOUZA,624,RUA LUIS PIMENTEL,COM A RUA LUIS PIMENTEL /,RUA SA E SOUZA,624,COM A RUA LUIS PIMENTEL /,BOA VIAGEM,,,COLISÃO,DOIS AUTOS / BT NO QTH,2,,,,,,,,,0,,,,,,,,,,,,,,
2018-04-24,08:37:00,SEM VÍTIMA,FINALIZADA,SANTO AMARO,RUA TREZE DE MAIO,,,PROX AO HOSPITAL DO EXERCITO AO LADO DA CAMARA DOS VEREADORES,RUA TREZE DE MAIO,,PROX AO HOSPITAL DO EXERCITO AO LADO DA CAMARA DOS VEREADORES,SANTO AMARO,,,COLISÃO,COLISÃO SEM VITIMAS,,,,,,2,,,,0,,,,,,,,,,,,,,
2018-04-24,10:00:00,SEM VÍTIMA,FINALIZADA,JAQUEIRA,RUA DO FUTURO,,RUA DR JOSE MARIA,COM A RUA DR JOSE MARIA / EM FRENTE AO PARQUE DA JAQUEIRA,RUA DO FUTURO,,COM A RUA DR JOSE MARIA / EM FRENTE AO PARQUE DA JAQUEIRA,JAQUEIRA,,,COLISÃO,DOIS AUTOS,2,,,,,,,,,0,,,,,,,,,,,,,,
2018-04-24,10:33:00,SEM VÍTIMA,FINALIZADA,ENCRUZILHADA,AV NORTE,,,EM FRENTE DA JACAUNA,AV NORTE,,EM FRENTE DA JACAUNA,ENCRUZILHADA,,,COLISÃO,COL.S/V.SET.CD,1,,,,,1,,,,0,,,,,,,,,,,,,,
2018-04-24,11:12:00,SEM VÍTIMA,FINALIZADA,IMBIRIBEIRA,AV PRESIDENTE DUTRA,451,,ESTACIONADOS NO POSTO IPIRANGA / AO LADO DO RESTAURANTE SAL E BRASA,AV PRESIDENTE DUTRA,451,ESTACIONADOS NO POSTO IPIRANGA / AO LADO DO RESTAURANTE SAL E BRASA,IMBIRIBEIRA,,,COLISÃO,AUTO ECAMINHAO,1,,,,,,1,,,0,,,,,,,,,,,,,,
2018-04-24,11:14:00,SEM VÍTIMA,FINALIZADA,BREJO DE BEBERIBE,RUA ALTO JOSE BONIFACIO,494,,TERMINAL DOS ONIBUS DO BREJO DE BEBERIBE,RUA ALTO JOSE BONIFACIO,494,TERMINAL DOS ONIBUS DO BREJO DE BEBERIBE,BREJO DE BEBERIBE,,,COLISÃO,SEM VITIMAS,1,,,,,1,,,,0,,,,,,,,,,,,,,
2018-04-24,11:21:00,SEM VÍTIMA,FINALIZADA,IMBIRIBEIRA,AV MARECHAL MASCARENHAS DE MORAES,,,EM FRENTE AO AEROPORTO,AV MARECHAL MASCARENHAS DE MORAES,,EM FRENTE AO AEROPORTO,IMBIRIBEIRA,,,COLISÃO,COL.S/V.SET.CD,2,,,,,,,,,0,,,,,,,,,,,,,,
2018-04-24,12:47:00,COM VÍTIMA,FINALIZADA,AREIAS,AV DR JOSE RUFINO,,,PROXIMO A FABRICA YOLANDA,AV DR JOSE RUFINO,,PROXIMO A FABRICA YOLANDA,AREIAS,,,COLISÃO,COLISÃO COM VITIMA,1,1,,,,,,,,1,,,,,,,,,,,,,,
2018-04-24,12:47:00,SEM VÍTIMA,FINALIZADA,ILHA DO RETIRO,RUA SPORT CLUBE DO RECIFE,,,NO SEMAFORO 481  EM FRENTE AO SPORT,RUA SPORT CLUBE DO RECIFE,,NO SEMAFORO 481  EM FRENTE AO SPORT,ILHA DO RETIRO,,,COLISÃO,DOIS AUTOS,2,,,,,,,,,0,,,,,,,,,,,,,,
2018-04-24,13:22:00,SEM VÍTIMA,FINALIZADA,DOIS IRMÃOS,RUA MANUEL DE MEDEIROS,,,EM FRENTE AO BLOCO Z2 DA UFRPE,RUA MANUEL DE MEDEIROS,,EM FRENTE AO BLOCO Z2 DA UFRPE,DOIS IRMÃOS,,,COLISÃO,COLISÃO SEM VÍTIMA,1,,,,,,1,,,0,,,,,,,,,,,,,,
2018-04-24,15:03:00,SEM VÍTIMA,FINALIZADA,IMBIRIBEIRA,AV MARECHAL MASCARENHAS DE MORAES,4773,,PROX. AO MARTELINHO DE OURO  SENT. AFOGADOS,AV MARECHAL MASCARENHAS DE MORAES,4773,PROX. AO MARTELINHO DE OURO  SENT. AFOGADOS,IMBIRIBEIRA,,,COLISÃO,CAMINHÃO E AUTO,1,,,,,,1,,,0,,,,,,,,,,,,,,
2018-04-24,15:25:00,SEM VÍTIMA,FINALIZADA,TORREÃO,AV NORTE,,,E/F A PRAÇA DA PICANHA S/T CID,AV NORTE,,E/F A PRAÇA DA PICANHA S/T CID,TORREÃO,,,COLISÃO,COLISAOP ENTRE DOIS AUTOS S/V,2,,,,,,,,,0,,,,,,,,,,,,,,
2018-04-24,15:41:00,SEM VÍTIMA,FINALIZADA,AFOGADOS,RUA IMPERIAL,2237,,E/F AO DEPOSITO DA BRASIL GÁS,RUA IMPERIAL,2237,E/F AO DEPOSITO DA BRASIL GÁS,AFOGADOS,,,COLISÃO,COLISAO ENTRE AUTO E MOTO S/V,1,1,,,,,,,,0,,,,,,,,,,,,,,
2018-04-24,15:45:00,COM VÍTIMA,FINALIZADA,JOANA BEZERRA,AV BEIRA RIO,,,PROXIMO A ACADEMIA DA CIDADE DE JOANA BEZERRA,AV BEIRA RIO,,PROXIMO A ACADEMIA DA CIDADE DE JOANA BEZERRA,JOANA BEZERRA,,,COLISÃO,ACIDENTE COM VITIMA,1,1,,,,,,,,1,,,,,,,,,,,,,,
2018-04-24,15:56:00,SEM VÍTIMA,FINALIZADA,CAXANGÁ,AV HISTORIAD JORDAO EMERENCIANO,380,RUA ALCIDES CODECEIRA,COM A RUA ALCIDES CODECEIRA  EM FRENTE AO TERMINAL DE ONIBUS,AV HISTORIAD JORDAO EMERENCIANO,380,COM A RUA ALCIDES CODECEIRA  EM FRENTE AO TERMINAL DE ONIBUS,CAXANGÁ,,,COLISÃO,AUTO E ONIBUS BRT,1,,,,,1,,,,0,,,,,,,,,,,,,,
2018-04-24,16:09:00,SEM VÍTIMA,FINALIZADA,BOA VIAGEM,AV ENGENHEIRO DOMINGOS FERREIRA,,,E/F A O CLINICAL CENTER S/T PIEDADE,AV ENGENHEIRO DOMINGOS FERREIRA,,E/F A O CLINICAL CENTER S/T PIEDADE,BOA VIAGEM,,,COLISÃO,COLISAO ENTRE ONIBUS E CAMINHAO S/V,,,,,,1,1,,,0,,,,,,,,,,,,,,
2018-04-24,16:28:00,SEM VÍTIMA,FINALIZADA,AREIAS,AV RECIFE,1040,,EM FRENTE A FM VEÍCULOS/ SENTIDO AEROPORTO,AV RECIFE,1040,EM FRENTE A FM VEÍCULOS/ SENTIDO AEROPORTO,AREIAS,,,COLISÃO,COLISÃO SEM VÍTIMA,2,,,,,,,,,0,,,,,,,,,,,,,,
2018-04-24,16:46:00,COM VÍTIMA,EQUIPE EM DESLOCAMENTO,BOA VISTA,RUA AURORA,XX,,EM FRENTE AO TRIBUNAL DE CONTAS,RUA AURORA,XX,EM FRENTE AO TRIBUNAL DE CONTAS,BOA VISTA,,,CHOQUE,CHOQUE MOTO X ÁRVORE (COM VITIMA) - ÁRVORE TOMBADA AO CHÃO.,,1,,,,,,,,1,,,,,,,,,,,,,,
2018-04-24,18:13:00,COM VÍTIMA,EQUIPE EM DESLOCAMENTO,BREJO DA GUABIRABA,AV VEREADOR OTACILIO AZEVEDO,,,EM FRENTE A ESCOLA ESTADUAL COMANDANTE LUIZ GOMES,AV VEREADOR OTACILIO AZEVEDO,,EM FRENTE A ESCOLA ESTADUAL COMANDANTE LUIZ GOMES,BREJO DA GUABIRABA,,,ATROPELAMENTO,MOTO E PEDESTRE,,1,,,,,,,,1,,,,,,,,,,,,,,
2018-04-24,18:18:00,SEM VÍTIMA,FINALIZADA,TAMARINEIRA,AV NORTE,,,PROX AO SESC DE CASA AMARELA,AV NORTE,,PROX AO SESC DE CASA AMARELA,TAMARINEIRA,,,COLISÃO,COLISAO S/V,2,,,,,,,,,0,,,,,,,,,,,,,,
2018-04-24,19:31:00,SEM VÍTIMA,FINALIZADA,VÁRZEA,AV PROFESSOR ARTUR DE SA,1310,,EM FRENTE AO BAR DA KELLY  PROX DO CEMITERIO DA VÁRZEA,AV PROFESSOR ARTUR DE SA,1310,EM FRENTE AO BAR DA KELLY  PROX DO CEMITERIO DA VÁRZEA,VÁRZEA,,,COLISÃO,COLISÃO ENTRE DOIS AUTOS S/V,2,,,,,,,,,0,,,,,,,,,,,,,,
2018-04-24,20:01:00,SEM VÍTIMA,CANCELADA,BOA VIAGEM,RUA BARAO DE SOUZA LEAO,653,,EF A FARMACIA PAGUE MENOS/ PROX AO RESTAURANTE COSTA BRAVA,RUA BARAO DE SOUZA LEAO,653,EF A FARMACIA PAGUE MENOS/ PROX AO RESTAURANTE COSTA BRAVA,BOA VIAGEM,,,COLISÃO,COLISAO S/V,1,,,,,1,,,,0,,,,,,,,,,,,,,
2018-04-24,20:22:00,SEM VÍTIMA,CANCELADA,IMBIRIBEIRA,AV MARECHAL MASCARENHAS DE MORAES,,,PROX AO DESCONTAO SENTIDO AEROPORTO,AV MARECHAL MASCARENHAS DE MORAES,,PROX AO DESCONTAO SENTIDO AEROPORTO,IMBIRIBEIRA,,,COLISÃO,COLISAO S/V,1,,,,,,1,,,0,,,,,,,,,,,,,,
2018-04-24,21:04:00,SEM VÍTIMA,FINALIZADA,CASA FORTE,AV DEZESSETE DE AGOSTO,2413,,EM FRENTE AO POSTO DISLUB  PROX DO CENTRO MÉDICO SEN. JOSÉ ERMÍRIO DE MORAES,AV DEZESSETE DE AGOSTO,2413,EM FRENTE AO POSTO DISLUB  PROX DO CENTRO MÉDICO SEN. JOSÉ ERMÍRIO DE MORAES,CASA FORTE,,,COLISÃO,COLISÃO ENTRE TRÊS AUTOS S/V,3,,,,,,,,,0,,,,,,,,,,,,,,
2018-04-24,21:38:00,SEM VÍTIMA,FINALIZADA,TORREÃO,AV NORTE,,,EM FRENTE A PRAÇA DA PICANHA,AV NORTE,,EM FRENTE A PRAÇA DA PICANHA,TORREÃO,,,COLISÃO,COLISÃO ENTRE DOIS AUTOS S/V,2,,,,,,,,,0,,,,,,,,,,,,,,
2018-04-24,23:47:00,SEM VÍTIMA,FINALIZADA,MADALENA,RUA DEMOSTENES DE OLINDA,121,,EM FFRENTE O COLEGIO EQUIPE,RUA DEMOSTENES DE OLINDA,121,EM FFRENTE O COLEGIO EQUIPE,MADALENA,,,COLISÃO,COLISÃO ENTRE DOIS AUTOS S/V,2,,,,,,,,,0,,,,,,,,,,,,,,
2018-04-25,05:53:00,SEM VÍTIMA,FINALIZADA,VÁRZEA,AV CAXANGA,,,EM FRENTE A INTEGRAÇÃO CAXANGÁ // EM FRENTE AO GMAG,AV CAXANGA,,EM FRENTE A INTEGRAÇÃO CAXANGÁ // EM FRENTE AO GMAG,VÁRZEA,,,COLISÃO,COLISÃO ENTRE ÔNIBUS E CAMINHÃO S/V,,,,,,1,1,,,0,,,,,,,,,,,,,,
2018-04-25,06:17:00,COM VÍTIMA,FINALIZADA,ENCRUZILHADA,AV BEBERIBE,174,,EM FRENTE AO POSTO DE GASOLINA SHELL E A FARMACIA DROGASIL,AV BEBERIBE,174,EM FRENTE AO POSTO DE GASOLINA SHELL E A FARMACIA DROGASIL,ENCRUZILHADA,,,COLISÃO,COLISÃO COM VITIMA A ESPERA DO SAMU,1,1,,,,,,,,1,,,,,,,,,,,,,,
2018-04-25,07:51:00,SEM VÍTIMA,CANCELADA,BOA VIAGEM,RUA BARAO DE SOUZA LEAO,691,,ESTACIONADOS NA DROGARIA BONGI,RUA BARAO DE SOUZA LEAO,691,ESTACIONADOS NA DROGARIA BONGI,BOA VIAGEM,,,COLISÃO,DOIS AUTOS,2,,,,,,,,,0,,,,,,,,,,,,,,
2018-04-25,08:10:00,SEM VÍTIMA,FINALIZADA,NOVA DESCOBERTA,RUA NOVA DESCOBERTA,1123,,LAGO DONA REGINA,RUA NOVA DESCOBERTA,1123,LAGO DONA REGINA,NOVA DESCOBERTA,,,COLISÃO,COLISÃO COM VIATURA 11 DA CTTU,1,,,,,,,,,0,,,,,,,,,,,,,,
2018-04-25,08:16:00,SEM VÍTIMA,CANCELADA,BOA VIAGEM,RUA VISCONDE DE JEQUITINHONHA,2200,,EM FRENTE DA OFINA GOLDEN CAR,RUA VISCONDE DE JEQUITINHONHA,2200,EM FRENTE DA OFINA GOLDEN CAR,BOA VIAGEM,,,COLISÃO,CO.S/V,2,,,,,,,,,0,,,,,,,,,,,,,,
2018-04-25,08:33:00,SEM VÍTIMA,FINALIZADA,TORRÕES,AV ENGENHEIRO ABDIAS DE CARVALHO,3068,,EM FRENTE A OFICINA S O S AUTO PEÇAS. SEMÁFORO 272,AV ENGENHEIRO ABDIAS DE CARVALHO,3068,EM FRENTE A OFICINA S O S AUTO PEÇAS. SEMÁFORO 272,TORRÕES,,,COLISÃO,COLISÃO SEM VITIMAS,2,,,,,,,,,0,,,,,,,,,,,,,,
2018-04-25,08:46:00,COM VÍTIMA,FINALIZADA,CAXANGÁ,AV CAXANGA,,,SENTIDO CIDADE. E/F AO POSTO,AV CAXANGA,,SENTIDO CIDADE. E/F AO POSTO,CAXANGÁ,,,COLISÃO,COM UMA VÍTIMA JÁ SOCORRIDA. VT 09,1,1,,,,,,,,1,,,,,,,,,,,,,,
2018-04-25,09:09:00,SEM VÍTIMA,FINALIZADA,IMBIRIBEIRA,AV MARECHAL MASCARENHAS DE MORAES,,,MURO O AEROPORTO / SENT SUB,AV MARECHAL MASCARENHAS DE MORAES,,MURO O AEROPORTO / SENT SUB,IMBIRIBEIRA,,,COLISÃO,CAMINHAO E AUTO,1,,,,,,1,,,0,,,,,,,,,,,,,,
2018-04-25,09:38:00,SEM VÍTIMA,FINALIZADA,AREIAS,AV CAPITAO GREGORIO DE CALDAS,16 A,,EM FRENTE REPOM BEBIDAS,AV CAPITAO GREGORIO DE CALDAS,16 A,EM FRENTE REPOM BEBIDAS,AREIAS,,,COLISÃO,CAMINHAO E AUTO PASSEIO,1,,,,,,1,,,0,,,,,,,,,,,,,,
2018-04-25,10:59:00,SEM VÍTIMA,FINALIZADA,ESPINHEIRO,RUA VIGARIO BARRETO,,,AO LADO DO HOSPITAL IOR,RUA VIGARIO BARRETO,,AO LADO DO HOSPITAL IOR,ESPINHEIRO,,,COLISÃO,COL.S/V,2,,,,,,,,,0,,,,,,,,,,,,,,
2018-04-25,10:59:00,SEM VÍTIMA,FINALIZADA,SANTO AMARO,RUA FREI CASSIMIRO,91,,E/F A CTTU,RUA FREI CASSIMIRO,91,E/F A CTTU,SANTO AMARO,,,COLISÃO,SEM VÍTIMAS,1,,,,,,1,,,0,,,,,,,,,,,,,,
2018-04-25,11:00:00,SEM VÍTIMA,FINALIZADA,CAXANGÁ,AV CAXANGA,1443,,EM FRENTE A MORTUARIA,AV CAXANGA,1443,EM FRENTE A MORTUARIA,CAXANGÁ,,,COLISÃO,DOIS AUTOS,2,,,,,,,,,0,,,,,,,,,,,,,,
2018-04-25,11:19:00,SEM VÍTIMA,FINALIZADA,IMBIRIBEIRA,AV MARECHAL MASCARENHAS DE MORAES,4524,,E/F A JUSTIÇA DO TRABALHO  SENTIDO JABOATÃO,AV MARECHAL MASCARENHAS DE MORAES,4524,E/F A JUSTIÇA DO TRABALHO  SENTIDO JABOATÃO,IMBIRIBEIRA,,,COLISÃO,SEM VÍTIMAS,2,,,,,,,,,0,,,,,,,,,,,,,,
2018-04-25,12:29:00,SEM VÍTIMA,FINALIZADA,DERBY,AV GOVERNADOR AGAMENON MAGALHAES,,,E/F AO HOSPITAL DA RESTAURAÇÃO S/T BOA VIAGEM GM GERSON NO LOCAL,AV GOVERNADOR AGAMENON MAGALHAES,,E/F AO HOSPITAL DA RESTAURAÇÃO S/T BOA VIAGEM GM GERSON NO LOCAL,DERBY,,,COLISÃO,COLISAO ENTRE ONIBUS E DOIS AUTOS S/V,2,,,,,1,,,,0,,,,,,,,,,,,,,
2018-04-25,12:48:00,SEM VÍTIMA,FINALIZADA,CORDEIRO,AV MARIO ALVARES PEREIRA DE LYRA,121,,RESIDENCIA CANAL DO CAVOCO PROX A FUNASE,AV MARIO ALVARES PEREIRA DE LYRA,121,RESIDENCIA CANAL DO CAVOCO PROX A FUNASE,CORDEIRO,,,COLISÃO,COLISÃO SEM VITIMAS,2,,,,,,,,,0,,,,,,,,,,,,,,