data,hora,natureza_acidente,situacao,bairro,endereco,numero,detalhe_endereco_acidente,complemento,endereco_cruzamento,numero_cruzamento,referencia_cruzamento,bairro_cruzamento,num_semaforo,sentido_via,tipo,descricao,auto,moto,ciclom,ciclista,pedestre,onibus,caminhao,viatura,outros,vitimas,vitimasfatais,acidente_verificado,tempo_clima,situacao_semaforo,sinalizacao,condicao_via,conservacao_via,ponto_controle,situacao_placa,velocidade_max_via,mao_direcao,divisao_via1,divisao_via2,divisao_via3
2018-04-25,13:16:00,SEM VÍTIMA,FINALIZADA,BOA VIAGEM,AV CONSELHEIRO AGUIAR,2642,,E/F AO GOLDMEDIC PRODUTOS MEDICOS E HOSPITALARES,AV CONSELHEIRO AGUIAR,2642,E/F AO GOLDMEDIC PRODUTOS MEDICOS E HOSPITALARES,BOA VIAGEM,,,COLISÃO,ENTRE DOIS AUTOS S/V,2,,,,,,,,,0,,,,,,,,,,,,,,
2018-04-25,13:39:00,COM VÍTIMA,FINALIZADA,BAIRRO DO RECIFE,AV ALFREDO LISBOA,,,EM FRENTE AO MUSEU CAIS DO SERTÃO,AV ALFREDO LISBOA,,EM FRENTE AO MUSEU CAIS DO SERTÃO,BAIRRO DO RECIFE,,,COLISÃO,COLISÃO COM VITIMA,2,,,,,,,,,1,,,,,,,,,,,,,,
2018-04-25,13:48:00,SEM VÍTIMA,FINALIZADA,JARDIM SÃO PAULO,RUA SENADOR ALBERTO PASQUALINI,138,,E/F AO RESTAURANTE SOMBRA DA MANGUEIRA,RUA SENADOR ALBERTO PASQUALINI,138,E/F AO RESTAURANTE SOMBRA DA MANGUEIRA,JARDIM SÃO PAULO,,,COLISÃO,COLISAO ENTRE DOIS AUTOS S/V,2,,,,,,,,,0,,,,,,,,,,,,,,
2018-04-25,14:49:00,SEM VÍTIMA,FINALIZADA,TEJIPIÓ,RUA FALCAO DE LACERDA,248,,E/F A ESTAÇÃO KIDS,RUA FALCAO DE LACERDA,248,E/F A ESTAÇÃO KIDS,TEJIPIÓ,,,COLISÃO,COLISAO ENTRE DOIS AUTOS S/V,2,,,,,,,,,0,,,,,,,,,,,,,,
2018-04-25,15:22:00,SEM VÍTIMA,CANCELADA,IBURA,AV DOIS RIOS,,,PROX AO VIADUTO E/F A IGREJA VERBO DA VIDA,AV DOIS RIOS,,PROX AO VIADUTO E/F A IGREJA VERBO DA VIDA,IBURA,,,COLISÃO,COLISAO ENTRE TAXI E MOTO S/V,1,1,,,,,,,,0,,,,,,,,,,,,,,
2018-04-25,16:13:00,SEM VÍTIMA,FINALIZADA,IMBIRIBEIRA,AV MARECHAL MASCARENHAS DE MORAES,,,SENTIDO CIDADDE - LADO OPOSTO AO AEROPORTO,AV MARECHAL MASCARENHAS DE MORAES,,SENTIDO CIDADDE - LADO OPOSTO AO AEROPORTO,IMBIRIBEIRA,,,COLISÃO,TR~ES VEÍCULOS,2,,,,,,,1,,0,,,,,,,,,,,,,,
2018-04-25,16:37:00,SEM VÍTIMA,FINALIZADA,SANTO AMARO,AV DR JAYME DA FONTE,208,,PROX A COMPESA,AV DR JAYME DA FONTE,208,PROX A COMPESA,SANTO AMARO,,,COLISÃO,COLISÃO SEM VITIMAS,1,,,,,,1,,,0,,,,,,,,,,,,,,
2018-04-25,16:38:00,SEM VÍTIMA,FINALIZADA,AFOGADOS,LARGO DA PAZ,,,EM FRENTE A BIG BEN,LARGO DA PAZ,,EM FRENTE A BIG BEN,AFOGADOS,,,COLISÃO,COLISÃO SEM VÍTIMA,,2,,,,,1,,,0,,,,,,,,,,,,,,
2018-04-25,16:50:00,SEM VÍTIMA,FINALIZADA,CORDEIRO,AV INACIO MONTEIRO,157,,EM FRENTE A GALERIA NOSSA SENHORAS DAS GRAÇAS,AV INACIO MONTEIRO,157,EM FRENTE A GALERIA NOSSA SENHORAS DAS GRAÇAS,CORDEIRO,,,COLISÃO,COLISÃO SEM V´TIMA,2,,,,,,,,,0,,,,,,,,,,,,,,
2018-04-25,17:08:00,SEM VÍTIMA,CANCELADA,CAMPO GRANDE,AV. LUÍS CORRÊA DE BRITO,463,,EM FRENTE A JOSE DAS MOTOS,AV. LUÍS CORRÊA DE BRITO,463,EM FRENTE A JOSE DAS MOTOS,CAMPO GRANDE,,,COLISÃO,COLISÃO SEM VÍTIMA,1,,,,,,1,,,0,,,,,,,,,,,,,,
2018-04-25,18:05:00,SEM VÍTIMA,FINALIZADA,AREIAS,AV RECIFE,1644,,EM FRENTE AO GALETTUS  SENT. BOA VIAGEM,AV RECIFE,1644,EM FRENTE AO GALETTUS  SENT. BOA VIAGEM,AREIAS,,,COLISÃO,DOIS AUTOS,2,,,,,,,,,0,,,,,,,,,,,,,,
2018-04-25,18:09:00,SEM VÍTIMA,FINALIZADA,JIQUIÁ,AV GENERAL SAN MARTIN,1480,,NO SEMAFORO 080  EM FRENTE A ESTAÇÃO BRT,AV GENERAL SAN MARTIN,1480,NO SEMAFORO 080  EM FRENTE A ESTAÇÃO BRT,JIQUIÁ,,,COLISÃO,AUTO E MOTO/GM- PONTO FIXO,1,1,,,,,,,,0,,,,,,,,,,,,,,
2018-04-25,18:11:00,SEM VÍTIMA,FINALIZADA,SAN MARTIN,RUA GOMES TABORDA,,,PROX AO SUPERMERCADO IDEAL,RUA GOMES TABORDA,,PROX AO SUPERMERCADO IDEAL,SAN MARTIN,,,COLISÃO,COLISAO S/V,1,,,,,1,,,,0,,,,,,,,,,,,,,
2018-04-25,18:57:00,SEM VÍTIMA,FINALIZADA,DERBY,RUA AMARO BEZERRA,,,EF AO DERBY CENTER GALERIA,RUA AMARO BEZERRA,,EF AO DERBY CENTER GALERIA,DERBY,,,COLISÃO,COLISAO S/V,2,,,,,,,,,0,,,,,,,,,,,,,,
2018-04-25,21:01:00,COM VÍTIMA,FINALIZADA,CASA AMARELA,RUA PADRE LEMOS,,,PROX A KINITOS FESTAS,RUA PADRE LEMOS,,PROX A KINITOS FESTAS,CASA AMARELA,,,COLISÃO,COLISAO C/V,1,1,,,,,,,,1,,,,,,,,,,,,,,
2018-04-25,21:33:00,SEM VÍTIMA,FINALIZADA,TORRÕES,RUA PROFESSOR ARTUR COUTINHO,315,,PROX. A PRAÇA DE RODA DE FOGO E O TERMINAL,RUA PROFESSOR ARTUR COUTINHO,315,PROX. A PRAÇA DE RODA DE FOGO E O TERMINAL,TORRÕES,,,COLISÃO,CAMINHÃO E AUTO,1,,,,,,1,,,0,,,,,,,,,,,,,,
2018-04-26,05:36:00,SEM VÍTIMA,CANCELADA,CAXANGÁ,AV CAXANGA,5735,,AO LADO DA GEMAG  SENT/CAMARAGIBE SEMAFORO 262,AV CAXANGA,5735,AO LADO DA GEMAG  SENT/CAMARAGIBE SEMAFORO 262,CAXANGÁ,,,COLISÃO,SEM VITIMAS,2,,,,,,,,,0,,,,,,,,,,,,,,
2018-04-26,06:07:00,COM VÍTIMA,FINALIZADA,AFOGADOS,RUA VINTE E UM DE ABRIL,541,,AO LADO DO ANTIGO FERROVIARIO,RUA VINTE E UM DE ABRIL,541,AO LADO DO ANTIGO FERROVIARIO,AFOGADOS,,,COLISÃO,COLISÃO COM UMA VITIMA JÁ SOCORRIDA PELOS BOMBEIROS,1,,,,,1,,,,1,,,,,,,,,,,,,,
2018-04-26,07:42:00,SEM VÍTIMA,FINALIZADA,TORRÕES,EST DO FORTE DO ARRAIAL N. DO B. JESUS,512,,NO FINAL DA AV DO FORTE  APOS A PRAÇA DO 15  SENTIDO ABDIAS DE CARVALHO,EST DO FORTE DO ARRAIAL N. DO B. JESUS,512,NO FINAL DA AV DO FORTE  APOS A PRAÇA DO 15  SENTIDO ABDIAS DE CARVALHO,TORRÕES,,,COLISÃO,AUTO E MOTO,1,1,,,,,,,,0,,,,,,,,,,,,,,
2018-04-26,MARINALVA,SEM VÍTIMA,FINALIZADA,BEBERIBE,AV BEBERIBE,,,SEMAFORO 575,AV BEBERIBE,,SEMAFORO 575,BEBERIBE,,,COLISÃO,AUTO E ONIBUS ,1,,,,,1,,,,0,,,,,,,,,,,,,,
2018-04-26,08:16:00,SEM VÍTIMA,FINALIZADA,PRADO,AV ENGENHEIRO ABDIAS DE CARVALHO,,,EM FRENTE DA FACULDADE ESTACIO,AV ENGENHEIRO ABDIAS DE CARVALHO,,EM FRENTE DA FACULDADE ESTACIO,PRADO,,,COLISÃO,COL.S/V.SET.CD,3,,,,,,,,,0,,,,,,,,,,,,,,
2018-04-26,08:25:00,SEM VÍTIMA,FINALIZADA,SANTO AMARO,RUA SAO GERALDO,153,,PROX. AO JORNAL DO COMERCIO,RUA SAO GERALDO,153,PROX. AO JORNAL DO COMERCIO,SANTO AMARO,,,COLISÃO,AUTO E ONIBUS,1,,,,,1,,,,0,,,,,,,,,,,,,,
2018-04-26,08:40:00,SEM VÍTIMA,FINALIZADA,BOA VIAGEM,RUA RIBEIRO DE BRITO,,,SEMAFORO Nº147,RUA RIBEIRO DE BRITO,,SEMAFORO Nº147,BOA VIAGEM,,,COLISÃO,COL.S/V GM JA NO LOCAL,2,,,,,,,,,0,,,,,,,,,,,,,,
2018-04-26,08:47:00,COM VÍTIMA,FINALIZADA,BOA VISTA,RUA VELHA,S/N,,SOBRE A PONTE VELHA,RUA VELHA,S/N,SOBRE A PONTE VELHA,BOA VISTA,,,ATROPELAMENTO,COLISÃO ENVOLVENDO AUTO X PEDESTRE,1,,,,1,,,,,1,,,,,,,,,,,,,,
2018-04-26,09:34:00,SEM VÍTIMA,CANCELADA,DERBY,RUA BENFICA,,,SEMAFORO 590,RUA BENFICA,,SEMAFORO 590,DERBY,,,COLISÃO,DOIS AUTOS S/V,2,,,,,,,,,0,,,,,,,,,,,,,,
2018-04-26,09:52:00,SEM VÍTIMA,FINALIZADA,BOA VISTA,RUA PADRE INGLES,,,PROXIMO A FACULDADE,RUA PADRE INGLES,,PROXIMO A FACULDADE,BOA VISTA,,,COLISÃO,COLISÃO SEM VITIMA,,2,,,,,,,,0,,,,,,,,,,,,,,
2018-04-26,09:54:00,SEM VÍTIMA,FINALIZADA,BOA VIAGEM,AV DOM JOAO VI,,,SEMAFORO Nº543,AV DOM JOAO VI,,SEMAFORO Nº543,BOA VIAGEM,,,COLISÃO,COL.S/V  GM JA NO LOCAL,2,,,,,,,,,0,,,,,,,,,,,,,,
2018-04-26,10:17:00,SEM VÍTIMA,FINALIZADA,ILHA DO LEITE,RUA PACIFICO DOS SANTOS,100,,EM FRENTE AO HOSPITAL SÃO MARCOS,RUA PACIFICO DOS SANTOS,100,EM FRENTE AO HOSPITAL SÃO MARCOS,ILHA DO LEITE,,,COLISÃO,SEM VITIMAS,1,,,,,,1,,,0,,,,,,,,,,,,,,
2018-04-26,10:36:00,SEM VÍTIMA,CANCELADA,VÁRZEA,RUA PROFESSOR CHAVES BATISTA,112,,ESQUINA COM O RESTAURANTE BOI E BRASA,RUA PROFESSOR CHAVES BATISTA,112,ESQUINA COM O RESTAURANTE BOI E BRASA,VÁRZEA,,,COLISÃO,SEM VITIMAS,2,,,,,,,,,0,,,,,,,,,,,,,,
2018-04-26,11:20:00,SEM VÍTIMA,FINALIZADA,CASA FORTE,RUA DR SAMUEL LINS,187,RUA TIRA DE SOUZA,CRUZAMENTO COM A RUA RITA DE SOUZA EM FRENTE AO EDF RIO DA PRATA,RUA DR SAMUEL LINS,187,CRUZAMENTO COM A RUA RITA DE SOUZA EM FRENTE AO EDF RIO DA PRATA,CASA FORTE,,,COLISÃO,SEM VITIMAS,2,,,,,,,,,0,,,,,,,,,,,,,,
2018-04-26,11:52:00,COM VÍTIMA,FINALIZADA,ILHA DO RETIRO,AV ENGENHEIRO ABDIAS DE CARVALHO,,,EM FRENTE AO SEMAFORO 355  GIRADOR DO SPORT AO LADO DO POSTO EXTRA,AV ENGENHEIRO ABDIAS DE CARVALHO,,EM FRENTE AO SEMAFORO 355  GIRADOR DO SPORT AO LADO DO POSTO EXTRA,ILHA DO RETIRO,,,COLISÃO,COM DUAS VITIMAS SENDO SOCORRIDAS PELO SAMU,,2,,,,,,,,2,,,,,,,,,,,,,,
2018-04-26,11:30:00,SEM VÍTIMA,FINALIZADA,AFOGADOS,LARGO DA PAZ,396,,EM FRENTE A PRAÇA  E AO ITAU,LARGO DA PAZ,396,EM FRENTE A PRAÇA  E AO ITAU,AFOGADOS,,,COLISÃO,DOIS AUTOS S/V,2,,,,,,,,,0,,,,,,,,,,,,,,
2018-04-26,12:36:00,SEM VÍTIMA,FINALIZADA,ILHA DO LEITE,RUA MINAS GERAIS,72,,EM FRENTE A PRAÇA PROFESSOR FERNANDO FIGUEIRA,RUA MINAS GERAIS,72,EM FRENTE A PRAÇA PROFESSOR FERNANDO FIGUEIRA,ILHA DO LEITE,,,COLISÃO,COLISÃO SEM VITIMA,2,,,,,,,,,0,,,,,,,,,,,,,,
2018-04-26,13:00:00,SEM VÍTIMA,FINALIZADA,SANTO ANTÔNIO,PTE BUARQUE DE MACEDO,,,EM CIMA DA PONTE,PTE BUARQUE DE MACEDO,,EM CIMA DA PONTE,SANTO ANTÔNIO,,,COLISÃO,COLISÃO SEM VITIMA,1,,,,,1,,,,0,,,,,,,,,,,,,,
2018-04-26,13:49:00,SEM VÍTIMA,FINALIZADA,IMBIRIBEIRA,AV MARECHAL MASCARENHAS DE MORAES,465,,EM FRENTE A JUSTIÇA DO TRABALHO  SENTIDO AFOGADOS,AV MARECHAL MASCARENHAS DE MORAES,465,EM FRENTE A JUSTIÇA DO TRABALHO  SENTIDO AFOGADOS,IMBIRIBEIRA,,,COLISÃO,DOIS AUTOS E UM ONIBUS S/V,2,,,,,1,,,,0,,,,,,,,,,,,,,
2018-04-26,13:56:00,SEM VÍTIMA,CANCELADA,ILHA DO LEITE,RUA SENADOR JOSE HENRIQUE,41,,PROX AO AO HOSPITAL ALBERT SABIN E DA PRAÇA MIGUEL DE CERVANTES,RUA SENADOR JOSE HENRIQUE,41,PROX AO AO HOSPITAL ALBERT SABIN E DA PRAÇA MIGUEL DE CERVANTES,ILHA DO LEITE,,,COLISÃO,COLISAO ENTRE DOIS AUTOS S/V,2,,,,,,,,,0,,,,,,,,,,,,,,
2018-04-26,14:15:00,SEM VÍTIMA,FINALIZADA,BOA VIAGEM,RUA JOSE PARAISO,,,EM FRENTE AO COLEGIO ELO,RUA JOSE PARAISO,,EM FRENTE AO COLEGIO ELO,BOA VIAGEM,,,COLISÃO,COLISÃO SEM VÍTIMA,1,,,,,,,,1,0,,,,,,,,,,,,,,
2018-04-26,14:37:00,SEM VÍTIMA,FINALIZADA,MADALENA,AV ENGENHEIRO ABDIAS DE CARVALHO,145,,SEMAFORO 132,AV ENGENHEIRO ABDIAS DE CARVALHO,145,SEMAFORO 132,MADALENA,,,COLISÃO,AUTO E CAMINHAO S/V,1,,,,,,1,,,0,,,,,,,,,,,,,,
2018-04-26,16:19:00,COM VÍTIMA,FINALIZADA,CASA AMARELA,EST DO ARRAIAL,340,,EM FRENTE A CLINICA SÃO FRANCISCO,EST DO ARRAIAL,340,EM FRENTE A CLINICA SÃO FRANCISCO,CASA AMARELA,,,COLISÃO COM CICLISTA,,1,,,1,,,,,,1,,,,,,,,,,,,,,
2018-04-26,17:03:00,SEM VÍTIMA,FINALIZADA,VÁRZEA,AV AFONSO OLINDENSE,1753,,EM FRENTE AENTRADA DO ESTACIONAMENTO DA SECRETARIA DE EDUCAÇÃO,AV AFONSO OLINDENSE,1753,EM FRENTE AENTRADA DO ESTACIONAMENTO DA SECRETARIA DE EDUCAÇÃO,VÁRZEA,,,COLISÃO,COLISÃO SEM VÍTIMA,1,1,,,,,,,,0,,,,,,,,,,,,,,
2018-04-26,17:11:00,SEM VÍTIMA,FINALIZADA,BAIRRO DO RECIFE,RUA MADRE DEUS,,,PROX. A PONTE GIRATORIA  E AO PAÇO ALFANDEGA  SENTIDO BOA VIAGEM,RUA MADRE DEUS,,PROX. A PONTE GIRATORIA  E AO PAÇO ALFANDEGA  SENTIDO BOA VIAGEM,BAIRRO DO RECIFE,,,COLISÃO,AUTO E UM MICRO ONIBUS,1,,,,,1,,,,0,,,,,,,,,,,,,,
2018-04-26,17:42:00,SEM VÍTIMA,CANCELADA,SANTO AMARO,AV PREFEITO ARTUR LIMA CAVALCANTI,,,APOS A PONTE DE LIMOEIRO  SENTIDO OLINDA,AV PREFEITO ARTUR LIMA CAVALCANTI,,APOS A PONTE DE LIMOEIRO  SENTIDO OLINDA,SANTO AMARO,,,COLISÃO,AUTO E VAN,2,,,,,,,,,0,,,,,,,,,,,,,,
2018-04-26,18:38:00,COM VÍTIMA,FINALIZADA,CAXANGÁ,AV CAXANGA,,,ESTAÇÃO ZUMBI- SEMAFORO 274,AV CAXANGA,,ESTAÇÃO ZUMBI- SEMAFORO 274,CAXANGÁ,,,ATROPELAMENTO,PEDESTRE A AUTO,,,,,1,,,,,1,,,,,,,,,,,,,,
2018-04-26,18:42:00,COM VÍTIMA,FINALIZADA,MADALENA,RUA ARLINDO GOUVEIA,,RUA ANTONIO CAMILO DIAS,CRUZAMENTO COM A RUA ANTONIO CAMILO DIAS,RUA ARLINDO GOUVEIA,,CRUZAMENTO COM A RUA ANTONIO CAMILO DIAS,MADALENA,,,COLISÃO,COLISAO C/V,1,1,,,,,,,,1,,,,,,,,,,,,,,
2018-04-26,18:44:00,SEM VÍTIMA,CANCELADA,ESPINHEIRO,RUA DO ESPINHEIRO,,RUA SANTO ELIAS,CRUZANDO COM A R SANTO ELIAS,RUA DO ESPINHEIRO,,CRUZANDO COM A R SANTO ELIAS,ESPINHEIRO,,,COLISÃO,ENTRE AUTOS. S/V,2,,,,,,,,,0,,,,,,,,,,,,,,
2018-04-26,18:50:00,SEM VÍTIMA,FINALIZADA,GRAÇAS,RUA JOAQUIM NABUCO,,,EF A BURGO MESTRE / QUATRO CANTOS,RUA JOAQUIM NABUCO,,EF A BURGO MESTRE / QUATRO CANTOS,GRAÇAS,,,COLISÃO,,2,,,,,,,,,0,,,,,,,,,,,,,,
2018-04-26,19:04:00,COM VÍTIMA,FINALIZADA,CAMPO GRANDE,EST DE BELEM,,,PROX AO TERMINAL DE CAMPO GRANDE,EST DE BELEM,,PROX AO TERMINAL DE CAMPO GRANDE,CAMPO GRANDE,,,COLISÃO,COLISAO C/V,1,1,,,,,,,,1,,,,,,,,,,,,,,
2018-04-26,19:17:00,SEM VÍTIMA,FINALIZADA,SÃO JOSÉ,AV SUL,,,E/F AO RESTAURANTE PORTELLA / SEMÁFORO 260,AV SUL,,E/F AO RESTAURANTE PORTELLA / SEMÁFORO 260,SÃO JOSÉ,,,COLISÃO,ENTRE AUTO E MOTO. S/V,1,1,,,,,,,,0,,,,,,,,,,,,,,
2018-04-26,19:22:00,SEM VÍTIMA,FINALIZADA,DERBY,RUA JOAQUIM NABUCO,,,EF AO HOSPITAL DA RESTAURAÇÃO,RUA JOAQUIM NABUCO,,EF AO HOSPITAL DA RESTAURAÇÃO,DERBY,,,COLISÃO,COLISAO S/V,1,,,,,,1,,,0,,,,,,,,,,,,,,
2018-04-26,19:33:00,SEM VÍTIMA,CANCELADA,BOA VIAGEM,RUA VISCONDE DE JEQUITINHONHA,,,NO ESTACIONAMENTO DO SHOPPING NA PRAÇA DE ALIMENTAÇÃO E10,RUA VISCONDE DE JEQUITINHONHA,,NO ESTACIONAMENTO DO SHOPPING NA PRAÇA DE ALIMENTAÇÃO E10,BOA VIAGEM,,,COLISÃO,COLISAO S/V,2,,,,,,,,,0,,,,,,,,,,,,,,
2018-04-26,21:13:00,COM VÍTIMA,FINALIZADA,BOA VIAGEM,RUA SA E SOUZA,,RUA CONEGO ROMEU,EF AO RESTAURANTE LAÇABURGUER/ CRUZAMENTO COM A RUA CONEGO ROMEU,RUA SA E SOUZA,,EF AO RESTAURANTE LAÇABURGUER/ CRUZAMENTO COM A RUA CONEGO ROMEU,BOA VIAGEM,,,COLISÃO,COLISAO C/V,1,1,,,,,,,,1,,,,,,,,,,,,,,
2018-04-26,22:36:00,SEM VÍTIMA,FINALIZADA,TORREÃO,AV NORTE,,AV MARQUES DO PARANA,COM A RUA MARQUES DO PARANÁ SEMAFORO Nº 056,AV NORTE,,COM A RUA MARQUES DO PARANÁ SEMAFORO Nº 056,TORREÃO,,,COLISÃO,COLISÃO DOIS AUTOS SEM VITIMAS,2,,,,,,,,,0,,,,,,,,,,,,,,
2018-04-27,07:05:00,SEM VÍTIMA,FINALIZADA,BOA VISTA,AV LINS PETIT,,,EM FRENTE DO HOSPITAL UNIMED RECIFE,AV LINS PETIT,,EM FRENTE DO HOSPITAL UNIMED RECIFE,BOA VISTA,,,COLISÃO,COL.S/V,2,,,,,,,,,0,,,,,,,,,,,,,,
2018-04-27,07:49:00,SEM VÍTIMA,FINALIZADA,GRAÇAS,RUA DAS CREOULAS,,,NO SEMAFORO Nº102,RUA DAS CREOULAS,,NO SEMAFORO Nº102,GRAÇAS,,,COLISÃO,COL.S/V,2,,,,,,,,,0,,,,,,,,,,,,,,
2018-04-27,08:13:00,SEM VÍTIMA,FINALIZADA,PINA,AV BOA VIAGEM,296,,EM FRENTE AO ESF MARIA VITORIA,AV BOA VIAGEM,296,EM FRENTE AO ESF MARIA VITORIA,PINA,,,COLISÃO,DOIS AUTOS,2,,,,,,,,,0,,,,,,,,,,,,,,
2018-04-27,08:32:00,SEM VÍTIMA,FINALIZADA,SÃO JOSÉ,AV MARTINS DE BARROS,,,E/F A NAGEM,AV MARTINS DE BARROS,,E/F A NAGEM,SÃO JOSÉ,,,COLISÃO,SEM VÍTIMAS. GM (PONTO FIXO) NO LOCAL,2,,,,,,,,,0,,,,,,,,,,,,,,
2018-04-27,08:48:00,SEM VÍTIMA,FINALIZADA,AFOGADOS,RUA VINTE E UM DE ABRIL,541,,EM FRENTE A ANTIGA DISBEL,RUA VINTE E UM DE ABRIL,541,EM FRENTE A ANTIGA DISBEL,AFOGADOS,,,COLISÃO,SEM VITIMAS.,1,,,,,1,,,,0,,,,,,,,,,,,,,
2018-04-27,08:56:00,SEM VÍTIMA,FINALIZADA,TEJIPIÓ,RUA APRIGIO GUIMARAES,186,RUA DO SANCHO,CRUZAMENTO COM A RUA DO SANCHO HA 200 METROS DA IGREJA DO GALO (CATOLICA),RUA APRIGIO GUIMARAES,186,CRUZAMENTO COM A RUA DO SANCHO HA 200 METROS DA IGREJA DO GALO (CATOLICA),TEJIPIÓ,,,COLISÃO,SEM VITIMAS.,2,,,,,,,,,0,,,,,,,,,,,,,,
2018-04-27,08:59:00,SEM VÍTIMA,FINALIZADA,CAXANGÁ,RUA DOUTOR DUSTAN DE CARVALHO SOARES,138,,RUA DO LAVA JATO PRIMO JATO,RUA DOUTOR DUSTAN DE CARVALHO SOARES,138,RUA DO LAVA JATO PRIMO JATO,CAXANGÁ,,,COLISÃO,CAMINHAO EAUTO,1,,,,,,1,,,0,,,,,,,,,,,,,,
2018-04-27,09:37:00,SEM VÍTIMA,CANCELADA,ILHA DO LEITE,RUA CAPITAO JOSE DA LUZ,87,,POR TRÁS DO IMIP. E/F A OLANDA ADVOGADOS,RUA CAPITAO JOSE DA LUZ,87,POR TRÁS DO IMIP. E/F A OLANDA ADVOGADOS,ILHA DO LEITE,,,COLISÃO,SEM VÍTIMAS.,2,,,,,,,,,0,,,,,,,,,,,,,,
2018-04-27,09:39:00,SEM VÍTIMA,FINALIZADA,ESPINHEIRO,RUA AMELIA,111,,EM FRENTE AO ESPINHEIRO SHOPPING,RUA AMELIA,111,EM FRENTE AO ESPINHEIRO SHOPPING,ESPINHEIRO,,,COLISÃO,SEM VITIMAs,2,,,,,,,,,0,,,,,,,,,,,,,,
2018-04-27,10:13:00,COM VÍTIMA,FINALIZADA,JAQUEIRA,RUA DEPUTADO PEDRO PIRES FERREIRA,,,E/F A GALERIA CRISTAL CENTER,RUA DEPUTADO PEDRO PIRES FERREIRA,,E/F A GALERIA CRISTAL CENTER,JAQUEIRA,,,COLISÃO,COM UMA VÍTIMA. GM PONTO FIXO NO LOCAL.,1,1,,,,,,,,1,,,,,,,,,,,,,,
2018-04-27,10:27:00,COM VÍTIMA,FINALIZADA,DERBY,AV GOVERNADOR AGAMENON MAGALHAES,,,AO LADO MAC DONALDS  SEMAFORO 075 SENT OLINDA,AV GOVERNADOR AGAMENON MAGALHAES,,AO LADO MAC DONALDS  SEMAFORO 075 SENT OLINDA,DERBY,,,COLISÃO,COM UMA VITIMA  AGUARDANDO SAMU,1,1,,,,,,,,1,,,,,,,,,,,,,,
2018-04-27,10:48:00,SEM VÍTIMA,FINALIZADA,CASA AMARELA,RUA XAVANTES,150,,E/F A CLÍNICA OFTALMOLÓGICA,RUA XAVANTES,150,E/F A CLÍNICA OFTALMOLÓGICA,CASA AMARELA,,,COLISÃO,SEM VÍTIMAS,,,,,,,,,,0,,,,,,,,,,,,,,
2018-04-27,11:09:00,SEM VÍTIMA,FINALIZADA,MADALENA,RUA PESSOA DE MELO,,,EM FRENTE AO CAFE SAO BRAZ,RUA PESSOA DE MELO,,EM FRENTE AO CAFE SAO BRAZ,MADALENA,,,COLISÃO,DOIS AUTOS,2,,,,,,,,,0,,,,,,,,,,,,,,
2018-04-27,11:13:00,SEM VÍTIMA,FINALIZADA,GRAÇAS,RUA DAS CREOULAS,322,RUA JOAQUIM NABUCO,CRUZAMENTO COM RUA JOAQUIM NABUCO PANIFICADORA DELICATESSEN GRAÇAS,RUA DAS CREOULAS,322,CRUZAMENTO COM RUA JOAQUIM NABUCO PANIFICADORA DELICATESSEN GRAÇAS,GRAÇAS,,,COLISÃO,SEM VITIMAS  MOTO AZUL  KIA PRETO,1,1,,,,,,,,0,,,,,,,,,,,,,,
2018-04-27,11:28:00,SEM VÍTIMA,FINALIZADA,CIDADE UNIVERSITÁRIA,RUA PROFESSOR CHAVES BATISTA,112,,EM FRENTE AO EDF/MARIA DANIELA,RUA PROFESSOR CHAVES BATISTA,112,EM FRENTE AO EDF/MARIA DANIELA,CIDADE UNIVERSITÁRIA,,,COLISÃO,COL.S/V SET.CAXANGA,1,,,,,,1,,,0,,,,,,,,,,,,,,
2018-04-27,12:22:00,SEM VÍTIMA,FINALIZADA,BOA VIAGEM,RUA CARLOS PEREIRA FALCAO,1351,,PROX. AO POSTO BR  SENTIDO PRAIA,RUA CARLOS PEREIRA FALCAO,1351,PROX. AO POSTO BR  SENTIDO PRAIA,BOA VIAGEM,,,COLISÃO,DOIS AUTOS,2,,,,,,,,,0,,,,,,,,,,,,,,
2018-04-27,12:46:00,COM VÍTIMA,FINALIZADA,AFOGADOS,RUA AUGUSTO CALHEIROS,,,EM FRENTE A FLAVIO MOTOS,RUA AUGUSTO CALHEIROS,,EM FRENTE A FLAVIO MOTOS,AFOGADOS,,,COLISÃO,COLISÃO COM VÍTIMA/ VT 32 NO LOCAL,,1,,,,,,,1,1,,,,,,,,,,,,,,
2018-04-27,12:49:00,SEM VÍTIMA,FINALIZADA,BOA VISTA,RUA JOSE DE ALENCAR,,RUA BARÃO DE SÃO BORJA,CRUZAMENTO COM RUA BARAO DE SAO BORJA,RUA JOSE DE ALENCAR,,CRUZAMENTO COM RUA BARAO DE SAO BORJA,BOA VISTA,,,COLISÃO,DOIS AUTOS,2,,,,,,,,,0,,,,,,,,,,,,,,
2018-04-27,12:56:00,SEM VÍTIMA,FINALIZADA,PARNAMIRIM,RUA SEBASTIAO ALVES,,EST ARRAIAL,ESQUINA COM EST DO ARRAIAL  SEMAFORO 421,RUA SEBASTIAO ALVES,,ESQUINA COM EST DO ARRAIAL  SEMAFORO 421,PARNAMIRIM,,,COLISÃO,DOIS AUTOS  UMA DAS CONDUTORAS APRESENTA SINAIS DE EMBRIAGUES,2,,,,,,,,,0,,,,,,,,,,,,,,
2018-04-27,12:58:00,,CANCELADA,BOA VISTA,RUA JOSE DE ALENCAR,,,COM RUA BARAO DE SAO BORJA E/F AO RESTAURANTE DONA LILI,RUA JOSE DE ALENCAR,,COM RUA BARAO DE SAO BORJA E/F AO RESTAURANTE DONA LILI,BOA VISTA,,,COLISÃO,COLISAO ENTRE DOIS AUTOS S/V,2,,,,,,,,,0,,,,,,,,,,,,,,
2018-04-27,13:25:00,SEM VÍTIMA,FINALIZADA,IPUTINGA,RUA MINISTRO JOAO ALBERTO,20,,EM FRENTE A DELICATESSEN SANTA HELENA,RUA MINISTRO JOAO ALBERTO,20,EM FRENTE A DELICATESSEN SANTA HELENA,IPUTINGA,,,COLISÃO,COLISÃO SEM VÍTIMA,1,,,,,,,,1,0,,,,,,,,,,,,,,