data,hora,natureza_acidente,situacao,bairro,endereco,numero,detalhe_endereco_acidente,complemento,endereco_cruzamento,numero_cruzamento,referencia_cruzamento,bairro_cruzamento,num_semaforo,sentido_via,tipo,descricao,auto,moto,ciclom,ciclista,pedestre,onibus,caminhao,viatura,outros,vitimas,vitimasfatais,acidente_verificado,tempo_clima,situacao_semaforo,sinalizacao,condicao_via,conservacao_via,ponto_controle,situacao_placa,velocidade_max_via,mao_direcao,divisao_via1,divisao_via2,divisao_via3
2018-05-02,15:51:00,SEM VÍTIMA,FINALIZADA,DERBY,RUA DR SEVERINO PINHEIRO,,,AO LADO DA FACULDADE FAMA ANTES DO GIRADOURO S/T CLUBE INTERNACIONAL,RUA DR SEVERINO PINHEIRO,,AO LADO DA FACULDADE FAMA ANTES DO GIRADOURO S/T CLUBE INTERNACIONAL,DERBY,,,COLISÃO,COLISAO ENTRE AUTO E MOTO S/V,1,1,,,,,,,,0,,,,,,,,,,,,,,
2018-05-02,16:39:00,SEM VÍTIMA,FINALIZADA,SANTO AMARO,AV CRUZ CABUGA,,,EM FRENTE A SANTA CASA DE MISERICORDIA/ SENTIDO CIDADE,AV CRUZ CABUGA,,EM FRENTE A SANTA CASA DE MISERICORDIA/ SENTIDO CIDADE,SANTO AMARO,,,COLISÃO,COLISÃO SEM VÍTIMA,1,1,,,,,,,,0,,,,,,,,,,,,,,
2018-05-02,16:47:00,SEM VÍTIMA,FINALIZADA,MADALENA,RUA DR SEVERINO PINHEIRO,,,PROX. A QUARTEL DA PM,RUA DR SEVERINO PINHEIRO,,PROX. A QUARTEL DA PM,MADALENA,,,COLISÃO,AUTO E MOTO,1,1,,,,,,,,0,,,,,,,,,,,,,,
2018-05-02,17:01:00,COM VÍTIMA,FINALIZADA,BOA VIAGEM,AV MARECHAL MASCARENHAS DE MORAES,,,EM FRENTE AO HOTEL IBIS  SENTIDO CIDADE,AV MARECHAL MASCARENHAS DE MORAES,,EM FRENTE AO HOTEL IBIS  SENTIDO CIDADE,BOA VIAGEM,,,COLISÃO,KOMBI E MOTO C/V,1,1,,,,,,,,1,,,,,,,,,,,,,,
2018-05-02,17:54:00,SEM VÍTIMA,EQUIPE EM DESLOCAMENTO,COQUEIRAL,RUA ALCANTARA,320,,ENF A CADEMIA TECNCO FORMA,RUA ALCANTARA,320,ENF A CADEMIA TECNCO FORMA,COQUEIRAL,,,COLISÃO,ONIBUS E AUTO,1,,,,,1,,,,0,,,,,,,,,,,,,,
2018-05-02,17:58:00,SEM VÍTIMA,FINALIZADA,BOA VISTA,RUA BISPO CARDOSO AYRES,456,,EM FRENTE A FACULDADE DE CIENCIAS HUMANAS,RUA BISPO CARDOSO AYRES,456,EM FRENTE A FACULDADE DE CIENCIAS HUMANAS,BOA VISTA,,,COLISÃO,DOIS AUTOS,2,,,,,,,,,0,,,,,,,,,,,,,,
2018-05-02,18:03:00,SEM VÍTIMA,FINALIZADA,ESTÂNCIA,AV RECIFE,,,PROX. AO MAKRO  NO SEMAFORO 620 SENT. CAXANGA,AV RECIFE,,PROX. AO MAKRO  NO SEMAFORO 620 SENT. CAXANGA,ESTÂNCIA,,,COLISÃO,DOIS AUTOS,2,,,,,,,,,0,,,,,,,,,,,,,,
2018-05-02,18:13:00,SEM VÍTIMA,CANCELADA,BOA VIAGEM,RUA DEZ DE JULHO,,,NA SAIDA DO TERMINAL INTEGRADO DO AEROPORTO,RUA DEZ DE JULHO,,NA SAIDA DO TERMINAL INTEGRADO DO AEROPORTO,BOA VIAGEM,,,COLISÃO,AUTO E ONIBUS,1,,,,,1,,,,0,,,,,,,,,,,,,,
2018-05-02,18:36:00,SEM VÍTIMA,EQUIPE EM DESLOCAMENTO,DERBY,RUA AMARO BEZERRA,,,PROX AO HOSPITAL SANTA JOANA,RUA AMARO BEZERRA,,PROX AO HOSPITAL SANTA JOANA,DERBY,,,COLISÃO,DOIS AUTO,2,,,,,,,,,0,,,,,,,,,,,,,,
2018-05-02,18:57:00,SEM VÍTIMA,FINALIZADA,AFOGADOS,RUA SANTOS ARAUJO,,,EM FRENTE AO POSTO DE GASOLINA BP E FACULDADE FAREC,RUA SANTOS ARAUJO,,EM FRENTE AO POSTO DE GASOLINA BP E FACULDADE FAREC,AFOGADOS,,,COLISÃO,MOTO E AUTO,1,1,,,,,,,,0,,,,,,,,,,,,,,
2018-05-02,19:31:00,SEM VÍTIMA,FINALIZADA,GRAÇAS,AV GOVERNADOR AGAMENON MAGALHAES,,,SENTIDO OLINDA PROX AO WALMART,AV GOVERNADOR AGAMENON MAGALHAES,,SENTIDO OLINDA PROX AO WALMART,GRAÇAS,,,COLISÃO,ONIBUS X AUTO,1,,,,,1,,,,0,,,,,,,,,,,,,,
2018-05-02,19:37:00,COM VÍTIMA,FINALIZADA,IPUTINGA,AV CAXANGA,3372,,PROX AO BANCO DO BRASIL SENTIDO CIDADE SUBURBIO,AV CAXANGA,3372,PROX AO BANCO DO BRASIL SENTIDO CIDADE SUBURBIO,IPUTINGA,,,COLISÃO,AUTO E MOTO,1,1,,,,,,,,1,,,,,,,,,,,,,,
2018-05-02,19:42:00,SEM VÍTIMA,FINALIZADA,BOMBA DO HEMETÉRIO,RUA ARLINDO CISNEIRO,22,,PROX AO QUINTAL DO SAMBA,RUA ARLINDO CISNEIRO,22,PROX AO QUINTAL DO SAMBA,BOMBA DO HEMETÉRIO,,,COLISÃO,CAMINHAO DE COLETA E AUTO,1,,,,,,1,,,0,,,,,,,,,,,,,,
2018-05-02,19:45:00,SEM VÍTIMA,FINALIZADA,BOA VISTA,RUA DOM BOSCO,,,AO LADO DO SUPERMERCADO EXTRA,RUA DOM BOSCO,,AO LADO DO SUPERMERCADO EXTRA,BOA VISTA,,,COLISÃO,ONIBUS E AUTO,1,,,,,1,,,,0,,,,,,,,,,,,,,
2018-05-02,19:46:00,SEM VÍTIMA,CANCELADA,BARRO,AV DR JOSE RUFINO,2146,,PROX A IGREJA DO BARRO E PIZZA HOT,AV DR JOSE RUFINO,2146,PROX A IGREJA DO BARRO E PIZZA HOT,BARRO,,,COLISÃO,ONUBUS PARTICULAR E AUTO,1,,,,,1,,,,0,,,,,,,,,,,,,,
2018-05-02,19:53:00,COM VÍTIMA,FINALIZADA,MADALENA,AV VISCONDE DE ALBUQUERQUE,,RUA LOPES DE CARVALHO,COM A RUA LOPES DE CARVALHO  APOS A AGENCIA ASTRAL,AV VISCONDE DE ALBUQUERQUE,,COM A RUA LOPES DE CARVALHO  APOS A AGENCIA ASTRAL,MADALENA,,,COLISÃO,MOTO E AUTO,1,1,,,,,,,,1,,,,,,,,,,,,,,
2018-05-02,19:55:00,,CANCELADA,BOA VISTA,RUA DOM BOSCO,,,ENF AO BATALHAO RP SEMAFORO 401,RUA DOM BOSCO,,ENF AO BATALHAO RP SEMAFORO 401,BOA VISTA,,,COLISÃO,ONIBUS X AUTO,1,,,,,1,,,,0,,,,,,,,,,,,,,
2018-05-02,20:11:00,SEM VÍTIMA,FINALIZADA,BARRO,AV DR JOSE RUFINO,2881,,PROX A ESCOLA CASTELO BRANCO,AV DR JOSE RUFINO,2881,PROX A ESCOLA CASTELO BRANCO,BARRO,,,COLISÃO,TRES AUTO PASSEIO XXXX OBS: VEICULO COM EIXO QUEBRADO NO MEIO DA VIA,3,,,,,,,,,0,,,,,,,,,,,,,,
2018-05-02,20:19:00,SEM VÍTIMA,FINALIZADA,IPUTINGA,AV CAMARAO,323,AV MARIO PERREIRA LYRA,CRUZAMENTO COM AV MARIO PERREIRA LYRA,AV CAMARAO,323,CRUZAMENTO COM AV MARIO PERREIRA LYRA,IPUTINGA,,,COLISÃO,DOIS AUTO,2,,,,,,,,,0,,,,,,,,,,,,,,
2018-05-03,07:10:00,SEM VÍTIMA,FINALIZADA,ESPINHEIRO,RUA DA HORA,,RUA AMELIA,NO CRUZAMENTO COM RUA AMELIA,RUA DA HORA,,NO CRUZAMENTO COM RUA AMELIA,ESPINHEIRO,,,COLISÃO,COLISAO S/V BATEDORES NO LOCAL MOTO 11 ITALO,2,,,,,,,,,0,,,,,,,,,,,,,,
2018-05-03,07:23:00,SEM VÍTIMA,FINALIZADA,SÃO JOSÉ,AV MARTINS DE BARROS,,,E/F AO POSTO IPIRANGA,AV MARTINS DE BARROS,,E/F AO POSTO IPIRANGA,SÃO JOSÉ,,,COLISÃO,SEM VÍTIMAS,2,,,,,,,,,0,,,,,,,,,,,,,,
2018-05-03,07:42:00,SEM VÍTIMA,FINALIZADA,ESPINHEIRO,AV NORTE,1979,,EM FRENTE DA KIA MOTORS SENT/CENTRO,AV NORTE,1979,EM FRENTE DA KIA MOTORS SENT/CENTRO,ESPINHEIRO,,,COLISÃO,SEM VITIMAS,2,,,,,,,,,0,,,,,,,,,,,,,,
2018-05-03,08:04:00,SEM VÍTIMA,FINALIZADA,PRADO,RUA GOMES TABORDA,226,,E/F A MADEREIRA SÃO JUDAS TADEU 226,RUA GOMES TABORDA,226,E/F A MADEREIRA SÃO JUDAS TADEU 226,PRADO,,,COLISÃO,SEM VÍTIMAS,1,1,,,,,,,,0,,,,,,,,,,,,,,
2018-05-03,08:05:00,COM VÍTIMA,FINALIZADA,HIPÓDROMO,RUA CARLOS FERNANDES,,RUA PRUDENTE DE MORAES,CRUZAMENTO COM A RUA PRUDENTE DE MORAES,RUA CARLOS FERNANDES,,CRUZAMENTO COM A RUA PRUDENTE DE MORAES,HIPÓDROMO,,,COLISÃO COM CICLISTA,UMA VITIMA SOCORRIDA PELOS BOMBEIROS VT 11 DA CTTU FAZENDO O B.O,1,,,1,,,,,,1,,,,,,,,,,,,,,
2018-05-03,08:19:00,SEM VÍTIMA,FINALIZADA,IMBIRIBEIRA,AV MARECHAL MASCARENHAS DE MORAES,,,SENTIDO AEROPORTO  SEMÁFORO 534 E/F A RENAULT.,AV MARECHAL MASCARENHAS DE MORAES,,SENTIDO AEROPORTO  SEMÁFORO 534 E/F A RENAULT.,IMBIRIBEIRA,,,COLISÃO,SEM VÍTIMAS,2,,,,,,1,,,0,,,,,,,,,,,,,,
2018-05-03,08:33:00,COM VÍTIMA,FINALIZADA,CIDADE UNIVERSITÁRIA,AV PROFESSOR ARTUR DE SA,,,EM FRENTE AO BAR DA KELLY,AV PROFESSOR ARTUR DE SA,,EM FRENTE AO BAR DA KELLY,CIDADE UNIVERSITÁRIA,,,COLISÃO,COLISAO COM VITIMA,1,1,,,,,,,,1,,,,,,,,,,,,,,
2018-05-03,08:36:00,SEM VÍTIMA,FINALIZADA,BOA VIAGEM,RUA BALTAZAR PASSOS,,RUA COSMORAMA,COM A RUA COSMORANA,RUA BALTAZAR PASSOS,,COM A RUA COSMORANA,BOA VIAGEM,,,COLISÃO,DOIS AUTOS / BT 24 / 08 NO QTH,2,,,,,,,,,0,,,,,,,,,,,,,,
2018-05-03,09:15:00,COM VÍTIMA,FINALIZADA,BOA VISTA,RUA DA SOLEDADE,,,EM FRENTE A FARMACIA DA SOLEDADE,RUA DA SOLEDADE,,EM FRENTE A FARMACIA DA SOLEDADE,BOA VISTA,,,ATROPELAMENTO,MOTO / PEDESTRE,,1,,,1,,,,,1,,,,,,,,,,,,,,
2018-05-03,09:17:00,COM VÍTIMA,FINALIZADA,IMBIRIBEIRA,AV MARECHAL MASCARENHAS DE MORAES,,,NO SEMAFORO 574/ PROX A RENAULT,AV MARECHAL MASCARENHAS DE MORAES,,NO SEMAFORO 574/ PROX A RENAULT,IMBIRIBEIRA,,,COLISÃO,BATEDORES MOTO 14 NO LOCAL,1,1,,,,,,,,1,,,,,,,,,,,,,,
2018-05-03,09:20:00,SEM VÍTIMA,FINALIZADA,ARRUDA,AV PROFESSOR JOSE DOS ANJOS,100A,,SENTIDO OLINDA. APÓS A UPA E/F A UMA RESIDENCIA.,AV PROFESSOR JOSE DOS ANJOS,100A,SENTIDO OLINDA. APÓS A UPA E/F A UMA RESIDENCIA.,ARRUDA,,,COLISÃO,SEM VÍTIMAS,1,,,,,,1,,,0,,,,,,,,,,,,,,
2018-05-03,09:59:00,SEM VÍTIMA,FINALIZADA,BOA VIAGEM,AV CONSELHEIRO AGUIAR,,RUA RIBEIRO DE BRITO,CRUZAMENTO COM A RUA RIBEIRO DE BRITO,AV CONSELHEIRO AGUIAR,,CRUZAMENTO COM A RUA RIBEIRO DE BRITO,BOA VIAGEM,,,COLISÃO,SEM VITIMAS GM PONTO FIXO VAI FAZER B.O,2,,,,,,,,,0,,,,,,,,,,,,,,
2018-05-03,10:29:00,SEM VÍTIMA,FINALIZADA,GRAÇAS,RUA DR BANDEIRA FILHO,205,,EM FRENTE AO EDF RAINHA SANTA ISABEL,RUA DR BANDEIRA FILHO,205,EM FRENTE AO EDF RAINHA SANTA ISABEL,GRAÇAS,,,COLISÃO,TRES AUTOS,3,,,,,,,,,0,,,,,,,,,,,,,,
2018-05-03,11:28:00,SEM VÍTIMA,FINALIZADA,SÃO JOSÉ,C SANTA RITA,,,EM FRENTE AO GRANDE RECIFE  SENTIDO CENTRO,C SANTA RITA,,EM FRENTE AO GRANDE RECIFE  SENTIDO CENTRO,SÃO JOSÉ,,,COLISÃO,SEM VITIMAS,3,,,,,,,,,0,,,,,,,,,,,,,,
2018-05-03,11:30:00,SEM VÍTIMA,FINALIZADA,DERBY,AV GOVERNADOR AGAMENON MAGALHAES,,,PROX AO ITAÚ,AV GOVERNADOR AGAMENON MAGALHAES,,PROX AO ITAÚ,DERBY,,,COLISÃO,COLISAO S/V,2,,,,,,,,,0,,,,,,,,,,,,,,
2018-05-03,11:43:00,SEM VÍTIMA,FINALIZADA,IPUTINGA,RUA DR VIRGINIO MARQUES,161,,E/F A RESIDENCIA. NA RUA DA IGREJA CATÓLICA DE IPUTINGA.,RUA DR VIRGINIO MARQUES,161,E/F A RESIDENCIA. NA RUA DA IGREJA CATÓLICA DE IPUTINGA.,IPUTINGA,,,COLISÃO,SEM VÍTIMAS,1,,,,,,1,,,0,,,,,,,,,,,,,,
2018-05-03,11:58:00,SEM VÍTIMA,FINALIZADA,BOA VISTA,AV MANOEL BORBA,,,EM FRENTE POLICLINICA GOVEIA D BARROS,AV MANOEL BORBA,,EM FRENTE POLICLINICA GOVEIA D BARROS,BOA VISTA,,,COLISÃO,DOIS AUTOS,2,,,,,,,,,0,,,,,,,,,,,,,,
2018-05-03,12:00:00,SEM VÍTIMA,FINALIZADA,CASA AMARELA,RUA DA HARMONIA,,,EM FRENTE AO COLEGIO VILA SESÁMO,RUA DA HARMONIA,,EM FRENTE AO COLEGIO VILA SESÁMO,CASA AMARELA,,,COLISÃO,DOIS AUTOS,2,,,,,,,,,0,,,,,,,,,,,,,,
2018-05-03,12:22:00,SEM VÍTIMA,FINALIZADA,ENGENHO DO MEIO,RUA BOM PASTOR,,,NO SEMAFORO 391,RUA BOM PASTOR,,NO SEMAFORO 391,ENGENHO DO MEIO,,,COLISÃO,COLISAO ENTRE DOIS AUTOS S/V,2,,,,,,,,,0,,,,,,,,,,,,,,
2018-05-03,12:24:00,SEM VÍTIMA,FINALIZADA,ILHA DO LEITE,RUA GENERAL JOAQUIM INACIO,412,,POR TRÁS DO COLEGIO SALESIANO,RUA GENERAL JOAQUIM INACIO,412,POR TRÁS DO COLEGIO SALESIANO,ILHA DO LEITE,,,COLISÃO COM CICLISTA,COLISÃO SEM VÍTIMA,1,,,1,,,,,,0,,,,,,,,,,,,,,
2018-05-03,13:37:00,SEM VÍTIMA,FINALIZADA,BOA VIAGEM,AV DOM JOAO VI,215,,AO LADO DO GGE,AV DOM JOAO VI,215,AO LADO DO GGE,BOA VIAGEM,,,COLISÃO,COLISÃO SEM VÍTIMA,1,,,,,,1,,,0,,,,,,,,,,,,,,
2018-05-03,13:43:00,SEM VÍTIMA,FINALIZADA,TORRE,AV PROFESSOR ESTEVAO FRANCISCO DA COSTA,36,,EM FRENTE AO MARTELINHO DE OURO E O POSTO PETROCAL,AV PROFESSOR ESTEVAO FRANCISCO DA COSTA,36,EM FRENTE AO MARTELINHO DE OURO E O POSTO PETROCAL,TORRE,,,COLISÃO,COLISÃO SEM VÍTIMA,,2,,,,,,,,0,,,,,,,,,,,,,,
2018-05-03,13:58:00,SEM VÍTIMA,FINALIZADA,NOVA DESCOBERTA,RUA NOVA DESCOBERTA,204,,PROX. AO LARGO DONA REGINA  EM FRENTE AO MERCADO ESTRELA,RUA NOVA DESCOBERTA,204,PROX. AO LARGO DONA REGINA  EM FRENTE AO MERCADO ESTRELA,NOVA DESCOBERTA,,,COLISÃO,CAMINHAO E ONIBUS ,,,,,,1,1,,,0,,,,,,,,,,,,,,
2018-05-03,14:02:00,SEM VÍTIMA,CANCELADA,BOA VIAGEM,RUA BRUNO VELOSO,,,EM FRENTE AO HOTEL INTERNACIONAL PALACE,RUA BRUNO VELOSO,,EM FRENTE AO HOTEL INTERNACIONAL PALACE,BOA VIAGEM,,,COLISÃO,COLISÃO SEM VÍTIMA,2,,,,,,,,,0,,,,,,,,,,,,,,
2018-05-03,14:44:00,SEM VÍTIMA,FINALIZADA,BOA VIAGEM,RUA FELIX DE BRITO E MELO,360,,PROX. A AMERICA FORD  ANTES O VIADUTO,RUA FELIX DE BRITO E MELO,360,PROX. A AMERICA FORD  ANTES O VIADUTO,BOA VIAGEM,,,COLISÃO,AUTO E ONIBUS ,1,,,,,1,,,,0,,,,,,,,,,,,,,
2018-05-03,14:58:00,SEM VÍTIMA,FINALIZADA,IPSEP,AV DOM HELDER CAMARA,,,PROX. AO NUCLEO DA PM,AV DOM HELDER CAMARA,,PROX. AO NUCLEO DA PM,IPSEP,,,COLISÃO,DOIS AUTOS S/V,2,,,,,,,,,0,,,,,,,,,,,,,,
2018-05-03,15:31:00,COM VÍTIMA,FINALIZADA,BOA VISTA,AV CONDE DA BOA VISTA,,,EM FRENTE AO SHOPPING BOA VISTA,AV CONDE DA BOA VISTA,,EM FRENTE AO SHOPPING BOA VISTA,BOA VISTA,,,ATROPELAMENTO,AUTO E PEDESTRE,1,,,,1,,,,,1,,,,,,,,,,,,,,
2018-05-03,15:57:00,SEM VÍTIMA,FINALIZADA,MACAXEIRA,AV NORTE,,,EM FRENTE A ANTIGA FABRICA DA MACAXEIRA  SENTIDO CASA AMARELA,AV NORTE,,EM FRENTE A ANTIGA FABRICA DA MACAXEIRA  SENTIDO CASA AMARELA,MACAXEIRA,,,CHOQUE,VEICULO SE CHOCOU COM UM PRIMA DE CONCRETO,1,,,,,,,,,0,,,,,,,,,,,,,,
2018-05-03,16:21:00,SEM VÍTIMA,FINALIZADA,BOA VIAGEM,RUA DEZ DE JULHO,2498,,PROX. A VIDRAÇARIA ABABOX,RUA DEZ DE JULHO,2498,PROX. A VIDRAÇARIA ABABOX,BOA VIAGEM,,,COLISÃO,DOIS AUTOS S/V,2,,,,,,,,,0,,,,,,,,,,,,,,
2018-05-03,16:22:00,SEM VÍTIMA,FINALIZADA,AREIAS,AV DR JOSE RUFINO,1501,,EM FRENTE A IGREJA PRESBITERIANA,AV DR JOSE RUFINO,1501,EM FRENTE A IGREJA PRESBITERIANA,AREIAS,,,COLISÃO,COLISÃO SEM VÍTIMA,1,1,,,,,,,,0,,,,,,,,,,,,,,
2018-05-03,17:04:00,COM VÍTIMA,FINALIZADA,CASA FORTE,AV DEZESSETE DE AGOSTO,,,E/F AO POSTO DISLUB,AV DEZESSETE DE AGOSTO,,E/F AO POSTO DISLUB,CASA FORTE,,,COLISÃO,COLISAO ENTRE ENTRE AUTO E MOTO COM UMA VITIMA,1,1,,,,,,,,1,,,,,,,,,,,,,,
2018-05-03,17:06:00,SEM VÍTIMA,FINALIZADA,IBURA,RUA RIO XINGU,,,SEMAFORO 351,RUA RIO XINGU,,SEMAFORO 351,IBURA,,,COLISÃO,VAN E AUTO,2,,,,,,,,,0,,,,,,,,,,,,,,
2018-05-03,18:30:00,COM VÍTIMA,FINALIZADA,MADALENA,RUA ARLINDO GOUVEIA,39,,PRÓX AO CLUBE INTERNACIONAL / E/F AO ESPETINHO DE FERRERINHA E POSTO BR,RUA ARLINDO GOUVEIA,39,PRÓX AO CLUBE INTERNACIONAL / E/F AO ESPETINHO DE FERRERINHA E POSTO BR,MADALENA,,,COLISÃO,ENTRE AUTO E MOTO. C/V,1,1,,,,,,,,1,,,,,,,,,,,,,,
2018-05-03,18:35:00,SEM VÍTIMA,FINALIZADA,BONGI,EST DO BONGI,,,ENF A IGREJA BATISTA DO BONGI E PROX A DELEGACIA,EST DO BONGI,,ENF A IGREJA BATISTA DO BONGI E PROX A DELEGACIA,BONGI,,,COLISÃO,CLIO X PALIO,2,,,,,,,,,0,,,,,,,,,,,,,,
2018-05-03,18:55:00,SEM VÍTIMA,FINALIZADA,BOA VIAGEM,RUA WALDEMAR NERY CARNEIRO MONTEIRO,,RUA DEZ DE JULHO,CRUZAMENTO COM A DEZ DE JULHO,RUA WALDEMAR NERY CARNEIRO MONTEIRO,,CRUZAMENTO COM A DEZ DE JULHO,BOA VIAGEM,,,COLISÃO,DOIS AUTO,2,,,,,,,,,0,,,,,,,,,,,,,,
2018-05-03,18:58:00,SEM VÍTIMA,FINALIZADA,BOA VIAGEM,AV ENGENHEIRO DOMINGOS FERREIRA,,,E/F A DELEGACIA BOA VIAGEM,AV ENGENHEIRO DOMINGOS FERREIRA,,E/F A DELEGACIA BOA VIAGEM,BOA VIAGEM,,,COLISÃO,ENTRE 2 AUTOS (UM DOS AUTOS ENVOLVIDOS FOI FURTADO  SEGUNDO A USUÁRIA) S/V,2,,,,,,,,,0,,,,,,,,,,,,,,
2018-05-03,19:07:00,SEM VÍTIMA,FINALIZADA,BOA VISTA,RUA DR LEOPOLDO LINS,100,,AO LADO DA FACULDADE SOPECE,RUA DR LEOPOLDO LINS,100,AO LADO DA FACULDADE SOPECE,BOA VISTA,,,COLISÃO,HB 20 X GOL,2,,,,,,,,,0,,,,,,,,,,,,,,
2018-05-03,19:41:00,SEM VÍTIMA,FINALIZADA,DOIS IRMÃOS,RUA DOIS IRMAOS,,,E/F AO PARQUE DE DOIS IRMÃOS  NA VIA,RUA DOIS IRMAOS,,E/F AO PARQUE DE DOIS IRMÃOS  NA VIA,DOIS IRMÃOS,,,COLISÃO,ENTRE AUTO E ÔNIBUS. S/V,1,,,,,1,,,,0,,,,,,,,,,,,,,
2018-05-03,19:43:00,SEM VÍTIMA,CANCELADA,BOA VISTA,RUA JOAO FERNANDES VIEIRA,644,,ENF AO HOSPITAL DE FRATURAS,RUA JOAO FERNANDES VIEIRA,644,ENF AO HOSPITAL DE FRATURAS,BOA VISTA,,,COLISÃO,DOIS AUTO,2,,,,,,,,,0,,,,,,,,,,,,,,
2018-05-03,20:24:00,SEM VÍTIMA,FINALIZADA,TORRÕES,RUA DR MIGUEL VIEIRA FERREIRA,275,RUA CLAUDIO BROTHERHOOD,CRUZAMENTO COM A RUA CLAUDIO BROTHEROOD,RUA DR MIGUEL VIEIRA FERREIRA,275,CRUZAMENTO COM A RUA CLAUDIO BROTHEROOD,TORRÕES,,,COLISÃO,VEICULO DO ESTADO X AUTO,2,,,,,,,,,0,,,,,,,,,,,,,,
2018-05-03,20:44:00,SEM VÍTIMA,FINALIZADA,BAIRRO DO RECIFE,AV MARTINS DE BARROS,,,NA SAIDA DO TERMINAL DO CAIS DE SANTA RITA,AV MARTINS DE BARROS,,NA SAIDA DO TERMINAL DO CAIS DE SANTA RITA,BAIRRO DO RECIFE,,,COLISÃO,ONIBUS X CAMINHAO XXXX OBS:: VT 21 DA CTTU NO LOCAL,,,,,,1,1,,,0,,,,,,,,,,,,,,
2018-05-03,21:54:00,SEM VÍTIMA,CANCELADA,BOA VIAGEM,AV ENGENHEIRO DOMINGOS FERREIRA,,,ENF AO HOSPITAL NOSSA SENHORA DAS GRAÇA,AV ENGENHEIRO DOMINGOS FERREIRA,,ENF AO HOSPITAL NOSSA SENHORA DAS GRAÇA,BOA VIAGEM,,,COLISÃO,ONIBUS E MICRO-ONIBUS,,,,,,2,,,,0,,,,,,,,,,,,,,
2018-05-04,09:12:00,SEM VÍTIMA,FINALIZADA,SAN MARTIN,AV GENERAL SAN MARTIN,,,NA SAÍDA DO ESTACIONAMENTO DOS CORREIOS,AV GENERAL SAN MARTIN,,NA SAÍDA DO ESTACIONAMENTO DOS CORREIOS,SAN MARTIN,,,COLISÃO,SEM VÍTIMAS,2,,,,,,,,,0,,,,,,,,,,,,,,
2018-05-04,09:37:00,COM VÍTIMA,FINALIZADA,PARNAMIRIM,RUA PADRE ROMA,558,,POR TRAS DO PAO DE AÇUCAR,RUA PADRE ROMA,558,POR TRAS DO PAO DE AÇUCAR,PARNAMIRIM,,,COLISÃO,MOTO E AUTO,1,1,,,,,,,,1,,,,,,,,,,,,,,
2018-05-04,09:39:00,SEM VÍTIMA,FINALIZADA,IMBIRIBEIRA,AV MARECHAL MASCARENHAS DE MORAES,4900,,SENT /PRAZERES  EM FRENTE AO POSTO SHELL,AV MARECHAL MASCARENHAS DE MORAES,4900,SENT /PRAZERES  EM FRENTE AO POSTO SHELL,IMBIRIBEIRA,,,COLISÃO,SEM VITIMAS,3,,,,,,,,,0,,,,,,,,,,,,,,
2018-05-04,10:18:00,SEM VÍTIMA,FINALIZADA,GRAÇAS,AV RUI BARBOSA,,,EM FRENTE AO COLEGIO MARISTA,AV RUI BARBOSA,,EM FRENTE AO COLEGIO MARISTA,GRAÇAS,,,COLISÃO,COLISÃO SEM VITIMAS,1,1,,,,,,,,0,,,,,,,,,,,,,,
2018-05-04,10:21:00,SEM VÍTIMA,FINALIZADA,SÃO JOSÉ,PRC SERGIO LORETO,,,SENT CIDADE / LADO ESQUERDO DA VIA,PRC SERGIO LORETO,,SENT CIDADE / LADO ESQUERDO DA VIA,SÃO JOSÉ,,,COLISÃO,AUTO PASSEIO E CAMINHAO,1,,,,,,1,,,0,,,,,,,,,,,,,,
2018-05-04,10:27:00,COM VÍTIMA,FINALIZADA,ÁGUA FRIA,AV BEBERIBE,1772,,AO LADO DO MERCADO D.GUA FRIA,AV BEBERIBE,1772,AO LADO DO MERCADO D.GUA FRIA,ÁGUA FRIA,,,COLISÃO,COLISÃO COM VITIMA A ESPERA DO BOMBEIROS,1,1,,,,,,,,1,,,,,,,,,,,,,,
2018-05-04,11:08:00,SEM VÍTIMA,FINALIZADA,FUNDÃO,AV BEBERIBE,2785,,NA PRAÇA DE FUNDÃO,AV BEBERIBE,2785,NA PRAÇA DE FUNDÃO,FUNDÃO,,,COLISÃO,SEM VITIMAS  COLISÃO COM UMA VIATURA DA POLICIA MILITAR,1,,,,,,,1,,0,,,,,,,,,,,,,,
2018-05-04,11:45:00,SEM VÍTIMA,FINALIZADA,GRAÇAS,RUA DO FUTURO,,,EM FRENTE AO RESTAURANTE QUINA DO FUTURO,RUA DO FUTURO,,EM FRENTE AO RESTAURANTE QUINA DO FUTURO,GRAÇAS,,,COLISÃO,COLISÃO SEM VITIMAS,2,,,,,,,,,0,,,,,,,,,,,,,,
2018-05-04,12:29:00,SEM VÍTIMA,FINALIZADA,SANTO AMARO,AV NORTE,,,E/F AO QUARTEL DO EXÉRCITO,AV NORTE,,E/F AO QUARTEL DO EXÉRCITO,SANTO AMARO,,,COLISÃO,COLISÃO ENTRE AUTO E MOTO,1,1,,,,,,,,0,,,,,,,,,,,,,,
2018-05-04,12:39:00,SEM VÍTIMA,FINALIZADA,BOA VISTA,RUA DOM BOSCO,908,,EM FRENTE AO EXTRA  E AO QUARTEL DA PM,RUA DOM BOSCO,908,EM FRENTE AO EXTRA  E AO QUARTEL DA PM,BOA VISTA,,,COLISÃO,AUTO E ONIBUS,1,,,,,1,,,,0,,,,,,,,,,,,,,
2018-05-04,12:57:00,COM VÍTIMA,FINALIZADA,SAN MARTIN,AV ENGENHEIRO ABDIAS DE CARVALHO,,,EM FRENTE AO CENTRO DE TREINAMENTO DOS CORREIOS,AV ENGENHEIRO ABDIAS DE CARVALHO,,EM FRENTE AO CENTRO DE TREINAMENTO DOS CORREIOS,SAN MARTIN,,,ACID. DE PERCURSO,MOTOCICLISTA PERDEU O CONTROLE DO VEICULO,,1,,,,,,,,1,,,,,,,,,,,,,,
2018-05-04,13:09:00,SEM VÍTIMA,FINALIZADA,ESPINHEIRO,RUA QUARENTA E OITO,,RUA DO ESPINHEIRO,ESQUINA DA PADARIA DO ESPINHEIRO NO SEMAFORO 166,RUA QUARENTA E OITO,,ESQUINA DA PADARIA DO ESPINHEIRO NO SEMAFORO 166,ESPINHEIRO,,,COLISÃO,COLISAO ENTRE AUTO E CARRO FORTE,1,,,,,,,,1,0,,,,,,,,,,,,,,