data,hora,natureza_acidente,situacao,bairro,endereco,numero,detalhe_endereco_acidente,complemento,endereco_cruzamento,numero_cruzamento,referencia_cruzamento,bairro_cruzamento,num_semaforo,sentido_via,tipo,descricao,auto,moto,ciclom,ciclista,pedestre,onibus,caminhao,viatura,outros,vitimas,vitimasfatais,acidente_verificado,tempo_clima,situacao_semaforo,sinalizacao,condicao_via,conservacao_via,ponto_controle,situacao_placa,velocidade_max_via,mao_direcao,divisao_via1,divisao_via2,divisao_via3
2018-05-10,19:47:00,SEM VÍTIMA,FINALIZADA,CORDEIRO,AV GENERAL SAN MARTIN,,RUA GOMES TABORDA,CRUZAMENTO COM A RUA GOMES TABORDA SEMAFORO 067 SENTIDO AV CAXANGA,AV GENERAL SAN MARTIN,,CRUZAMENTO COM A RUA GOMES TABORDA SEMAFORO 067 SENTIDO AV CAXANGA,CORDEIRO,,,COLISÃO,KOMBI X AUTO,2,,,,,,,,,0,,,,,,,,,,,,,,
2018-05-10,19:58:00,SEM VÍTIMA,CANCELADA,BOA VIAGEM,AVENIDA CELSO FURTADO (VIA MANGUE),,,APÓS O EXTRA,AVENIDA CELSO FURTADO (VIA MANGUE),,APÓS O EXTRA,BOA VIAGEM,,,COLISÃO,ENTRE 2 AUTOS. S/V,2,,,,,,,,,0,,,,,,,,,,,,,,
2018-05-10,19:58:00,SEM VÍTIMA,CANCELADA,IPSEP,AV RECIFE,,,ENFR AO NUCLEO DA POLICIA,AV RECIFE,,ENFR AO NUCLEO DA POLICIA,IPSEP,,,COLISÃO,CAMINHAO E AUTO,1,,,,,,1,,,0,,,,,,,,,,,,,,
2018-05-10,21:56:00,SEM VÍTIMA,CANCELADA,ILHA DO LEITE,RUA PROFESSOR BENEDITO MONTEIRO,,,E/F A UNIVERSIDADE DE ADMINISTRAÇÃO DA UPE,RUA PROFESSOR BENEDITO MONTEIRO,,E/F A UNIVERSIDADE DE ADMINISTRAÇÃO DA UPE,ILHA DO LEITE,,,COLISÃO,ENTRE 2 AUTOS. S/V,2,,,,,,,,,0,,,,,,,,,,,,,,
2018-05-10,22:09:00,COM VÍTIMA,CANCELADA,AFOGADOS,EST DOS REMEDIOS,,,PROX AO CABOQUINHO,EST DOS REMEDIOS,,PROX AO CABOQUINHO,AFOGADOS,,,COLISÃO,DOIS AUTOS OBS::: A VITIMA FOI SOCORRIDA PELA POPULAÇAO NAO OUVE O ATENDIMENTO DO SAMU E NEM DOS BOMBEIROS,2,,,,,,,,,1,,,,,,,,,,,,,,
2018-05-10,22:49:00,COM VÍTIMA,FINALIZADA,IPUTINGA,RUA MAURICIO DE NASSAU,261,,E/F A PADARIA ATLÂNTICA E PRÓX AO DEPÓSITO DE IPUTINGA,RUA MAURICIO DE NASSAU,261,E/F A PADARIA ATLÂNTICA E PRÓX AO DEPÓSITO DE IPUTINGA,IPUTINGA,,,COLISÃO,ENTRE AUTO E MOTO. C/V,1,1,,,,,,,,2,,,,,,,,,,,,,,
2018-05-11,02:38:00,COM VÍTIMA,FINALIZADA,AFOGADOS,AV SUL,,,EM FRENTE A POLICLINICA DE AFOGADOS,AV SUL,,EM FRENTE A POLICLINICA DE AFOGADOS,AFOGADOS,,,COLISÃO,COLISÃO ENTRE AUTO E MOTO C/V,1,1,,,,,,,,1,,,,,,,,,,,,,,
2018-05-11,06:01:00,SEM VÍTIMA,FINALIZADA,IMBIRIBEIRA,AV MARECHAL MASCARENHAS DE MORAES,,,EM FRENTE A LOJA GRILLO  SENT/AFOGADOS,AV MARECHAL MASCARENHAS DE MORAES,,EM FRENTE A LOJA GRILLO  SENT/AFOGADOS,IMBIRIBEIRA,,,COLISÃO,SEM VITIMAS,1,,,,,,1,,,0,,,,,,,,,,,,,,
2018-05-11,06:20:00,SEM VÍTIMA,FINALIZADA,BOA VIAGEM,AV DOM JOAO VI,,RUA PEDRO PAES MENDONCA,SEMAFORO 543 CRUZAMENTO COM A RUA PEDRO PAES MENDONÇA,AV DOM JOAO VI,,SEMAFORO 543 CRUZAMENTO COM A RUA PEDRO PAES MENDONÇA,BOA VIAGEM,,,COLISÃO,SEM VITIMAS,2,,,,,,,,,0,,,,,,,,,,,,,,
2018-05-11,06:44:00,SEM VÍTIMA,FINALIZADA,BARRO,RUA ANDRE DE ALBUQUERQUE,109,,IGREJA DO BARRO,RUA ANDRE DE ALBUQUERQUE,109,IGREJA DO BARRO,BARRO,,,COLISÃO,COLISAO S/V,2,,,,,,,,,0,,,,,,,,,,,,,,
2018-05-11,06:58:00,COM VÍTIMA,FINALIZADA,CORDEIRO,AV CAXANGA,5034,,SENTIDO CIDADE SUBURBIO PROX AO GOLF CLUBE EM FRENTE A EMPRESA MULT AVE SAUDE AMBIENTAL,AV CAXANGA,5034,SENTIDO CIDADE SUBURBIO PROX AO GOLF CLUBE EM FRENTE A EMPRESA MULT AVE SAUDE AMBIENTAL,CORDEIRO,,,COLISÃO,COLISÃO COM 1 VITIMA SOCORRIDO PELO SAMU,1,1,,,,,,,,1,,,,,,,,,,,,,,
2018-05-11,07:01:00,COM VÍTIMA,FINALIZADA,BARRO,AV DR JOSE RUFINO,,,EF A IGREJA DO BARRO,AV DR JOSE RUFINO,,EF A IGREJA DO BARRO,BARRO,,,COLISÃO,COLISAO C/V,1,1,,,,,,,,1,,,,,,,,,,,,,,
2018-05-11,07:05:00,SEM VÍTIMA,FINALIZADA,CABANGA,VIADUTO CAPITAO TEMUDO,,,SUBIDA DO VIADUTO SENTIDO OLINDA,VIADUTO CAPITAO TEMUDO,,SUBIDA DO VIADUTO SENTIDO OLINDA,CABANGA,,,CHOQUE,,,,,,,,,,,0,,,,,,,,,,,,,,
2018-05-11,07:41:00,SEM VÍTIMA,CANCELADA,BOA VIAGEM,RUA BALTAZAR PASSOS,,,COSMORAMA BEIRA CANAL,RUA BALTAZAR PASSOS,,COSMORAMA BEIRA CANAL,BOA VIAGEM,,,COLISÃO,COLISÃO SEM VITIMAS,2,,,,,,,,,0,,,,,,,,,,,,,,
2018-05-11,07:50:00,SEM VÍTIMA,FINALIZADA,CORDEIRO,RUA VISCONDE DE TAUNAY,,,APOS O CANAL DO CAVOUCO EM FRENTE AO EDIFICIO MARIA NINA E MARIA NARA,RUA VISCONDE DE TAUNAY,,APOS O CANAL DO CAVOUCO EM FRENTE AO EDIFICIO MARIA NINA E MARIA NARA,CORDEIRO,,,COLISÃO,COLISÃO SEM VITIMAS,2,,,,,,,,,0,,,,,,,,,,,,,,
2018-05-11,08:38:00,SEM VÍTIMA,FINALIZADA,IPSEP,RUA ITAPEVA,,,PROX A FACULDADE BOA VIAGEM,RUA ITAPEVA,,PROX A FACULDADE BOA VIAGEM,IPSEP,,,COLISÃO,,2,,,,,,,,,0,,,,,,,,,,,,,,
2018-05-11,08:39:00,SEM VÍTIMA,FINALIZADA,MADALENA,EST DOS REMEDIOS,,AV ENG ABDIAS DE CARVALHO,SEMAFORO 052  CRUZAMENTO COM A AV ENGENHEIRO ABDIAS DE CARVALHO,EST DOS REMEDIOS,,SEMAFORO 052  CRUZAMENTO COM A AV ENGENHEIRO ABDIAS DE CARVALHO,MADALENA,,,COLISÃO,SEM VITIMAS,1,,,,,1,,,,0,,,,,,,,,,,,,,
2018-05-11,08:50:00,COM VÍTIMA,FINALIZADA,GRAÇAS,RUA DR BANDEIRA FILHO,171,,PROX AO CLUBE PORTUGUÊS/ EF A FARMÁCIA PAGUE MENOS,RUA DR BANDEIRA FILHO,171,PROX AO CLUBE PORTUGUÊS/ EF A FARMÁCIA PAGUE MENOS,GRAÇAS,,,COLISÃO,COLISAO C/V MOTO FICOU EMBAIXO DO AUTO/ CONDUTORA SOCORRIDA POR BOMBEIROS,1,1,,,,,,,,1,,,,,,,,,,,,,,
2018-05-11,09:01:00,COM VÍTIMA,FINALIZADA,PINA,AVENIDA CELSO FURTADO (VIA MANGUE),,,SENT/BOA VIAGEM NA DESCIDA DA via mangue chegando na av antonio de goes,AVENIDA CELSO FURTADO (VIA MANGUE),,SENT/BOA VIAGEM NA DESCIDA DA via mangue chegando na av antonio de goes,PINA,,,COLISÃO,com uma vitima,1,1,,,,,,,,1,,,,,,,,,,,,,,
2018-05-11,09:46:00,SEM VÍTIMA,FINALIZADA,MADALENA,RUA MENEZES DRUMOND,87,,EM FRENTE AO MERCADINHO MINI PÃO DE AÇUCAR,RUA MENEZES DRUMOND,87,EM FRENTE AO MERCADINHO MINI PÃO DE AÇUCAR,MADALENA,,,COLISÃO,COLISÃO SEM VITIMAS SI MADSON QTH,2,,,,,,,,,0,,,,,,,,,,,,,,
2018-05-11,09:59:00,SEM VÍTIMA,FINALIZADA,IMBIRIBEIRA,AV MARECHAL MASCARENHAS DE MORAES,2525,RUA PAMPULHA,SENTIDO BOA VIAGEM. E/F SETTA COMBUSTÍVEIS  SEMÁFORO 534,AV MARECHAL MASCARENHAS DE MORAES,2525,SENTIDO BOA VIAGEM. E/F SETTA COMBUSTÍVEIS  SEMÁFORO 534,IMBIRIBEIRA,,,COLISÃO,SEM VÍTIMAS.,1,,,,,1,,,,0,,,,,,,,,,,,,,
2018-05-11,10:27:00,SEM VÍTIMA,FINALIZADA,PINA,AV ANTONIO DE GOES,,,EM FRENTE AO DNIT EM BAIXO DO SEMAFORO 656 . O ORIENTADOR RECOLOU OS VEÍCULOS PARA A RUA ARQUITETO AUGUSTO REINALDO,AV ANTONIO DE GOES,,EM FRENTE AO DNIT EM BAIXO DO SEMAFORO 656 . O ORIENTADOR RECOLOU OS VEÍCULOS PARA A RUA ARQUITETO AUGUSTO REINALDO,PINA,,,COLISÃO,COLISÃO SEM VITMAS,2,,,,,,,,,0,,,,,,,,,,,,,,
2018-05-11,10:54:00,SEM VÍTIMA,CANCELADA,NOVA DESCOBERTA,RUA NOVA DESCOBERTA,182,,EM FRENTE AO SUPERMERCADO OFERTÃO,RUA NOVA DESCOBERTA,182,EM FRENTE AO SUPERMERCADO OFERTÃO,NOVA DESCOBERTA,,,COLISÃO,COLISÃO SEM VITIMAS,,1,,,,,1,,,0,,,,,,,,,,,,,,
2018-05-11,11:13:00,SEM VÍTIMA,CANCELADA,BOA VIAGEM,RUA PROFESSOR JOSE BRANDAO,58,,EM FRENTE AO EDIFICIO PABLO PICASSO,RUA PROFESSOR JOSE BRANDAO,58,EM FRENTE AO EDIFICIO PABLO PICASSO,BOA VIAGEM,,,COLISÃO,COLISÃO SEM VITIMAS,2,,,,,,,,,0,,,,,,,,,,,,,,
2018-05-11,11:18:00,SEM VÍTIMA,FINALIZADA,SANTO AMARO,AV NORTE,,,PROX AO POSTO DE SAÚDE SANTO AMARO III,AV NORTE,,PROX AO POSTO DE SAÚDE SANTO AMARO III,SANTO AMARO,,,COLISÃO,COLISAO S/V,1,,,,,,1,,,0,,,,,,,,,,,,,,
2018-05-11,11:34:00,SEM VÍTIMA,CANCELADA,MADALENA,RUA REAL DA TORRE,337,,SENTIDO AFOGADOS EM FRENTE A MARCOS EQUIPADORA,RUA REAL DA TORRE,337,SENTIDO AFOGADOS EM FRENTE A MARCOS EQUIPADORA,MADALENA,,,COLISÃO,COLISÃO SEM VITIMAS,1,,,,,1,,,,0,,,,,,,,,,,,,,
2018-05-11,11:35:00,SEM VÍTIMA,CANCELADA,IPSEP,RUA DR RAPOSO PINTO,241,,E/F A RESIDENCIA. DE ESQUINA COM A DOMINÓ PIZZA,RUA DR RAPOSO PINTO,241,E/F A RESIDENCIA. DE ESQUINA COM A DOMINÓ PIZZA,IPSEP,,,COLISÃO,SEM VÍTIMAS.,1,,,,,1,,,,0,,,,,,,,,,,,,,
2018-05-11,11:44:00,SEM VÍTIMA,CANCELADA,DERBY,RUA PAISSANDU,,,PROX A FUNERARIA MORADA DA PAZ,RUA PAISSANDU,,PROX A FUNERARIA MORADA DA PAZ,DERBY,,,COLISÃO,COLISAO S/V MOTORISTA VAI SE DESLOCAR A DELEGACIA,2,,,,,,,,,0,,,,,,,,,,,,,,
2018-05-11,12:31:00,SEM VÍTIMA,FINALIZADA,AFOGADOS,RUA NICOLAU PEREIRA,,,AO LADO DA CAIXA ECONOMICA,RUA NICOLAU PEREIRA,,AO LADO DA CAIXA ECONOMICA,AFOGADOS,,,COLISÃO,SEM VITIMAS,,1,,,,,1,,,0,,,,,,,,,,,,,,
2018-05-11,13:02:00,SEM VÍTIMA,FINALIZADA,IPSEP,AV RECIFE,,AV DOM HELDER CAMARA,COM DOM HELDER,AV RECIFE,,COM DOM HELDER,IPSEP,,,COLISÃO,,1,,,,,1,,,,0,,,,,,,,,,,,,,
2018-05-11,13:23:00,SEM VÍTIMA,CANCELADA,MADALENA,EST DOS REMEDIOS,,,SENT/ABDIS DE CARVALHO EM FRENTE A NAGEM,EST DOS REMEDIOS,,SENT/ABDIS DE CARVALHO EM FRENTE A NAGEM,MADALENA,,,COLISÃO,SEM VITIMAS,4,,,,,,,,,0,,,,,,,,,,,,,,
2018-05-11,13:25:00,SEM VÍTIMA,FINALIZADA,MADALENA,AV ENGENHEIRO ABDIAS DE CARVALHO,,,ESTACIONADOS NO POSTO / SEMAMAFO 057,AV ENGENHEIRO ABDIAS DE CARVALHO,,ESTACIONADOS NO POSTO / SEMAMAFO 057,MADALENA,,,COLISÃO,AUTO PASSEIO E TAXI,2,,,,,,,,,0,,,,,,,,,,,,,,
2018-05-11,13:47:00,COM VÍTIMA,FINALIZADA,SÃO JOSÉ,RUA IMPERIAL,1638,,EM FRENTE AO ESTACIONAMNTO GERALDO ARAUJO,RUA IMPERIAL,1638,EM FRENTE AO ESTACIONAMNTO GERALDO ARAUJO,SÃO JOSÉ,,,COLISÃO,MOTO E AUTO,1,1,,,,,,,,1,,,,,,,,,,,,,,
2018-05-11,15:12:00,SEM VÍTIMA,FINALIZADA,IMBIRIBEIRA,AV MARECHAL MASCARENHAS DE MORAES,2028,,EM FRENTE DA ITALIANA SENT /PRAZERES,AV MARECHAL MASCARENHAS DE MORAES,2028,EM FRENTE DA ITALIANA SENT /PRAZERES,IMBIRIBEIRA,,,COLISÃO,SEM VITIMAS,1,,,,,,,1,,0,,,,,,,,,,,,,,
2018-05-11,15:50:00,SEM VÍTIMA,FINALIZADA,CAMPO GRANDE,RUA HAMILTON RIBEIRO,,,AO LADO DO SUPERMERCADOS STYLO,RUA HAMILTON RIBEIRO,,AO LADO DO SUPERMERCADOS STYLO,CAMPO GRANDE,,,COLISÃO,SEM VITIMAS,2,,,,,,,,,0,,,,,,,,,,,,,,
2018-05-11,16:25:00,SEM VÍTIMA,FINALIZADA,BOA VIAGEM,RUA JOAO CARDOSO AIRES,438,,EM FRENTE AO EDF PARATY,RUA JOAO CARDOSO AIRES,438,EM FRENTE AO EDF PARATY,BOA VIAGEM,,,COLISÃO,SEM VITIMAS,1,,,,,1,,,,0,,,,,,,,,,,,,,
2018-05-11,16:37:00,SEM VÍTIMA,CANCELADA,SANTO AMARO,AV CRUZ CABUGA,,,EM FRENTE AO HOSPITAL DO CANCER / SENT OLINDA,AV CRUZ CABUGA,,EM FRENTE AO HOSPITAL DO CANCER / SENT OLINDA,SANTO AMARO,,,COLISÃO,DOIS AUTOS,2,,,,,,,,,0,,,,,,,,,,,,,,
2018-05-11,16:44:00,SEM VÍTIMA,FINALIZADA,IPUTINGA,RUA MANOEL JOAQUIM DE ALMEIDA,,,PROX AO WALMART/ POR TRAS DO PARAIBANOS BAR,RUA MANOEL JOAQUIM DE ALMEIDA,,PROX AO WALMART/ POR TRAS DO PARAIBANOS BAR,IPUTINGA,,,COLISÃO,COLISAO S/V,2,,,,,,,,,0,,,,,,,,,,,,,,
2018-05-11,16:50:00,SEM VÍTIMA,CANCELADA,BOA VIAGEM,AV BOA VIAGEM,3160,,EM FRENTE AO EDF LEONARDO DA VINCI,AV BOA VIAGEM,3160,EM FRENTE AO EDF LEONARDO DA VINCI,BOA VIAGEM,,,COLISÃO,AUTO PASSEIO E CARRO FORTE,1,,,,,,,1,,0,,,,,,,,,,,,,,
2018-05-11,16:55:00,SEM VÍTIMA,CANCELADA,BOA VIAGEM,RUA SETUBAL,682,RUA PROF MARIO DE CASTRO,ESQUINA COM RUA PROF. MARIO DE CASTRO  AO LADO DO HOTEL ATLANTE PLAZA,RUA SETUBAL,682,ESQUINA COM RUA PROF. MARIO DE CASTRO  AO LADO DO HOTEL ATLANTE PLAZA,BOA VIAGEM,,,COLISÃO,DOIS AUTOS S/V,2,,,,,,,,,0,,,,,,,,,,,,,,
2018-05-11,17:52:00,SEM VÍTIMA,FINALIZADA,ARRUDA,AV BEBERIBE,1303,,EM FRENTE AO ARMAZEM CORAL  SENT. SUBURBIO,AV BEBERIBE,1303,EM FRENTE AO ARMAZEM CORAL  SENT. SUBURBIO,ARRUDA,,,COLISÃO,MOTO E AUTO,1,1,,,,,,,,0,,,,,,,,,,,,,,
2018-05-11,17:57:00,SEM VÍTIMA,FINALIZADA,ÁGUA FRIA,AV BEBERIBE,,,NO SEMAFORO 187  PROX. AO POSTO DE GASOLINA IPIRANGA,AV BEBERIBE,,NO SEMAFORO 187  PROX. AO POSTO DE GASOLINA IPIRANGA,ÁGUA FRIA,,,COLISÃO,CAMINHÃO E AUTO,1,,,,,,1,,,0,,,,,,,,,,,,,,
2018-05-11,18:04:00,SEM VÍTIMA,CANCELADA,BONGI,AV ENGENHEIRO ABDIAS DE CARVALHO,758,,NO POSTO DE GASOLINA DISLUB EM FRENTE A BIG CAR,AV ENGENHEIRO ABDIAS DE CARVALHO,758,NO POSTO DE GASOLINA DISLUB EM FRENTE A BIG CAR,BONGI,,,COLISÃO,DOIS AUTOS,2,,,,,,,,,0,,,,,,,,,,,,,,
2018-05-11,18:06:00,COM VÍTIMA,CANCELADA,IMBIRIBEIRA,AV MARECHAL MASCARENHAS DE MORAES,701,,POR TRÁS DA HYUNDAI  APÓS A JEEP  SNT AFOGADOS,AV MARECHAL MASCARENHAS DE MORAES,701,POR TRÁS DA HYUNDAI  APÓS A JEEP  SNT AFOGADOS,IMBIRIBEIRA,,,COLISÃO,ENTRE AUTO E MOTO. C/V,1,,1,,,,,,,1,,,,,,,,,,,,,,
2018-05-11,18:09:00,SEM VÍTIMA,CANCELADA,VÁRZEA,RUA RUI DUARTE,163,,PROX. A LOMBADA ELETRONICA  E SUPERMERCADO PIRAMIDE,RUA RUI DUARTE,163,PROX. A LOMBADA ELETRONICA  E SUPERMERCADO PIRAMIDE,VÁRZEA,,,COLISÃO,DOIS AUTOS,2,,,,,,,,,0,,,,,,,,,,,,,,
2018-05-11,18:21:00,SEM VÍTIMA,FINALIZADA,BOA VIAGEM,AV ANTONIO DE GOES,275,,E/F AO POSTO FEDERAL  AO LADO DO ITC,AV ANTONIO DE GOES,275,E/F AO POSTO FEDERAL  AO LADO DO ITC,BOA VIAGEM,,,COLISÃO,ENTRE AUTO E MOTO. S/V,1,1,,,,,,,,0,,,,,,,,,,,,,,
2018-05-11,18:29:00,SEM VÍTIMA,PENDENTE,AFOGADOS,EST DOS REMEDIOS,16,,APOS A ESTAÇÃO LARGO DA PAZ  EM FRENTE AO POSTO DE GASOLINA BR,EST DOS REMEDIOS,16,APOS A ESTAÇÃO LARGO DA PAZ  EM FRENTE AO POSTO DE GASOLINA BR,AFOGADOS,,,COLISÃO,DOIS AUTOS,2,,,,,,,,,0,,,,,,,,,,,,,,
2018-05-11,18:33:00,SEM VÍTIMA,FINALIZADA,BOA VIAGEM,RUA SA E SOUZA,408,,E/F AO COLÉGIO AMERICANA DO RECIFE,RUA SA E SOUZA,408,E/F AO COLÉGIO AMERICANA DO RECIFE,BOA VIAGEM,,,COLISÃO,ÕNIBUS E AUTO. S/V,1,,,,,1,,,,0,,,,,,,,,,,,,,
2018-05-11,18:43:00,SEM VÍTIMA,PENDENTE,BOA VIAGEM,AV FERNANDO SIMOES BARBOSA,,,E/F AO POSTO SHELL  PRÓX AO SHOPPING RECIFE  SNT PIEDADE,AV FERNANDO SIMOES BARBOSA,,E/F AO POSTO SHELL  PRÓX AO SHOPPING RECIFE  SNT PIEDADE,BOA VIAGEM,,,COLISÃO,ENTRE 2 AUTOS. S/V,2,,,,,,,,,0,,,,,,,,,,,,,,
2018-05-11,18:57:00,SEM VÍTIMA,PENDENTE,BOA VIAGEM,RUA SA E SOUZA,125,RUA BELMONTE,COM A RUA BELMONTE  EM FRENTE A DROGASIL,RUA SA E SOUZA,125,COM A RUA BELMONTE  EM FRENTE A DROGASIL,BOA VIAGEM,,,COLISÃO,DOIS AUTOS,2,,,,,,,,,0,,,,,,,,,,,,,,
2018-05-11,19:07:00,SEM VÍTIMA,CANCELADA,CAMPO GRANDE,RUA PROFESSOR FRANCISCO DA TRINDADE,2908,,PRÓX AO SUPERMERCADO STTYLLO,RUA PROFESSOR FRANCISCO DA TRINDADE,2908,PRÓX AO SUPERMERCADO STTYLLO,CAMPO GRANDE,,,COLISÃO,ENTRE 2 AUTOS. S/V,2,,,,,,,,,0,,,,,,,,,,,,,,
2018-05-11,19:13:00,SEM VÍTIMA,CANCELADA,IMBIRIBEIRA,AV PRESIDENTE DUTRA,600,,NO POSTO DE GASOLINA BR  EM FRENTE AO RESTAURANTE SAL E BRASA,AV PRESIDENTE DUTRA,600,NO POSTO DE GASOLINA BR  EM FRENTE AO RESTAURANTE SAL E BRASA,IMBIRIBEIRA,,,COLISÃO,AUTO E CAMINHÃO,1,,,,,,1,,,0,,,,,,,,,,,,,,
2018-05-11,19:24:00,SEM VÍTIMA,FINALIZADA,PINA,AV ANTONIO DE GOES,,,PROX. A SAIDA DO TUNEL E POSTO DE GASOLINA BR  EM FRENTE DNIT,AV ANTONIO DE GOES,,PROX. A SAIDA DO TUNEL E POSTO DE GASOLINA BR  EM FRENTE DNIT,PINA,,,COLISÃO,ONIBUS E AUTO,1,,,,,1,,,,0,,,,,,,,,,,,,,
2018-05-11,19:35:00,SEM VÍTIMA,CANCELADA,CASA AMARELA,AV NORTE,,,E/F AO REI DA PICANHA E COLCHÕES DE EXPRESS,AV NORTE,,E/F AO REI DA PICANHA E COLCHÕES DE EXPRESS,CASA AMARELA,,,CHOQUE,ENTRE AUTO E PRISMA DE CONRETO. S/V,1,,,,,,,,,0,,,,,,,,,,,,,,
2018-05-11,19:36:00,SEM VÍTIMA,FINALIZADA,AFOGADOS,RUA IMPERIAL,1217,,EM FRENTE A PANIFICADORA PAO PAO,RUA IMPERIAL,1217,EM FRENTE A PANIFICADORA PAO PAO,AFOGADOS,,,COLISÃO,DOIS AUTOS,2,,,,,,,,,0,,,,,,,,,,,,,,
2018-05-11,20:11:00,SEM VÍTIMA,CANCELADA,PINA,RUA SOUTO FILHO,118,,PROX. A MNY INDUSTRIA,RUA SOUTO FILHO,118,PROX. A MNY INDUSTRIA,PINA,,,COLISÃO,DOIS AUTOS,2,,,,,,,,,0,,,,,,,,,,,,,,
2018-05-11,20:23:00,SEM VÍTIMA,CANCELADA,BOA VIAGEM,AV HERCULANO BANDEIRA,187,,E/F A PADARIA DIPLOMATA DELICATESSEN  SNT PIEDADE,AV HERCULANO BANDEIRA,187,E/F A PADARIA DIPLOMATA DELICATESSEN  SNT PIEDADE,BOA VIAGEM,,,COLISÃO,ENTRE 2 AUTOS. S/V,2,,,,,,,,,0,,,,,,,,,,,,,,
2018-05-11,21:00:00,SEM VÍTIMA,FINALIZADA,BOA VIAGEM,AV BOA VIAGEM,,,E/F AO HOTEL JANGADEIRO,AV BOA VIAGEM,,E/F AO HOTEL JANGADEIRO,BOA VIAGEM,,,COLISÃO,ENTRE 2 AUTOS. S/V,2,,,,,,,,,0,,,,,,,,,,,,,,
2018-05-11,21:40:00,SEM VÍTIMA,FINALIZADA,TEJIPIÓ,AV LIBERDADE,557,,PROX. A LIBERTADA MOTO PEÇAS,AV LIBERDADE,557,PROX. A LIBERTADA MOTO PEÇAS,TEJIPIÓ,,,COLISÃO,DOIS AUTOS,2,,,,,,,,,0,,,,,,,,,,,,,,
2018-05-11,21:44:00,SEM VÍTIMA,CANCELADA,SANTO AMARO,RUA DOS PALMARES,S/N,,EM FRENTE A FARMÁCIA PAGUE MENOS APÓS O PROCAPE,RUA DOS PALMARES,S/N,EM FRENTE A FARMÁCIA PAGUE MENOS APÓS O PROCAPE,SANTO AMARO,,,COLISÃO,ENTRE 2 AUTOS. S/V,2,,,,,,,,,0,,,,,,,,,,,,,,
2018-05-11,22:06:00,COM VÍTIMA,CANCELADA,IBURA,AV DOM HELDER CAMARA,,,APOS A LINHA DO TREM SENTIDO CIDADE SUBURBIO,AV DOM HELDER CAMARA,,APOS A LINHA DO TREM SENTIDO CIDADE SUBURBIO,IBURA,,,COLISÃO,AUTO X MOTOCICLETA  VITIMA FOI SOCORRIDA POR MEIOS PRÓPRIOS,,,,,,,,,,1,,,,,,,,,,,,,,
2018-05-11,23:02:00,SEM VÍTIMA,PENDENTE,ILHA DO RETIRO,AV ENGENHEIRO ABDIAS DE CARVALHO,,,E/F A LANCHONETE BOBS,AV ENGENHEIRO ABDIAS DE CARVALHO,,E/F A LANCHONETE BOBS,ILHA DO RETIRO,,,COLISÃO,ENTRE 2 AUTOS. S/V,2,,,,,,,,,0,,,,,,,,,,,,,,
2018-05-11,23:24:00,SEM VÍTIMA,PENDENTE,IPSEP,RUA ITACARI,,RUA ITAJAI,ESQUINA COM A R ITAJAI / PRÓX AO PREDIO DA OI,RUA ITACARI,,ESQUINA COM A R ITAJAI / PRÓX AO PREDIO DA OI,IPSEP,,,COLISÃO,ENTRE 2 AUTOS. S/V,2,,,,,,,,,0,,,,,,,,,,,,,,
2018-05-12,01:06:00,SEM VÍTIMA,FINALIZADA,TORRÕES,RUA ZUMBI DOS PALMARES,465,,EM FRENTE A EYSHILLA MÓVEIS // PRÓX A LOJA DE FERREIRINHA,RUA ZUMBI DOS PALMARES,465,EM FRENTE A EYSHILLA MÓVEIS // PRÓX A LOJA DE FERREIRINHA,TORRÕES,,,ENGAVETAMENTO,ENGAVETAMENTE ENVONVELDO 4 VEÍCULOS  S/V.,4,,,,,,,,,0,,,,,,,,,,,,,,
2018-05-12,08:00:00,COM VÍTIMA,FINALIZADA,BOA VISTA,RUA DO PROGRESSO,269,RUA DAS NINFAS,RUA DAS NINFAS / AO LADO DA GALERIA ESQUINA PROGRESSO,RUA DO PROGRESSO,269,RUA DAS NINFAS / AO LADO DA GALERIA ESQUINA PROGRESSO,BOA VISTA,,,COLISÃO,MOTO E AUTO,1,1,,,,,,,,1,,,,,,,,,,,,,,
2018-05-12,09:45:00,SEM VÍTIMA,CANCELADA,DERBY,AV GOVERNADOR AGAMENON MAGALHAES,,,EM FRENTE A PRAÇA DO DERBY / SEMAFORO 075,AV GOVERNADOR AGAMENON MAGALHAES,,EM FRENTE A PRAÇA DO DERBY / SEMAFORO 075,DERBY,,,COLISÃO,COLISAO SEM VITIMA,1,1,,,,,,,,0,,,,,,,,,,,,,,
2018-05-12,09:47:00,SEM VÍTIMA,FINALIZADA,IMBIRIBEIRA,AV MARECHAL MASCARENHAS DE MORAES,,,E M FRENTE AGRO FLORES / SENT CIDADE,AV MARECHAL MASCARENHAS DE MORAES,,E M FRENTE AGRO FLORES / SENT CIDADE,IMBIRIBEIRA,,,COLISÃO,DOIS AUTOS,2,,,,,,,,,0,,,,,,,,,,,,,,
2018-05-12,09:52:00,SEM VÍTIMA,FINALIZADA,SAN MARTIN,AV GENERAL SAN MARTIN,134,,E/F A RESIDENCIA  SENTIDO AV RECIFE,AV GENERAL SAN MARTIN,134,E/F A RESIDENCIA  SENTIDO AV RECIFE,SAN MARTIN,,,COLISÃO,SEM VÍTIMAS,,2,,,,,,,,0,,,,,,,,,,,,,,
2018-05-12,09:53:00,SEM VÍTIMA,FINALIZADA,CAXANGÁ,RUA RIBEIRO PESSOA,,,PROX A UPA SENTIDO CIDADE/ SEMAFORO 281,RUA RIBEIRO PESSOA,,PROX A UPA SENTIDO CIDADE/ SEMAFORO 281,CAXANGÁ,,,COLISÃO,COLISAO S/V,1,,,,,1,,,,0,,,,,,,,,,,,,,
2018-05-12,10:21:00,COM VÍTIMA,FINALIZADA,PINA,AV ENGENHEIRO DOMINGOS FERREIRA,,,EM FRENTE A UNIDADE DE SAUDE JOÃO RODRIGUES PCR,AV ENGENHEIRO DOMINGOS FERREIRA,,EM FRENTE A UNIDADE DE SAUDE JOÃO RODRIGUES PCR,PINA,,,COLISÃO,COM UMA VITIMA,,,,,,,,,,1,,,,,,,,,,,,,,