data,hora,natureza_acidente,situacao,bairro,endereco,numero,detalhe_endereco_acidente,complemento,endereco_cruzamento,numero_cruzamento,referencia_cruzamento,bairro_cruzamento,num_semaforo,sentido_via,tipo,descricao,auto,moto,ciclom,ciclista,pedestre,onibus,caminhao,viatura,outros,vitimas,vitimasfatais,acidente_verificado,tempo_clima,situacao_semaforo,sinalizacao,condicao_via,conservacao_via,ponto_controle,situacao_placa,velocidade_max_via,mao_direcao,divisao_via1,divisao_via2,divisao_via3
2018-05-17,14:00:00,SEM VÍTIMA,CANCELADA,ARRUDA,RUA PETRONILA BOTELHO,151,,POR TRAS DO ESTADIO DO SANTA CRUZ,RUA PETRONILA BOTELHO,151,POR TRAS DO ESTADIO DO SANTA CRUZ,ARRUDA,,,COLISÃO,COLISÃO SEM VÍTIMA,1,1,,,,,,,,0,,,,,,,,,,,,,,
2018-05-17,14:03:00,SEM VÍTIMA,FINALIZADA,PINA,AV CONSUL JOSEPH NOUJAIM,78,,HA 20 METROS DA ENTRADA PRINCIPAL DO SHOPPING RIO MAR,AV CONSUL JOSEPH NOUJAIM,78,HA 20 METROS DA ENTRADA PRINCIPAL DO SHOPPING RIO MAR,PINA,,,COLISÃO,SEM VITIMAS,1,,,,,1,,,,0,,,,,,,,,,,,,,
2018-05-17,14:03:00,SEM VÍTIMA,FINALIZADA,MADALENA,RUA REAL DA TORRE,955,,EM FRENTE AO POSTO TOTAL,RUA REAL DA TORRE,955,EM FRENTE AO POSTO TOTAL,MADALENA,,,COLISÃO,COLISÃO SEM VÍTIMA,1,,,,,,1,,,0,,,,,,,,,,,,,,
2018-05-17,14:44:00,SEM VÍTIMA,FINALIZADA,SAN MARTIN,AV CONSUL VILARES FRAGOSO,445,,EM FRENTE AO ARMAZEM SUPAPO,AV CONSUL VILARES FRAGOSO,445,EM FRENTE AO ARMAZEM SUPAPO,SAN MARTIN,,,COLISÃO,COLISÃO SEM VITIMAS,2,,,,,,,,,0,,,,,,,,,,,,,,
2018-05-17,15:36:00,SEM VÍTIMA,FINALIZADA,BOA VIAGEM,RUA CORONEL ANIZIO RODRIGUES COELHO,,RUA DES JOAO PAES,CRU\ COM A RUA DESEMBARGADOR JOÃO PAES EM FRENTE AO SALÃO DE BELEZA LUMIERE,RUA CORONEL ANIZIO RODRIGUES COELHO,,CRU\ COM A RUA DESEMBARGADOR JOÃO PAES EM FRENTE AO SALÃO DE BELEZA LUMIERE,BOA VIAGEM,,,COLISÃO,COLISÃO SEM VITIMAS,2,,,,,,,,,0,,,,,,,,,,,,,,
2018-05-17,16:08:00,SEM VÍTIMA,FINALIZADA,TORRÕES,AV ENGENHEIRO ABDIAS DE CARVALHO,,,EM FRENTE AO RESTAURANTE YOKI GALETOS SENT/CIDADE,AV ENGENHEIRO ABDIAS DE CARVALHO,,EM FRENTE AO RESTAURANTE YOKI GALETOS SENT/CIDADE,TORRÕES,,,COLISÃO,SEM VITIMAS,2,,,,,,,,,0,,,,,,,,,,,,,,
2018-05-17,16:31:00,COM VÍTIMA,FINALIZADA,DERBY,PTE JOSE DE BARROS LIMA,,,NA DESCIDA DA PONTE  SENTIDO ILHA JOANA BEZERRA/ PAISSANDÚ,PTE JOSE DE BARROS LIMA,,NA DESCIDA DA PONTE  SENTIDO ILHA JOANA BEZERRA/ PAISSANDÚ,DERBY,,,ACID. DE PERCURSO,,,1,,,,,,,,1,,,,,,,,,,,,,,
2018-05-17,17:29:00,SEM VÍTIMA,FINALIZADA,AFLITOS,RUA TELES JUNIOR,132,RUA DES MARTINS PEREIRA,RESIDENCIA CRUZ COM RUA DESEMBARGADOR MARTINS PEREIRA EM FRENTE FERNANDOS BAR,RUA TELES JUNIOR,132,RESIDENCIA CRUZ COM RUA DESEMBARGADOR MARTINS PEREIRA EM FRENTE FERNANDOS BAR,AFLITOS,,,COLISÃO,COLISÃO SEM VITIMAS,2,,,,,,,,,0,,,,,,,,,,,,,,
2018-05-17,17:36:00,SEM VÍTIMA,CANCELADA,SÃO JOSÉ,AV SUL,1148,,EM FRENTE AO PROJETO DE RECICLAGEM DA EMLURB,AV SUL,1148,EM FRENTE AO PROJETO DE RECICLAGEM DA EMLURB,SÃO JOSÉ,,,COLISÃO,COLISÃO SEM VÍTIMA,2,,,,,,,,,0,,,,,,,,,,,,,,
2018-05-17,17:46:00,COM VÍTIMA,EQUIPE EM DESLOCAMENTO,MADALENA,AV VISCONDE DE ALBUQUERQUE,,,AO LADO DA ASTRAL VEÍCULOS,AV VISCONDE DE ALBUQUERQUE,,AO LADO DA ASTRAL VEÍCULOS,MADALENA,,,ATROPELAMENTO,COM UMA VITIMA,1,,,,1,,,,,1,,,,,,,,,,,,,,
2018-05-17,17:48:00,COM VÍTIMA,FINALIZADA,BAIRRO DO RECIFE,PTE GIRATORIA,,,DESCIDA DA PONTE,PTE GIRATORIA,,DESCIDA DA PONTE,BAIRRO DO RECIFE,,,ACID. DE PERCURSO,ORIENTADOR RODRIGO REALIZOU O APOIO,1,,,,,,,,,1,,,,,,,,,,,,,,
2018-05-17,18:34:00,SEM VÍTIMA,CANCELADA,DERBY,RUA JOAQUIM NABUCO,,AV GOV AGAMENON MAGALHAES,LATERAL DO HOSPITAL DA RESTAURAÇÃO  SNT CAXANGÁ / ESQUINA COM A AV AGAMENON MAGALHÃES,RUA JOAQUIM NABUCO,,LATERAL DO HOSPITAL DA RESTAURAÇÃO  SNT CAXANGÁ / ESQUINA COM A AV AGAMENON MAGALHÃES,DERBY,,,COLISÃO,ENTRE 2 AUTOS. S/V,2,,,,,,,,,0,,,,,,,,,,,,,,
2018-05-17,19:25:00,SEM VÍTIMA,CANCELADA,IPSEP,RUA ALDEMAR DE OLIVEIRA,127,RUA HELIO BRANDAO,COM A RUA HELIO BRANDÃO  PROX. AO PÉ DE FEIJÃO SELF SERVICE,RUA ALDEMAR DE OLIVEIRA,127,COM A RUA HELIO BRANDÃO  PROX. AO PÉ DE FEIJÃO SELF SERVICE,IPSEP,,,COLISÃO,DOIS AUTOS,2,,,,,,,,,0,,,,,,,,,,,,,,
2018-05-17,19:29:00,COM VÍTIMA,FINALIZADA,CAMPINA DO BARRETO,RUA DAS MOCAS,1271,,PRÓX A PIZZARIA ATLÂNTICO,RUA DAS MOCAS,1271,PRÓX A PIZZARIA ATLÂNTICO,CAMPINA DO BARRETO,,,COLISÃO,ENTRE 2 AUTOS. C/V,2,,,,,,,,,1,,,,,,,,,,,,,,
2018-05-17,19:41:00,COM VÍTIMA,FINALIZADA,CASA AMARELA,RUA CONS PERETTI,263,,PROX. A CAIXA ECONOMICA,RUA CONS PERETTI,263,PROX. A CAIXA ECONOMICA,CASA AMARELA,,,COLISÃO,ONIBUS E AUTO,1,,,,,1,,,,2,,,,,,,,,,,,,,
2018-05-17,19:45:00,SEM VÍTIMA,CANCELADA,CASA AMARELA,AV NORTE,5400,,E/F A UPINHA  SNT CIDADE,AV NORTE,5400,E/F A UPINHA  SNT CIDADE,CASA AMARELA,,,COLISÃO,ENTRE ÔNIBUS E CAMINHÃO.S/V,,,,,,1,1,,,0,,,,,,,,,,,,,,
2018-05-18,06:32:00,SEM VÍTIMA,FINALIZADA,IBURA,AV RECIFE,,,NA SAIDA DO IBURA DE ESQUINA COM O NUCLEO DA POLICIA EM FRENTE AO POSTO DE GASOLINA SHELL,AV RECIFE,,NA SAIDA DO IBURA DE ESQUINA COM O NUCLEO DA POLICIA EM FRENTE AO POSTO DE GASOLINA SHELL,IBURA,,,COLISÃO,COLISÃO SEM VITIMAS,2,,,,,,,,,0,,,,,,,,,,,,,,
2018-05-18,06:39:00,SEM VÍTIMA,CANCELADA,BOMBA DO HEMETÉRIO,RUA SAO BENTO,308,,RESIDENCIA AO LADO DO POSTO DE GASOLINA NORTE BRAZ,RUA SAO BENTO,308,RESIDENCIA AO LADO DO POSTO DE GASOLINA NORTE BRAZ,BOMBA DO HEMETÉRIO,,,COLISÃO,COLISÃO SEM VITIMAS,1,,,,,1,,,,0,,,,,,,,,,,,,,
2018-05-18,08:03:00,COM VÍTIMA,FINALIZADA,BOA VISTA,RUA JOAO FERNANDES VIEIRA,,,EM FRENTE AO HOSPITAL DE FRATURAS,RUA JOAO FERNANDES VIEIRA,,EM FRENTE AO HOSPITAL DE FRATURAS,BOA VISTA,,,COLISÃO,COLISÃO ENTRE AUTO E MOTO COM VÍTIMA,,,,,,,,,,1,,,,,,,,,,,,,,
2018-05-18,08:06:00,SEM VÍTIMA,FINALIZADA,CORDEIRO,RUA GOMES TABORDA,1078,RUA GREGORIO JUNIOR,ESQUINA COM A RUA GREGORIO JUNIOR,RUA GOMES TABORDA,1078,ESQUINA COM A RUA GREGORIO JUNIOR,CORDEIRO,,,COLISÃO,SEM VITIMAS,3,,,,,,,,,0,,,,,,,,,,,,,,
2018-05-18,08:15:00,,CANCELADA,CORDEIRO,RUA GREGORIO JUNIOR,,,CRUZ COM A RUA DA LAMA,RUA GREGORIO JUNIOR,,CRUZ COM A RUA DA LAMA,CORDEIRO,,,COLISÃO,COLISÃO SEM VITIMAS,3,,,,,,,,,0,,,,,,,,,,,,,,
2018-05-18,08:21:00,SEM VÍTIMA,FINALIZADA,ENCRUZILHADA,AV NORTE,,,LADO OPOSTO DA JACAUNA,AV NORTE,,LADO OPOSTO DA JACAUNA,ENCRUZILHADA,,,COLISÃO,SEM VITIMAS,,1,,,,1,,,,0,,,,,,,,,,,,,,
2018-05-18,09:15:00,SEM VÍTIMA,FINALIZADA,BOA VIAGEM,RUA JOAO CARDOSO AIRES,,RUA CAMBUINI,CRUZAMENTO COM A RUA CAMBUIN/ RESTAURANTE BAMBAM GRILL,RUA JOAO CARDOSO AIRES,,CRUZAMENTO COM A RUA CAMBUIN/ RESTAURANTE BAMBAM GRILL,BOA VIAGEM,,,COLISÃO,COLISAO S/V,2,,,,,,,,,0,,,,,,,,,,,,,,
2018-05-18,09:36:00,COM VÍTIMA,FINALIZADA,ILHA DO RETIRO,RUA JOAO ELISIO RAMOS,140,RUA DR JOAO MARQUES,COM RUA DR JOAO MARQUES / EM FRENTE AS PSCINAS DO SPORT,RUA JOAO ELISIO RAMOS,140,COM RUA DR JOAO MARQUES / EM FRENTE AS PSCINAS DO SPORT,ILHA DO RETIRO,,,COLISÃO,MOTO E AUTO,1,1,,,,,,,,1,,,,,,,,,,,,,,
2018-05-18,11:58:00,SEM VÍTIMA,FINALIZADA,ARRUDA,AV PROFESSOR JOSE DOS ANJOS,261,,POR TRÁS DO ESTADIO DO ARRUDA/ SENTIDO AV NORTE,AV PROFESSOR JOSE DOS ANJOS,261,POR TRÁS DO ESTADIO DO ARRUDA/ SENTIDO AV NORTE,ARRUDA,,,COLISÃO,COLISÃO SEM VÍTIMA,1,,,,,,,,1,0,,,,,,,,,,,,,,
2018-05-18,12:24:00,COM VÍTIMA,FINALIZADA,ILHA DO LEITE,AV GOVERNADOR AGAMENON MAGALHAES,,,EM FRENTE AO EMPRESARIAL NASSAU/ SENTIDO OLINDA,AV GOVERNADOR AGAMENON MAGALHAES,,EM FRENTE AO EMPRESARIAL NASSAU/ SENTIDO OLINDA,ILHA DO LEITE,,,COLISÃO,COLISÃO COM VÍTIMA,1,1,,,,,,,,1,,,,,,,,,,,,,,
2018-05-18,12:29:00,SEM VÍTIMA,CANCELADA,MADALENA,AV ENGENHEIRO ABDIAS DE CARVALHO,672,,EM FRENTE A DROGASIL  SENT. CIDADE,AV ENGENHEIRO ABDIAS DE CARVALHO,672,EM FRENTE A DROGASIL  SENT. CIDADE,MADALENA,,,COLISÃO,DOIS AUTOS,2,,,,,,,,,0,,,,,,,,,,,,,,
2018-05-18,12:30:00,SEM VÍTIMA,FINALIZADA,ILHA DO LEITE,AV GOVERNADOR AGAMENON MAGALHAES,,,EM FRENTE AO EMPRESARIAL NASSAU/ SENTIDO OLINDA,AV GOVERNADOR AGAMENON MAGALHAES,,EM FRENTE AO EMPRESARIAL NASSAU/ SENTIDO OLINDA,ILHA DO LEITE,,,COLISÃO,COLISÃO SEM VÍTIMA,1,1,,,,,,,,0,,,,,,,,,,,,,,
2018-05-18,13:24:00,SEM VÍTIMA,FINALIZADA,BOA VIAGEM,RUA PROFESSOR MARIO CASTRO,305,,AO LADO DO COLEGIO MDRE DE DEUS,RUA PROFESSOR MARIO CASTRO,305,AO LADO DO COLEGIO MDRE DE DEUS,BOA VIAGEM,,,COLISÃO,DOIS AUTOS,2,,,,,,,,,0,,,,,,,,,,,,,,
2018-05-18,13:56:00,SEM VÍTIMA,FINALIZADA,BOA VIAGEM,AV ENGENHEIRO DOMINGOS FERREIRA,2215,,APOS A IMBILIARIA PAULO MIRANDA E/F AO EMPRESARIAL SANTA CECILIA,AV ENGENHEIRO DOMINGOS FERREIRA,2215,APOS A IMBILIARIA PAULO MIRANDA E/F AO EMPRESARIAL SANTA CECILIA,BOA VIAGEM,,,COLISÃO,COLISAO ENTRE AUTO E MOTO SEM VITIMAS,1,1,,,,,,,,0,,,,,,,,,,,,,,
2018-05-18,14:05:00,SEM VÍTIMA,FINALIZADA,PINA,AV ANTONIO DE GOES,,,EM FRENTE AO DNIT,AV ANTONIO DE GOES,,EM FRENTE AO DNIT,PINA,,,COLISÃO,COLISÃO SEM VÍTIMA,3,,,,,,,,,0,,,,,,,,,,,,,,
2018-05-18,14:06:00,SEM VÍTIMA,FINALIZADA,JORDÃO,AV MARIA IRENE,253,,APOS O QUARTEL  EM FRENTE A EQUIPADORA ALTO NIVEL  PROX. AO COMERCIAL SOUSA,AV MARIA IRENE,253,APOS O QUARTEL  EM FRENTE A EQUIPADORA ALTO NIVEL  PROX. AO COMERCIAL SOUSA,JORDÃO,,,COLISÃO,AUTO E ONIBUS,1,,,,,1,,,,0,,,,,,,,,,,,,,
2018-05-18,14:37:00,SEM VÍTIMA,FINALIZADA,CASA FORTE,RUA LAURINDO COELHO,66,,PROXIMO A HYUNDAI,RUA LAURINDO COELHO,66,PROXIMO A HYUNDAI,CASA FORTE,,,COLISÃO,COLISÃO SEM VÍTIMA,2,,,,,,,,,0,,,,,,,,,,,,,,
2018-05-18,14:39:00,SEM VÍTIMA,CANCELADA,IBURA,AV MATO GROSSO,812,,PROX. A PADARIA MONZA,AV MATO GROSSO,812,PROX. A PADARIA MONZA,IBURA,,,COLISÃO,DOIS AUTOS,2,,,,,,,,,0,,,,,,,,,,,,,,
2018-05-18,15:13:00,COM VÍTIMA,FINALIZADA,BOMBA DO HEMETÉRIO,RUA BOMBA DO HEMETERIO,780,,EM FRENTE A MOVERLART,RUA BOMBA DO HEMETERIO,780,EM FRENTE A MOVERLART,BOMBA DO HEMETÉRIO,,,COLISÃO,COLISÃO COM VÍTIMA,1,1,,,,,,,,1,,,,,,,,,,,,,,
2018-05-18,15:36:00,SEM VÍTIMA,PENDENTE,BOA VIAGEM,AV DOM JOAO VI,,,PROX. AO WALMART NO SEMAFORO 543,AV DOM JOAO VI,,PROX. AO WALMART NO SEMAFORO 543,BOA VIAGEM,,,COLISÃO,DOIS AUTOS,2,,,,,,,,,0,,,,,,,,,,,,,,
2018-05-18,15:42:00,SEM VÍTIMA,PENDENTE,IPSEP,AV RECIFE,,,E/F AO MARTELINHO DE OURO S/T CID UNIVERSITARIA,AV RECIFE,,E/F AO MARTELINHO DE OURO S/T CID UNIVERSITARIA,IPSEP,,,COLISÃO,COLISAO ENTRE DOIS AUTOS S/V,2,,,,,,,,,0,,,,,,,,,,,,,,
2018-05-18,16:04:00,SEM VÍTIMA,PENDENTE,SANTO AMARO,RUA MAJOR CODECEIRA,225,,PROX. AO HOSPITAL OSWALDO CRUZ E PROCAPE,RUA MAJOR CODECEIRA,225,PROX. AO HOSPITAL OSWALDO CRUZ E PROCAPE,SANTO AMARO,,,COLISÃO,AUTO E MOTO,1,1,,,,,,,,0,,,,,,,,,,,,,,
2018-05-18,16:07:00,SEM VÍTIMA,FINALIZADA,CASA AMARELA,AV NORTE,,,PROX. À BIKE NORTE,AV NORTE,,PROX. À BIKE NORTE,CASA AMARELA,,,COLISÃO,COLISÃO ENTRE AUTO E MOTO SEM VÍTIMA,2,,,,,1,,,,0,,,,,,,,,,,,,,
2018-05-18,16:18:00,SEM VÍTIMA,PENDENTE,PARNAMIRIM,AV DEZESSETE DE AGOSTO,428,,AO LADO DO SHOPPING PLAZA,AV DEZESSETE DE AGOSTO,428,AO LADO DO SHOPPING PLAZA,PARNAMIRIM,,,COLISÃO,DOIS AUTOS,2,,,,,,,,,0,,,,,,,,,,,,,,
2018-05-18,16:29:00,SEM VÍTIMA,CANCELADA,COHAB,AV CHAPADA DO ARARIPE,122,,PROX. AO ARMAZEM DUVAN,AV CHAPADA DO ARARIPE,122,PROX. AO ARMAZEM DUVAN,COHAB,,,COLISÃO,ONIBUS E AUTO,1,,,,,1,,,,0,,,,,,,,,,,,,,
2018-05-18,16:35:00,SEM VÍTIMA,CANCELADA,CAMPO GRANDE,RUA ODORICO MENDES,188,RUA VISCONDE DE CAIRU,CRUZAMENTO COM A RUA VISC. DE CAIRU,RUA ODORICO MENDES,188,CRUZAMENTO COM A RUA VISC. DE CAIRU,CAMPO GRANDE,,,COLISÃO,COLISÃO SEM VÍTIMA,1,,,,,,1,,,0,,,,,,,,,,,,,,
2018-05-18,16:59:00,COM VÍTIMA,CANCELADA,BOA VIAGEM,AV BOA VIAGEM,1716,,PROX. AO RESTAURANTE ALPHAIATE,AV BOA VIAGEM,1716,PROX. AO RESTAURANTE ALPHAIATE,BOA VIAGEM,,,COLISÃO,AUTO E MOTO,1,1,,,,,,,,1,,,,,,,,,,,,,,
2018-05-18,17:31:00,COM VÍTIMA,CANCELADA,AFOGADOS,RUA COSME VIANA,181,,PROX. AO EROS HOTEL,RUA COSME VIANA,181,PROX. AO EROS HOTEL,AFOGADOS,,,COLISÃO COM CICLISTA,AUTO E CICLISTA,1,,,1,,,,,,1,,,,,,,,,,,,,,
2018-05-18,17:53:00,SEM VÍTIMA,CANCELADA,TAMARINEIRA,EST DO ARRAIAL,2501,RUA SEBASTIAO ALVES,ENF A FARMACIA DO TRABALHADOR DE ESQUINA COM A RUA SEBASTIAO ALVES,EST DO ARRAIAL,2501,ENF A FARMACIA DO TRABALHADOR DE ESQUINA COM A RUA SEBASTIAO ALVES,TAMARINEIRA,,,COLISÃO,DOIS AUTO,2,,,,,,,,,0,,,,,,,,,,,,,,
2018-05-18,17:54:00,SEM VÍTIMA,,AFOGADOS,AV SUL,,,E/F A ESTAÇÃO LARGO DA PAZ / POR TRÁS DO ANTIGO ARMAZÉM COMERCIAL BATISTA,AV SUL,,E/F A ESTAÇÃO LARGO DA PAZ / POR TRÁS DO ANTIGO ARMAZÉM COMERCIAL BATISTA,AFOGADOS,,,COLISÃO,ENTRE 2 AUTOS. S/V,2,,,,,,,,,0,,,,,,,,,,,,,,
2018-05-18,18:11:00,SEM VÍTIMA,CANCELADA,GRAÇAS,AV CONS ROSA E SILVA,,,CRUZANDO A R SEBASTIÃO ALVES,AV CONS ROSA E SILVA,,CRUZANDO A R SEBASTIÃO ALVES,GRAÇAS,,,COLISÃO,ENTRE 2 AUTOS,2,,,,,,,,,0,,,,,,,,,,,,,,
2018-05-18,18:03:00,COM VÍTIMA,CANCELADA,IBURA,AV DOIS RIOS,1059,,ENFA PAGUE MENOS E IGREJA SANTO ESPEDITO,AV DOIS RIOS,1059,ENFA PAGUE MENOS E IGREJA SANTO ESPEDITO,IBURA,,,COLISÃO,ONIBUS X MOTO,,1,,,,1,,,,1,,,,,,,,,,,,,,
2018-05-18,19:10:00,SEM VÍTIMA,CANCELADA,IMBIRIBEIRA,RUA ITAJAI,,RUA JAMAICA,CRUZAMENTO COM A RUA JAMAICA E ENF: A IGREJA PRESBETARIANA,RUA ITAJAI,,CRUZAMENTO COM A RUA JAMAICA E ENF: A IGREJA PRESBETARIANA,IMBIRIBEIRA,,,COLISÃO,TRES AUTO OBS: SINTOMA DE EMBRIAGUEZ,3,,,,,,,,,0,,,,,,,,,,,,,,
2018-05-18,19:53:00,SEM VÍTIMA,CANCELADA,VÁRZEA,PRC PINTO DAMASO,,,E/F A PRAÇA CITADA (( PRAÇA DA VÁRZEA)) NO FINAL DA AV AFONSO OLINDENSE,PRC PINTO DAMASO,,E/F A PRAÇA CITADA (( PRAÇA DA VÁRZEA)) NO FINAL DA AV AFONSO OLINDENSE,VÁRZEA,,,COLISÃO,ENTRE ÔNIBUS E AUTO PASSEIO. S/V,1,,,,,1,,,,0,,,,,,,,,,,,,,
2018-05-18,20:00:00,SEM VÍTIMA,CANCELADA,TEJIPIÓ,AV DR JOSE RUFINO,,,SEMAFORO 285 ENF A LOJA ARTE E MOVES,AV DR JOSE RUFINO,,SEMAFORO 285 ENF A LOJA ARTE E MOVES,TEJIPIÓ,,,COLISÃO,ONIBUS X SIENA,1,,,,,1,,,,0,,,,,,,,,,,,,,
2018-05-18,1037712:00:00,SEM VÍTIMA,CANCELADA,BAIRRO DO RECIFE,PTE GIRATORIA,,,POR CIMA DA PTE GIRATORIA,PTE GIRATORIA,,POR CIMA DA PTE GIRATORIA,BAIRRO DO RECIFE,,,COLISÃO,ENTRE AUTO E CARRETA. S/V,1,,,,,,1,,,0,,,,,,,,,,,,,,
2018-05-18,21:26:00,SEM VÍTIMA,CANCELADA,GRAÇAS,AV GOVERNADOR AGAMENON MAGALHAES,,,SENTIDO BOA VIAGEM ENF AO MECDONALD´S,AV GOVERNADOR AGAMENON MAGALHAES,,SENTIDO BOA VIAGEM ENF AO MECDONALD´S,GRAÇAS,,,COLISÃO,DOIS AUTO,2,,,,,,,,,0,,,,,,,,,,,,,,
2018-05-19,04:17:00,SEM VÍTIMA,CANCELADA,BOA VIAGEM,RUA BARAO DE SOUZA LEAO,,,PRÓX AO HOSPITAL ALFA,RUA BARAO DE SOUZA LEAO,,PRÓX AO HOSPITAL ALFA,BOA VIAGEM,,,COLISÃO,COLISÃO ENTRE AUTO E CAMINHÃO SEM VÍTIMAS,1,,,,,,1,,,0,,,,,,,,,,,,,,
2018-05-19,06:57:00,SEM VÍTIMA,CANCELADA,JAQUEIRA,RUA DO FUTURO,1309,,EM FRENTE AO VERDE FRUTA,RUA DO FUTURO,1309,EM FRENTE AO VERDE FRUTA,JAQUEIRA,,,COLISÃO,SEM VITIMAS,2,,,,,,,,,0,,,,,,,,,,,,,,
2018-05-19,07:34:00,COM VÍTIMA,FINALIZADA,CABANGA,VIADUTO CAPITAO TEMUDO,,,SENTIDO BOA VIAGEM,VIADUTO CAPITAO TEMUDO,,SENTIDO BOA VIAGEM,CABANGA,,,ACID. DE PERCURSO,VITIMA SOCORRIDA PELO SAMU,,1,,,,,,,,1,,,,,,,,,,,,,,
2018-05-19,08:12:00,SEM VÍTIMA,FINALIZADA,PAISSANDU,RUA PAISSANDU,738,,E/F AO LABORATÓRIO PAISSANDU,RUA PAISSANDU,738,E/F AO LABORATÓRIO PAISSANDU,PAISSANDU,,,COLISÃO,SEM VÍTIMAS,3,,,,,,,,,0,,,,,,,,,,,,,,
2018-05-19,08:39:00,,CANCELADA,PAISSANDU,RUA PAISSANDU,,,EM FRENTE AO HOSPITAL SÃO MARCOS,RUA PAISSANDU,,EM FRENTE AO HOSPITAL SÃO MARCOS,PAISSANDU,,,COLISÃO,COLISÃO SEM VITIMAS,3,,,,,,,,,0,,,,,,,,,,,,,,
2018-05-19,09:08:00,SEM VÍTIMA,FINALIZADA,ARRUDA,AV BEBERIBE,,,E/F A CONCESSIONÁRIA NISSAN  SENTIDO ENCRUZILHADA. SEMÁFORO 480,AV BEBERIBE,,E/F A CONCESSIONÁRIA NISSAN  SENTIDO ENCRUZILHADA. SEMÁFORO 480,ARRUDA,,,COLISÃO,SEM VÍTIMAS,1,,,,,1,,,,0,,,,,,,,,,,,,,
2018-05-19,10:09:00,COM VÍTIMA,FINALIZADA,ESTÂNCIA,AV DR JOSE RUFINO,548,,SENT/SUBURBIO EM FRERNTE A GALERIA MARGARIDA,AV DR JOSE RUFINO,548,SENT/SUBURBIO EM FRERNTE A GALERIA MARGARIDA,ESTÂNCIA,,,COLISÃO,COM UMA VITIMA SENDO ATENDIDA PELOS BOMBEIROS,1,1,,,,,,,,1,,,,,,,,,,,,,,
2018-05-19,11:38:00,SEM VÍTIMA,CANCELADA,AFOGADOS,EST DOS REMEDIOS,,,EF A TUPAN DE AFOGADOS,EST DOS REMEDIOS,,EF A TUPAN DE AFOGADOS,AFOGADOS,,,COLISÃO,COLISAO S/V,,,,,,,,,,0,,,,,,,,,,,,,,
2018-05-19,11:54:00,COM VÍTIMA,CANCELADA,CASA FORTE,AV DEZESSETE DE AGOSTO,690,,EM FRENTE A HYUNDAI,AV DEZESSETE DE AGOSTO,690,EM FRENTE A HYUNDAI,CASA FORTE,,,COLISÃO,COLISÃO COM VÍTIMA,1,1,,,,,,,,2,,,,,,,,,,,,,,
2018-05-19,12:48:00,SEM VÍTIMA,FINALIZADA,GRAÇAS,AV GOVERNADOR AGAMENON MAGALHAES,,,EM FRENTE AO CLUBE PORTUGUES - BANDEIRA FILHO,AV GOVERNADOR AGAMENON MAGALHAES,,EM FRENTE AO CLUBE PORTUGUES - BANDEIRA FILHO,GRAÇAS,,,COLISÃO,COLISAO SEM VITIMA,2,,,,,,,,,0,,,,,,,,,,,,,,
2018-05-19,12:55:00,SEM VÍTIMA,CANCELADA,APIPUCOS,AV DEZESSETE DE AGOSTO,1060,,SEMÁFORO 540  E/F A RESIDENCIA.,AV DEZESSETE DE AGOSTO,1060,SEMÁFORO 540  E/F A RESIDENCIA.,APIPUCOS,,,COLISÃO,SEM VÍTIMAS,1,,,,,1,,,,0,,,,,,,,,,,,,,
2018-05-19,14:26:00,SEM VÍTIMA,FINALIZADA,CAMPO GRANDE,RUA FRANKLIN TAVORA,650,,PROXIMO AO COLEGIO MARIO MELO,RUA FRANKLIN TAVORA,650,PROXIMO AO COLEGIO MARIO MELO,CAMPO GRANDE,,,COLISÃO,COLISÃO SEM VÍTIMA,2,,,,,,,,,0,,,,,,,,,,,,,,
2018-05-19,16:50:00,SEM VÍTIMA,FINALIZADA,SÃO JOSÉ,RUA DA CONCORDIA,829,,E/F AO SINDICATO DE CONSTRUÇÃO CIVIL. SEMÁFORO 182,RUA DA CONCORDIA,829,E/F AO SINDICATO DE CONSTRUÇÃO CIVIL. SEMÁFORO 182,SÃO JOSÉ,,,COLISÃO,SEM VÍTIMAS,2,,,,,,,,,0,,,,,,,,,,,,,,
2018-05-19,16:50:00,SEM VÍTIMA,FINALIZADA,MUSTARDINHA,AV MANOEL GONCALVES DA LUZ,913B,,AO LADO DO POSTO IPIRANGA,AV MANOEL GONCALVES DA LUZ,913B,AO LADO DO POSTO IPIRANGA,MUSTARDINHA,,,COLISÃO,COLISÃO SEM VÍTIMA,1,1,,,,,,,,0,,,,,,,,,,,,,,
2018-05-19,17:12:00,SEM VÍTIMA,FINALIZADA,DERBY,AV GOVERNADOR AGAMENON MAGALHAES,,,EM FRENTE A SPETTUS/ SENTIDO BOA VIAGEM,AV GOVERNADOR AGAMENON MAGALHAES,,EM FRENTE A SPETTUS/ SENTIDO BOA VIAGEM,DERBY,,,COLISÃO,COLISÃO SEM VÍTMA,3,,,,,,,,,0,,,,,,,,,,,,,,
2018-05-19,17:20:00,SEM VÍTIMA,CANCELADA,PRADO,AV ENGENHEIRO ABDIAS DE CARVALHO,,,E/F AO HABIB'S  SEMÁFORO 132. SENTIDO AFOGADOS,AV ENGENHEIRO ABDIAS DE CARVALHO,,E/F AO HABIB'S  SEMÁFORO 132. SENTIDO AFOGADOS,PRADO,,,COLISÃO,SEM VÍTIMAS,1,,,,,1,,,,0,,,,,,,,,,,,,,
2018-05-19,18:00:00,COM VÍTIMA,FINALIZADA,ILHA JOANA BEZERRA,VIADUTO CAPITAO TEMUDO,,,NO INICIO DO VIADUTO  SENT. BOA VIAGEM,VIADUTO CAPITAO TEMUDO,,NO INICIO DO VIADUTO  SENT. BOA VIAGEM,ILHA JOANA BEZERRA,,,COLISÃO,AUTO E MOTO,1,1,,,,,,,,1,,,,,,,,,,,,,,