data,hora,natureza_acidente,situacao,bairro,endereco,numero,detalhe_endereco_acidente,complemento,endereco_cruzamento,numero_cruzamento,referencia_cruzamento,bairro_cruzamento,num_semaforo,sentido_via,tipo,descricao,auto,moto,ciclom,ciclista,pedestre,onibus,caminhao,viatura,outros,vitimas,vitimasfatais,acidente_verificado,tempo_clima,situacao_semaforo,sinalizacao,condicao_via,conservacao_via,ponto_controle,situacao_placa,velocidade_max_via,mao_direcao,divisao_via1,divisao_via2,divisao_via3
2018-05-26,22:32:00,SEM VÍTIMA,CANCELADA,GRAÇAS,AV RUI BARBOSA,406,,ENF AO PALACIO DE SAO JOSE DOS MANGUIMHOS,AV RUI BARBOSA,406,ENF AO PALACIO DE SAO JOSE DOS MANGUIMHOS,GRAÇAS,,,COLISÃO,ONIBUS PEDROSA X AUTO OBS: OS ENVOLVIDOS FOI ACONSELHADOS A FAZER O B.O EM UMA DELEGACIA MAS PROXIMA OU PELO SITE DO SDS,1,,,,,1,,,,0,,,,,,,,,,,,,,
2018-05-27,01:31:00,SEM VÍTIMA,CANCELADA,TORRE,RUA PROFESSOR TRAJANO DE MENDONCA,,,POR TRAS DO ATACADO DOS PRESENTES,RUA PROFESSOR TRAJANO DE MENDONCA,,POR TRAS DO ATACADO DOS PRESENTES,TORRE,,,COLISÃO,COLISÃO ENTRE DOIS AUTOS S/V,2,,,,,,,,,0,,,,,,,,,,,,,,
2018-05-27,07:38:00,COM VÍTIMA,FINALIZADA,ENCRUZILHADA,AV NORTE,,AV JOAO DE BARROS,E/F AO SANTANDER  CRUZAMENTO COM A AV JOÃO DE BARROS,AV NORTE,,E/F AO SANTANDER  CRUZAMENTO COM A AV JOÃO DE BARROS,ENCRUZILHADA,,,COLISÃO,COM UMA VÍTIMAS. INFO. PASSADA PELO INSPETOR DA CTTU  QUE PASSOU NO LOCAL E LIGOU PARA REGISTRAR O OCORRIDO.,,,,,,,,,,1,,,,,,,,,,,,,,
2018-05-27,08:53:00,SEM VÍTIMA,CANCELADA,COQUEIRAL,RUA DA CUSTODIA,324,,E/F A RESIDENCIA.,RUA DA CUSTODIA,324,E/F A RESIDENCIA.,COQUEIRAL,,,COLISÃO COM CICLISTA,SEM VITIMAS,1,,,1,,,,,,0,,,,,,,,,,,,,,
2018-05-27,12:30:00,COM VÍTIMA,FINALIZADA,IMBIRIBEIRA,RUA JOAQUIM BANDEIRA,,,NA MESMA RUA DA ESTAÇÃO ANTONIO FALCÃO,RUA JOAQUIM BANDEIRA,,NA MESMA RUA DA ESTAÇÃO ANTONIO FALCÃO,IMBIRIBEIRA,,,COLISÃO,ENTRE 2 AUTOS.C/V,2,,,,,,,,,1,,,,,,,,,,,,,,
2018-05-27,15:10:00,SEM VÍTIMA,CANCELADA,BOA VIAGEM,RUA PEREIRA DA COSTA,208,,EM FRENTE A ETABRAS,RUA PEREIRA DA COSTA,208,EM FRENTE A ETABRAS,BOA VIAGEM,,,COLISÃO,COLISÃO SEM VÍTIMA,2,,,,,,,,,0,,,,,,,,,,,,,,
2018-05-27,16:55:00,,CANCELADA,CASA AMARELA,RUA CONS NABUCO,,,ESQUINA COM A FARMACIA INDEPENDENTE E PLANETA AR,RUA CONS NABUCO,,ESQUINA COM A FARMACIA INDEPENDENTE E PLANETA AR,CASA AMARELA,,,COLISÃO,ENTRE 2 AUTOS. C/V,2,,,,,,,,,3,,,,,,,,,,,,,,
2018-05-27,16:56:00,COM VÍTIMA,FINALIZADA,CASA AMARELA,RUA DA HARMONIA,,,EM FRENTE A FARMACIA INDEPENDENTE,RUA DA HARMONIA,,EM FRENTE A FARMACIA INDEPENDENTE,CASA AMARELA,,,COLISÃO,COLISÃO COM VÍTIMA,2,,,,,,,,,3,,,,,,,,,,,,,,
2018-05-27,17:54:00,SEM VÍTIMA,CANCELADA,BOA VIAGEM,AV CONSELHEIRO AGUIAR,,RUA DO ATLANTICO,CRUZAMENTO COM A RUA DO ATLANTICO E BELELEU BURGUER BAR PROX AO CHICO CIT,AV CONSELHEIRO AGUIAR,,CRUZAMENTO COM A RUA DO ATLANTICO E BELELEU BURGUER BAR PROX AO CHICO CIT,BOA VIAGEM,,,COLISÃO,DOIS AUTO OBS:: AS PARTES FORAM INFORMADA A SEGUIR PARA UMA DELEGACIA MAS PROXIMA OU FAZER O BOLETIM DE OCORRENCIA PELO SITE DO SDS,2,,,,,,,,,0,,,,,,,,,,,,,,
2018-05-27,19:23:00,SEM VÍTIMA,CANCELADA,CASA FORTE,EST REAL DO POCO,,,E/F AO RESTAURANTE ANTICA ROMA,EST REAL DO POCO,,E/F AO RESTAURANTE ANTICA ROMA,CASA FORTE,,,COLISÃO,ENTRE 2 AUTOS. S/V,2,,,,,,,,,0,,,,,,,,,,,,,,
2018-05-27,20:40:00,SEM VÍTIMA,CANCELADA,ESPINHEIRO,RUA MARQUES DO PARANA,25,RUA ALFREDO DE CARVALHO,CRUZAMENTO COM ALFREDO DE CARVALHO,RUA MARQUES DO PARANA,25,CRUZAMENTO COM ALFREDO DE CARVALHO,ESPINHEIRO,,,COLISÃO,DOIS AUTO OBS:: AS PARTES FORAM ORIENTADAS A SEGUIR PARA UMA DELEGACIA OU FAZER O (B.O) PELO SITE DO SDS,2,,,,,,,,,0,,,,,,,,,,,,,,
2018-05-27,23:16:00,SEM VÍTIMA,CANCELADA,MUSTARDINHA,RUA MOCAMBIQUE,,,ESQUINA COM O CLUBE DOS LENHADORES E COLÉGIO PADRE ANCHIETA,RUA MOCAMBIQUE,,ESQUINA COM O CLUBE DOS LENHADORES E COLÉGIO PADRE ANCHIETA,MUSTARDINHA,,,COLISÃO,ENTRE AUTO E MOTO. S/V,1,1,,,,,,,,0,,,,,,,,,,,,,,
2018-05-28,07/mai,COM VÍTIMA,FINALIZADA,BONGI,RUA ISAAC MARKMAN,,RUA ITAPEMIRIM,CRUZ COM A RUA ITAPEMIRIM EM FRENTE A UPINHA DO BONGI,RUA ISAAC MARKMAN,,CRUZ COM A RUA ITAPEMIRIM EM FRENTE A UPINHA DO BONGI,BONGI,,,ATROPELAMENTO,VITIMA A ESPERA DO SAMU,,,,,1,1,,,,1,,,,,,,,,,,,,,
2018-05-28,07:30:00,SEM VÍTIMA,FINALIZADA,IMBIRIBEIRA,AV MARECHAL MASCARENHAS DE MORAES,,,AO LADO DO AEROPORTO,AV MARECHAL MASCARENHAS DE MORAES,,AO LADO DO AEROPORTO,IMBIRIBEIRA,,,COLISÃO,DOIS AUTOS,2,,,,,,,,,0,,,,,,,,,,,,,,
2018-05-28,09:22:00,SEM VÍTIMA,FINALIZADA,SANTO AMARO,AV GOVERNADOR AGAMENON MAGALHAES,2375,,EM FRENTE A RADIO NET / VEICULOS NAO TEM COMO REMOVER,AV GOVERNADOR AGAMENON MAGALHAES,2375,EM FRENTE A RADIO NET / VEICULOS NAO TEM COMO REMOVER,SANTO AMARO,,,COLISÃO,DOIS AUTOS,2,,,,,,,,,0,,,,,,,,,,,,,,
2018-05-28,10:41:00,SEM VÍTIMA,CANCELADA,BOA VIAGEM,AV CONSELHEIRO AGUIAR,1881,,E/F A LAVANDERIA TRYCLEAN USA  SENTIDO PINA.,AV CONSELHEIRO AGUIAR,1881,E/F A LAVANDERIA TRYCLEAN USA  SENTIDO PINA.,BOA VIAGEM,,,COLISÃO,SEM VÍTIMAS,2,,,,,,,,,0,,,,,,,,,,,,,,
2018-05-28,12:39:00,COM VÍTIMA,FINALIZADA,DERBY,AV GOVERNADOR AGAMENON MAGALHAES,,,SENT/BOA VIAGEM EM FRENTE A O HOSPITAL DA RESTAURAÇÃO,AV GOVERNADOR AGAMENON MAGALHAES,,SENT/BOA VIAGEM EM FRENTE A O HOSPITAL DA RESTAURAÇÃO,DERBY,,,COLISÃO COM CICLISTA,COM UMA VITIMA,1,,,1,,,,,,1,,,,,,,,,,,,,,
2018-05-28,15:48:00,SEM VÍTIMA,FINALIZADA,BOA VISTA,AV LINS PETIT,195,,EM FRENTE AO HAPVIDA,AV LINS PETIT,195,EM FRENTE AO HAPVIDA,BOA VISTA,,,COLISÃO,DOIS AUTOS S/V,2,,,,,,,,,0,,,,,,,,,,,,,,
2018-05-28,18:32:00,SEM VÍTIMA,CANCELADA,TORRE,RUA REAL DA TORRE,,,ANTES DA PONTE DA TORRE O POSTO IPIRANGA ANTIGO POSTO XINGU,RUA REAL DA TORRE,,ANTES DA PONTE DA TORRE O POSTO IPIRANGA ANTIGO POSTO XINGU,TORRE,,,COLISÃO,VT DA POLICIA X CAMINHAO,,,,,,,1,1,,0,,,,,,,,,,,,,,
2018-05-28,18:40:00,SEM VÍTIMA,CANCELADA,MADALENA,EST DOS REMEDIOS,,,ENF AO POSTO DE SAUDE LESSA DE ANDRADE,EST DOS REMEDIOS,,ENF AO POSTO DE SAUDE LESSA DE ANDRADE,MADALENA,,,COLISÃO,DOIS AUTO,2,,,,,,,,,0,,,,,,,,,,,,,,
2018-05-28,21:49:00,SEM VÍTIMA,CANCELADA,CAMPO GRANDE,EST DE BELEM,1782,,PROX AO POSTO TOTAL,EST DE BELEM,1782,PROX AO POSTO TOTAL,CAMPO GRANDE,,,COLISÃO,VT DA CIVIL X AUTO,1,,,,,,,1,,0,,,,,,,,,,,,,,
2018-05-28,22:11:00,SEM VÍTIMA,CANCELADA,SANTO AMARO,AV GOVERNADOR AGAMENON MAGALHAES,,,SEMÁFORO 378  SNT OLINDA,AV GOVERNADOR AGAMENON MAGALHAES,,SEMÁFORO 378  SNT OLINDA,SANTO AMARO,,,COLISÃO,ENTRE ÔNIBUS E VT. S/V,,,,,,1,,1,,0,,,,,,,,,,,,,,
2018-05-29,07:24:00,COM VÍTIMA,FINALIZADA,CAXANGÁ,RUA RIBEIRO DE BRITO,X,,PROXIMO A UPA DA CAXANGA/P AO SEMAFORO N 281,RUA RIBEIRO DE BRITO,X,PROXIMO A UPA DA CAXANGA/P AO SEMAFORO N 281,CAXANGÁ,,,COLISÃO,DOIS AUTO COM VITIMA,1,1,,,,,,,,1,,,,,,,,,,,,,,
2018-05-29,08:51:00,SEM VÍTIMA,CANCELADA,GRAÇAS,PRC ELVIRA ANDRADE DE SOUZA,173,,E/F AO EDF. VIDAL DE NEGREIROS,PRC ELVIRA ANDRADE DE SOUZA,173,E/F AO EDF. VIDAL DE NEGREIROS,GRAÇAS,,,COLISÃO,SEM VÍTIMAS,3,,,,,,,,,0,,,,,,,,,,,,,,
2018-05-29,09:39:00,SEM VÍTIMA,CANCELADA,ILHA DO LEITE,RUA ANTONIO GOMES DE FREITAS,131,,EM FRENTE A O CONSULTORIO MULT IMAGEM,RUA ANTONIO GOMES DE FREITAS,131,EM FRENTE A O CONSULTORIO MULT IMAGEM,ILHA DO LEITE,,,COLISÃO,SEM VITIMAS,2,,,,,,,,,0,,,,,,,,,,,,,,
2018-05-29,11:29:00,SEM VÍTIMA,EM ABERTO,BOA VIAGEM,AV ENGENHEIRO DOMINGOS FERREIRA,,,EM FRENTE AO POSTO BR / LADO ESQUERDO DA VIA,AV ENGENHEIRO DOMINGOS FERREIRA,,EM FRENTE AO POSTO BR / LADO ESQUERDO DA VIA,BOA VIAGEM,,,COLISÃO,MOTO E AUTO,1,1,,,,,,,,0,,,,,,,,,,,,,,
2018-05-29,,COM VÍTIMA,FINALIZADA,AFOGADOS,RUA VINTE E UM DE ABRIL,420,,E/F A AFOGADOS CENTER,RUA VINTE E UM DE ABRIL,420,E/F A AFOGADOS CENTER,AFOGADOS,,,COLISÃO,COLISAO ENTRE AUTO E MOTO COM UMA VITIMA,1,1,,,,,,,,1,,,,,,,,,,,,,,
2018-05-29,16:11:00,SEM VÍTIMA,CANCELADA,AFOGADOS,RUA COSME VIANA,,RUA TEOFILO TWORZ,COM RUA TEOFILO TWORZ ESQUINA DA TUPÃN,RUA COSME VIANA,,COM RUA TEOFILO TWORZ ESQUINA DA TUPÃN,AFOGADOS,,,COLISÃO,COLISAO ENTRE DOIS AUTOS S/V,2,,,,,,,,,0,,,,,,,,,,,,,,
2018-05-29,16:44:00,SEM VÍTIMA,CANCELADA,CASA FORTE,EST DAS UBAIAS ,,,EM FRENTE AO MERCADO BOM DEMAIS E A PADARIA PARLA,EST DAS UBAIAS ,,EM FRENTE AO MERCADO BOM DEMAIS E A PADARIA PARLA,CASA FORTE,,,COLISÃO,COLISÃO SEM VITIMAS,3,,,,,,,,,0,,,,,,,,,,,,,,
2018-05-29,17:56:00,COM VÍTIMA,CANCELADA,ÁGUA FRIA,RUA DA REGENERACAO,422,,PADARIA SANTO ANTÔNIO E VAREJÃO MIX,RUA DA REGENERACAO,422,PADARIA SANTO ANTÔNIO E VAREJÃO MIX,ÁGUA FRIA,,,ATROPELAMENTO,,,,,,1,,,,,1,,,,,,,,,,,,,,
2018-05-29,19:44:00,COM VÍTIMA,CANCELADA,BOA VIAGEM,RUA VISCONDE DE JEQUITINHONHA,,RUA MAIO DE CASTRO,COM A RUA MARIO DE CASTRO  NO SEMAFORO 158,RUA VISCONDE DE JEQUITINHONHA,,COM A RUA MARIO DE CASTRO  NO SEMAFORO 158,BOA VIAGEM,,,ACID. DE PERCURSO,3 MOTOS,,3,,,,,,,,1,,,,,,,,,,,,,,
2018-05-29,23:01:00,SEM VÍTIMA,CANCELADA,BOA VIAGEM,AV ENGENHEIRO DOMINGOS FERREIRA,,,PROXIMIDADES DO BANCO BRADESCO,AV ENGENHEIRO DOMINGOS FERREIRA,,PROXIMIDADES DO BANCO BRADESCO,BOA VIAGEM,,,COLISÃO,ENTRE ÕNIBUS E AUTO. S/V,1,,,,,1,,,,0,,,,,,,,,,,,,,
2018-05-30,03:37:00,SEM VÍTIMA,CANCELADA,NOVA DESCOBERTA,AV VEREADOR OTACILIO AZEVEDO,3000,,PROX DA LANCHONETE RAMOS  PROX DA PIZZARIA FAMILIA LOPES,AV VEREADOR OTACILIO AZEVEDO,3000,PROX DA LANCHONETE RAMOS  PROX DA PIZZARIA FAMILIA LOPES,NOVA DESCOBERTA,,,COLISÃO,COLISÃO ENTRE AUTO E ÔNIBUS S/V,1,,,,,1,,,,0,,,,,,,,,,,,,,
2018-05-30,06:15:00,SEM VÍTIMA,FINALIZADA,PINA,AV ANTONIO DE GOES,,,SEMAFORO 656 EM FRENTE AO DNIT,AV ANTONIO DE GOES,,SEMAFORO 656 EM FRENTE AO DNIT,PINA,,,COLISÃO,SEM VITIMAS,1,,,,,1,,,,0,,,,,,,,,,,,,,
2018-05-30,08:05:00,SEM VÍTIMA,PENDENTE,IMBIRIBEIRA,RUA ITALIA,X,,PROXIMO AO SUPERMERCADO ACAI DA IMBIRIBEIRA,RUA ITALIA,X,PROXIMO AO SUPERMERCADO ACAI DA IMBIRIBEIRA,IMBIRIBEIRA,,,COLISÃO,DOIS AUTOS,2,,,,,,,,,0,,,,,,,,,,,,,,
2018-05-30,09:11:00,SEM VÍTIMA,FINALIZADA,FUNDÃO,RUA CORONEL URBANO RIBEIRO DE SENA,763,,HA 100 METROS DO MERCADINHO CAPIBARIBE,RUA CORONEL URBANO RIBEIRO DE SENA,763,HA 100 METROS DO MERCADINHO CAPIBARIBE,FUNDÃO,,,COLISÃO,SEM VITIMAS,2,,,,,,,,,0,,,,,,,,,,,,,,
2018-05-30,10:47:00,SEM VÍTIMA,FINALIZADA,IBURA,RUA MARECHAL TAUMATURGO,298,,PROXIMO AO TERMINAL DE ONIBUS DE UR 5,RUA MARECHAL TAUMATURGO,298,PROXIMO AO TERMINAL DE ONIBUS DE UR 5,IBURA,,,COLISÃO,DOIS AUTOS,2,,,,,,,,,0,,,,,,,,,,,,,,
2018-05-30,10:55:00,SEM VÍTIMA,FINALIZADA,BOA VIAGEM,RUA SA E SOUZA,,,SEMAFORO 420,RUA SA E SOUZA,,SEMAFORO 420,BOA VIAGEM,,,COLISÃO,CAMINHAO E AUTO,1,,,,,,1,,,0,,,,,,,,,,,,,,
2018-05-30,11:08:00,SEM VÍTIMA,FINALIZADA,TAMARINEIRA,RUA PADRE ROMA,103,,AO LADO DA FERREIRA COSTA,RUA PADRE ROMA,103,AO LADO DA FERREIRA COSTA,TAMARINEIRA,,,COLISÃO,COLISAO ENTRE TAXI E KOMBI S/T,2,,,,,,,,,0,,,,,,,,,,,,,,
2018-05-30,11:22:00,SEM VÍTIMA,FINALIZADA,SÃO JOSÉ,RUA VELHA,272,,PROXIMO AO DEPOSITO DE GAS,RUA VELHA,272,PROXIMO AO DEPOSITO DE GAS,SÃO JOSÉ,,,COLISÃO,DOIS AUTOS,2,,,,,,,,,0,,,,,,,,,,,,,,
2018-05-30,12:00:00,SEM VÍTIMA,FINALIZADA,ENCRUZILHADA,RUA QUARENTA E OITO,,,E/F A GALERIA CENTER QUARENTA E OITO,RUA QUARENTA E OITO,,E/F A GALERIA CENTER QUARENTA E OITO,ENCRUZILHADA,,,COLISÃO,COLISAO ENTRE DOIS AUTOS S/V,2,,,,,,,,,0,,,,,,,,,,,,,,
2018-05-30,12:25:00,SEM VÍTIMA,FINALIZADA,DERBY,RUA HENRIQUE DIAS,,,ANTES DO SPETTUS  EM FRENTE AO COLEGIO MILITAR,RUA HENRIQUE DIAS,,ANTES DO SPETTUS  EM FRENTE AO COLEGIO MILITAR,DERBY,,,COLISÃO,DOIS AUTOS,2,,,,,,,,,0,,,,,,,,,,,,,,
2018-05-30,13:03:00,SEM VÍTIMA,FINALIZADA,BOA VIAGEM,AV FERNANDO SIMOES BARBOSA,,RUA PADRE CARAPUCEIRO,COM A RUA PADRE CARAPUCEIRO  EM FRENTE A GALERIA SANTO ANTONIO,AV FERNANDO SIMOES BARBOSA,,COM A RUA PADRE CARAPUCEIRO  EM FRENTE A GALERIA SANTO ANTONIO,BOA VIAGEM,,,COLISÃO,DOIS AUTOS,2,,,,,,,,,0,,,,,,,,,,,,,,
2018-05-30,13:38:00,SEM VÍTIMA,FINALIZADA,BOA VISTA,RUA DA AURORA,371,,PROX. A AGENCIA DO TRABALHO,RUA DA AURORA,371,PROX. A AGENCIA DO TRABALHO,BOA VISTA,,,COLISÃO,DOIS AUTOS,2,,,,,,,,,0,,,,,,,,,,,,,,
2018-05-30,14:51:00,SEM VÍTIMA,CANCELADA,IPSEP,RUA JEAN EMILE FAVRE,,,E/F AO ARMAZEM MAURICEIA,RUA JEAN EMILE FAVRE,,E/F AO ARMAZEM MAURICEIA,IPSEP,,,COLISÃO,COLISAO ENTRE DOIS AUTOS S/V,2,,,,,,,,,0,,,,,,,,,,,,,,
2018-05-30,15:31:00,SEM VÍTIMA,FINALIZADA,SAN MARTIN,RUA VINTE E UM DE ABRIL,2885,,PROX. AO DOMINGO´S BAR,RUA VINTE E UM DE ABRIL,2885,PROX. AO DOMINGO´S BAR,SAN MARTIN,,,COLISÃO,CAMINHÃO E AUTO,1,,,,,,1,,,0,,,,,,,,,,,,,,
2018-05-30,16:20:00,COM VÍTIMA,FINALIZADA,NOVA DESCOBERTA,RUA NOVA DESCOBERTA,,,LARGO DONA REGINA  APOS A ESCOLA CLOTILDE DE OLIVEIRA PRIMEIRA A DIREITA,RUA NOVA DESCOBERTA,,LARGO DONA REGINA  APOS A ESCOLA CLOTILDE DE OLIVEIRA PRIMEIRA A DIREITA,NOVA DESCOBERTA,,,ATROPELAMENTO,ATROPELAMENTO SEGUIDO DE CAPOTAMENTO,1,,,,2,,,,,2,,,,,,,,,,,,,,
2018-05-30,17:53:00,SEM VÍTIMA,CANCELADA,PINA,AVENIDA CELSO FURTADO (VIA MANGUE),,,PROX A LOMBADA ELETRONICA,AVENIDA CELSO FURTADO (VIA MANGUE),,PROX A LOMBADA ELETRONICA,PINA,,,COLISÃO,DOIS AUTO OBS:: AS PARTES FORAM ORIENTADAS PARA SEGUIR A UMA DELEGACIA OU PELO SITE DO SDS,2,,,,,,,,,0,,,,,,,,,,,,,,
2018-05-30,19:37:00,SEM VÍTIMA,FINALIZADA,ESPINHEIRO,RUA CONS PORTELA,,AV ROSA E SILVA,ESQUINA COM AV ROSA E SILVA / PRÓX AO BOMPREÇO  EXATAMENTE NA CALÇADA DO SUPERMERCADO,RUA CONS PORTELA,,ESQUINA COM AV ROSA E SILVA / PRÓX AO BOMPREÇO  EXATAMENTE NA CALÇADA DO SUPERMERCADO,ESPINHEIRO,,,COLISÃO,ENTRE 2 AUTOS. S/V,2,,,,,,,,,0,,,,,,,,,,,,,,
2018-05-30,20:06:00,COM VÍTIMA,FINALIZADA,BOA VISTA,RUA DA AURORA,,AV CONDE DA BOA VISTA,CRUZAMENTO COM BOA VISTA ENF AO CINEMA SAO LUIZ,RUA DA AURORA,,CRUZAMENTO COM BOA VISTA ENF AO CINEMA SAO LUIZ,BOA VISTA,,,COLISÃO,AUTO E MOTO (BOMBEIRO ACIONADO ),1,1,,,,,,,,1,,,,,,,,,,,,,,
2018-05-30,21:22:00,SEM VÍTIMA,CANCELADA,PRADO,RUA JOAO IVO DA SILVA,,,ENF A ESUINA DA PICANHA DEPOIS DO TUNEL DA ABOLICAO,RUA JOAO IVO DA SILVA,,ENF A ESUINA DA PICANHA DEPOIS DO TUNEL DA ABOLICAO,PRADO,,,COLISÃO,MICRO-ONIBUS X AUTO,1,,,,,1,,,,0,,,,,,,,,,,,,,
2018-05-30,22:22:00,COM VÍTIMA,FINALIZADA,PAISSANDU,AV GOVERNADOR AGAMENON MAGALHAES,4760,,E/F AO HOSPITAL PORTUGUÊS  SNT BV,AV GOVERNADOR AGAMENON MAGALHAES,4760,E/F AO HOSPITAL PORTUGUÊS  SNT BV,PAISSANDU,,,COLISÃO,ENTRE AUTO E MOTO. C/V,1,1,,,,,,,,1,,,,,,,,,,,,,,
2018-05-31,09:00:00,SEM VÍTIMA,FINALIZADA,GRAÇAS,RUA DO FUTURO,513,,E/F AO EDF. DUAS MARIA,RUA DO FUTURO,513,E/F AO EDF. DUAS MARIA,GRAÇAS,,,COLISÃO,SEM VÍTIMAS,2,,,,,,,,,0,,,,,,,,,,,,,,
2018-05-31,09:24:00,SEM VÍTIMA,FINALIZADA,AFLITOS,RUA DO FUTURO,385,RUA FERREIRA PINTO,CRUZ COM A RUA FERREIRA PINTO EM FRENTE A PADARIA TRIGOS,RUA DO FUTURO,385,CRUZ COM A RUA FERREIRA PINTO EM FRENTE A PADARIA TRIGOS,AFLITOS,,,COLISÃO,COLISÃO SEM VITIMAS,2,,,,,,,,,0,,,,,,,,,,,,,,
2018-05-31,10:50:00,COM VÍTIMA,FINALIZADA,COELHOS,RUA DOS COELHOS,,,PROXIMO AO IMIP NA DESCIDA DO VIADUTO JOAQUIM CARDOSO,RUA DOS COELHOS,,PROXIMO AO IMIP NA DESCIDA DO VIADUTO JOAQUIM CARDOSO,COELHOS,,,COLISÃO,DOIS VEICULOS,1,1,,,,,,,,2,,,,,,,,,,,,,,
2018-05-31,11:14:00,SEM VÍTIMA,FINALIZADA,BOA VIAGEM,AV FERNANDO SIMOES BARBOSA,572,,PROXIMO A ENTRADA DO SHOPING CENTER RECIFE EM FRENTE A CADEMIA BOBY TECH,AV FERNANDO SIMOES BARBOSA,572,PROXIMO A ENTRADA DO SHOPING CENTER RECIFE EM FRENTE A CADEMIA BOBY TECH,BOA VIAGEM,,,COLISÃO,DOIS AUTOS,2,,,,,,,,,0,,,,,,,,,,,,,,
2018-05-31,11:34:00,SEM VÍTIMA,FINALIZADA,BOA VIAGEM,RUA VISCONDE DE JEQUITINHONHA,,RUA CAPITAO ZUZINHA,CRUZ COM A RUA CAPITÃO ZUZINHA AO LADO DO CANAL PROX A LOCALIZA,RUA VISCONDE DE JEQUITINHONHA,,CRUZ COM A RUA CAPITÃO ZUZINHA AO LADO DO CANAL PROX A LOCALIZA,BOA VIAGEM,,,COLISÃO,COLISÃO SEM VITIMAS,2,,,,,,,,,0,,,,,,,,,,,,,,
2018-05-31,11:39:00,SEM VÍTIMA,FINALIZADA,SÃO JOSÉ,RUA IMPERIAL,987,,E/F A CM. SIDERÚRGICA,RUA IMPERIAL,987,E/F A CM. SIDERÚRGICA,SÃO JOSÉ,,,COLISÃO,SEM VÍTIMAS,2,,,,,,,,,0,,,,,,,,,,,,,,
2018-05-31,12:22:00,SEM VÍTIMA,FINALIZADA,TORRÕES,AV ENGENHEIRO ABDIAS DE CARVALHO,,,EM FRENTE AO POSTO BR E AO LADO DO YOKI GALETOS / SENTIDO BR,AV ENGENHEIRO ABDIAS DE CARVALHO,,EM FRENTE AO POSTO BR E AO LADO DO YOKI GALETOS / SENTIDO BR,TORRÕES,,,COLISÃO,COLISÃO SEM VÍTIMA,2,,,,,,1,,,0,,,,,,,,,,,,,,
2018-05-31,15:30:00,COM VÍTIMA,CANCELADA,BOA VIAGEM,RUA RIBEIRO DE BRITO,1017,,EDF.CORCOVADO,RUA RIBEIRO DE BRITO,1017,EDF.CORCOVADO,BOA VIAGEM,,,COLISÃO,COLISAO ENTRE AUTO E MOTO COM VITIMA ( ORIENTADOR II ),1,1,,,,,,,,1,,,,,,,,,,,,,,
2018-05-31,17:36:00,COM VÍTIMA,FINALIZADA,BOA VIAGEM,AV ENGENHEIRO DOMINGOS FERREIRA,,RUA HENRIQUE CAPITULINO,COM HENRIQUE CAPITULINO,AV ENGENHEIRO DOMINGOS FERREIRA,,COM HENRIQUE CAPITULINO,BOA VIAGEM,,,COLISÃO COM CICLISTA,,,,,1,,,,,,1,,,,,,,,,,,,,,
2018-05-31,18:20:00,SEM VÍTIMA,FINALIZADA,CAXANGÁ,AV CAXANGA,1289,,PROX. AO HOSPITAL GETULIO VARGAS  SENT. CAMARAGIBE,AV CAXANGA,1289,PROX. AO HOSPITAL GETULIO VARGAS  SENT. CAMARAGIBE,CAXANGÁ,,,COLISÃO,ONIBUS E AUTO,1,,,,,1,,,,0,,,,,,,,,,,,,,
2018-05-31,19:34:00,COM VÍTIMA,FINALIZADA,DERBY,PRC DO DERBY,,AV GOV AGAMENON MAGALHAES,CRUZAMENTO COM AGAMENON MAGALHAES,PRC DO DERBY,,CRUZAMENTO COM AGAMENON MAGALHAES,DERBY,,,ATROPELAMENTO,BRT X PEDESTRE,,,,,1,1,,,,1,,,,,,,,,,,,,,
2018-05-31,22:52:00,SEM VÍTIMA,FINALIZADA,JORDÃO,RUA ALBERTO LUNDGREN,,,NA PRC DO JORDAO SEMAFORO 581,RUA ALBERTO LUNDGREN,,NA PRC DO JORDAO SEMAFORO 581,JORDÃO,,,COLISÃO,DOIS AUTO C/V,2,,,,,,,,,0,,,,,,,,,,,,,,
2018-06-01,06:19:00,COM VÍTIMA,FINALIZADA,CAMPO GRANDE,RUA ODORICO MENDES,,,PROX AO IC EM FRENTE A FABRICA DE GELO,RUA ODORICO MENDES,,PROX AO IC EM FRENTE A FABRICA DE GELO,CAMPO GRANDE,,,COLISÃO,COLISÃO COM VITIMA SOCORRIDA PELO SAMU,1,1,,,,,,,,1,,,,,,,,,,,,,,
2018-06-01,06:27:00,SEM VÍTIMA,FINALIZADA,CAMPO GRANDE,EST DE BELEM,1316,,EM FRENTE A PADARIA PANDOÇURA,EST DE BELEM,1316,EM FRENTE A PADARIA PANDOÇURA,CAMPO GRANDE,,,COLISÃO,COLISÃO SEM VITIMAS,1,,,,,1,,,,0,,,,,,,,,,,,,,
2018-06-01,07:14:00,SEM VÍTIMA,FINALIZADA,PINA,VIADUTO CAPITAO TEMUDO,,,PROX AO SHOPPING RIO MAR,VIADUTO CAPITAO TEMUDO,,PROX AO SHOPPING RIO MAR,PINA,,,COLISÃO,COLISÃO SEM VITIMAS GM QTH,1,,,,,,1,,,0,,,,,,,,,,,,,,
2018-06-01,07:18:00,SEM VÍTIMA,FINALIZADA,BOA VIAGEM,RUA DOS NAVEGANTES,992,,EM FRENTE AO SUPERMERCADO MINUTO PAO,RUA DOS NAVEGANTES,992,EM FRENTE AO SUPERMERCADO MINUTO PAO,BOA VIAGEM,,,COLISÃO,MOTO E AUTO,1,1,,,,,,,,0,,,,,,,,,,,,,,
2018-06-01,08:58:00,SEM VÍTIMA,FINALIZADA,BOA VIAGEM,RUA JOSE DA SILVA LUCENA,273,RUA SARGENTO SILVINO MACEDO,CRUZ COM A RUA SARGENTO SILVINO MACEDO / EM FRENTE A LACOMEX,RUA JOSE DA SILVA LUCENA,273,CRUZ COM A RUA SARGENTO SILVINO MACEDO / EM FRENTE A LACOMEX,BOA VIAGEM,,,COLISÃO,DOIS AUTOS,2,,,,,,,,,0,,,,,,,,,,,,,,