data,hora,natureza_acidente,situacao,bairro,endereco,numero,detalhe_endereco_acidente,complemento,endereco_cruzamento,numero_cruzamento,referencia_cruzamento,bairro_cruzamento,num_semaforo,sentido_via,tipo,descricao,auto,moto,ciclom,ciclista,pedestre,onibus,caminhao,viatura,outros,vitimas,vitimasfatais,acidente_verificado,tempo_clima,situacao_semaforo,sinalizacao,condicao_via,conservacao_via,ponto_controle,situacao_placa,velocidade_max_via,mao_direcao,divisao_via1,divisao_via2,divisao_via3
2018-06-04,09:17:00,SEM VÍTIMA,FINALIZADA,MANGUEIRA,RUA VEREADOR FRANCISCO DE PAULA SANTANA CHICO DA MANOLA,144,,RUA NA DIAGONAL DO RESTAURANTE BODE DO NÕ,RUA VEREADOR FRANCISCO DE PAULA SANTANA CHICO DA MANOLA,144,RUA NA DIAGONAL DO RESTAURANTE BODE DO NÕ,MANGUEIRA,,,COLISÃO,COM VITIMAS ATENDIDAS NO LOCAL PELO SAMU CTTU NO LOCAL VT 24,,2,,,,,,,,0,,,,,,,,,,,,,,
2018-06-04,09:28:00,SEM VÍTIMA,FINALIZADA,SANTO AMARO,RUA MARQUÊS DO POMBAL,,,EM FRENTE A FARMACIA DO TRABALHADOR,RUA MARQUÊS DO POMBAL,,EM FRENTE A FARMACIA DO TRABALHADOR,SANTO AMARO,,,COLISÃO,SEM VITMAS,2,,,,,,,,,0,,,,,,,,,,,,,,
2018-06-04,09:30:00,COM VÍTIMA,FINALIZADA,IBURA,AV DOIS RIOS,1515,,NA ENTRADA DO JORDÃO EM FRENTE AO POSTO DE GASOLINA BR,AV DOIS RIOS,1515,NA ENTRADA DO JORDÃO EM FRENTE AO POSTO DE GASOLINA BR,IBURA,,,COLISÃO,COLISÃO COM VITIMA A ESPERA DO SAMU,1,1,,,,,,,,1,,,,,,,,,,,,,,
2018-06-04,09:31:00,SEM VÍTIMA,FINALIZADA,IMBIRIBEIRA,RUA JOSE DA SILVA LUCENA,273,,E/F A LACOMEX  SENTIDO AEROPORTO,RUA JOSE DA SILVA LUCENA,273,E/F A LACOMEX  SENTIDO AEROPORTO,IMBIRIBEIRA,,,COLISÃO,SEM VÍTIMAS,1,,,,,,1,,,0,,,,,,,,,,,,,,
2018-06-04,09:41:00,SEM VÍTIMA,FINALIZADA,AREIAS,AV RECIFE,,,E/F AO MAKRO  SENTIDO BOA VIAGEM. SEMÁFORO 461,AV RECIFE,,E/F AO MAKRO  SENTIDO BOA VIAGEM. SEMÁFORO 461,AREIAS,,,COLISÃO,SEM VITIMAS,1,,,,,,1,,,0,,,,,,,,,,,,,,
2018-06-04,09:50:00,SEM VÍTIMA,FINALIZADA,IMBIRIBEIRA,RUA ITAJAI,24,,E/F A ALUTEC.,RUA ITAJAI,24,E/F A ALUTEC.,IMBIRIBEIRA,,,COLISÃO,SEM VÍTIMAS,2,,,,,,,,,0,,,,,,,,,,,,,,
2018-06-04,09:59:00,SEM VÍTIMA,FINALIZADA,CIDADE UNIVERSITÁRIA,RUA MARECHAL MANOEL LUIS OSORIO,495,,EM FRENTE AO COLEGIO PONTUAL,RUA MARECHAL MANOEL LUIS OSORIO,495,EM FRENTE AO COLEGIO PONTUAL,CIDADE UNIVERSITÁRIA,,,COLISÃO,COLISÃO SEM VITIMAS,2,,,,,,,,,0,,,,,,,,,,,,,,
2018-06-04,10:16:00,SEM VÍTIMA,FINALIZADA,BOA VIAGEM,RUA ERNESTO DE PAULA SANTOS,1038,,EM FRENTE AO EDF PIONEIRO,RUA ERNESTO DE PAULA SANTOS,1038,EM FRENTE AO EDF PIONEIRO,BOA VIAGEM,,,COLISÃO,SEM VITIMAS,1,,,,,1,,,,0,,,,,,,,,,,,,,
2018-06-04,10:34:00,SEM VÍTIMA,CANCELADA,BOMBA DO HEMETÉRIO,EST VELHA DE AGUA FRIA,1150,,EM FRENTE AO MARTELINHO DE OURO,EST VELHA DE AGUA FRIA,1150,EM FRENTE AO MARTELINHO DE OURO,BOMBA DO HEMETÉRIO,,,COLISÃO,COLISÃO SEM VITIMAS,1,1,,,,,,,,0,,,,,,,,,,,,,,
2018-06-04,10:43:00,SEM VÍTIMA,FINALIZADA,DERBY,RUA JOAQUIM NABUCO,409,,EM FRENTE A GALERIA DERBY CENTER,RUA JOAQUIM NABUCO,409,EM FRENTE A GALERIA DERBY CENTER,DERBY,,,COLISÃO,COLISÃO SEM VITIMAS,2,,,,,,,,,0,,,,,,,,,,,,,,
2018-06-04,11:09:00,SEM VÍTIMA,FINALIZADA,AFOGADOS,LARGO DA PAZ,175,,SENT/PONTO MOTOCOLOMBO,LARGO DA PAZ,175,SENT/PONTO MOTOCOLOMBO,AFOGADOS,,,COLISÃO,SEM VITIMAS,1,,,,,1,,,,0,,,,,,,,,,,,,,
2018-06-04,11:19:00,SEM VÍTIMA,FINALIZADA,BOA VIAGEM,RUA DOS NAVEGANTES,3040,,EM FRENTE AO EDF FRANCISCO VITA,RUA DOS NAVEGANTES,3040,EM FRENTE AO EDF FRANCISCO VITA,BOA VIAGEM,,,COLISÃO,SEM VITMAS,2,,,,,,,,,0,,,,,,,,,,,,,,
2018-06-04,11:51:00,SEM VÍTIMA,FINALIZADA,BOA VISTA,RUA DO PRINCIPE,,RUA DO SOSSEGO,COM RUA DO SOSSEGO ANTES DO QUARTEL DO EXERCITO APOS A CATOLICA,RUA DO PRINCIPE,,COM RUA DO SOSSEGO ANTES DO QUARTEL DO EXERCITO APOS A CATOLICA,BOA VISTA,,,COLISÃO,COLISAO ENTRE AUTO E MOTO S/V,1,1,,,,,,,,0,,,,,,,,,,,,,,
2018-06-04,12:05:00,SEM VÍTIMA,FINALIZADA,AFOGADOS,RUA NICOLAU PEREIRA,354,,EM FRENTE AO TERMINAL INTEGRADO AFOGADOS,RUA NICOLAU PEREIRA,354,EM FRENTE AO TERMINAL INTEGRADO AFOGADOS,AFOGADOS,,,COLISÃO,COLISÃO SEM VÍTIMA,1,,,,,,1,,,0,,,,,,,,,,,,,,
2018-06-04,12:23:00,SEM VÍTIMA,FINALIZADA,AFOGADOS,AV DR JOSE RUFINO,,,E/F NA ENTRADA DA MATERNIDADE BANDEIRA FILHO,AV DR JOSE RUFINO,,E/F NA ENTRADA DA MATERNIDADE BANDEIRA FILHO,AFOGADOS,,,COLISÃO,COLISAO ENTRE DOIS AUTOS S/V,2,,,,,,,,,0,,,,,,,,,,,,,,
2018-06-04,12:31:00,SEM VÍTIMA,FINALIZADA,BOA VIAGEM,RUA ERNESTO DE PAULA SANTOS,803,,NA DESCIDA DO TANCREDO NEVES,RUA ERNESTO DE PAULA SANTOS,803,NA DESCIDA DO TANCREDO NEVES,BOA VIAGEM,,,COLISÃO,DOIS AUTOS S/V,2,,,,,,,,,0,,,,,,,,,,,,,,
2018-06-04,13:58:00,COM VÍTIMA,FINALIZADA,BOMBA DO HEMETÉRIO,RUA BOMBA DO HEMETERIO,225,,EM FRENTE AO CLUBE ABANADORES DO ARRUDA,RUA BOMBA DO HEMETERIO,225,EM FRENTE AO CLUBE ABANADORES DO ARRUDA,BOMBA DO HEMETÉRIO,,,COLISÃO,COLISÃO COM VÍTIMA,2,1,,,,,,,,1,,,,,,,,,,,,,,
2018-06-04,14:08:00,SEM VÍTIMA,FINALIZADA,TORREÃO,RUA DOM JOAO COSTA,20,,EM FRENTE A AGEFEPE,RUA DOM JOAO COSTA,20,EM FRENTE A AGEFEPE,TORREÃO,,,COLISÃO,DOIS AUTOS S/V,2,,,,,,,,,0,,,,,,,,,,,,,,
2018-06-04,14:19:00,SEM VÍTIMA,FINALIZADA,GRAÇAS,AV CONS ROSA E SILVA,,,E/F A PRAÇA DO ENTRONCAMENTO PROX A FARMACIA DONA FORMULA,AV CONS ROSA E SILVA,,E/F A PRAÇA DO ENTRONCAMENTO PROX A FARMACIA DONA FORMULA,GRAÇAS,,,COLISÃO,COLISAO ENTRE ONIBUS E AUTOS S/V,1,,,,,1,,,,0,,,,,,,,,,,,,,
2018-06-04,14:35:00,SEM VÍTIMA,FINALIZADA,BOA VISTA,AV GOVERNADOR AGAMENON MAGALHAES,,,EM FRENTE AO CIRCULO MILITAR/ SENTIDO OLINDA,AV GOVERNADOR AGAMENON MAGALHAES,,EM FRENTE AO CIRCULO MILITAR/ SENTIDO OLINDA,BOA VISTA,,,COLISÃO,COLISÃO SEM VÍTIMA,1,,,,,,,,1,0,,,,,,,,,,,,,,
2018-06-04,14:38:00,SEM VÍTIMA,FINALIZADA,IPSEP,RUA PINTOR ANTONIO ALBUQUERQUE,181,,PROX. AO POSTO DE GASOLINA SHELL,RUA PINTOR ANTONIO ALBUQUERQUE,181,PROX. AO POSTO DE GASOLINA SHELL,IPSEP,,,COLISÃO,ONIBUS E AUTO,1,,,,,1,,,,0,,,,,,,,,,,,,,
2018-06-04,14:41:00,SEM VÍTIMA,FINALIZADA,BAIRRO DO RECIFE,RUA DO BOM JESUS,,,REM FRENTE A PRAÇA DO ARSENAL,RUA DO BOM JESUS,,REM FRENTE A PRAÇA DO ARSENAL,BAIRRO DO RECIFE,,,COLISÃO,DOIS AUTOS S/V,2,,,,,,,,,0,,,,,,,,,,,,,,
2018-06-04,16:34:00,SEM VÍTIMA,FINALIZADA,ENCRUZILHADA,AV BEBERIBE,,,SEMAFORO 042 EM FRENTE A FARMACIA PAGUE MENOS,AV BEBERIBE,,SEMAFORO 042 EM FRENTE A FARMACIA PAGUE MENOS,ENCRUZILHADA,,,COLISÃO,AUTO E MOTO,1,1,,,,,,,,0,,,,,,,,,,,,,,
2018-06-04,16:50:00,SEM VÍTIMA,FINALIZADA,ROSARINHO,RUA REGUEIRA COSTA,236,,EM FRENTE A CASA DOS DOCES,RUA REGUEIRA COSTA,236,EM FRENTE A CASA DOS DOCES,ROSARINHO,,,COLISÃO,COLISÃO SEM VÍTIMA,2,,,,,,,,,0,,,,,,,,,,,,,,
2018-06-04,16:58:00,SEM VÍTIMA,FINALIZADA,MADALENA,RUA DES LUIZ SALAZAR,98,,E/F A CAFETERIA SAO BRAZ,RUA DES LUIZ SALAZAR,98,E/F A CAFETERIA SAO BRAZ,MADALENA,,,COLISÃO,COLISAO ENTRE DOIS AUTOS S/V,2,,,,,,,,,0,,,,,,,,,,,,,,
2018-06-04,17:45:00,SEM VÍTIMA,FINALIZADA,PINA,AV HERCULANO BANDEIRA,,,PROXIMIDADES DO SHOPPING RIO MAR  E/F AO ATACADO DA CONSTRUÇÃO,AV HERCULANO BANDEIRA,,PROXIMIDADES DO SHOPPING RIO MAR  E/F AO ATACADO DA CONSTRUÇÃO,PINA,,,COLISÃO,ENTRE ÕNIBUS E AUTO. S/V,1,,,,,1,,,,0,,,,,,,,,,,,,,
2018-06-04,17:55:00,COM VÍTIMA,EQUIPE EM DESLOCAMENTO,IMBIRIBEIRA,AV MARECHAL MASCARENHAS DE MORAES,,RUA MURITIBA,SEMÁFORO 385  COM RUA MURITIBA,AV MARECHAL MASCARENHAS DE MORAES,,SEMÁFORO 385  COM RUA MURITIBA,IMBIRIBEIRA,,,ATROPELAMENTO,ENTRE MOTO E PEDESTRE,,1,,,1,,,,,1,,,,,,,,,,,,,,
2018-06-04,18:25:00,SEM VÍTIMA,CANCELADA,ARRUDA,AV BEBERIBE,,,E/F A FERREIRA PINTO. SNT ENCRUZILHADA,AV BEBERIBE,,E/F A FERREIRA PINTO. SNT ENCRUZILHADA,ARRUDA,,,COLISÃO,ENTRE 2 AUTOS. S/V,2,,,,,,,,,0,,,,,,,,,,,,,,
2018-06-04,18:40:00,SEM VÍTIMA,FINALIZADA,TORRÕES,AV ENGENHEIRO ABDIAS DE CARVALHO,,,SEMAFORO 422 PROXIMO A DROGA MARIA( FARMACIA),AV ENGENHEIRO ABDIAS DE CARVALHO,,SEMAFORO 422 PROXIMO A DROGA MARIA( FARMACIA),TORRÕES,,,COLISÃO,DOIS AUTOS S/V,2,,,,,,,,,0,,,,,,,,,,,,,,
2018-06-04,19:17:00,SEM VÍTIMA,FINALIZADA,IPSEP,AV RECIFE,1810,,E/F A PADARIA VILA DO PÃO,AV RECIFE,1810,E/F A PADARIA VILA DO PÃO,IPSEP,,,ENGAVETAMENTO,ENTRE 5 AUTOS ( UM DOS ENVOLVIDOS SE EVADIU DO LOCAL ) S/V,5,,,,,,,,,0,,,,,,,,,,,,,,
2018-06-04,20:09:00,SEM VÍTIMA,FINALIZADA,IPSEP,AV RECIFE,,,AO LADO DO POSTO FEDERAL,AV RECIFE,,AO LADO DO POSTO FEDERAL,IPSEP,,,COLISÃO,ENTRE 2 AUTOS. S/V,2,,,,,,,,,0,,,,,,,,,,,,,,
2018-06-04,21:28:00,SEM VÍTIMA,CANCELADA,MADALENA,AV JOSE GONCALVES DE MEDEIROS,,,NAS PROXIMIDADES DO CAMPO DO SPORT // SEMÁFORO 355,AV JOSE GONCALVES DE MEDEIROS,,NAS PROXIMIDADES DO CAMPO DO SPORT // SEMÁFORO 355,MADALENA,,,COLISÃO,ENTRE MOTO E AUTO. S/V,1,1,,,,,,,,0,,,,,,,,,,,,,,
2018-06-04,22:22:00,COM VÍTIMA,FINALIZADA,ESPINHEIRO,RUA DR JOAQUIM PORTELLA,,,CRUZANDO A R 48 / SEMÁFORO 011,RUA DR JOAQUIM PORTELLA,,CRUZANDO A R 48 / SEMÁFORO 011,ESPINHEIRO,,,ATROPELAMENTO,ENTRE AUTO E PEDESTRE,1,,,,1,,,,,1,,,,,,,,,,,,,,
2018-06-05,00:17:00,SEM VÍTIMA,CANCELADA,IMBIRIBEIRA,RUA ARQUITETO LUIZ NUNES,,AV PINHEIROS,CRUZAMENTO COM A AVENIDA PINHEIROS  EM FRENTE AO RESIDENCIAL PINHEIROS,RUA ARQUITETO LUIZ NUNES,,CRUZAMENTO COM A AVENIDA PINHEIROS  EM FRENTE AO RESIDENCIAL PINHEIROS,IMBIRIBEIRA,,,COLISÃO,COLISÃO ENTRE DOIS AUTOS S/V,2,,,,,,,,,0,,,,,,,,,,,,,,
2018-06-05,06:21:00,SEM VÍTIMA,FINALIZADA,CAXANGÁ,RUA RIBEIRO PESSOA,,,NA SAIDA DA UR 07 VARZEA SENTIDO CIDADE AO LADO DA UPA DA CAXANGA,RUA RIBEIRO PESSOA,,NA SAIDA DA UR 07 VARZEA SENTIDO CIDADE AO LADO DA UPA DA CAXANGA,CAXANGÁ,,,COLISÃO,COLISÃO SEM VITIMAS,1,,,,,1,,,,0,,,,,,,,,,,,,,
2018-06-05,07:02:00,SEM VÍTIMA,FINALIZADA,JORDÃO,AV MARIA IRENE,,,EM FRENTE AO PORTÃO DA BASE ÁEREA,AV MARIA IRENE,,EM FRENTE AO PORTÃO DA BASE ÁEREA,JORDÃO,,,COLISÃO,COLISÃO SEM VITIMAS,2,1,,,,,,,,0,,,,,,,,,,,,,,
2018-06-05,07:15:00,SEM VÍTIMA,FINALIZADA,AFOGADOS,EST DOS REMEDIOS,,,SEMÁFORO 053  SENTIDO IMBIRIBEIRA. E/F A LOJA NARCISO,EST DOS REMEDIOS,,SEMÁFORO 053  SENTIDO IMBIRIBEIRA. E/F A LOJA NARCISO,AFOGADOS,,,COLISÃO,SEM VÍTIMAS,1,,,,,,1,,,0,,,,,,,,,,,,,,
2018-06-05,07:33:00,SEM VÍTIMA,CANCELADA,MADALENA,RUA DEMOCRITO DE SOUZA FILHO,61,,AO LADO DO SUPERMERCADO EXTRA,RUA DEMOCRITO DE SOUZA FILHO,61,AO LADO DO SUPERMERCADO EXTRA,MADALENA,,,COLISÃO,DOIS AUTOS S/V,2,,,,,,,,,0,,,,,,,,,,,,,,
2018-06-05,07:38:00,SEM VÍTIMA,FINALIZADA,BOA VIAGEM,AVENIDA CELSO FURTADO (VIA MANGUE),,,SENTIDO CIDADE POR TRAS DO SUPERMERCADO EXTRA,AVENIDA CELSO FURTADO (VIA MANGUE),,SENTIDO CIDADE POR TRAS DO SUPERMERCADO EXTRA,BOA VIAGEM,,,COLISÃO,COLISÃO SEM VITIMAS,1,,,,,1,,,,0,,,,,,,,,,,,,,
2018-06-05,07:45:00,SEM VÍTIMA,FINALIZADA,DERBY,RUA JOAQUIM NABUCO,,RUA DAS CREOULAS,CRUZ COM A RUA DAS CREOULAS EM FRENTE A FARMACIA QUATRO CANTOS,RUA JOAQUIM NABUCO,,CRUZ COM A RUA DAS CREOULAS EM FRENTE A FARMACIA QUATRO CANTOS,DERBY,,,COLISÃO,COLISÃO SEM VITIMAS,1,,,,,1,,,,0,,,,,,,,,,,,,,
2018-06-05,08:49:00,SEM VÍTIMA,CANCELADA,CAMPO GRANDE,EST DE BELEM,,,IGREJA BATISTA,EST DE BELEM,,IGREJA BATISTA,CAMPO GRANDE,,,COLISÃO,COLISÃO SEM VITIMAS,,,,,,,,,,0,,,,,,,,,,,,,,
2018-06-05,09:15:00,SEM VÍTIMA,FINALIZADA,TORRE,AV BEIRA RIO,,,EM BAIXO DO SEMAFORO 630 NA DESCIDA DA PONTE DA TORRE,AV BEIRA RIO,,EM BAIXO DO SEMAFORO 630 NA DESCIDA DA PONTE DA TORRE,TORRE,,,COLISÃO,COLISÃO SEM VITIMAS,2,,,,,,,,,0,,,,,,,,,,,,,,
2018-06-05,09:22:00,SEM VÍTIMA,FINALIZADA,ESPINHEIRO,AV GOVERNADOR AGAMENON MAGALHAES,,,NA VIA LOCAL  E/F AO BANCO SANTANDER SELECT. SENTIDO BOA VIAGEM. SEMÁFORO 078,AV GOVERNADOR AGAMENON MAGALHAES,,NA VIA LOCAL  E/F AO BANCO SANTANDER SELECT. SENTIDO BOA VIAGEM. SEMÁFORO 078,ESPINHEIRO,,,COLISÃO,SEM VÍTIMAS,2,,,,,,,,,0,,,,,,,,,,,,,,
2018-06-05,09:52:00,SEM VÍTIMA,FINALIZADA,SÃO JOSÉ,RUA IMPERIAL,981,TRV RAPOSO,E/F A SELF-SERVICE DAS COMADRES  SEMÁFORO 510,RUA IMPERIAL,981,E/F A SELF-SERVICE DAS COMADRES  SEMÁFORO 510,SÃO JOSÉ,,,COLISÃO,SEM VÍTIMAS. BATEDORES NO LOCAL (MT 14- MT 20),2,,,,,,,,,0,,,,,,,,,,,,,,
2018-06-05,10:38:00,SEM VÍTIMA,FINALIZADA,BOA VIAGEM,AV CONSELHEIRO AGUIAR,4241,,EM FRENTE AO GALETUS,AV CONSELHEIRO AGUIAR,4241,EM FRENTE AO GALETUS,BOA VIAGEM,,,COLISÃO,AUTO E ONIBUS,1,,,,,1,,,,0,,,,,,,,,,,,,,
2018-06-05,11:16:00,SEM VÍTIMA,FINALIZADA,DERBY,RUA HENRIQUE DIAS,303,,SENTIDO AGAMENON MAGALHAES EM FRENTE AO CONSELHO REGIONAL DE FISIOTERAPIA,RUA HENRIQUE DIAS,303,SENTIDO AGAMENON MAGALHAES EM FRENTE AO CONSELHO REGIONAL DE FISIOTERAPIA,DERBY,,,COLISÃO,COLISÃO SEM VITIMAS,1,,,,,1,,,,0,,,,,,,,,,,,,,
2018-06-05,11:18:00,SEM VÍTIMA,FINALIZADA,DERBY,PRC JOAQUIM NABUCO,,,AO LADO DA RESTAURAÇÃO  PROX. AO SEMAFORO 174,PRC JOAQUIM NABUCO,,AO LADO DA RESTAURAÇÃO  PROX. AO SEMAFORO 174,DERBY,,,COLISÃO,DOIS AUTOS S/V,2,,,,,,,,,0,,,,,,,,,,,,,,
2018-06-05,11:38:00,SEM VÍTIMA,CANCELADA,MADALENA,RUA REAL DA TORRE,,,EM BAIXO DO SEMAFORO 237 PROX AO TUNEL DA ABOLIÇÃO EM FRENTE AO COLEGIO JOAQUIM TAVORA,RUA REAL DA TORRE,,EM BAIXO DO SEMAFORO 237 PROX AO TUNEL DA ABOLIÇÃO EM FRENTE AO COLEGIO JOAQUIM TAVORA,MADALENA,,,COLISÃO,COLISÃO SEM VITIMAS,1,,,,,1,,,,0,,,,,,,,,,,,,,
2018-06-05,11:48:00,SEM VÍTIMA,CANCELADA,CASA AMARELA,RUA DA HARMONIA,,,EM FRENTE A IGREJA DA HARMONIA,RUA DA HARMONIA,,EM FRENTE A IGREJA DA HARMONIA,CASA AMARELA,,,COLISÃO,COLISÃO SEM VITIMAS,1,1,,,,,,,,0,,,,,,,,,,,,,,
2018-06-05,11:52:00,SEM VÍTIMA,FINALIZADA,CORDEIRO,RUA 10 DE NOVEMBRO,278,,PROX. A PADARIA RAINHA DA TORRE,RUA 10 DE NOVEMBRO,278,PROX. A PADARIA RAINHA DA TORRE,CORDEIRO,,,COLISÃO,MOTO E ONIBUS,,1,,,,1,,,,0,,,,,,,,,,,,,,
2018-06-05,12:33:00,SEM VÍTIMA,CANCELADA,SANTO AMARO,AV GOVERNADOR AGAMENON MAGALHAES,,,LADO OPOSTO DO IC / S/T OLINDA,AV GOVERNADOR AGAMENON MAGALHAES,,LADO OPOSTO DO IC / S/T OLINDA,SANTO AMARO,,,COLISÃO,COLISAO ENTRE DOIS AUTOS S/V,2,,,,,,,,,0,,,,,,,,,,,,,,
2018-06-05,13:00:00,SEM VÍTIMA,CANCELADA,BAIRRO DO RECIFE,AV ALFREDO LISBOA,,,EM FRENTE A ASSOCIAÇÃO COMERCIAL DE PERNAMBUCO,AV ALFREDO LISBOA,,EM FRENTE A ASSOCIAÇÃO COMERCIAL DE PERNAMBUCO,BAIRRO DO RECIFE,,,COLISÃO,COLISÃO SEM VÍTIMA,2,,,,,,,,,0,,,,,,,,,,,,,,
2018-06-05,13:21:00,SEM VÍTIMA,FINALIZADA,CASA FORTE,AV DEZESSETE DE AGOSTO,,,PROXIMO AO SEMARO 107,AV DEZESSETE DE AGOSTO,,PROXIMO AO SEMARO 107,CASA FORTE,,,COLISÃO,DOIS AUTOS S/V,2,,,,,,,,,0,,,,,,,,,,,,,,
2018-06-05,13:25:00,SEM VÍTIMA,FINALIZADA,SANTO AMARO,PTE DO LIMOEIRO,,,E/F AO POSTO BR S/T PREFEITURA,PTE DO LIMOEIRO,,E/F AO POSTO BR S/T PREFEITURA,SANTO AMARO,,,COLISÃO,COLISAO ENTRE CARRETA E CAMINHAO S/V,,,,,,,2,,,0,,,,,,,,,,,,,,
2018-06-05,13:25:00,SEM VÍTIMA,CANCELADA,MADALENA,AV VISCONDE DE ALBUQUERQUE,836,,EM FRENTE A PRAÇA EÇA DE QUEIROZ,AV VISCONDE DE ALBUQUERQUE,836,EM FRENTE A PRAÇA EÇA DE QUEIROZ,MADALENA,,,COLISÃO,COLISÃO SEM VÍTIMA,2,,,,,,,,,0,,,,,,,,,,,,,,
2018-06-05,13:55:00,SEM VÍTIMA,FINALIZADA,SANCHO,AV LIBERDADE,,,EM FRENTE A ESCOLA ESTADUAL PROFESSOR ARIANO SUSSUNA,AV LIBERDADE,,EM FRENTE A ESCOLA ESTADUAL PROFESSOR ARIANO SUSSUNA,SANCHO,,,COLISÃO,DOIS AUTOS S/V,2,,,,,,,,,0,,,,,,,,,,,,,,
2018-06-05,13:56:00,SEM VÍTIMA,FINALIZADA,IMBIRIBEIRA,AV MARECHAL MASCARENHAS DE MORAES,,,E/F A UPA S/T CID,AV MARECHAL MASCARENHAS DE MORAES,,E/F A UPA S/T CID,IMBIRIBEIRA,,,COLISÃO,COLISAO ENTRE ONIBUS E AUTO S/V,1,,,,,1,,,,0,,,,,,,,,,,,,,
2018-06-05,13:58:00,SEM VÍTIMA,FINALIZADA,JIQUIÁ,PTE DO JIQUIA,,,EM CIMA DA PONTE,PTE DO JIQUIA,,EM CIMA DA PONTE,JIQUIÁ,,,COLISÃO,COLISÃO SEM VÍTIMA,1,1,,,,,,,,0,,,,,,,,,,,,,,
2018-06-05,14:16:00,,CANCELADA,JIQUIÁ,AV DR JOSE RUFINO,13,,E/F A FABRICA YOLANDA,AV DR JOSE RUFINO,13,E/F A FABRICA YOLANDA,JIQUIÁ,,,COLISÃO,COLISAO ENTRE AUTO E MOTO COM UMA VITIMA,1,1,,,,,,,,1,,,,,,,,,,,,,,
2018-06-05,14:53:00,COM VÍTIMA,FINALIZADA,AFOGADOS,RUA SAO MIGUEL,,,EM FRENTE AO POSTO PETROISA,RUA SAO MIGUEL,,EM FRENTE AO POSTO PETROISA,AFOGADOS,,,COLISÃO,COLISÃO COM VÍTIMA,1,1,,,,,,,,1,,,,,,,,,,,,,,
2018-06-05,15:35:00,COM VÍTIMA,FINALIZADA,TORRE,RUA JOSE BONIFACIO,,,EM FRENTE A ASSOCIACAO DOS APOSENTADOS DO BANDEPE,RUA JOSE BONIFACIO,,EM FRENTE A ASSOCIACAO DOS APOSENTADOS DO BANDEPE,TORRE,,,COLISÃO,VEICULO/COM MOTO COM VITIMA,1,1,,,,,,,,1,,,,,,,,,,,,,,
2018-06-05,15:36:00,SEM VÍTIMA,FINALIZADA,DERBY,AV GOVERNADOR AGAMENON MAGALHAES,,,EM FRENTE A PRAÇA DO DERBY/ SENTIDO BOA VIAGEM,AV GOVERNADOR AGAMENON MAGALHAES,,EM FRENTE A PRAÇA DO DERBY/ SENTIDO BOA VIAGEM,DERBY,,,COLISÃO,COLISÃO SEM VÍTIMA,1,,,,,,1,,,0,,,,,,,,,,,,,,
2018-06-05,15:43:00,COM VÍTIMA,FINALIZADA,ÁGUA FRIA,AV BEBERIBE,1772,,E/F A OTICA LIMA,AV BEBERIBE,1772,E/F A OTICA LIMA,ÁGUA FRIA,,,COLISÃO,COLISAO ENTRE AUTO E MOTO COM UMA VITIMA,1,1,,,,,,,,1,,,,,,,,,,,,,,
2018-06-05,15:47:00,COM VÍTIMA,FINALIZADA,SAN MARTIN,RUA VINTE E UM DE ABRIL,,,EM FRENTE AO TERMINAL DE ONIBUS DA MUSTARDINHA,RUA VINTE E UM DE ABRIL,,EM FRENTE AO TERMINAL DE ONIBUS DA MUSTARDINHA,SAN MARTIN,,,COLISÃO,COLISAO C/V,1,1,,,,1,,,,1,,,,,,,,,,,,,,
2018-06-05,16:16:00,SEM VÍTIMA,FINALIZADA,PAISSANDU,AV GOVERNADOR AGAMENON MAGALHAES,,,EM FRENTE AO HOSPITAL PORTUGUES/ SENTIDO BOA VIAGEM,AV GOVERNADOR AGAMENON MAGALHAES,,EM FRENTE AO HOSPITAL PORTUGUES/ SENTIDO BOA VIAGEM,PAISSANDU,,,COLISÃO,COLISÃO SEM VÍTIMA,1,,,,,1,,,,0,,,,,,,,,,,,,,
2018-06-05,16:40:00,COM VÍTIMA,FINALIZADA,JAQUEIRA,RUA DEPUTADO PEDRO PIRES FERREIRA,,,AO LADO DA JAQUEIRA,RUA DEPUTADO PEDRO PIRES FERREIRA,,AO LADO DA JAQUEIRA,JAQUEIRA,,,COLISÃO,COLISÃO COM VITIMA,1,1,,,,,,,,1,,,,,,,,,,,,,,
2018-06-05,16:43:00,SEM VÍTIMA,FINALIZADA,TORREÃO,AV NORTE,,,NA DESCIDA DO VIADUTO DA JOAO DE BARROS E/F A PRAÇA DA PICANHA,AV NORTE,,NA DESCIDA DO VIADUTO DA JOAO DE BARROS E/F A PRAÇA DA PICANHA,TORREÃO,,,COLISÃO,COLISAO ENTRE CAMINHAO E MOTO S/V BATEDOR NO LOCAL,,1,,,,,,,,0,,,,,,,,,,,,,,
2018-06-05,17:00:00,SEM VÍTIMA,FINALIZADA,CASA AMARELA,RUA ARNOLDO MAGALHAES,,,EM FRENTE AO CLUBE AMERICA FUTEBOL CLUBE,RUA ARNOLDO MAGALHAES,,EM FRENTE AO CLUBE AMERICA FUTEBOL CLUBE,CASA AMARELA,,,COLISÃO,DOIS AUTOS S/V,2,,,,,,,,,0,,,,,,,,,,,,,,
2018-06-05,17:07:00,SEM VÍTIMA,FINALIZADA,AFOGADOS,RUA SAO MIGUEL,,,EM FRENTE A EMPRESA SENO,RUA SAO MIGUEL,,EM FRENTE A EMPRESA SENO,AFOGADOS,,,COLISÃO,COLISÃO SEM VÍTIMA,1,,,,,1,,,,0,,,,,,,,,,,,,,
2018-06-05,17:36:00,SEM VÍTIMA,FINALIZADA,DERBY,PTE AGAMENON MAGALHAES,,,EM FRENTE AO HOSPITAL PORTUGUES/ SENTIDO BOA VIAGEM,PTE AGAMENON MAGALHAES,,EM FRENTE AO HOSPITAL PORTUGUES/ SENTIDO BOA VIAGEM,DERBY,,,COLISÃO,DOIS AUTOS S/V,2,,,,,,,,,0,,,,,,,,,,,,,,
2018-06-05,17:52:00,SEM VÍTIMA,FINALIZADA,ÁGUA FRIA,AV PROFESSOR JOSE DOS ANJOS,,,AO LADO DO DNOCSS/T SUB VT 07 NO LOCAL,AV PROFESSOR JOSE DOS ANJOS,,AO LADO DO DNOCSS/T SUB VT 07 NO LOCAL,ÁGUA FRIA,,,COLISÃO,COLISO ENTRE ONIBUS E AUTO,1,,,,,1,,,,0,,,,,,,,,,,,,,