data,hora,natureza_acidente,situacao,bairro,endereco,numero,detalhe_endereco_acidente,complemento,endereco_cruzamento,numero_cruzamento,referencia_cruzamento,bairro_cruzamento,num_semaforo,sentido_via,tipo,descricao,auto,moto,ciclom,ciclista,pedestre,onibus,caminhao,viatura,outros,vitimas,vitimasfatais,acidente_verificado,tempo_clima,situacao_semaforo,sinalizacao,condicao_via,conservacao_via,ponto_controle,situacao_placa,velocidade_max_via,mao_direcao,divisao_via1,divisao_via2,divisao_via3
2018-06-05,18:34:00,SEM VÍTIMA,CANCELADA,ZUMBI,RUA DIOGO ALVARES,14,,PROX A ESCOLA BILINGUE PARA SURDOS,RUA DIOGO ALVARES,14,PROX A ESCOLA BILINGUE PARA SURDOS,ZUMBI,,,COLISÃO,TAXI X AUTO,2,,,,,,,,,0,,,,,,,,,,,,,,
2018-06-05,19:06:00,COM VÍTIMA,FINALIZADA,CAMPO GRANDE,EST DE BELEM,947,,EM FRENTE AO SUPERMERCADO ESTILO,EST DE BELEM,947,EM FRENTE AO SUPERMERCADO ESTILO,CAMPO GRANDE,,,COLISÃO,CARRO E MOTO C/V,1,1,,,,,,,,1,,,,,,,,,,,,,,
2018-06-05,19:18:00,SEM VÍTIMA,FINALIZADA,BOA VIAGEM,RUA RIBEIRO DE BRITO,209,,ENF AO EMPRESARIAL VISCONDE DE JEQUITINHONHA,RUA RIBEIRO DE BRITO,209,ENF AO EMPRESARIAL VISCONDE DE JEQUITINHONHA,BOA VIAGEM,,,COLISÃO,CLASSIC X BMW,2,,,,,,,,,0,,,,,,,,,,,,,,
2018-06-05,19:26:00,SEM VÍTIMA,FINALIZADA,SANTO ANTÔNIO,RUA IMPERADOR PEDRO SEGUNDO,,,PROXIMO AO TRIBUNAL DE JUSTICA E A SECRETARIA DE FAZENDA,RUA IMPERADOR PEDRO SEGUNDO,,PROXIMO AO TRIBUNAL DE JUSTICA E A SECRETARIA DE FAZENDA,SANTO ANTÔNIO,,,COLISÃO,TOYOTA/ETIOS-X VW/GOL,2,,,,,,,,,0,,,,,,,,,,,,,,
2018-06-05,20:31:00,SEM VÍTIMA,FINALIZADA,TAMARINEIRA,AV PROFESSOR JOSE DOS ANJOS,,EST VELHA DE AGUA FRIA,CRIUZAMENTO COM A EST VELHA DE AGUA FRIA SEMAFORO 306,AV PROFESSOR JOSE DOS ANJOS,,CRIUZAMENTO COM A EST VELHA DE AGUA FRIA SEMAFORO 306,TAMARINEIRA,,,COLISÃO,CAMINHAO DA VITAL X AUTO,1,,,,,,1,,,0,,,,,,,,,,,,,,
2018-06-05,21:18:00,SEM VÍTIMA,FINALIZADA,BOA VISTA,AV JOAO DE BARROS,,,PROXIMO AO POSTO IPIRANGA,AV JOAO DE BARROS,,PROXIMO AO POSTO IPIRANGA,BOA VISTA,,,COLISÃO,MOTO E AUTO S/V,1,1,,,,,,,,0,,,,,,,,,,,,,,
2018-06-05,21:48:00,SEM VÍTIMA,FINALIZADA,ALTO JOSÉ BONIFÁCIO,RUA JOSE BONIFACIO,1094,,PROXIMO A QUADRA/NA ESQUINA TEM UM RESTAURANTE ACAI SABORES,RUA JOSE BONIFACIO,1094,PROXIMO A QUADRA/NA ESQUINA TEM UM RESTAURANTE ACAI SABORES,ALTO JOSÉ BONIFÁCIO,,,COLISÃO,AUTO/ONIBUS DA LINHA BEBERIBE DERBY S/V,1,,,,,1,,,,0,,,,,,,,,,,,,,
2018-06-05,23:12:00,SEM VÍTIMA,CANCELADA,BOA VIAGEM,RUA ERNESTO DE PAULA SANTOS,465,,ENF AO POSTO DE GASOLINA BR E FACULDADE MAURICIO DE NASSAU,RUA ERNESTO DE PAULA SANTOS,465,ENF AO POSTO DE GASOLINA BR E FACULDADE MAURICIO DE NASSAU,BOA VIAGEM,,,COLISÃO,DOIS AUTO E UMA MOTO,2,1,,,,,,,,0,,,,,,,,,,,,,,
2018-06-05,23:39:00,SEM VÍTIMA,FINALIZADA,MADALENA,RUA BENFICA,,,ENF A PARADA DO BRT E ENTRADA DO EXTRA,RUA BENFICA,,ENF A PARADA DO BRT E ENTRADA DO EXTRA,MADALENA,,,COLISÃO,DOIS AUTOS,2,,,,,,,,,0,,,,,,,,,,,,,,
2018-06-06,01:48:00,COM VÍTIMA,FINALIZADA,BOA VIAGEM,RUA DEZ DE JULHO,,RUA CAMBOIM,CRUZAMENTO COM A RUA CAMBOIM,RUA DEZ DE JULHO,,CRUZAMENTO COM A RUA CAMBOIM,BOA VIAGEM,,,COLISÃO,COLISÃO ENTRE AUTO E MOTO DA PM C/V,1,,,,,,,1,,1,,,,,,,,,,,,,,
2018-06-06,07:08:00,SEM VÍTIMA,FINALIZADA,IPSEP,RUA JEAN EMILE FAVRE,1363,,EM FRENTE A PIZZARIA DOMINO´S,RUA JEAN EMILE FAVRE,1363,EM FRENTE A PIZZARIA DOMINO´S,IPSEP,,,COLISÃO,DOIS AUTOS,2,,,,,,,,,0,,,,,,,,,,,,,,
2018-06-06,07:35:00,SEM VÍTIMA,FINALIZADA,AREIAS,AV RECIFE,844,,EM FRENTE A FARMACIA PAGUE MENOS SENT/BOA VIAGEM,AV RECIFE,844,EM FRENTE A FARMACIA PAGUE MENOS SENT/BOA VIAGEM,AREIAS,,,COLISÃO,SEM VITIMAS CONDUTORES ESTÃO COLOCANDO OS VEICULOS NO ESTACIONAMENTO DA FARMACIA BIG BEM PARA DESOBSTRUIR A VIA.,3,,,,,,,,,0,,,,,,,,,,,,,,
2018-06-06,07:36:00,SEM VÍTIMA,FINALIZADA,SÃO JOSÉ,RUA IMPERIAL,,,NO SEMAFORO 511,RUA IMPERIAL,,NO SEMAFORO 511,SÃO JOSÉ,,,COLISÃO,MOTO E AUTO VT- 10 SUB.,1,1,,,,,,,,0,,,,,,,,,,,,,,
2018-06-06,07:39:00,SEM VÍTIMA,FINALIZADA,BOA VIAGEM,AV ENGENHEIRO DOMINGOS FERREIRA,,,SEMAFORO 128,AV ENGENHEIRO DOMINGOS FERREIRA,,SEMAFORO 128,BOA VIAGEM,,,COLISÃO,DOIS AUTOS,2,,,,,,,,,0,,,,,,,,,,,,,,
2018-06-06,07:40:00,SEM VÍTIMA,FINALIZADA,BOA VIAGEM,RUA FELIX DE BRITO E MELO,,,AO LADO DO SUPERMERCADO WALMART EM FRENTE A PARADA DE ONIBUS,RUA FELIX DE BRITO E MELO,,AO LADO DO SUPERMERCADO WALMART EM FRENTE A PARADA DE ONIBUS,BOA VIAGEM,,,COLISÃO,COLISÃO SEM VITIMAS,1,,,,,1,,,,0,,,,,,,,,,,,,,
2018-06-06,08:54:00,SEM VÍTIMA,FINALIZADA,CAXANGÁ,AV CAXANGA,2030,,HA 20 METROS DA EXPOSIÇÃO DOS ANIMAIS SENT/CAMARAGIBE,AV CAXANGA,2030,HA 20 METROS DA EXPOSIÇÃO DOS ANIMAIS SENT/CAMARAGIBE,CAXANGÁ,,,COLISÃO,SEM VITIMAS,2,,,,,,,,,0,,,,,,,,,,,,,,
2018-06-06,09:24:00,SEM VÍTIMA,FINALIZADA,IPSEP,AV RECIFE,1300,,EM FRENTE A VIDRASARIA SILVA,AV RECIFE,1300,EM FRENTE A VIDRASARIA SILVA,IPSEP,,,COLISÃO,COLISÃO COM TRÊS VEÍCULOS / MOTO 06 / 31 NO QTH,3,,,,,,,,,0,,,,,,,,,,,,,,
2018-06-06,09:34:00,COM VÍTIMA,FINALIZADA,IMBIRIBEIRA,RUA ITAJAI,,RUA PAMPULHA,COM RUA PAMPULHA,RUA ITAJAI,,COM RUA PAMPULHA,IMBIRIBEIRA,,,COLISÃO,MOTO E AUTO PASSEIO / MOTOS 27 / 10 NO QTH,1,1,,,,,,,,1,,,,,,,,,,,,,,
2018-06-06,09:55:00,COM VÍTIMA,FINALIZADA,VÁRZEA,RUA GASTAO VIDIGAL,171,,EM FRENTE AO EDF CALDAS DA RAINHA,RUA GASTAO VIDIGAL,171,EM FRENTE AO EDF CALDAS DA RAINHA,VÁRZEA,,,COLISÃO,MOTO E AUTO PASSEIO /,1,1,,,,,,,,1,,,,,,,,,,,,,,
2018-06-06,10:50:00,SEM VÍTIMA,FINALIZADA,BOA VIAGEM,AV CONSELHEIRO AGUIAR,4777,,EM FRENTE AO BANCO BRADESCO,AV CONSELHEIRO AGUIAR,4777,EM FRENTE AO BANCO BRADESCO,BOA VIAGEM,,,COLISÃO,COLISÃO SEM VITIMAS,1,,,,,1,,,,0,,,,,,,,,,,,,,
2018-06-06,10:58:00,SEM VÍTIMA,FINALIZADA,IMBIRIBEIRA,AV MARECHAL MASCARENHAS DE MORAES,4561,,PROX. A ALBUQUERQUE PNEUS,AV MARECHAL MASCARENHAS DE MORAES,4561,PROX. A ALBUQUERQUE PNEUS,IMBIRIBEIRA,,,COLISÃO,DOIS AUTOS,2,,,,,,,,,0,,,,,,,,,,,,,,
2018-06-06,11:37:00,SEM VÍTIMA,FINALIZADA,IMBIRIBEIRA,AV MARECHAL MASCARENHAS DE MORAES,,,EM FRENTE AO BANCO ITAU  NO SEMAFORO 225,AV MARECHAL MASCARENHAS DE MORAES,,EM FRENTE AO BANCO ITAU  NO SEMAFORO 225,IMBIRIBEIRA,,,COLISÃO,DOIS AUTOS,2,,,,,,,,,0,,,,,,,,,,,,,,
2018-06-06,12:37:00,SEM VÍTIMA,FINALIZADA,ILHA JOANA BEZERRA,RUA IMPERIAL,,RUA CABO EUTROPIO,COM RUA CABO EUTRÓPIO  NO SEMÁFORO 352,RUA IMPERIAL,,COM RUA CABO EUTRÓPIO  NO SEMÁFORO 352,ILHA JOANA BEZERRA,,,COLISÃO,COLISÃO SEM VÍTIMA,1,,,,,,1,,,0,,,,,,,,,,,,,,
2018-06-06,12:52:00,SEM VÍTIMA,FINALIZADA,BOA VISTA,RUA DA AURORA,,,EM FRENTE A WALITA SERVIÇO AUTORIZADO,RUA DA AURORA,,EM FRENTE A WALITA SERVIÇO AUTORIZADO,BOA VISTA,,,COLISÃO,COLISÃO SEM VÍTIMA,1,,,,,1,,,,0,,,,,,,,,,,,,,
2018-06-06,13:16:00,SEM VÍTIMA,FINALIZADA,NOVA DESCOBERTA,RUA NOVA DESCOBERTA,1713,,AO LADO DA CAPELA SANTA TEREZINHA,RUA NOVA DESCOBERTA,1713,AO LADO DA CAPELA SANTA TEREZINHA,NOVA DESCOBERTA,,,COLISÃO,COLISAO ENTRE AUTO E MOTO S/V,1,1,,,,,,,,0,,,,,,,,,,,,,,
2018-06-06,13:17:00,SEM VÍTIMA,FINALIZADA,AFOGADOS,AV SUL,,,EM FRENTE A POLICLINICA AGAMENON MAGALHAES,AV SUL,,EM FRENTE A POLICLINICA AGAMENON MAGALHAES,AFOGADOS,,,COLISÃO,ONIBUS E AUTO,1,,,,,1,,,,0,,,,,,,,,,,,,,
2018-06-06,13:42:00,SEM VÍTIMA,FINALIZADA,BOA VIAGEM,RUA MINISTRO NELSON HUNGRIA,392,RUA PADRE BERNARDINO PESSOA,COM A RUA PADRE BERNADINO PESSOA  NA RUA DO COLEGIO SANTA MARIA,RUA MINISTRO NELSON HUNGRIA,392,COM A RUA PADRE BERNADINO PESSOA  NA RUA DO COLEGIO SANTA MARIA,BOA VIAGEM,,,COLISÃO,DOIS AUTOS,2,,,,,,,,,0,,,,,,,,,,,,,,
2018-06-06,13:47:00,SEM VÍTIMA,CANCELADA,DERBY,AV GOVERNADOR AGAMENON MAGALHAES,,,E/F AO COLEGIO AMERICANO BATISTA S/T OLINDA,AV GOVERNADOR AGAMENON MAGALHAES,,E/F AO COLEGIO AMERICANO BATISTA S/T OLINDA,DERBY,,,COLISÃO,COLISAO ENTRE DOIS AUTOS S/V,2,,,,,,,,,0,,,,,,,,,,,,,,
2018-06-06,13:51:00,COM VÍTIMA,FINALIZADA,BOA VISTA,RUA VELHA,321,,EM FRENTE A RETIRO DOS ARTISTAS,RUA VELHA,321,EM FRENTE A RETIRO DOS ARTISTAS,BOA VISTA,,,COLISÃO,AUTO E MOTO,1,1,,,,,,,,1,,,,,,,,,,,,,,
2018-06-06,13:59:00,SEM VÍTIMA,FINALIZADA,SÃO JOSÉ,RUA IMPERIAL,,,LADO OPOSTO AO POSTO DE COMBUSTÍVEL BR,RUA IMPERIAL,,LADO OPOSTO AO POSTO DE COMBUSTÍVEL BR,SÃO JOSÉ,,,TOMBAMENTO,RENAULT MASTER,,,,,,,,,,0,,,,,,,,,,,,,,
2018-06-06,14:20:00,SEM VÍTIMA,FINALIZADA,AFOGADOS,RUA COSME VIANA,160,,AO LADO DA TUPAN,RUA COSME VIANA,160,AO LADO DA TUPAN,AFOGADOS,,,COLISÃO,DOIS AUTOS,2,,,,,,,,,0,,,,,,,,,,,,,,
2018-06-06,14:41:00,SEM VÍTIMA,FINALIZADA,CORDEIRO,EST DO FORTE DO ARRAIAL N. DO B. JESUS,,,EM FRENTE A PRAÇA DO FORTE,EST DO FORTE DO ARRAIAL N. DO B. JESUS,,EM FRENTE A PRAÇA DO FORTE,CORDEIRO,,,COLISÃO,COLISÃO SEM VÍTIMAS  ENVOLVENDO 3 VEÍCULOS.,3,,,,,,,,,0,,,,,,,,,,,,,,
2018-06-06,15:21:00,SEM VÍTIMA,FINALIZADA,TAMARINEIRA,EST DO ARRAIAL,2224,,APOS A FERREIRA COSTA E/F A CASA JOSE ARAUJO,EST DO ARRAIAL,2224,APOS A FERREIRA COSTA E/F A CASA JOSE ARAUJO,TAMARINEIRA,,,COLISÃO,COLISAO ENTRE DOIS AUTOS S/V,1,,,,,1,,,,0,,,,,,,,,,,,,,
2018-06-06,16:06:00,SEM VÍTIMA,FINALIZADA,DERBY,RUA PAISSANDU,,,EM FRENTE AO HOSPITAL DO CAPIBARIBE/ SENTIDO AV. AGAMENON MAGALHÃES,RUA PAISSANDU,,EM FRENTE AO HOSPITAL DO CAPIBARIBE/ SENTIDO AV. AGAMENON MAGALHÃES,DERBY,,,COLISÃO,COLISÃO SEM VÍTIMA,,2,,,,,,,,0,,,,,,,,,,,,,,
2018-06-06,17:08:00,SEM VÍTIMA,FINALIZADA,DERBY,AV GOVERNADOR AGAMENON MAGALHAES,,AV ROSA E SILVA,COM AV. ROSA E SILVA  EM FRENTE MC DONALD´S SENT. BOA VIAGEM,AV GOVERNADOR AGAMENON MAGALHAES,,COM AV. ROSA E SILVA  EM FRENTE MC DONALD´S SENT. BOA VIAGEM,DERBY,,,COLISÃO,DOIS AUTOS,2,,,,,,,,,0,,,,,,,,,,,,,,
2018-06-06,18:04:00,SEM VÍTIMA,CANCELADA,CASA FORTE,EST DAS UBAIAS ,506,,CRUZAMENTO DO COLEGIO NAPOLINS,EST DAS UBAIAS ,506,CRUZAMENTO DO COLEGIO NAPOLINS,CASA FORTE,,,COLISÃO,COROLLA X HB 20 X OBS:: INFORMA QUE O EIXO QUEBRADO,2,,,,,,,,,0,,,,,,,,,,,,,,
2018-06-06,18:11:00,COM VÍTIMA,FINALIZADA,ENCRUZILHADA,AV BEBERIBE,,,ENF A FARMACIA DO TRABALHADO E PAGUE MENOS PRX A PRC DA ENCRUZILHADA SENTIDO AGUA FRIA,AV BEBERIBE,,ENF A FARMACIA DO TRABALHADO E PAGUE MENOS PRX A PRC DA ENCRUZILHADA SENTIDO AGUA FRIA,ENCRUZILHADA,,,COLISÃO,TAXI E MOTO,1,1,,,,,,,,1,,,,,,,,,,,,,,
2018-06-06,21:04:00,SEM VÍTIMA,FINALIZADA,BOA VISTA,RUA DOM BOSCO,,,EM FRENTE A FARMACIA DROGASIL/ANTIGO COLEGIO CONTATO,RUA DOM BOSCO,,EM FRENTE A FARMACIA DROGASIL/ANTIGO COLEGIO CONTATO,BOA VISTA,,,COLISÃO,DOIS AUTOS,2,,,,,,,,,0,,,,,,,,,,,,,,
2018-06-06,23:28:00,COM VÍTIMA,FINALIZADA,ESPINHEIRO,RUA MARQUES DO PARANA,,RUA ALFREDO DE CARVALHO,ENF AO MARTELINHO DE OURO CRUZAMENTO COM A RUA ALFREDO DE CARVALHO SENTIDO NAV NORTE,RUA MARQUES DO PARANA,,ENF AO MARTELINHO DE OURO CRUZAMENTO COM A RUA ALFREDO DE CARVALHO SENTIDO NAV NORTE,ESPINHEIRO,,,COLISÃO,AUTO E MOTO,1,1,,,,,,,,1,,,,,,,,,,,,,,
2018-06-07,00:46:00,COM VÍTIMA,FINALIZADA,SANTO AMARO,AV NORTE,,,EM FRENTE A PARÓQUIA SÃO SEBASTIÃO  SEMAFORO 097,AV NORTE,,EM FRENTE A PARÓQUIA SÃO SEBASTIÃO  SEMAFORO 097,SANTO AMARO,,,COLISÃO,COLISÃO ENTRE AUTO E MOTO C/V,1,1,,,,,,,,1,,,,,,,,,,,,,,
2018-06-07,01:24:00,SEM VÍTIMA,FINALIZADA,DERBY,AV GOVERNADOR AGAMENON MAGALHAES,,AV GOV CARLOS DE LIMA CAVALCANTI,CRUZAMENTO COM A AVENIDA CARLOS DE LIMA CAVALCANTI  SEMÁFORO 075,AV GOVERNADOR AGAMENON MAGALHAES,,CRUZAMENTO COM A AVENIDA CARLOS DE LIMA CAVALCANTI  SEMÁFORO 075,DERBY,,,COLISÃO,COLISÃO ENTRE DOIS AUTOS S/V,2,,,,,,,,,0,,,,,,,,,,,,,,
2018-06-07,05:59:00,SEM VÍTIMA,FINALIZADA,AFOGADOS,RUA COSME VIANA,,RUA DR ADELINO,ESQUINA COM A RUA DR ADELINO,RUA COSME VIANA,,ESQUINA COM A RUA DR ADELINO,AFOGADOS,,,COLISÃO,COLISÃO ENTRE AUTO E ÔNIBUS S/V,1,,,,,1,,,,0,,,,,,,,,,,,,,
2018-06-07,08:01:00,SEM VÍTIMA,FINALIZADA,SANTO AMARO,AV GOVERNADOR AGAMENON MAGALHAES,3341,,EMBAIXO DO VIADULTO SENT. DERBY,AV GOVERNADOR AGAMENON MAGALHAES,3341,EMBAIXO DO VIADULTO SENT. DERBY,SANTO AMARO,,,COLISÃO,MOTO E AUTO,1,1,,,,,,,,0,,,,,,,,,,,,,,
2018-06-07,08:20:00,SEM VÍTIMA,CANCELADA,IMBIRIBEIRA,AV MARECHAL MASCARENHAS DE MORAES,,,EM FRENTE AO AEROPORTO  SENTIDO JABOATAO  NA PISTA LOCAL,AV MARECHAL MASCARENHAS DE MORAES,,EM FRENTE AO AEROPORTO  SENTIDO JABOATAO  NA PISTA LOCAL,IMBIRIBEIRA,,,COLISÃO,MOTO E ONIBUS ,1,1,,,,,,,,0,,,,,,,,,,,,,,
2018-06-07,08:20:00,SEM VÍTIMA,FINALIZADA,PINA,AV ANTONIO DE GOES,115,,EM FRENTE A SULAMERICA,AV ANTONIO DE GOES,115,EM FRENTE A SULAMERICA,PINA,,,COLISÃO,DOIS AUTOS // GM NO LOCAL,2,,,,,,,,,0,,,,,,,,,,,,,,
2018-06-07,08:26:00,SEM VÍTIMA,FINALIZADA,ENGENHO DO MEIO,RUA CARLOS DE BRITO,133,,PROX. BAR DO DIDA  PROX. A SUDENE,RUA CARLOS DE BRITO,133,PROX. BAR DO DIDA  PROX. A SUDENE,ENGENHO DO MEIO,,,COLISÃO,DOIS AUTOS S/V,2,,,,,,,,,0,,,,,,,,,,,,,,
2018-06-07,08:35:00,SEM VÍTIMA,FINALIZADA,BOA VIAGEM,RUA SA E SOUZA,865,,E/F AO EDF. SÃO VICTOR.,RUA SA E SOUZA,865,E/F AO EDF. SÃO VICTOR.,BOA VIAGEM,,,COLISÃO,SEM VÍTIMAS,2,,,,,,,,,0,,,,,,,,,,,,,,
2018-06-07,09:00:00,SEM VÍTIMA,FINALIZADA,CASA AMARELA,RUA CONS PERETTI,106,RUA OSCAR DE BARROS,RESIDENCIA CRUZ COM A RUA OSCAR DE BARROS PROX AO CUNSULTORIOS MEDICO DE CASA AMARELA,RUA CONS PERETTI,106,RESIDENCIA CRUZ COM A RUA OSCAR DE BARROS PROX AO CUNSULTORIOS MEDICO DE CASA AMARELA,CASA AMARELA,,,COLISÃO,COLISÃO SEM VITIMAS,1,,,,,,1,,,0,,,,,,,,,,,,,,
2018-06-07,09:36:00,SEM VÍTIMA,CANCELADA,JAQUEIRA,RUA DO FUTURO,1385,,EM FRENTE AO POSTO DE SAUDE,RUA DO FUTURO,1385,EM FRENTE AO POSTO DE SAUDE,JAQUEIRA,,,COLISÃO,DOIS AUTOS S/V,2,,,,,,,,,0,,,,,,,,,,,,,,
2018-06-07,09:37:00,SEM VÍTIMA,CANCELADA,ESTÂNCIA,AV RECIFE,,,EM FRENTE AO HOSPITAL DA MULHER  SENT. AEROPORTO,AV RECIFE,,EM FRENTE AO HOSPITAL DA MULHER  SENT. AEROPORTO,ESTÂNCIA,,,COLISÃO,DOIS AUTOS S/V,2,,,,,,,,,0,,,,,,,,,,,,,,
2018-06-07,10:11:00,SEM VÍTIMA,FINALIZADA,BOA VIAGEM,RUA PROFESSOR ARNALDO CARNEIRO LEAO,,,E/F AO WALMART,RUA PROFESSOR ARNALDO CARNEIRO LEAO,,E/F AO WALMART,BOA VIAGEM,,,COLISÃO,SEM VÍTIMAS,1,1,,,,,,,,0,,,,,,,,,,,,,,
2018-06-07,10:46:00,COM VÍTIMA,FINALIZADA,SÃO JOSÉ,AV SUL,,,FAIXA DO ONIBUS,AV SUL,,FAIXA DO ONIBUS,SÃO JOSÉ,,,COLISÃO COM CICLISTA,ONIBUS E CICLISTA,,,,1,,1,,,,1,,,,,,,,,,,,,,
2018-06-07,11:17:00,SEM VÍTIMA,FINALIZADA,IMBIRIBEIRA,AV MARECHAL MASCARENHAS DE MORAES,945,,EM FRENTE A GRILLO HOME DECOR E POSTO IPIRANGA SENT. AEROPORTO,AV MARECHAL MASCARENHAS DE MORAES,945,EM FRENTE A GRILLO HOME DECOR E POSTO IPIRANGA SENT. AEROPORTO,IMBIRIBEIRA,,,COLISÃO,AUTO E ONIBUS,1,,,,,1,,,,0,,,,,,,,,,,,,,
2018-06-07,11:52:00,SEM VÍTIMA,CANCELADA,MADALENA,AV BEIRA RIO,591,,E/F AO EDF. SOBRADO DO CAPIBARIBE,AV BEIRA RIO,591,E/F AO EDF. SOBRADO DO CAPIBARIBE,MADALENA,,,COLISÃO,SEM VÍTIMAS,2,,,,,,,,,0,,,,,,,,,,,,,,
2018-06-07,12:18:00,SEM VÍTIMA,CANCELADA,BEBERIBE,AV BEBERIBE,,,NA PRAÇA DA CONVENÇAO E/F SUPERMERCADO DO GALEGO,AV BEBERIBE,,NA PRAÇA DA CONVENÇAO E/F SUPERMERCADO DO GALEGO,BEBERIBE,,,COLISÃO,COLISAO ENTRE DOIS AUTOS S/V,2,,,,,,,,,0,,,,,,,,,,,,,,
2018-06-07,12:20:00,COM VÍTIMA,FINALIZADA,VÁRZEA,AV AFONSO OLINDENSE,344,,EM FRENTE AO RESIDENCIAL ELIS REGINA,AV AFONSO OLINDENSE,344,EM FRENTE AO RESIDENCIAL ELIS REGINA,VÁRZEA,,,COLISÃO,COLISÃO COM VÍTIMA,1,1,,,,,,,,1,,,,,,,,,,,,,,
2018-06-07,12:28:00,SEM VÍTIMA,CANCELADA,IPSEP,RUA RIO TOCANTINS,,,SEMAFORO 101,RUA RIO TOCANTINS,,SEMAFORO 101,IPSEP,,,COLISÃO,DOIS AUTOS S/V,2,,,,,,,,,0,,,,,,,,,,,,,,
2018-06-07,12:34:00,SEM VÍTIMA,CANCELADA,SÃO JOSÉ,RUA VIDAL DE NEGREIROS,,,EM FRENTE AO FORTE DAS 5 PONTAS,RUA VIDAL DE NEGREIROS,,EM FRENTE AO FORTE DAS 5 PONTAS,SÃO JOSÉ,,,COLISÃO,AUTO E MOTO,2,,,,,,,,,0,,,,,,,,,,,,,,
2018-06-07,12:48:00,SEM VÍTIMA,FINALIZADA,IPSEP,RUA TOCANTINS,,,SEMAFORO 101,RUA TOCANTINS,,SEMAFORO 101,IPSEP,,,COLISÃO,DOIS AUTOS S/V,2,,,,,,,,,0,,,,,,,,,,,,,,
2018-06-07,12:49:00,SEM VÍTIMA,CANCELADA,CASA FORTE,PRC RADIO JORNAL DO COMERCIO,,,EM FRENTE AO HIPER DE CASA FORTE,PRC RADIO JORNAL DO COMERCIO,,EM FRENTE AO HIPER DE CASA FORTE,CASA FORTE,,,COLISÃO,COLISÃO SEM VÍTIMA,2,,,,,,,,,0,,,,,,,,,,,,,,
2018-06-07,13:17:00,COM VÍTIMA,FINALIZADA,JAQUEIRA,RUA DR JOSE MARIA,,,E/F AO COLEGIO CBV,RUA DR JOSE MARIA,,E/F AO COLEGIO CBV,JAQUEIRA,,,COLISÃO,COLISAO ENTRE MOTO E AUTO COM UMA VITIMA,1,1,,,,,,,,1,,,,,,,,,,,,,,
2018-06-07,13:44:00,SEM VÍTIMA,FINALIZADA,BOMBA DO HEMETÉRIO,RUA BOMBA DO HEMETERIO,,,PROX AO MERCADINHO BOM GOSTO,RUA BOMBA DO HEMETERIO,,PROX AO MERCADINHO BOM GOSTO,BOMBA DO HEMETÉRIO,,,COLISÃO,COLISAO ENTRE ONIBUS E AUTO S/V,1,1,,,,,,,,0,,,,,,,,,,,,,,
2018-06-07,14:05:00,SEM VÍTIMA,FINALIZADA,CAXANGÁ,AV CAXANGA,,,E/F AO POSTO DISLUB S/T CID,AV CAXANGA,,E/F AO POSTO DISLUB S/T CID,CAXANGÁ,,,CHOQUE,CHOQUE ENTRE TRES AUTOS S/V VT 06 ESTA NO LOCAL,3,,,,,,,,,0,,,,,,,,,,,,,,
2018-06-07,14:18:00,SEM VÍTIMA,FINALIZADA,IMBIRIBEIRA,AV RECIFE,,,PROX A SUBIDA DO VIADUTO TANCREDO NEVES S/T BOA VIAGEM,AV RECIFE,,PROX A SUBIDA DO VIADUTO TANCREDO NEVES S/T BOA VIAGEM,IMBIRIBEIRA,,,COLISÃO,COLISAO ENTRE ONIBUS E AUTO S/V,1,,,,,1,,,,0,,,,,,,,,,,,,,
2018-06-07,14:22:00,SEM VÍTIMA,FINALIZADA,ILHA DO RETIRO,RUA COSME VIANA,,,SEMAFORO 503,RUA COSME VIANA,,SEMAFORO 503,ILHA DO RETIRO,,,COLISÃO,DOIS AUTOS S/V,2,,,,,,,,,0,,,,,,,,,,,,,,
2018-06-07,14:27:00,SEM VÍTIMA,FINALIZADA,CASA AMARELA,AV NORTE,,,APOS A DESCIDA DO MORRO DA CONCEIÇAO E/F AO N 5298,AV NORTE,,APOS A DESCIDA DO MORRO DA CONCEIÇAO E/F AO N 5298,CASA AMARELA,,,COLISÃO,COLISAO ENTRE AUTO E ONIBUS S/V,1,,,,,1,,,,0,,,,,,,,,,,,,,
2018-06-07,14:58:00,COM VÍTIMA,FINALIZADA,CORDEIRO,AV GENERAL SAN MARTIN,,,EM FRENTE AO COMPAZ,AV GENERAL SAN MARTIN,,EM FRENTE AO COMPAZ,CORDEIRO,,,COLISÃO,COLISÃO COM VÍTIMA,1,1,,,,,,,,2,,,,,,,,,,,,,,
2018-06-07,15:01:00,COM VÍTIMA,FINALIZADA,TAMARINEIRA,RUA GOMES COUTINHO,,AV NORTE,COM AV NORTE E/F AO POSTO BR NO SEMAFORO 643,RUA GOMES COUTINHO,,COM AV NORTE E/F AO POSTO BR NO SEMAFORO 643,TAMARINEIRA,,,COLISÃO,COLISAO ENTRE AUTO E MOTO COM UMA VITIMS,1,1,,,,,,,,1,,,,,,,,,,,,,,
2018-06-07,16:04:00,SEM VÍTIMA,CANCELADA,BOA VIAGEM,RUA VISCONDE DE JEQUITINHONHA,,,EM FRENTE AO SUPERMERCADOP SOBERANO,RUA VISCONDE DE JEQUITINHONHA,,EM FRENTE AO SUPERMERCADOP SOBERANO,BOA VIAGEM,,,COLISÃO,COLISÃO SEM VÍTIMA,1,,,,,1,,,,0,,,,,,,,,,,,,,
2018-06-07,16:30:00,SEM VÍTIMA,FINALIZADA,BOA VISTA,RUA DO PROGRESSO,269,RUA DAS NINFAS,COM A RUA DAS NINFAS NO SEMAFORO 083,RUA DO PROGRESSO,269,COM A RUA DAS NINFAS NO SEMAFORO 083,BOA VISTA,,,COLISÃO,COLISAO ENTRE DOIS AUTOS S/V,2,,,,,,,,,0,,,,,,,,,,,,,,