data,hora,natureza_acidente,situacao,bairro,endereco,numero,detalhe_endereco_acidente,complemento,endereco_cruzamento,numero_cruzamento,referencia_cruzamento,bairro_cruzamento,num_semaforo,sentido_via,tipo,descricao,auto,moto,ciclom,ciclista,pedestre,onibus,caminhao,viatura,outros,vitimas,vitimasfatais,acidente_verificado,tempo_clima,situacao_semaforo,sinalizacao,condicao_via,conservacao_via,ponto_controle,situacao_placa,velocidade_max_via,mao_direcao,divisao_via1,divisao_via2,divisao_via3
2018-06-12,15:38:00,SEM VÍTIMA,FINALIZADA,BOA VIAGEM,RUA ATLANTICO,835,AV ENG DOMINGOS FERREIRA,COM DOMINGOS FERREIRA  EM FRENTE AO START AUTOMOVEIS,RUA ATLANTICO,835,COM DOMINGOS FERREIRA  EM FRENTE AO START AUTOMOVEIS,BOA VIAGEM,,,COLISÃO,DOIS AUTOS,2,,,,,,,,,0,,,,,,,,,,,,,,
2018-06-12,15:49:00,SEM VÍTIMA,FINALIZADA,ESPINHEIRO,RUA MARQUES DO PARANA,292B,,EM FRENTE AO PET SHOP É O BICHO,RUA MARQUES DO PARANA,292B,EM FRENTE AO PET SHOP É O BICHO,ESPINHEIRO,,,COLISÃO,COLISÃO SEM VÍTIMA,1,,,,,1,,,,0,,,,,,,,,,,,,,
2018-06-12,15:55:00,SEM VÍTIMA,FINALIZADA,MADALENA,RUA BENFICA,,,NO SEMAFORO 590 (PRAÇA EUCLIDES DA CUNHA)  NA SUBIDA DA PONTE S/T CID,RUA BENFICA,,NO SEMAFORO 590 (PRAÇA EUCLIDES DA CUNHA)  NA SUBIDA DA PONTE S/T CID,MADALENA,,,COLISÃO,COLISAO ENTRE DOIS AUTOS S/V,2,,,,,,,,,0,,,,,,,,,,,,,,
2018-06-12,16:36:00,SEM VÍTIMA,FINALIZADA,CASA AMARELA,EST DO ARRAIAL,4961,,PROX. A BORRACHARIA UTI DOS PNEUS,EST DO ARRAIAL,4961,PROX. A BORRACHARIA UTI DOS PNEUS,CASA AMARELA,,,COLISÃO,DOIS AUTOS,2,,,,,,,,,0,,,,,,,,,,,,,,
2018-06-12,16:57:00,SEM VÍTIMA,FINALIZADA,SANTO ANTÔNIO,RUA IMPERADOR PEDRO SEGUNDO,382,,PROX. AO ANTIGO DIARIO DA MANHA,RUA IMPERADOR PEDRO SEGUNDO,382,PROX. AO ANTIGO DIARIO DA MANHA,SANTO ANTÔNIO,,,COLISÃO,DOIS AUTOS,2,,,,,,,,,0,,,,,,,,,,,,,,
2018-06-12,17:45:00,SEM VÍTIMA,FINALIZADA,CASA AMARELA,AV NORTE,5237,RUA DA HARMONIA,E/F A LU MODAS ESQUINA DA RUA DA HARMONIA S/T SUB,AV NORTE,5237,E/F A LU MODAS ESQUINA DA RUA DA HARMONIA S/T SUB,CASA AMARELA,,,COLISÃO,COLISAO ENTRE DOIS AUTOS S/V,2,,,,,,,,,0,,,,,,,,,,,,,,
2018-06-12,18:43:00,SEM VÍTIMA,FINALIZADA,IPSEP,AV RECIFE,2810,,PROXIMO AO MARTELINHO DE OURO TOQUE DE MESTRE SENTIDO DE QUEM VEM DE BOA VIAGEM P PAULISTA,AV RECIFE,2810,PROXIMO AO MARTELINHO DE OURO TOQUE DE MESTRE SENTIDO DE QUEM VEM DE BOA VIAGEM P PAULISTA,IPSEP,,,ENGAVETAMENTO,TREIS AUTOS S/V,3,,,,,,,,,0,,,,,,,,,,,,,,
2018-06-12,18:52:00,SEM VÍTIMA,FINALIZADA,BOA VIAGEM,RUA ANTONIO FALCAO,,,SEMAFORO 640/NA FRENTE DA FARMACIA DO TRABALHADOR,RUA ANTONIO FALCAO,,SEMAFORO 640/NA FRENTE DA FARMACIA DO TRABALHADOR,BOA VIAGEM,,,COLISÃO,DOIS AUTOS/CARRETA E CARRO PASSEIO,2,,,,,,,,,0,,,,,,,,,,,,,,
2018-06-12,19:34:00,SEM VÍTIMA,FINALIZADA,FUNDÃO,RUA CORONEL URBANO RIBEIRO DE SENA,,AV BEBERIBE,SEMAFORO 307/ENTRADA DA COMPESA ALTO DO CEU,RUA CORONEL URBANO RIBEIRO DE SENA,,SEMAFORO 307/ENTRADA DA COMPESA ALTO DO CEU,FUNDÃO,,,COLISÃO,DOIS AUTOS,2,,,,,,,,,0,,,,,,,,,,,,,,
2018-06-12,19:34:00,SEM VÍTIMA,FINALIZADA,GRAÇAS,RUA DAS COLINAS,,,OBS::: RUA DAS CRIOLAS PROX AO RESTAURANTE NIRAI,RUA DAS COLINAS,,OBS::: RUA DAS CRIOLAS PROX AO RESTAURANTE NIRAI,GRAÇAS,,,COLISÃO,DOIS AUTO SUB ESTA NO LOCAL,2,,,,,,,,,0,,,,,,,,,,,,,,
2018-06-12,19:52:00,COM VÍTIMA,FINALIZADA,DERBY,PRC DO DERBY,,RUA JENNER DE SOUZA,SEMAFORO 040 CRUZAMENTO COM O QUARTEL DO DERBY SENTIDO INTERNACIONAL,PRC DO DERBY,,SEMAFORO 040 CRUZAMENTO COM O QUARTEL DO DERBY SENTIDO INTERNACIONAL,DERBY,,,COLISÃO,AUTO E MOTO,1,1,,,,,,,,1,,,,,,,,,,,,,,
2018-06-12,19:55:00,SEM VÍTIMA,FINALIZADA,GRAÇAS,RUA DA HORA,,,NA SAIDA DA LOJA DE NOIVAS/RUA DA HORA SENTIDO ROSA E SILVA,RUA DA HORA,,NA SAIDA DA LOJA DE NOIVAS/RUA DA HORA SENTIDO ROSA E SILVA,GRAÇAS,,,COLISÃO,CAMINHAO/AUTO S/V,1,,,,,,1,,,0,,,,,,,,,,,,,,
2018-06-12,20:15:00,COM VÍTIMA,FINALIZADA,CAMPO GRANDE,RUA CRISTOVAO JAQUES,272,,PROX A PIZZARIA PASSIRA,RUA CRISTOVAO JAQUES,272,PROX A PIZZARIA PASSIRA,CAMPO GRANDE,,,COLISÃO,MOTO E VEICULO C/V,1,1,,,,,,,,1,,,,,,,,,,,,,,
2018-06-12,20:26:00,SEM VÍTIMA,FINALIZADA,TOTÓ,RUA ONZE DE AGOSTO,491,,ENFR AO CENTRO EDUCATIVO BIDU KRAUSE,RUA ONZE DE AGOSTO,491,ENFR AO CENTRO EDUCATIVO BIDU KRAUSE,TOTÓ,,,COLISÃO,ONIBUS X PALIO,1,,,,,1,,,,0,,,,,,,,,,,,,,
2018-06-12,20:27:00,,CANCELADA,COELHOS,RUA DOS COELHOS,S/N,,DESCIDA DA PONTE POETA JOAQUIM CARDOSO,RUA DOS COELHOS,S/N,DESCIDA DA PONTE POETA JOAQUIM CARDOSO,COELHOS,,,COLISÃO,DOIS AUTO,2,,,,,,,,,0,,,,,,,,,,,,,,
2018-06-12,20:32:00,SEM VÍTIMA,FINALIZADA,ILHA JOANA BEZERRA,AV AGOSTINHO GOMES,,,AMBAIXO DO PONTILHAO DO METRO DE JOANA BEZERRA NA DECIDA DA PONTE,AV AGOSTINHO GOMES,,AMBAIXO DO PONTILHAO DO METRO DE JOANA BEZERRA NA DECIDA DA PONTE,ILHA JOANA BEZERRA,,,COLISÃO,DOIS AUTO,2,,,,,,,,,0,,,,,,,,,,,,,,
2018-06-12,21:07:00,SEM VÍTIMA,FINALIZADA,ESPINHEIRO,RUA AMELIA,,RUA CONSELHEIRO ROSA E SILVA,CRUZAMENTO COM A RUA CONS ROSA E SILVA,RUA AMELIA,,CRUZAMENTO COM A RUA CONS ROSA E SILVA,ESPINHEIRO,,,COLISÃO,CAMINHAO DE COLETA X GOL,1,,,,,,1,,,0,,,,,,,,,,,,,,
2018-06-12,21:34:00,SEM VÍTIMA,FINALIZADA,SÃO JOSÉ,AV DANTAS BARRETO,,,ENF AO EDF : SAO RAFAEL,AV DANTAS BARRETO,,ENF AO EDF : SAO RAFAEL,SÃO JOSÉ,,,CHOQUE,VT DA PM X POSTE,,,,,,,,1,1,0,,,,,,,,,,,,,,
2018-06-12,23:06:00,SEM VÍTIMA,FINALIZADA,IBURA,AV DOIS RIOS,,,NA SUBIDA DA LADEIRA DA COHAB,AV DOIS RIOS,,NA SUBIDA DA LADEIRA DA COHAB,IBURA,,,COLISÃO,ONNIBUS X AUTO,1,,,,,1,,,,0,,,,,,,,,,,,,,
2018-06-12,23:35:00,COM VÍTIMA,CANCELADA,TEJIPIÓ,AV DR JOSE RUFINO,,,REF EM FRENTE A ESTACAO DO METRO TEJIPIO,AV DR JOSE RUFINO,,REF EM FRENTE A ESTACAO DO METRO TEJIPIO,TEJIPIÓ,,,COLISÃO,MOTO E VEICULO C/V,1,1,,,,,,,,1,,,,,,,,,,,,,,
2018-06-13,07:03:00,COM VÍTIMA,FINALIZADA,ROSARINHO,AV NORTE,3388,,,AV NORTE,3388,,ROSARINHO,,,COLISÃO,COLISÃO ENTRE MOTOCICLETA E AUTO PASSEIO,1,1,,,,,,,,1,,,,,,,,,,,,,,
2018-06-13,07:53:00,SEM VÍTIMA,FINALIZADA,MADALENA,EST DOS REMEDIOS,,,EM BAIXO DO SEMAFORO 353 EM FRENTE AO POSTO DE SAUDE LESSA DE ANDRADE,EST DOS REMEDIOS,,EM BAIXO DO SEMAFORO 353 EM FRENTE AO POSTO DE SAUDE LESSA DE ANDRADE,MADALENA,,,COLISÃO,COLISÃO SEM VITIMAS,1,,,,,1,,,,0,,,,,,,,,,,,,,
2018-06-13,08:24:00,SEM VÍTIMA,FINALIZADA,NOVA DESCOBERTA,AV VEREADOR OTACILIO AZEVEDO,3002,,EM FRENTE A LANCHONETE RAMOS,AV VEREADOR OTACILIO AZEVEDO,3002,EM FRENTE A LANCHONETE RAMOS,NOVA DESCOBERTA,,,COLISÃO,ONIBUS E VIATURA DA POLICIA MILITAR,,,,,,1,,1,,0,,,,,,,,,,,,,,
2018-06-13,08:35:00,SEM VÍTIMA,FINALIZADA,SÃO JOSÉ,C SANTA RITA,,,EM FRENTE AO ANTIGO GALPÃO,C SANTA RITA,,EM FRENTE AO ANTIGO GALPÃO,SÃO JOSÉ,,,COLISÃO,COLISÃO SEM VITIMAS BT MOTO 23 MOTO 15 QTH,1,,,,,1,,,,0,,,,,,,,,,,,,,
2018-06-13,08:43:00,COM VÍTIMA,FINALIZADA,ENCRUZILHADA,RUA DR JOSE MARIA,393,,AO LADO DO EXTRABOM,RUA DR JOSE MARIA,393,AO LADO DO EXTRABOM,ENCRUZILHADA,,,COLISÃO,MOTO E AUTO,1,1,,,,,,,,1,,,,,,,,,,,,,,
2018-06-13,10:19:00,SEM VÍTIMA,FINALIZADA,IPSEP,AV RECIFE,165 A,,SENTIDO CAXANGA EM FRENTE A LOJA RECIFE CALHAS,AV RECIFE,165 A,SENTIDO CAXANGA EM FRENTE A LOJA RECIFE CALHAS,IPSEP,,,COLISÃO,COLISÃO SEM VITIMAS,2,,,,,,,,,0,,,,,,,,,,,,,,
2018-06-13,10:34:00,SEM VÍTIMA,FINALIZADA,MADALENA,AV BEIRA RIO,128,,APOS A PONTE DA TORRE EM FRENTE A LOJA DRYCLAN CRIN,AV BEIRA RIO,128,APOS A PONTE DA TORRE EM FRENTE A LOJA DRYCLAN CRIN,MADALENA,,,COLISÃO,COLISÃO SEM VITIMAS,2,,,,,,,,,0,,,,,,,,,,,,,,
2018-06-13,10:39:00,SEM VÍTIMA,CANCELADA,TEJIPIÓ,AV LIBERDADE,586,,PROX. LIBERTADA MOTO PEÇAS E FRUTARIA LIBERDADE,AV LIBERDADE,586,PROX. LIBERTADA MOTO PEÇAS E FRUTARIA LIBERDADE,TEJIPIÓ,,,COLISÃO,ONIBUS E AUTO,1,,,,,1,,,,0,,,,,,,,,,,,,,
2018-06-13,10:41:00,,FINALIZADA,JARDIM SÃO PAULO,AV LIBERDADE,575,,NA ENTRADA DA RUA PIRACICABA EM FRENTE A PAPELARIA ESCRITA PAPEIS E COMPANHIA,AV LIBERDADE,575,NA ENTRADA DA RUA PIRACICABA EM FRENTE A PAPELARIA ESCRITA PAPEIS E COMPANHIA,JARDIM SÃO PAULO,,,COLISÃO,COLISÃO SEM VITIMAS,1,,,,,1,,,,0,,,,,,,,,,,,,,
2018-06-13,10:52:00,SEM VÍTIMA,FINALIZADA,BOA VISTA,RUA PRINCESA IZABEL,563,,EM FRENTE AO TREZE DE MAIO  SENT. CIDADE HOSPITAL GERAL DO RECIFE,RUA PRINCESA IZABEL,563,EM FRENTE AO TREZE DE MAIO  SENT. CIDADE HOSPITAL GERAL DO RECIFE,BOA VISTA,,,COLISÃO,ONIBUS E AUTO,1,,,,,1,,,,0,,,,,,,,,,,,,,
2018-06-13,11:03:00,SEM VÍTIMA,FINALIZADA,IPSEP,AV RECIFE,2528,,EM FRENTE AO ATACAMAX,AV RECIFE,2528,EM FRENTE AO ATACAMAX,IPSEP,,,COLISÃO,DOIS AUTOS,2,,,,,,,,,0,,,,,,,,,,,,,,
2018-06-13,11:03:00,SEM VÍTIMA,CANCELADA,IPUTINGA,EST DO BARBALHO,339,,EM FRENT AO ARMAZEM COUTO CONSTRUÇÕES,EST DO BARBALHO,339,EM FRENT AO ARMAZEM COUTO CONSTRUÇÕES,IPUTINGA,,,COLISÃO,SEM VITIMAS,2,,,,,,,,,0,,,,,,,,,,,,,,
2018-06-13,11:39:00,SEM VÍTIMA,FINALIZADA,GRAÇAS,RUA DAS CREOULAS,,,EM FRENTE A FARMÁCIA 4 CANTOS,RUA DAS CREOULAS,,EM FRENTE A FARMÁCIA 4 CANTOS,GRAÇAS,,,COLISÃO,COLISÃO ENTRE DOIS AUTOS SEM VÍTIMA,1,,,,,,,1,,0,,,,,,,,,,,,,,
2018-06-13,12:23:00,SEM VÍTIMA,FINALIZADA,PINA,RUA MANOEL CORIOLANO,370,,E/F AO RESTAURANTE CASA DA VOVÓ LEONI,RUA MANOEL CORIOLANO,370,E/F AO RESTAURANTE CASA DA VOVÓ LEONI,PINA,,,COLISÃO,COLISAO ENTRE DOIS AUTOS S/V,2,,,,,,,,,0,,,,,,,,,,,,,,
2018-06-13,12:36:00,SEM VÍTIMA,FINALIZADA,MADALENA,RUA BENFICA,,,EM FRENTE A PRAÇA DO INTERNACIONAL  E A POLITECNICA,RUA BENFICA,,EM FRENTE A PRAÇA DO INTERNACIONAL  E A POLITECNICA,MADALENA,,,COLISÃO,DOIS AUTOS S/V,2,,,,,,,,,0,,,,,,,,,,,,,,
2018-06-13,13:56:00,SEM VÍTIMA,FINALIZADA,CORDEIRO,AV ENGENHEIRO ABDIAS DE CARVALHO,,,E/F A FACULDADE ESTACIO DE SÁ S/T CID,AV ENGENHEIRO ABDIAS DE CARVALHO,,E/F A FACULDADE ESTACIO DE SÁ S/T CID,CORDEIRO,,,COLISÃO,COLISAO ENTRE DOIS AUTOS S/V,2,,,,,,,,,0,,,,,,,,,,,,,,
2018-06-13,14:00:00,SEM VÍTIMA,FINALIZADA,IMBIRIBEIRA,AV MARECHAL MASCARENHAS DE MORAES,,,EM FRENTE A GRILLO  SENTIDO CENTR,AV MARECHAL MASCARENHAS DE MORAES,,EM FRENTE A GRILLO  SENTIDO CENTR,IMBIRIBEIRA,,,COLISÃO,AUTO E CAMINHAO,1,,,,,,1,,,0,,,,,,,,,,,,,,
2018-06-13,14:05:00,VÍTIMA FATAL,FINALIZADA,IBURA,AV RECIFE,,,ENTRADA DO IBURA,AV RECIFE,,ENTRADA DO IBURA,IBURA,,,COLISÃO,COLISÃO COM VITIMA,1,1,,,,,1,,,0,1,,,,,,,,,,,,,
2018-06-13,14:06:00,SEM VÍTIMA,CANCELADA,JARDIM SÃO PAULO,RUA N S DE FATIMA,,,NA SAIDA DE JARDIM SÃO PAULO/ PROXIMO AO POSTO TOTAL,RUA N S DE FATIMA,,NA SAIDA DE JARDIM SÃO PAULO/ PROXIMO AO POSTO TOTAL,JARDIM SÃO PAULO,,,COLISÃO,COLISÃO SEM VÍTIMA,2,,,,,,,,,0,,,,,,,,,,,,,,
2018-06-13,14:31:00,SEM VÍTIMA,FINALIZADA,BOA VIAGEM,RUA BALTAZAR PASSOS,515,,EM FRENTE A ESCOLA FAZER EVOLUIR,RUA BALTAZAR PASSOS,515,EM FRENTE A ESCOLA FAZER EVOLUIR,BOA VIAGEM,,,COLISÃO,COLISÃO SEM VÍTIMA,2,,,,,,,,,0,,,,,,,,,,,,,,
2018-06-13,15:38:00,SEM VÍTIMA,FINALIZADA,DERBY,AV GOVERNADOR AGAMENON MAGALHAES,,,E/F A EMBRATEL S/T BOA VIAGEM,AV GOVERNADOR AGAMENON MAGALHAES,,E/F A EMBRATEL S/T BOA VIAGEM,DERBY,,,COLISÃO,COLISAO ENTRE DOIS AUTOS S/V,2,,,,,,,,,0,,,,,,,,,,,,,,
2018-06-13,15:43:00,SEM VÍTIMA,FINALIZADA,ESPINHEIRO,RUA QUARENTA E OITO,,,EM FRENTE A FARMACIA INDEPENDENTE,RUA QUARENTA E OITO,,EM FRENTE A FARMACIA INDEPENDENTE,ESPINHEIRO,,,COLISÃO,COLISÃO SEM VÍTIMA,1,,,,,1,,,,0,,,,,,,,,,,,,,
2018-06-13,16:15:00,SEM VÍTIMA,FINALIZADA,AFLITOS,AV CONS ROSA E SILVA,1470,,EM FRENTE AO SHOPPING ETC,AV CONS ROSA E SILVA,1470,EM FRENTE AO SHOPPING ETC,AFLITOS,,,COLISÃO,DOIS AUTOS SV,2,,,,,,,,,0,,,,,,,,,,,,,,
2018-06-13,16:22:00,SEM VÍTIMA,FINALIZADA,BOA VIAGEM,RUA RIBEIRO DE BRITO,830,,EM FRENTE AO EMPRESARIAL RIBEIRO DE BRITO,RUA RIBEIRO DE BRITO,830,EM FRENTE AO EMPRESARIAL RIBEIRO DE BRITO,BOA VIAGEM,,,COLISÃO,COLISÃO SEM VÍTIMA,2,,,,,,,,,0,,,,,,,,,,,,,,
2018-06-13,17:11:00,SEM VÍTIMA,FINALIZADA,CAMPO GRANDE,EST DE BELEM,848,,EM FRENTE AO EDIFICO BELEM,EST DE BELEM,848,EM FRENTE AO EDIFICO BELEM,CAMPO GRANDE,,,COLISÃO,COLISÃO SEM VÍTIMA,2,,,,,,,,,0,,,,,,,,,,,,,,
2018-06-13,17:38:00,SEM VÍTIMA,EQUIPE EM DESLOCAMENTO,ENCRUZILHADA,AV BEBERIBE,,,E/F A NISSAN S/T CID,AV BEBERIBE,,E/F A NISSAN S/T CID,ENCRUZILHADA,,,COLISÃO,COLISAO ENTRE ONIBUS E AUTO S/V,1,,,,,1,,,,0,,,,,,,,,,,,,,
2018-06-13,17:59:00,SEM VÍTIMA,FINALIZADA,AFOGADOS,RUA SAO MIGUEL,1364,,E/F A DROGARIA BONGI,RUA SAO MIGUEL,1364,E/F A DROGARIA BONGI,AFOGADOS,,,COLISÃO,ENTRE 2 AUTOS  S/V,2,,,,,,,,,0,,,,,,,,,,,,,,
2018-06-13,18:41:00,SEM VÍTIMA,FINALIZADA,PAISSANDU,RUA EPAMINONDAS DE MELO,119,,POR TRAS DO EMPRESARIAL RENATO DIAS,RUA EPAMINONDAS DE MELO,119,POR TRAS DO EMPRESARIAL RENATO DIAS,PAISSANDU,,,COLISÃO,HONDA CIT X CLASSIC,2,,,,,,,,,0,,,,,,,,,,,,,,
2018-06-13,18:54:00,SEM VÍTIMA,CANCELADA,IMBIRIBEIRA,AV MARECHAL MASCARENHAS DE MORAES,S/N,,EMBAIXO DO VIADUTO TRANQUEDO NEVES SENTIDO AFOGADOS,AV MARECHAL MASCARENHAS DE MORAES,S/N,EMBAIXO DO VIADUTO TRANQUEDO NEVES SENTIDO AFOGADOS,IMBIRIBEIRA,,,COLISÃO,ONIBUS X MICRO-ONIBUS,,,,,,2,,,,0,,,,,,,,,,,,,,
2018-06-13,19:05:00,SEM VÍTIMA,CANCELADA,IMBIRIBEIRA,RUA JOSE DA SILVA LUCENA,230,AV SUL,CRUZAMENTO COM AV . SUL GOV. CID. SAMPAIO,RUA JOSE DA SILVA LUCENA,230,CRUZAMENTO COM AV . SUL GOV. CID. SAMPAIO,IMBIRIBEIRA,,,COLISÃO,DOIS AUTO,2,,,,,,,,,0,,,,,,,,,,,,,,
2018-06-13,19:37:00,COM VÍTIMA,FINALIZADA,PINA,RUA MANOEL DE BRITO,,,NA DESCIDA DA VIA MANGUE. E/F AO CORPUS MOTEL,RUA MANOEL DE BRITO,,NA DESCIDA DA VIA MANGUE. E/F AO CORPUS MOTEL,PINA,,,COLISÃO,ENTRE AUTO E MOTO. C/V,1,1,,,,,,,,1,,,,,,,,,,,,,,
2018-06-13,21:18:00,SEM VÍTIMA,FINALIZADA,VÁRZEA,RUA TOMAZ FERREIRA,,,ENF AO POSTO DE SAUDE DO COSME DAMIAO,RUA TOMAZ FERREIRA,,ENF AO POSTO DE SAUDE DO COSME DAMIAO,VÁRZEA,,,COLISÃO,MICRO-ONIBUS X FOX,1,,,,,1,,,,0,,,,,,,,,,,,,,
2018-06-13,22:39:00,SEM VÍTIMA,FINALIZADA,BOA VIAGEM,AV DOM JOAO VI,,,POR TRÁS DO SHOPPING RECIFE,AV DOM JOAO VI,,POR TRÁS DO SHOPPING RECIFE,BOA VIAGEM,,,COLISÃO,ENTRE 2 AUTOS  S/V,2,,,,,,,,,0,,,,,,,,,,,,,,
2018-06-14,06:20:00,SEM VÍTIMA,FINALIZADA,CAXANGÁ,AV CAXANGA,,,NO INICIO DA PONTE  APÓS A UPA SENT/CIDADE RECIFE,AV CAXANGA,,NO INICIO DA PONTE  APÓS A UPA SENT/CIDADE RECIFE,CAXANGÁ,,,COLISÃO,SEM VITIMAS,1,,,,,1,,,,0,,,,,,,,,,,,,,
2018-06-14,06:41:00,SEM VÍTIMA,FINALIZADA,IPSEP,RUA JEAN EMILE FAVRE,,,E/F A CAPOTARIA CABUGÁ  SEMÁFO 101. SENTIDO IMBIRIBEIRA,RUA JEAN EMILE FAVRE,,E/F A CAPOTARIA CABUGÁ  SEMÁFO 101. SENTIDO IMBIRIBEIRA,IPSEP,,,COLISÃO,SEM VÍTIMAS.,1,,,,,1,,,,0,,,,,,,,,,,,,,
2018-06-14,06:50:00,SEM VÍTIMA,FINALIZADA,IMBIRIBEIRA,AV MARECHAL MASCARENHAS DE MORAES,,,SEMAFORO 626 / SENT CIDADE / EM FRENTE AO MERTELINHO DE OURO,AV MARECHAL MASCARENHAS DE MORAES,,SEMAFORO 626 / SENT CIDADE / EM FRENTE AO MERTELINHO DE OURO,IMBIRIBEIRA,,,COLISÃO,MOTO E AUTO,1,1,,,,,,,,0,,,,,,,,,,,,,,
2018-06-14,07:06:00,SEM VÍTIMA,FINALIZADA,IMBIRIBEIRA,AV MARECHAL MASCARENHAS DE MORAES,4762,,E/F A MEGA NORDESTE  SENTIDO AEROPORTO,AV MARECHAL MASCARENHAS DE MORAES,4762,E/F A MEGA NORDESTE  SENTIDO AEROPORTO,IMBIRIBEIRA,,,COLISÃO,SEM VÍTIMAS.,2,,,,,,,,,0,,,,,,,,,,,,,,
2018-06-14,07:22:00,SEM VÍTIMA,FINALIZADA,ILHA DO RETIRO,RUA SPORT CLUBE DO RECIFE,,,AO LADO DA JURANDIR PIRES SENT/MADALENA,RUA SPORT CLUBE DO RECIFE,,AO LADO DA JURANDIR PIRES SENT/MADALENA,ILHA DO RETIRO,,,COLISÃO,SEMVITIMAS,2,,,,,,,,,0,,,,,,,,,,,,,,
2018-06-14,07:29:00,SEM VÍTIMA,FINALIZADA,AREIAS,AV RECIFE,996,,EM FRENTE A AUTO ESCOLA ARCO IRIS \ SENTIDO CIDADE,AV RECIFE,996,EM FRENTE A AUTO ESCOLA ARCO IRIS \ SENTIDO CIDADE,AREIAS,,,COLISÃO,COLISÃO SEM VITIMAS,1,1,,,,,,,,0,,,,,,,,,,,,,,
2018-06-14,07:31:00,SEM VÍTIMA,FINALIZADA,IPSEP,AV RECIFE,2670,,EM FRENTE A UMA PARADA DE ÔNIBUS,AV RECIFE,2670,EM FRENTE A UMA PARADA DE ÔNIBUS,IPSEP,,,COLISÃO,SEM VÍTIMAS.,1,1,,,,,,,,0,,,,,,,,,,,,,,
2018-06-14,08:37:00,SEM VÍTIMA,FINALIZADA,IBURA,AV DOIS RIOS,,,NA DESCIDA DA LADEIRA DA COHAB,AV DOIS RIOS,,NA DESCIDA DA LADEIRA DA COHAB,IBURA,,,COLISÃO,SEM VITIMAS CTTU NO LOCAL SUB INSPETOR VAI FAZER O B.O,1,1,,,,,,,,0,,,,,,,,,,,,,,
2018-06-14,08:42:00,SEM VÍTIMA,FINALIZADA,DERBY,AV GOVERNADOR AGAMENON MAGALHAES,,,SENT OLINDA,AV GOVERNADOR AGAMENON MAGALHAES,,SENT OLINDA,DERBY,,,COLISÃO,DOIS AUTOS / SUB NO QTH,2,,,,,,,,,0,,,,,,,,,,,,,,
2018-06-14,09:02:00,SEM VÍTIMA,FINALIZADA,ENCRUZILHADA,AV NORTE,,,EM FRENTE A BATERIAS MOURA / SENT CIDADE,AV NORTE,,EM FRENTE A BATERIAS MOURA / SENT CIDADE,ENCRUZILHADA,,,COLISÃO,ONIBUS E AUTO,1,,,,,1,,,,0,,,,,,,,,,,,,,
2018-06-14,09:11:00,SEM VÍTIMA,FINALIZADA,ESTÂNCIA,AV RECIFE,,,E/F AO CAFÉ ROYAL  SENTIDO BR,AV RECIFE,,E/F AO CAFÉ ROYAL  SENTIDO BR,ESTÂNCIA,,,COLISÃO,SEM VÍTIMAS.,1,,,,,,1,,,0,,,,,,,,,,,,,,
2018-06-14,09:23:00,SEM VÍTIMA,FINALIZADA,GRAÇAS,RUA DO CUPIM,196,,AO LADO DA LOJA MUNDO SAÚDAVEL,RUA DO CUPIM,196,AO LADO DA LOJA MUNDO SAÚDAVEL,GRAÇAS,,,COLISÃO,SEM VITIMAS,2,,,,,,,,,0,,,,,,,,,,,,,,
2018-06-14,09:51:00,COM VÍTIMA,FINALIZADA,AREIAS,AV RECIFE,,,SENTIDO AEROPORTO PROX AO SUPERMERCADO WALMART EM FRENTE AO POSTO DE GASOLINA TOTAL,AV RECIFE,,SENTIDO AEROPORTO PROX AO SUPERMERCADO WALMART EM FRENTE AO POSTO DE GASOLINA TOTAL,AREIAS,,,COLISÃO,COLISÃO SEM VITIMAS,1,1,,,,,,,,1,,,,,,,,,,,,,,
2018-06-14,10:32:00,COM VÍTIMA,FINALIZADA,BOA VISTA,RUA PADRE INGLES,,AV CONDE DA BOA VISTA,ESQUINA COM A CONDE DA BOA VISTA,RUA PADRE INGLES,,ESQUINA COM A CONDE DA BOA VISTA,BOA VISTA,,,ATROPELAMENTO,ATROPELAMENTO ENTRE MOTO E PEDESTRE,,1,,,1,,,,,1,,,,,,,,,,,,,,
2018-06-14,10:40:00,SEM VÍTIMA,FINALIZADA,VÁRZEA,RUA CORONEL PACHECO,,,EM FRENTE A PRAÇA DA VARZEA E A IGREJA BATISTA DA VARZEA,RUA CORONEL PACHECO,,EM FRENTE A PRAÇA DA VARZEA E A IGREJA BATISTA DA VARZEA,VÁRZEA,,,COLISÃO,COLISÃO SEM VITIMAS,1,,,,,,1,,,0,,,,,,,,,,,,,,
2018-06-14,12:16:00,COM VÍTIMA,FINALIZADA,CASA FORTE,AV DEZESSETE DE AGOSTO,335,,EM FRENTE AO EMPRESARIAL CENTRUM,AV DEZESSETE DE AGOSTO,335,EM FRENTE AO EMPRESARIAL CENTRUM,CASA FORTE,,,COLISÃO,COLISÃO COM VÍTIMA,1,1,,,,,,,,1,,,,,,,,,,,,,,
2018-06-14,12:25:00,SEM VÍTIMA,FINALIZADA,IPSEP,AV RECIFE,3273,,EM FRENTE AO CONDOMINIO IGNES ANDREAZZA/ SENTIDO CDU,AV RECIFE,3273,EM FRENTE AO CONDOMINIO IGNES ANDREAZZA/ SENTIDO CDU,IPSEP,,,COLISÃO,COLISÃO SEM VÍTIMA,2,,,,,,,,,0,,,,,,,,,,,,,,
2018-06-14,12:46:00,SEM VÍTIMA,FINALIZADA,DERBY,AV GOVERNADOR AGAMENON MAGALHAES,,,E/F AO HOSPITAL PORTUGUES S/T BOA VIAGEM NO SEMAFORO 069,AV GOVERNADOR AGAMENON MAGALHAES,,E/F AO HOSPITAL PORTUGUES S/T BOA VIAGEM NO SEMAFORO 069,DERBY,,,COLISÃO,COLISAO ENTRE AUTO E MOTO S/V,1,1,,,,,,,,0,,,,,,,,,,,,,,
2018-06-14,13:50:00,SEM VÍTIMA,FINALIZADA,BOA VIAGEM,AV BOA VIAGEM,3232,,EM FRENTE AO ACAIACA,AV BOA VIAGEM,3232,EM FRENTE AO ACAIACA,BOA VIAGEM,,,COLISÃO,TRES AUTOS E UMA MOTO,3,1,,,,,,,,0,,,,,,,,,,,,,,