data,hora,natureza_acidente,situacao,bairro,endereco,numero,detalhe_endereco_acidente,complemento,endereco_cruzamento,numero_cruzamento,referencia_cruzamento,bairro_cruzamento,num_semaforo,sentido_via,tipo,descricao,auto,moto,ciclom,ciclista,pedestre,onibus,caminhao,viatura,outros,vitimas,vitimasfatais,acidente_verificado,tempo_clima,situacao_semaforo,sinalizacao,condicao_via,conservacao_via,ponto_controle,situacao_placa,velocidade_max_via,mao_direcao,divisao_via1,divisao_via2,divisao_via3
2018-06-14,14:13:00,COM VÍTIMA,FINALIZADA,TORREÃO,RUA CANDIDO LACERDA,,,PARALELA A DESCIDA DO VIADUTO DA AV NORTE SENTIDO BOA VIAGEM,RUA CANDIDO LACERDA,,PARALELA A DESCIDA DO VIADUTO DA AV NORTE SENTIDO BOA VIAGEM,TORREÃO,,,ATROPELAMENTO,ATROPELAMENTO ENTRE AUTO E PEDESTRE,1,,,,1,,,,,1,,,,,,,,,,,,,,
2018-06-14,14:46:00,SEM VÍTIMA,FINALIZADA,CASA AMARELA,AV NORTE,,,EM FRENTE A ESCOLA CLOTILDE DE OLIVEIRA  APOS A BARROS LIMA SENTIDO MACAXEIRA,AV NORTE,,EM FRENTE A ESCOLA CLOTILDE DE OLIVEIRA  APOS A BARROS LIMA SENTIDO MACAXEIRA,CASA AMARELA,,,COLISÃO,ONIBUS E UM CAMINHAO PIPA,,,,,,1,1,,,0,,,,,,,,,,,,,,
2018-06-14,15:11:00,SEM VÍTIMA,FINALIZADA,AFOGADOS,EST DOS REMEDIOS,,,EM FRENTE AO POSTO PETROS LOGO APOS O BAR CABOCLINHO,EST DOS REMEDIOS,,EM FRENTE AO POSTO PETROS LOGO APOS O BAR CABOCLINHO,AFOGADOS,,,COLISÃO,COLISÃO ENTRE CAMINHÃO E MMC / L 200,1,,,,,,1,,,0,,,,,,,,,,,,,,
2018-06-14,15:37:00,SEM VÍTIMA,CANCELADA,SANTO AMARO,AV CRUZ CABUGA,,,PROXIMO AO CISNES/ SENTIDO OLINDA,AV CRUZ CABUGA,,PROXIMO AO CISNES/ SENTIDO OLINDA,SANTO AMARO,,,COLISÃO,COLISÃO SEM VÍTIMA,2,,,,,,,,,0,,,,,,,,,,,,,,
2018-06-14,16:15:00,SEM VÍTIMA,FINALIZADA,IPSEP,AV RECIFE,,,NA ENTRADA DO IBURA  SENTIDO BR.,AV RECIFE,,NA ENTRADA DO IBURA  SENTIDO BR.,IPSEP,,,COLISÃO,CLISÃO SEM VÍTIMA  ENVOLVENDO DOIS AUTOS,2,,,,,,,,,0,,,,,,,,,,,,,,
2018-06-14,16:31:00,SEM VÍTIMA,FINALIZADA,DERBY,AV GOVERNADOR AGAMENON MAGALHAES,,,EM FRENTE A FACEIMAGEM SENTIDO BOA VIAGEM. PISTA LOCAL  APOS A PRAÇA DP DERBY,AV GOVERNADOR AGAMENON MAGALHAES,,EM FRENTE A FACEIMAGEM SENTIDO BOA VIAGEM. PISTA LOCAL  APOS A PRAÇA DP DERBY,DERBY,,,COLISÃO,DOIS AUTOS,2,,,,,,,,,0,,,,,,,,,,,,,,
2018-06-14,17:06:00,SEM VÍTIMA,FINALIZADA,CABANGA,AV ENGENHEIRO JOSE ESTELITA,297,,POR TRAS DO DO CONSELHO REGIONAL DE CORRETORES DE IMOVEIS DA 7 REGIAO E/F AO CENTRO DE FORMAÇÃO E TREINAMENTO DE VIGILANTES LTDA,AV ENGENHEIRO JOSE ESTELITA,297,POR TRAS DO DO CONSELHO REGIONAL DE CORRETORES DE IMOVEIS DA 7 REGIAO E/F AO CENTRO DE FORMAÇÃO E TREINAMENTO DE VIGILANTES LTDA,CABANGA,,,COLISÃO,COLISAO ENTRE ONIBUS E AUTO S/V,1,,,,,1,,,,0,,,,,,,,,,,,,,
2018-06-14,17:33:00,SEM VÍTIMA,FINALIZADA,BOA VIAGEM,RUA DR LUIZ CORREA DE OLIVEIRA,62,,PROX. AO CARREFOUR,RUA DR LUIZ CORREA DE OLIVEIRA,62,PROX. AO CARREFOUR,BOA VIAGEM,,,COLISÃO,DOIS AUTOS,2,,,,,,,,,0,,,,,,,,,,,,,,
2018-06-14,17:38:00,SEM VÍTIMA,FINALIZADA,AREIAS,AV DR JOSE RUFINO,790,,EM BAIXO DO VIADUTO DO MAKRO E/F A SOCORRO FESTAS,AV DR JOSE RUFINO,790,EM BAIXO DO VIADUTO DO MAKRO E/F A SOCORRO FESTAS,AREIAS,,,CHOQUE,VEICULO CHOCOU COM BLOCOS DE CONCRETO DE UMA OBRA DA PREFEITIURA NA VIA,1,,,,,,,,,0,,,,,,,,,,,,,,
2018-06-14,17:39:00,SEM VÍTIMA,FINALIZADA,AREIAS,AV RECIFE,5005,,EM FRENTE AO POSTO MAKRO/ SENTIDO BOA VIAGEM,AV RECIFE,5005,EM FRENTE AO POSTO MAKRO/ SENTIDO BOA VIAGEM,AREIAS,,,COLISÃO,COLISÃO SEM VÍTIMA,3,,,,,,,,,0,,,,,,,,,,,,,,
2018-06-14,18:01:00,SEM VÍTIMA,FINALIZADA,GRAÇAS,RUA GUILHERME PINTO,636,,PROX A FACULDADE MAURICIO DE NASSAU // SEMÁFORO 498,RUA GUILHERME PINTO,636,PROX A FACULDADE MAURICIO DE NASSAU // SEMÁFORO 498,GRAÇAS,,,COLISÃO,ONIBUBS X AUTO,1,,,,,1,,,,0,,,,,,,,,,,,,,
2018-06-14,18:06:00,SEM VÍTIMA,FINALIZADA,CASA AMARELA,AV NORTE,6629,,PRÓX A MATERNIDADE DE CASA AMARELA  SNT CIDADE/SUB / E/F A O SUPERMERCADO PALACIO ATACADO,AV NORTE,6629,PRÓX A MATERNIDADE DE CASA AMARELA  SNT CIDADE/SUB / E/F A O SUPERMERCADO PALACIO ATACADO,CASA AMARELA,,,CHOQUE,ENTRE AUTO E PRISMA DE CONCRETO. S/V,1,,,,,,,,,0,,,,,,,,,,,,,,
2018-06-14,18:28:00,SEM VÍTIMA,FINALIZADA,CAXANGÁ,AV CAXANGA,,AV AFONSO OLINDENSE,COM AFONSO OLINDENSE  NA DESCIDA DA PONTE DO PADRE CÍCERO  SENTIDO CIDADE,AV CAXANGA,,COM AFONSO OLINDENSE  NA DESCIDA DA PONTE DO PADRE CÍCERO  SENTIDO CIDADE,CAXANGÁ,,,COLISÃO,ENGAVETAMENTO DOIS AUTOS E UM MICROÔNIBUS.,2,,,,,1,,,,0,,,,,,,,,,,,,,
2018-06-14,18:49:00,SEM VÍTIMA,FINALIZADA,AREIAS,AV DR JOSE RUFINO,1427,,PROX AO MINI SHOPPING DE AREIAS,AV DR JOSE RUFINO,1427,PROX AO MINI SHOPPING DE AREIAS,AREIAS,,,COLISÃO,ONIBUS X AUTO,1,,,,,1,,,,0,,,,,,,,,,,,,,
2018-06-14,18:56:00,COM VÍTIMA,CANCELADA,CORDEIRO,AV CAXANGA,,AV DO FORTE,ESQUINA COM A AV DO FORTE / E/F AO COLÉGIO PROFESSOR TRAJANO CHACON,AV CAXANGA,,ESQUINA COM A AV DO FORTE / E/F AO COLÉGIO PROFESSOR TRAJANO CHACON,CORDEIRO,,,COLISÃO,ENTRE AUTO E MOTO. C/V,1,1,,,,,,,,1,,,,,,,,,,,,,,
2018-06-14,19:12:00,SEM VÍTIMA,CANCELADA,ESPINHEIRO,RUA CARNEIRO VILELA,688,,E/F A IGREJA EPISCOPAL,RUA CARNEIRO VILELA,688,E/F A IGREJA EPISCOPAL,ESPINHEIRO,,,COLISÃO,ENTRE 2 AUTOS. S/V,2,,,,,,,,,0,,,,,,,,,,,,,,
2018-06-14,19:16:00,SEM VÍTIMA,CANCELADA,TORREÃO,AV NORTE,S/N,,RUA FERNANDO CESAR,AV NORTE,S/N,RUA FERNANDO CESAR,TORREÃO,,,COLISÃO,ENTRE DOIS AUTOS,2,,,,,,,,,0,,,,,,,,,,,,,,
2018-06-14,19:36:00,SEM VÍTIMA,FINALIZADA,CIDADE UNIVERSITÁRIA,RUA PROFESSOR ANTONIO COELHO,,RUA MAL MANOEL OSORIO,CRUZ COM A R MARECHAL MANOEL LUIS OSORIO / PROXIMIDADES AO COLÉGIO PONTUAL,RUA PROFESSOR ANTONIO COELHO,,CRUZ COM A R MARECHAL MANOEL LUIS OSORIO / PROXIMIDADES AO COLÉGIO PONTUAL,CIDADE UNIVERSITÁRIA,,,COLISÃO,ENTRE ONIBUS E AUTOS. S/V,1,,,,,1,,,,0,,,,,,,,,,,,,,
2018-06-14,19:45:00,SEM VÍTIMA,CANCELADA,TAMARINEIRA,RUA PADRE ROMA,120,,DEPOIS DAS CASAS JOSE ARAUJO,RUA PADRE ROMA,120,DEPOIS DAS CASAS JOSE ARAUJO,TAMARINEIRA,,,COLISÃO,DOIS AUTOS,2,,,,,,,,,0,,,,,,,,,,,,,,
2018-06-14,20:28:00,COM VÍTIMA,FINALIZADA,JORDÃO,AV MARIA IRENE,,,E/F AO POSTO TOTAL,AV MARIA IRENE,,E/F AO POSTO TOTAL,JORDÃO,,,COLISÃO,ENTRE AUTO E MOTO. C/V,1,1,,,,,,,,1,,,,,,,,,,,,,,
2018-06-14,21:21:00,SEM VÍTIMA,FINALIZADA,VASCO DA GAMA,RUA PLANALTO,218,,NO COMEÇO DA LADEIRA,RUA PLANALTO,218,NO COMEÇO DA LADEIRA,VASCO DA GAMA,,,COLISÃO,VT DA PM X CAMINHAO DA CELPE,,,,,,,1,1,,0,,,,,,,,,,,,,,
2018-06-14,22:18:00,COM VÍTIMA,FINALIZADA,PAISSANDU,AV GOVERNADOR AGAMENON MAGALHAES,,RUA DO PAISSANDU,CRUZAMENTO COM PAISSANDU ENF A MORADA DA PAZ SENTIDO OLINDA PISTA LOCAL,AV GOVERNADOR AGAMENON MAGALHAES,,CRUZAMENTO COM PAISSANDU ENF A MORADA DA PAZ SENTIDO OLINDA PISTA LOCAL,PAISSANDU,,,COLISÃO,AUTO E MOTO,1,1,,,,,,,,1,,,,,,,,,,,,,,
2018-06-15,00:18:00,SEM VÍTIMA,FINALIZADA,ARRUDA,AV PROFESSOR JOSE DOS ANJOS,2089,,PROX DA VIASUL FIAT  SENTIDO AV NORTE,AV PROFESSOR JOSE DOS ANJOS,2089,PROX DA VIASUL FIAT  SENTIDO AV NORTE,ARRUDA,,,COLISÃO,COLISÃO ENTRE DOIS AUTOS S/V,2,,,,,,,,,0,,,,,,,,,,,,,,
2018-06-15,00:41:00,SEM VÍTIMA,FINALIZADA,IBURA,AV RECIFE,,AV DOM HELDER CAMARA,CRUZAMENTO COM AV DOM HELDER CÂMARA // EM FRENTE AO NÚCLEO NA ENTRADA DO IBURA,AV RECIFE,,CRUZAMENTO COM AV DOM HELDER CÂMARA // EM FRENTE AO NÚCLEO NA ENTRADA DO IBURA,IBURA,,,COLISÃO,COLISÃO ENTRE AUTO E ÔNIBUS S/V,1,,,,,1,,,,0,,,,,,,,,,,,,,
2018-06-15,01:31:00,SEM VÍTIMA,FINALIZADA,CAJUEIRO,AV SEBASTIAO SALAZAR,758,,PROX DA IGREJA BATISTA DE CAJUEIRA  PROX DA PADARIA E MERCEARIA AMARO TAVARES,AV SEBASTIAO SALAZAR,758,PROX DA IGREJA BATISTA DE CAJUEIRA  PROX DA PADARIA E MERCEARIA AMARO TAVARES,CAJUEIRO,,,CHOQUE,VEÍCULO CHOCOU-SE COM UM MURO S/V,1,,,,,,,,,0,,,,,,,,,,,,,,
2018-06-15,06:21:00,SEM VÍTIMA,FINALIZADA,MADALENA,AV VISCONDE DE ALBUQUERQUE,401,,EM FRENTE AO SORVETERIA FRISABOR,AV VISCONDE DE ALBUQUERQUE,401,EM FRENTE AO SORVETERIA FRISABOR,MADALENA,,,COLISÃO,SEM VITIMAS,2,,,,,,,,1,0,,,,,,,,,,,,,,
2018-06-15,07:36:00,SEM VÍTIMA,FINALIZADA,AREIAS,AV DR JOSE RUFINO,1670,,SEMAFORO 557 SENT/SUBURBIO,AV DR JOSE RUFINO,1670,SEMAFORO 557 SENT/SUBURBIO,AREIAS,,,COLISÃO,SEM VITIMAS,1,,,,,1,,,,0,,,,,,,,,,,,,,
2018-06-15,07:37:00,SEM VÍTIMA,CANCELADA,ESPINHEIRO,RUA QUARENTA E OITO,,,AO LADO DA GALERIA QUARENTE E OITO CENTER,RUA QUARENTA E OITO,,AO LADO DA GALERIA QUARENTE E OITO CENTER,ESPINHEIRO,,,COLISÃO,DOIS AUTOS,2,,,,,,,,,0,,,,,,,,,,,,,,
2018-06-15,07:56:00,SEM VÍTIMA,FINALIZADA,ENCRUZILHADA,LGO ENCRUZILHADA,,,AO LADO DOS CORREIOS,LGO ENCRUZILHADA,,AO LADO DOS CORREIOS,ENCRUZILHADA,,,COLISÃO,DOIS AUTOS,2,,,,,,,,,0,,,,,,,,,,,,,,
2018-06-15,08:21:00,SEM VÍTIMA,FINALIZADA,IMBIRIBEIRA,RUA SARGENTO SILVINO DE MACEDO,,RUA JOSE SILVA LUCENA,CRUZAMENTO COM A RUA JOSE DA SILVA DE LUCENA,RUA SARGENTO SILVINO DE MACEDO,,CRUZAMENTO COM A RUA JOSE DA SILVA DE LUCENA,IMBIRIBEIRA,,,COLISÃO,SEM VITIMAS,2,,,,,,,,,0,,,,,,,,,,,,,,
2018-06-15,09:04:00,COM VÍTIMA,FINALIZADA,IMBIRIBEIRA,AV MARECHAL MASCARENHAS DE MORAES,7935,,EM FRENTE A PISTA DO ARROPORTO SENT AFOGADOS /,AV MARECHAL MASCARENHAS DE MORAES,7935,EM FRENTE A PISTA DO ARROPORTO SENT AFOGADOS /,IMBIRIBEIRA,,,COLISÃO,MOTO E AUTO,1,1,,,,,,,,2,,,,,,,,,,,,,,
2018-06-15,09:20:00,COM VÍTIMA,FINALIZADA,DERBY,RUA DR SEVERINO PINHEIRO,,,APOS A PONTE DO QUARTEL  SENTIDO SUB.,RUA DR SEVERINO PINHEIRO,,APOS A PONTE DO QUARTEL  SENTIDO SUB.,DERBY,,,ATROPELAMENTO,AUTO E PEDESTRE,1,,,,1,,,,,1,,,,,,,,,,,,,,
2018-06-15,09:32:00,SEM VÍTIMA,FINALIZADA,CASA AMARELA,RUA VISCONDE DE TAUNAY,,,EM FRENTE A LOTERICA E EDF E GALERIA CASA AMRELA,RUA VISCONDE DE TAUNAY,,EM FRENTE A LOTERICA E EDF E GALERIA CASA AMRELA,CASA AMARELA,,,COLISÃO,SEM VITIMAS,2,,,,,,,,,0,,,,,,,,,,,,,,
2018-06-15,09:48:00,SEM VÍTIMA,FINALIZADA,MADALENA,RUA JOAO IVO DA SILVA,,,EM FRENTE AO RESTAURANTEESQUINA DA PICANHA,RUA JOAO IVO DA SILVA,,EM FRENTE AO RESTAURANTEESQUINA DA PICANHA,MADALENA,,,COLISÃO,SEM VITIMAS,1,,,,,1,,,,0,,,,,,,,,,,,,,
2018-06-15,11:48:00,SEM VÍTIMA,CANCELADA,BEBERIBE,AV BEBERIBE,,,EM FRENTE AO MAGAZINE LUIZA / SENT CIDADE,AV BEBERIBE,,EM FRENTE AO MAGAZINE LUIZA / SENT CIDADE,BEBERIBE,,,COLISÃO,ONIBUS E AUTO,1,,,,,1,,,,0,,,,,,,,,,,,,,
2018-06-15,11:48:00,SEM VÍTIMA,FINALIZADA,MADALENA,RUA MONSENHOR JULIO MARIA,94,,E/F A EMPRESA TROATIVE,RUA MONSENHOR JULIO MARIA,94,E/F A EMPRESA TROATIVE,MADALENA,,,COLISÃO,SEM VITIMAS,2,,,,,,,,,0,,,,,,,,,,,,,,
2018-06-15,12:31:00,SEM VÍTIMA,FINALIZADA,IMBIRIBEIRA,AV MARECHAL MASCARENHAS DE MORAES,,,APOS O AEROPORTO E/F AO POSTO SHELL S/T AFOGADOS,AV MARECHAL MASCARENHAS DE MORAES,,APOS O AEROPORTO E/F AO POSTO SHELL S/T AFOGADOS,IMBIRIBEIRA,,,COLISÃO,COLISAO ENTRE DOIS AUTOS S/V,2,,,,,,,,,0,,,,,,,,,,,,,,
2018-06-15,13:37:00,SEM VÍTIMA,FINALIZADA,PARNAMIRIM,RUA JOAO TUDE DE MELO,112,,E/F AO SHOPPING PARNAMIRIM,RUA JOAO TUDE DE MELO,112,E/F AO SHOPPING PARNAMIRIM,PARNAMIRIM,,,COLISÃO,ENTRE CAMINHÃO E AUTO PASSEIO. S/V,1,,,,,,1,,,0,,,,,,,,,,,,,,
2018-06-15,13:44:00,,FINALIZADA,PARNAMIRIM,RUA JOAO TUDE DE MELO,77,,E/F AO SHOPPING PARNAMIRIM,RUA JOAO TUDE DE MELO,77,E/F AO SHOPPING PARNAMIRIM,PARNAMIRIM,,,COLISÃO,COLISAO ENTRE CAMINHAO E AUTO S/V,1,,,,,,1,,,0,,,,,,,,,,,,,,
2018-06-15,14:56:00,SEM VÍTIMA,FINALIZADA,BEBERIBE,AV BEBERIBE,,,SEMÁFORO 314,AV BEBERIBE,,SEMÁFORO 314,BEBERIBE,,,COLISÃO,ENTRE 2 AUTOS. S/V,2,,,,,,,,,0,,,,,,,,,,,,,,
2018-06-15,15:03:00,SEM VÍTIMA,CANCELADA,SAN MARTIN,AV GENERAL SAN MARTIN,,,NA PRAÇA AO LADO DA CAVALARIA,AV GENERAL SAN MARTIN,,NA PRAÇA AO LADO DA CAVALARIA,SAN MARTIN,,,COLISÃO,COLISAO ENTRE AUTO E MOTO S/T,1,1,,,,,,,,0,,,,,,,,,,,,,,
2018-06-15,15:25:00,SEM VÍTIMA,FINALIZADA,BOA VIAGEM,AV BOA VIAGEM,,,UMA RUA ANTES DA PRACINHA,AV BOA VIAGEM,,UMA RUA ANTES DA PRACINHA,BOA VIAGEM,,,COLISÃO,AUTO E MOTO,1,1,,,,,,,,0,,,,,,,,,,,,,,
2018-06-15,15:55:00,SEM VÍTIMA,FINALIZADA,MADALENA,EST DOS REMEDIOS,,,E/F A POLICLÍNICA LESSA DE ANDRADE,EST DOS REMEDIOS,,E/F A POLICLÍNICA LESSA DE ANDRADE,MADALENA,,,COLISÃO,ENTRE AUTO E CAMINHÃO. S/V,2,,,,,,,,,0,,,,,,,,,,,,,,
2018-06-15,16:01:00,COM VÍTIMA,FINALIZADA,APIPUCOS,AV DEZESSETE DE AGOSTO,,,E/F AO AÇUCEDE DE APIPUCOS,AV DEZESSETE DE AGOSTO,,E/F AO AÇUCEDE DE APIPUCOS,APIPUCOS,,,COLISÃO,ENTRE CAMINHÃO E MOTO. C/V,,1,,,,,1,,,2,,,,,,,,,,,,,,
2018-06-15,16:07:00,SEM VÍTIMA,CANCELADA,CAXANGÁ,AV CAXANGA,,,NA ENTRADA DO HOSPITAL GETULIO VARGAS,AV CAXANGA,,NA ENTRADA DO HOSPITAL GETULIO VARGAS,CAXANGÁ,,,COLISÃO,COLISAO ENTRE AMBULANCIA E MOTO S/V,,,,,,,,,,0,,,,,,,,,,,,,,
2018-06-15,16:18:00,SEM VÍTIMA,FINALIZADA,CAMPO GRANDE,RUA PROFESSOR FRANCISCO DA TRINDADE,290,RUA SAO CAETANO,ESQUINA COM RUA SAO CAETANO,RUA PROFESSOR FRANCISCO DA TRINDADE,290,ESQUINA COM RUA SAO CAETANO,CAMPO GRANDE,,,COLISÃO,DOIS AUTOS,2,,,,,,,,,0,,,,,,,,,,,,,,
2018-06-15,18:03:00,SEM VÍTIMA,FINALIZADA,BOA VIAGEM,AV FERNANDO SIMOES BARBOSA,,RUA ERNESTO DE PAULA SANTOS,DE ESQUINA COM POSTO SHELL / CRUZ COM A R ERNESTO DE PAULA SANTOS,AV FERNANDO SIMOES BARBOSA,,DE ESQUINA COM POSTO SHELL / CRUZ COM A R ERNESTO DE PAULA SANTOS,BOA VIAGEM,,,COLISÃO,ENTRE 2 AUTOS. S/V,2,,,,,,,,,0,,,,,,,,,,,,,,
2018-06-15,18:09:00,SEM VÍTIMA,FINALIZADA,AFOGADOS,RUA SANTOS ARAUJO,90,,ENF A FACULDADE AFAREC E POSTO BR,RUA SANTOS ARAUJO,90,ENF A FACULDADE AFAREC E POSTO BR,AFOGADOS,,,COLISÃO,ONIBUS X AUTO,1,,,,,1,,,,0,,,,,,,,,,,,,,
2018-06-15,18:40:00,SEM VÍTIMA,FINALIZADA,TORRE,RUA PADRE LANDIM,349,RUA DOM MANOEL DA COSTA,CRUZANDO COM A R DOM MANOEL DA COSTA / AO LADO DA ESCOLA PAROQUIAL CRISTO REI,RUA PADRE LANDIM,349,CRUZANDO COM A R DOM MANOEL DA COSTA / AO LADO DA ESCOLA PAROQUIAL CRISTO REI,TORRE,,,COLISÃO,ENTRE AUTO E MOTOS/V,1,1,,,,,,,,0,,,,,,,,,,,,,,
2018-06-15,19:50:00,SEM VÍTIMA,CANCELADA,CAXANGÁ,AV CAXANGA,3410,,SENTIDO CIDADE ENF AO BANCO DO BRASIL E PROX AO POSTO BR E CLINICA VETERINARIA,AV CAXANGA,3410,SENTIDO CIDADE ENF AO BANCO DO BRASIL E PROX AO POSTO BR E CLINICA VETERINARIA,CAXANGÁ,,,COLISÃO,CAMINHAO BAU X ONIX,1,,,,,,1,,,0,,,,,,,,,,,,,,
2018-06-15,20:24:00,SEM VÍTIMA,FINALIZADA,IMBIRIBEIRA,AV PRESIDENTE DUTRA,,,APÓS O VIADUTO TANCREDO NEVES - DEFRONTE AO SAL E BRASA - SENTIDO CEASA,AV PRESIDENTE DUTRA,,APÓS O VIADUTO TANCREDO NEVES - DEFRONTE AO SAL E BRASA - SENTIDO CEASA,IMBIRIBEIRA,,,COLISÃO,ENTRE 2 AUTOS. S/V. UMA DAS PARTES APRESENTA EMBRIAGUEZ.,2,,,,,,,,,0,,,,,,,,,,,,,,
2018-06-15,20:32:00,SEM VÍTIMA,FINALIZADA,IMBIRIBEIRA,AV MARECHAL MASCARENHAS DE MORAES,,,E/F AO ASSAÍ ATACADISTA.  SNT CENTRO DA CIDADE / AO LADO DA FACULDADE METROPOLITANA,AV MARECHAL MASCARENHAS DE MORAES,,E/F AO ASSAÍ ATACADISTA.  SNT CENTRO DA CIDADE / AO LADO DA FACULDADE METROPOLITANA,IMBIRIBEIRA,,,COLISÃO,ENTRE ÔNIBUS E AUTO PASSEIO. S/V,1,,,,,1,,,,0,,,,,,,,,,,,,,
2018-06-15,21:52:00,SEM VÍTIMA,FINALIZADA,PARNAMIRIM,AV PARNAMIRIM,,RUA TITO ROSAS,CRUZAMENTO COM A RUA TITO ROSAS E/F A CONCESSIONÁRIA BREMEN,AV PARNAMIRIM,,CRUZAMENTO COM A RUA TITO ROSAS E/F A CONCESSIONÁRIA BREMEN,PARNAMIRIM,,,COLISÃO,DOIS AUTO,2,,,,,,,,,0,,,,,,,,,,,,,,
2018-06-15,22:02:00,COM VÍTIMA,FINALIZADA,DERBY,RUA AMAURI DE MEDEIROS,,RUA BARAO DE GOIANIA,ESQUINA DO EDF DERBY PARK // AO LADO DA CASA DO ESTUDANTE // CRUZANDO A R BARÃO DE GOIÂNIA,RUA AMAURI DE MEDEIROS,,ESQUINA DO EDF DERBY PARK // AO LADO DA CASA DO ESTUDANTE // CRUZANDO A R BARÃO DE GOIÂNIA,DERBY,,,COLISÃO,ENTRE AUTO E MOTO. C/V,1,1,,,,,,,,1,,,,,,,,,,,,,,
2018-06-15,22:45:00,SEM VÍTIMA,FINALIZADA,MADALENA,RUA BENFICA,,,PROX AO BRT E AO EXTRA,RUA BENFICA,,PROX AO BRT E AO EXTRA,MADALENA,,,COLISÃO,ONIBUS X AUTO,1,,,,,1,,,,0,,,,,,,,,,,,,,
2018-06-15,23:25:00,SEM VÍTIMA,FINALIZADA,CASA FORTE,RUA ENGENHEIRO OSCAR FERREIRA,,,CRUZANDO A EST DO ENCANAMENTO / PRÓX AO BAR FERRO E FOGO,RUA ENGENHEIRO OSCAR FERREIRA,,CRUZANDO A EST DO ENCANAMENTO / PRÓX AO BAR FERRO E FOGO,CASA FORTE,,,COLISÃO,ENTRE 2 AUTOS. S/V,2,,,,,,,,,0,,,,,,,,,,,,,,
2018-06-15,23:37:00,SEM VÍTIMA,FINALIZADA,SÃO JOSÉ,AV SUL,,,PROX A PRC DO GALO,AV SUL,,PROX A PRC DO GALO,SÃO JOSÉ,,,COLISÃO,VT DO IML X AUTO,1,,,,,,,1,,0,,,,,,,,,,,,,,
2018-06-15,23:58:00,SEM VÍTIMA,FINALIZADA,IMBIRIBEIRA,AV MARECHAL MASCARENHAS DE MORAES,,,PROX DO GERALDÃO  EM FRENTE A HOME CENTER TUPAN  SENTIDO AFOGADOS,AV MARECHAL MASCARENHAS DE MORAES,,PROX DO GERALDÃO  EM FRENTE A HOME CENTER TUPAN  SENTIDO AFOGADOS,IMBIRIBEIRA,,,COLISÃO,COLISÃO ENTRE DOIS AUTOS ONDE UM DOS VEÍCULOS VEIO A CAPOTAR APOS A COLISÃO S/V,2,,,,,,,,,0,,,,,,,,,,,,,,
2018-06-16,06:08:00,SEM VÍTIMA,FINALIZADA,SANTO AMARO,RUA ALUISIO DE AZEVEDO,,,EM FRENTE A TKS SEGURANÇA PRIVADA // PRÓX A UPE,RUA ALUISIO DE AZEVEDO,,EM FRENTE A TKS SEGURANÇA PRIVADA // PRÓX A UPE,SANTO AMARO,,,CHOQUE,VEÍCULO CHOCOU-SE CONTRA DOIS VEÍCULOS ESTACIONADOS,3,,,,,,,,,0,,,,,,,,,,,,,,
2018-06-16,08:21:00,SEM VÍTIMA,FINALIZADA,IBURA,AV DOIS RIOS,423,,EM FRENTE A AUTO ESCOLA BANDEIRANTES SENT/AV RECIFE,AV DOIS RIOS,423,EM FRENTE A AUTO ESCOLA BANDEIRANTES SENT/AV RECIFE,IBURA,,,COLISÃO,SEM VITIMAS,3,,,,,,,,,0,,,,,,,,,,,,,,
2018-06-16,08:31:00,SEM VÍTIMA,FINALIZADA,JORDÃO,AV MARECHAL MASCARENHAS DE MORAES,,,SOBRE O TUNEL,AV MARECHAL MASCARENHAS DE MORAES,,SOBRE O TUNEL,JORDÃO,,,COLISÃO,DOIS AUTOS VT 10 NO QTH GMS,2,,,,,,,,,0,,,,,,,,,,,,,,
2018-06-16,08:35:00,SEM VÍTIMA,FINALIZADA,ZUMBI,AV PROFESSOR ESTEVAO FRANCISCO DA COSTA,,,E/F A PADARIA RAINHA DA TORRE  SEMÁFORO 280,AV PROFESSOR ESTEVAO FRANCISCO DA COSTA,,E/F A PADARIA RAINHA DA TORRE  SEMÁFORO 280,ZUMBI,,,COLISÃO,SEM VÍTIMAS,2,,,,,,,,,0,,,,,,,,,,,,,,
2018-06-16,10:26:00,SEM VÍTIMA,FINALIZADA,ESTÂNCIA,AV RECIFE,,,EM FRENTE AO MACKO / SENT SUB,AV RECIFE,,EM FRENTE AO MACKO / SENT SUB,ESTÂNCIA,,,COLISÃO,CAMINHAO E AUTO,1,,,,,,1,,,0,,,,,,,,,,,,,,
2018-06-16,11:07:00,SEM VÍTIMA,FINALIZADA,DOIS IRMÃOS,RUA RIBEIRO PESSOA,,,SEMÁFORO 281  SENTIDO CENTRO E/F A UPA DA CAXANGÁ,RUA RIBEIRO PESSOA,,SEMÁFORO 281  SENTIDO CENTRO E/F A UPA DA CAXANGÁ,DOIS IRMÃOS,,,COLISÃO,SEM VÍTIMAS,1,,,,,,1,,,0,,,,,,,,,,,,,,
2018-06-16,11:56:00,SEM VÍTIMA,FINALIZADA,JARDIM SÃO PAULO,EST DO CURADO,819,,EM FRENTE AO AÇOUGUE DO CICERO,EST DO CURADO,819,EM FRENTE AO AÇOUGUE DO CICERO,JARDIM SÃO PAULO,,,COLISÃO,AUTO E ONIBUS ,1,,,,,1,,,,0,,,,,,,,,,,,,,
2018-06-16,12:29:00,SEM VÍTIMA,FINALIZADA,ILHA DO LEITE,RUA SENADOR FABIO DE BARROS,62,,AO LADO DO RESTAURANTE TEMPERO DE CASA,RUA SENADOR FABIO DE BARROS,62,AO LADO DO RESTAURANTE TEMPERO DE CASA,ILHA DO LEITE,,,COLISÃO,DOIS AUTOS,2,,,,,,,,,0,,,,,,,,,,,,,,