data,hora,natureza_acidente,situacao,bairro,endereco,numero,detalhe_endereco_acidente,complemento,endereco_cruzamento,numero_cruzamento,referencia_cruzamento,bairro_cruzamento,num_semaforo,sentido_via,tipo,descricao,auto,moto,ciclom,ciclista,pedestre,onibus,caminhao,viatura,outros,vitimas,vitimasfatais,acidente_verificado,tempo_clima,situacao_semaforo,sinalizacao,condicao_via,conservacao_via,ponto_controle,situacao_placa,velocidade_max_via,mao_direcao,divisao_via1,divisao_via2,divisao_via3
2018-06-16,18:55:00,SEM VÍTIMA,FINALIZADA,DERBY,RUA JOAQUIM NABUCO,,,AO LADO DA RESTAURAÇÃO,RUA JOAQUIM NABUCO,,AO LADO DA RESTAURAÇÃO,DERBY,,,COLISÃO,COLISÃO SEM VÍTIMA,2,,,,,,,,,0,,,,,,,,,,,,,,
2018-06-16,19:01:00,SEM VÍTIMA,FINALIZADA,SÃO JOSÉ,RUA FLORIANO PEIXOTO,233,,PROX. A CASA DA CULTURA,RUA FLORIANO PEIXOTO,233,PROX. A CASA DA CULTURA,SÃO JOSÉ,,,COLISÃO,DOI AUTOS S/V,2,,,,,,,,,0,,,,,,,,,,,,,,
2018-06-16,13:41:00,SEM VÍTIMA,FINALIZADA,ENCRUZILHADA,RUA FERNANDO CESAR,202,RUA AMARO COUTINHO,COM AMARO COUTINHO  POR TRAS DO MERCADO DA ENCRUZILHADA,RUA FERNANDO CESAR,202,COM AMARO COUTINHO  POR TRAS DO MERCADO DA ENCRUZILHADA,ENCRUZILHADA,,,COLISÃO,DOIS AUTOS,2,,,,,,,,,0,,,,,,,,,,,,,,
2018-06-16,14:40:00,SEM VÍTIMA,FINALIZADA,SAN MARTIN,AV GENERAL SAN MARTIN,,,AO LADO DA CAVALARIA  SENTIDO ABDIAS DE CARVALHO,AV GENERAL SAN MARTIN,,AO LADO DA CAVALARIA  SENTIDO ABDIAS DE CARVALHO,SAN MARTIN,,,COLISÃO,AUTO E CAMINHAO,1,,,,,,1,,,0,,,,,,,,,,,,,,
2018-06-16,15:02:00,COM VÍTIMA,FINALIZADA,BOA VISTA,AV CONDE DA BOA VISTA,,RUA GERVASIO PIRES,COM RUA GERVASIO PIRES E/F A ANTIGA FARMACIA DOS POBRES,AV CONDE DA BOA VISTA,,COM RUA GERVASIO PIRES E/F A ANTIGA FARMACIA DOS POBRES,BOA VISTA,,,ATROPELAMENTO,VEICULO COLIDIU COM UM CICLISTA,,,,,1,,,,,1,,,,,,,,,,,,,,
2018-06-16,15:10:00,SEM VÍTIMA,FINALIZADA,AFLITOS,RUA CAPITAO SAMPAIO XAVIER,,,EM FRENTE AO BOMPREÇO,RUA CAPITAO SAMPAIO XAVIER,,EM FRENTE AO BOMPREÇO,AFLITOS,,,COLISÃO,COLISÃO SEM VÍTIMA,2,,,,,,,,,0,,,,,,,,,,,,,,
2018-06-16,15:29:00,SEM VÍTIMA,FINALIZADA,PAISSANDU,AV GOVERNADOR AGAMENON MAGALHAES,,RUA DO PAISSANDU,COM PAISSANDÚ  SENTIDO BOA VIAGEM,AV GOVERNADOR AGAMENON MAGALHAES,,COM PAISSANDÚ  SENTIDO BOA VIAGEM,PAISSANDU,,,COLISÃO,COLISÃO SEM VÍTIMAS  ENVOLVENDO 2 AUTOS,2,,,,,,,,,0,,,,,,,,,,,,,,
2018-06-16,15:52:00,SEM VÍTIMA,FINALIZADA,SAN MARTIN,AV GENERAL SAN MARTIN,,,AL LADO DA CAVALARIA,AV GENERAL SAN MARTIN,,AL LADO DA CAVALARIA,SAN MARTIN,,,COLISÃO,AUTO E MOTO,1,1,,,,,,,,0,,,,,,,,,,,,,,
2018-06-16,18:04:00,SEM VÍTIMA,FINALIZADA,CAXANGÁ,AV CAXANGA,1289,,APOS AIGREJA SAO SEBASTIAO S/T CID,AV CAXANGA,1289,APOS AIGREJA SAO SEBASTIAO S/T CID,CAXANGÁ,,,COLISÃO,COLISAO ENTRE DOIS AUTOS S/V,2,,,,,,,,,0,,,,,,,,,,,,,,
2018-06-16,20:03:00,SEM VÍTIMA,FINALIZADA,AFOGADOS,RUA SAO MIGUEL,,,PRÓX AO DEPRAT / E/F A FACULDADE FAREC,RUA SAO MIGUEL,,PRÓX AO DEPRAT / E/F A FACULDADE FAREC,AFOGADOS,,,COLISÃO,ENTRE AUTO E ÔNIBUS. S/V,1,,,,,1,,,,0,,,,,,,,,,,,,,
2018-06-16,22:59:00,SEM VÍTIMA,FINALIZADA,BOA VIAGEM,RUA VISCONDE DE JEQUITINHONHA,1874,,APOS O CURSO DE INGLES BRITANIC,RUA VISCONDE DE JEQUITINHONHA,1874,APOS O CURSO DE INGLES BRITANIC,BOA VIAGEM,,,CHOQUE,CHOQUE ENTRE QUATRO AUTOS S/V,4,,,,,,,,,0,,,,,,,,,,,,,,
2018-06-16,23:29:00,SEM VÍTIMA,FINALIZADA,SÃO JOSÉ,RUA IMPERIAL,,,CRUZANDO A TRAVESSA DO RAPOSO / SEMÁFORO 510,RUA IMPERIAL,,CRUZANDO A TRAVESSA DO RAPOSO / SEMÁFORO 510,SÃO JOSÉ,,,COLISÃO,ENTRE 2 AUTOS. S/V,2,,,,,,,,,0,,,,,,,,,,,,,,
2018-06-17,00:44:00,SEM VÍTIMA,FINALIZADA,BOA VIAGEM,RUA GENERAL SALGADO,,,PRÓX A GARAGEM DA BORBOREMA,RUA GENERAL SALGADO,,PRÓX A GARAGEM DA BORBOREMA,BOA VIAGEM,,,COLISÃO,COLISÃO ENTRE AUTO E MOTO  S/V,1,1,,,,,,,,0,,,,,,,,,,,,,,
2018-06-17,01:21:00,SEM VÍTIMA,CANCELADA,CASA FORTE,RUA LEONARDO BEZERRA CAVALCANTE,,PRC JORNAL DO COMERCIO,CRUZAMENTO COM A PRAÇA RADIO JORNAL DO COMERCIO  EM FRENTE A MC DONALD,RUA LEONARDO BEZERRA CAVALCANTE,,CRUZAMENTO COM A PRAÇA RADIO JORNAL DO COMERCIO  EM FRENTE A MC DONALD,CASA FORTE,,,COLISÃO,COLISÃO ENTRE DOIS AUTOS S/V,2,,,,,,,,,0,,,,,,,,,,,,,,
2018-06-17,01:54:00,SEM VÍTIMA,FINALIZADA,AFLITOS,AV CONS ROSA E SILVA,,AV SANTOS DUMONT,CRUZAMENTO COM AV SANTOS DUMONT // PRÓX A TEMIX,AV CONS ROSA E SILVA,,CRUZAMENTO COM AV SANTOS DUMONT // PRÓX A TEMIX,AFLITOS,,,COLISÃO,COLISÃO ENTRE DOIS AUTOS S/V,2,,,,,,,,,0,,,,,,,,,,,,,,
2018-06-17,10:04:00,SEM VÍTIMA,FINALIZADA,AFOGADOS,LARGO DA PAZ,,,EM FRENTE A IGREJA LARGO DA PAZ /,LARGO DA PAZ,,EM FRENTE A IGREJA LARGO DA PAZ /,AFOGADOS,,,COLISÃO,DOIS AUTO,2,,,,,,,,,0,,,,,,,,,,,,,,
2018-06-17,11:10:00,COM VÍTIMA,FINALIZADA,AREIAS,AV DR JOSE RUFINO,,,EM FRENTE AO SHOPPING DE AREIAS,AV DR JOSE RUFINO,,EM FRENTE AO SHOPPING DE AREIAS,AREIAS,,,COLISÃO,COLISAO ENTRE AUTO E MOTO COM VITI MA,1,1,,,,,,,,1,,,,,,,,,,,,,,
2018-06-17,11:43:00,SEM VÍTIMA,FINALIZADA,CASA AMARELA,RUA PAULA BATISTA,,,SEMAFORO 404/ESTRADA DO ARRAIAL EM FRENTE AO BANCO DO BRASIL,RUA PAULA BATISTA,,SEMAFORO 404/ESTRADA DO ARRAIAL EM FRENTE AO BANCO DO BRASIL,CASA AMARELA,,,COLISÃO,COLISAO ENTRE DOIS AUTOS S/V,2,,,,,,,,,0,,,,,,,,,,,,,,
2018-06-17,11:56:00,SEM VÍTIMA,FINALIZADA,AREIAS,AV DR JOSE RUFINO,,,PROXIMO AO SEMAFORO 044/EM FRENTE A IGREJA PREBISTERIANA DO COLEGIO INSENTIVO,AV DR JOSE RUFINO,,PROXIMO AO SEMAFORO 044/EM FRENTE A IGREJA PREBISTERIANA DO COLEGIO INSENTIVO,AREIAS,,,COLISÃO,COLISAO S/V ENTRE DOIS AUTOS,2,,,,,,,,,0,,,,,,,,,,,,,,
2018-06-17,12:31:00,SEM VÍTIMA,FINALIZADA,BRASÍLIA TEIMOSA,AV BRASILIA FORMOSA,,,EM FRENTE AO QUIOSQUE A BARCA,AV BRASILIA FORMOSA,,EM FRENTE AO QUIOSQUE A BARCA,BRASÍLIA TEIMOSA,,,COLISÃO,COLISÃO SEM VÍTIMA,2,,,,,,,,,0,,,,,,,,,,,,,,
2018-06-17,12:56:00,SEM VÍTIMA,FINALIZADA,BOA VIAGEM,RUA DEZ DE JULHO,,RUA CAMBOIM,EM FRENTE A MASON CRISTAL CASA DE FESTA/ESQUINA COM A RUA CAMBOIM,RUA DEZ DE JULHO,,EM FRENTE A MASON CRISTAL CASA DE FESTA/ESQUINA COM A RUA CAMBOIM,BOA VIAGEM,,,COLISÃO,COLISAO S/V ENTRE DOIS AUTOS,2,,,,,,,,,0,,,,,,,,,,,,,,
2018-06-17,13:01:00,SEM VÍTIMA,EQUIPE EM DESLOCAMENTO,IMBIRIBEIRA,AV MARECHAL MASCARENHAS DE MORAES,2666,,EM FRENTE A LOJA CENTER AÇO/ SEMÁFORO 289,AV MARECHAL MASCARENHAS DE MORAES,2666,EM FRENTE A LOJA CENTER AÇO/ SEMÁFORO 289,IMBIRIBEIRA,,,COLISÃO,COLISÃO SEM VÍTIMA,2,,,,,,,,,0,,,,,,,,,,,,,,
2018-06-17,13:17:00,SEM VÍTIMA,FINALIZADA,PRADO,AV ENGENHEIRO ABDIAS DE CARVALHO,,,EM FRENTE A MULTI RIM/ SENTIDO BR,AV ENGENHEIRO ABDIAS DE CARVALHO,,EM FRENTE A MULTI RIM/ SENTIDO BR,PRADO,,,COLISÃO,COLISÃO SEM VÍTIMA,2,,,,,,,,,0,,,,,,,,,,,,,,
2018-06-17,13:21:00,COM VÍTIMA,FINALIZADA,APIPUCOS,AV DEZESSETE DE AGOSTO,,EST ARRAIAL,SEMAFORO 107/EM FRENTE A COMPESA,AV DEZESSETE DE AGOSTO,,SEMAFORO 107/EM FRENTE A COMPESA,APIPUCOS,,,COLISÃO,MOTO E AUTO C/V,1,1,,,,,,,,1,,,,,,,,,,,,,,
2018-06-17,13:57:00,SEM VÍTIMA,FINALIZADA,BOA VIAGEM,RUA FELIX DE BRITO E MELO,735,,PROX A CULTURA INGLESA/SEMAFORO 551,RUA FELIX DE BRITO E MELO,735,PROX A CULTURA INGLESA/SEMAFORO 551,BOA VIAGEM,,,COLISÃO,DOIS AUTOS,2,,,,,,,,,0,,,,,,,,,,,,,,
2018-06-17,14:13:00,SEM VÍTIMA,CANCELADA,APIPUCOS,RUA DOIS IRMAOS,,,PROXIMO AO HOTEL SENZALA/ NO SEMÁFORO 416,RUA DOIS IRMAOS,,PROXIMO AO HOTEL SENZALA/ NO SEMÁFORO 416,APIPUCOS,,,COLISÃO,COLISÃO SEM VÍTIMA,1,,,,,,1,,,0,,,,,,,,,,,,,,
2018-06-17,14:25:00,SEM VÍTIMA,CANCELADA,CAMPO GRANDE,RUA FRANKLIN TAVORA,129,,EM FRENTE A PADARIA CASA DO TRIGO,RUA FRANKLIN TAVORA,129,EM FRENTE A PADARIA CASA DO TRIGO,CAMPO GRANDE,,,COLISÃO,COLISÃO SEM VÍTIMA,1,1,,,,,,,,0,,,,,,,,,,,,,,
2018-06-17,21:05:00,COM VÍTIMA,FINALIZADA,SÃO JOSÉ,AV SUL,,,E/F AO GRANDE RECIFE TRANSPORTE- INICIO DO VIADUTO 5 PONTAS,AV SUL,,E/F AO GRANDE RECIFE TRANSPORTE- INICIO DO VIADUTO 5 PONTAS,SÃO JOSÉ,,,CHOQUE,CONDUTOR C/SUSPEITA DE EMBRIAGUEZ  CHOCOU-SE CONTRA A MURETA DO VIADUTO,,1,,,,,,,,1,,,,,,,,,,,,,,
2018-06-17,22:37:00,COM VÍTIMA,FINALIZADA,SAN MARTIN,AV CONSUL VILARES FRAGOSO,,,AO LADO DA CAVALARIA E PRÓX A SECRETARIA DA SAÚDE  SNT AFOGADOS,AV CONSUL VILARES FRAGOSO,,AO LADO DA CAVALARIA E PRÓX A SECRETARIA DA SAÚDE  SNT AFOGADOS,SAN MARTIN,,,COLISÃO,ENTRE 2 MOTOS. C/V,,2,,,,,,,,2,,,,,,,,,,,,,,
2018-06-17,22:48:00,COM VÍTIMA,FINALIZADA,TORRE,RUA DOM MANOEL DA COSTA,,,CRUZANDO A R REAL DA TORRE - SEMÁFORO 192,RUA DOM MANOEL DA COSTA,,CRUZANDO A R REAL DA TORRE - SEMÁFORO 192,TORRE,,,COLISÃO,ENTRE AUTO E MOTO. C/V,1,1,,,,,,,,1,,,,,,,,,,,,,,
2018-06-17,23:34:00,SEM VÍTIMA,FINALIZADA,IMBIRIBEIRA,AV MARECHAL MASCARENHAS DE MORAES,945,,PROX A LOJA GRILLO E SEMAFORO 396 SENTIDO RECIFE,AV MARECHAL MASCARENHAS DE MORAES,945,PROX A LOJA GRILLO E SEMAFORO 396 SENTIDO RECIFE,IMBIRIBEIRA,,,COLISÃO,GOL X PALIO,2,,,,,,,,,0,,,,,,,,,,,,,,
2018-06-17,23:41:00,SEM VÍTIMA,FINALIZADA,BOA VIAGEM,RUA SETUBAL,,RUA BARAO DE SOUZA LEAO,ENF A PRC DE BOA VIAGEM E CRUZAMENTO COM A BARAO DE SOUZA LEAO,RUA SETUBAL,,ENF A PRC DE BOA VIAGEM E CRUZAMENTO COM A BARAO DE SOUZA LEAO,BOA VIAGEM,,,COLISÃO,AUTO E SHINERAY,1,,1,,,,,,,0,,,,,,,,,,,,,,
2018-06-18,00:45:00,SEM VÍTIMA,CANCELADA,SANTO AMARO,AV NORTE,1851,,ENF A CAPOTARIA NORTE E EQUIPADORA CARLOS DECENDO O VIADUTO SEGUNDO SEMAFORO 1851 SENTIDO SUB,AV NORTE,1851,ENF A CAPOTARIA NORTE E EQUIPADORA CARLOS DECENDO O VIADUTO SEGUNDO SEMAFORO 1851 SENTIDO SUB,SANTO AMARO,,,CHOQUE,AUTO X GELO BAHIANO,1,,,,,,,,1,0,,,,,,,,,,,,,,
2018-06-18,06:35:00,COM VÍTIMA,FINALIZADA,DOIS IRMÃOS,RUA MANUEL DE MEDEIROS,,,PROX. A RURAL,RUA MANUEL DE MEDEIROS,,PROX. A RURAL,DOIS IRMÃOS,,,COLISÃO,AUTO E MOTO,1,1,,,,,,,,1,,,,,,,,,,,,,,
2018-06-18,07:11:00,COM VÍTIMA,FINALIZADA,CAJUEIRO,AV BEBERIBE,3255,,EM FRENTE A IGREJA UNIVERSAL E A LOJA LP MOTOS PEÇAS E SERVIÇOS,AV BEBERIBE,3255,EM FRENTE A IGREJA UNIVERSAL E A LOJA LP MOTOS PEÇAS E SERVIÇOS,CAJUEIRO,,,COLISÃO,COLIS]ÃO COM VITIMA A ESPERA DO SAMU,1,1,,,,,,,,1,,,,,,,,,,,,,,
2018-06-18,07:11:00,SEM VÍTIMA,FINALIZADA,SANTO ANTÔNIO,RUA DO SOL,,,SENTIDO PALACIO DO GOVERNO  NA ESQUINA DA PONTE,RUA DO SOL,,SENTIDO PALACIO DO GOVERNO  NA ESQUINA DA PONTE,SANTO ANTÔNIO,,,COLISÃO,SEM VÍTIMAS,1,,,,,1,,,,0,,,,,,,,,,,,,,
2018-06-18,07:19:00,SEM VÍTIMA,FINALIZADA,SANTO ANTÔNIO,RUA PRIMEIRO DE MARCO,,AV MARTINS DE BARROS,COM AV. MARTINS DE BARROS  NO SEMAFORO 194,RUA PRIMEIRO DE MARCO,,COM AV. MARTINS DE BARROS  NO SEMAFORO 194,SANTO ANTÔNIO,,,COLISÃO,DOIS AUTOS,2,,,,,,,,,0,,,,,,,,,,,,,,
2018-06-18,07:31:00,SEM VÍTIMA,FINALIZADA,BOA VIAGEM,RUA CORONEL ANIZIO RODRIGUES COELHO,618,,PROX AO LAVA JATO K´BEER,RUA CORONEL ANIZIO RODRIGUES COELHO,618,PROX AO LAVA JATO K´BEER,BOA VIAGEM,,,COLISÃO,DOIS AUTOS,2,,,,,,,,,0,,,,,,,,,,,,,,
2018-06-18,07:39:00,COM VÍTIMA,FINALIZADA,VÁRZEA,RUA VALE DO SIRIJI,,,EM FRENTE A ESCOLA MUNICIPAL PROFESSOR JOAO FRANCISCO DE SOUZA,RUA VALE DO SIRIJI,,EM FRENTE A ESCOLA MUNICIPAL PROFESSOR JOAO FRANCISCO DE SOUZA,VÁRZEA,,,COLISÃO,AUTO E MOTO,1,1,,,,,,,,1,,,,,,,,,,,,,,
2018-06-18,08:04:00,SEM VÍTIMA,FINALIZADA,IMBIRIBEIRA,AV MARECHAL MASCARENHAS DE MORAES,630,,PROX. AO ARAMAZEM CORAL  NO SEMAFORO 286,AV MARECHAL MASCARENHAS DE MORAES,630,PROX. AO ARAMAZEM CORAL  NO SEMAFORO 286,IMBIRIBEIRA,,,COLISÃO,CAMINHÃO E AUTO,1,,,,,,1,,,0,,,,,,,,,,,,,,
2018-06-18,08:14:00,SEM VÍTIMA,FINALIZADA,DOIS IRMÃOS,RUA MANUEL DE MEDEIROS,,,EM FRENTE A RURAL  SENT. CIDADE UNIVERSITARIA,RUA MANUEL DE MEDEIROS,,EM FRENTE A RURAL  SENT. CIDADE UNIVERSITARIA,DOIS IRMÃOS,,,COLISÃO,MOTO E AUTO,1,1,,,,,,,,0,,,,,,,,,,,,,,
2018-06-18,08:15:00,SEM VÍTIMA,CANCELADA,VÁRZEA,AV CAXANGA,,,SENTIDO SUBURBIO APÓS O POSTO SHELL,AV CAXANGA,,SENTIDO SUBURBIO APÓS O POSTO SHELL,VÁRZEA,,,COLISÃO,SEM VÍTIMAS,1,,,,,,1,,,0,,,,,,,,,,,,,,
2018-06-18,09:19:00,SEM VÍTIMA,FINALIZADA,BOA VISTA,RUA GERVASIO PIRES,418,,EM FRENTE A ANTIGA SECRETARIA DAS CIDADES PRO RURAL,RUA GERVASIO PIRES,418,EM FRENTE A ANTIGA SECRETARIA DAS CIDADES PRO RURAL,BOA VISTA,,,COLISÃO,COLISÃO SEM VITIMAS,1,1,,,,,,,,0,,,,,,,,,,,,,,
2018-06-18,10:01:00,COM VÍTIMA,FINALIZADA,SÃO JOSÉ,RUA IMPERIAL,2237,,EM FRENTE A BRASIL GAS,RUA IMPERIAL,2237,EM FRENTE A BRASIL GAS,SÃO JOSÉ,,,ATROPELAMENTO,CAMINHÃO E PEDESTRE,,,,,1,,1,,,1,,,,,,,,,,,,,,
2018-06-18,10:12:00,SEM VÍTIMA,FINALIZADA,ESPINHEIRO,RUA QUARENTA E OITO,490,,EM FRENTE AO SESI,RUA QUARENTA E OITO,490,EM FRENTE AO SESI,ESPINHEIRO,,,COLISÃO,ONIBUS E AUTO PASSEIO,1,,,,,1,,,,0,,,,,,,,,,,,,,
2018-06-18,10:18:00,SEM VÍTIMA,FINALIZADA,CASA FORTE,AV DEZESSETE DE AGOSTO,,,E/F A EMPÉRIO FRUTARIA DE FRONTE A PRAÇA JOSÉ VILELA,AV DEZESSETE DE AGOSTO,,E/F A EMPÉRIO FRUTARIA DE FRONTE A PRAÇA JOSÉ VILELA,CASA FORTE,,,COLISÃO,SEM VÍTIMAS.,,,,,,1,1,,,0,,,,,,,,,,,,,,
2018-06-18,10:40:00,SEM VÍTIMA,FINALIZADA,SANTO AMARO,AV GOVERNADOR AGAMENON MAGALHAES,,,NA PISTRA PRINCIPAL E/F AO MINISTÉRIO DO TRABALHO  SENTIDO OLINDA,AV GOVERNADOR AGAMENON MAGALHAES,,NA PISTRA PRINCIPAL E/F AO MINISTÉRIO DO TRABALHO  SENTIDO OLINDA,SANTO AMARO,,,COLISÃO,SEM VÍTIMAS.,1,,,,,,1,,,0,,,,,,,,,,,,,,
2018-06-18,10:43:00,COM VÍTIMA,FINALIZADA,BOA VIAGEM,RUA ERNESTO DE PAULA SANTOS,,,PROX A FACULDADE MAURICIO DE NASSAU EM FRENTE AO POSTO DE GASOLINA BR,RUA ERNESTO DE PAULA SANTOS,,PROX A FACULDADE MAURICIO DE NASSAU EM FRENTE AO POSTO DE GASOLINA BR,BOA VIAGEM,,,COLISÃO,COLISÃO COM VITIMA A ESPERA DO SAMU,1,1,,,,,,,,1,,,,,,,,,,,,,,
2018-06-18,10:45:00,SEM VÍTIMA,FINALIZADA,ALTO JOSÉ BONIFÁCIO,RUA ALTO JOSE BONIFACIO,,,PROX DO ARMAZEM DO VEREADOR ALMIR FERNANDO / PROX AO TERMINAL ALTO JOSE BONIFACIL,RUA ALTO JOSE BONIFACIO,,PROX DO ARMAZEM DO VEREADOR ALMIR FERNANDO / PROX AO TERMINAL ALTO JOSE BONIFACIL,ALTO JOSÉ BONIFÁCIO,,,COLISÃO,ONIBUS E CAMINHAO DE COLETA,,,,,,1,1,,,0,,,,,,,,,,,,,,
2018-06-18,10:57:00,COM VÍTIMA,FINALIZADA,IPUTINGA,AV CAXANGA,,EST DO BARBALHO,COM ESTRADA DO BARBALHO  SEMÁFORO 533  SENTIDO CIDADE.,AV CAXANGA,,COM ESTRADA DO BARBALHO  SEMÁFORO 533  SENTIDO CIDADE.,IPUTINGA,,,COLISÃO,COLISÃO COM VÍTIMA  ENVOLVENDO 2 MOTOCICLETAS.,,2,,,,,,,,1,,,,,,,,,,,,,,
2018-06-18,11:06:00,SEM VÍTIMA,FINALIZADA,AFLITOS,RUA CONFEDERACAO DO EQUADOR,,,E/F AO HOSPITAL DOS SERVIDORES. SEMÁFORO 309,RUA CONFEDERACAO DO EQUADOR,,E/F AO HOSPITAL DOS SERVIDORES. SEMÁFORO 309,AFLITOS,,,COLISÃO,SEM VÍTIMAS.,2,,,,,,,,,0,,,,,,,,,,,,,,
2018-06-18,11:10:00,SEM VÍTIMA,CANCELADA,ILHA DO LEITE,1SB BARAO DE CAMAQUA,,,ENTRE O HOSPITAL HOPE E ESPERANÇA,1SB BARAO DE CAMAQUA,,ENTRE O HOSPITAL HOPE E ESPERANÇA,ILHA DO LEITE,,,COLISÃO,CAMINHÃO E AUTO,1,,,,,,1,,,0,,,,,,,,,,,,,,
2018-06-18,11:10:00,SEM VÍTIMA,FINALIZADA,CAXANGÁ,RUA CAXANGA AGAPE,,,SENTIDO CIDADE AO LADO DA CONCESSIONARIA ITALIANA,RUA CAXANGA AGAPE,,SENTIDO CIDADE AO LADO DA CONCESSIONARIA ITALIANA,CAXANGÁ,,,COLISÃO,COLISÃO SEM VITIMAS,2,,,,,,,,,0,,,,,,,,,,,,,,
2018-06-18,11:14:00,SEM VÍTIMA,FINALIZADA,CASA AMARELA,RUA CONS PERETTI,115,,E/F A RESIDENCIA. PROX. A CAIXA E ECONOMICA DE CASA AMARELA,RUA CONS PERETTI,115,E/F A RESIDENCIA. PROX. A CAIXA E ECONOMICA DE CASA AMARELA,CASA AMARELA,,,COLISÃO,SEM VÍTIMAS,1,,,,,,1,,,0,,,,,,,,,,,,,,
2018-06-18,11:50:00,SEM VÍTIMA,FINALIZADA,BOA VIAGEM,AV ENGENHEIRO DOMINGOS FERREIRA,2001,,PROX. AO RESTAURANTE MACUNAIMA,AV ENGENHEIRO DOMINGOS FERREIRA,2001,PROX. AO RESTAURANTE MACUNAIMA,BOA VIAGEM,,,ENGAVETAMENTO,TRES AUTOS,3,,,,,,,,,0,,,,,,,,,,,,,,
2018-06-18,12:06:00,SEM VÍTIMA,FINALIZADA,SÃO JOSÉ,RUA DA CONCORDIA,,RUA DO PEIXOTO,COM RUA DO PEIXOTO NO SEMÁFORO 182,RUA DA CONCORDIA,,COM RUA DO PEIXOTO NO SEMÁFORO 182,SÃO JOSÉ,,,COLISÃO,COLISÃO SEM VÍTIMA,,1,,,,1,,,,0,,,,,,,,,,,,,,
2018-06-18,12:47:00,SEM VÍTIMA,FINALIZADA,ENGENHO DO MEIO,RUA PROFESSOR JOAQUIM XAVIER DE BRITO,,RUA OCIDENTAL,COM A RUA OCIDENTAL  EM FRENTE A JC CONSTRUÇÕES,RUA PROFESSOR JOAQUIM XAVIER DE BRITO,,COM A RUA OCIDENTAL  EM FRENTE A JC CONSTRUÇÕES,ENGENHO DO MEIO,,,COLISÃO,DOIS AUTOS,2,,,,,,,,,0,,,,,,,,,,,,,,
2018-06-18,12:57:00,SEM VÍTIMA,CANCELADA,IPUTINGA,RUA MAURICIO DE NASSAU,,,E/F A FUNDAÇÃO ALTINO VENTURA,RUA MAURICIO DE NASSAU,,E/F A FUNDAÇÃO ALTINO VENTURA,IPUTINGA,,,COLISÃO,COLISAO ENTRE MOTO E AUTO S/V,1,1,,,,,,,,0,,,,,,,,,,,,,,
2018-06-18,13:14:00,SEM VÍTIMA,FINALIZADA,VÁRZEA,RUA GENERAL POLIDORO,,AV PROFESSOR ARTUR DE SA,NO GIRADOURO E/F AO POSTO BR,RUA GENERAL POLIDORO,,NO GIRADOURO E/F AO POSTO BR,VÁRZEA,,,COLISÃO,COLISAO ENTRE DOIS AUTOS S/V,2,,,,,,,,,0,,,,,,,,,,,,,,
2018-06-18,13:48:00,SEM VÍTIMA,FINALIZADA,IPSEP,RUA IRAPUA,303,,PROX AO RESTAURANTE DO PEDRO E/F AO EDF CONDOMIO AGAMENON MAGALHES,RUA IRAPUA,303,PROX AO RESTAURANTE DO PEDRO E/F AO EDF CONDOMIO AGAMENON MAGALHES,IPSEP,,,COLISÃO,COLISAO ENTRE DOIS AUTOS S/V,2,,,,,,,,,0,,,,,,,,,,,,,,
2018-06-18,14:13:00,COM VÍTIMA,FINALIZADA,NOVA DESCOBERTA,RUA ALTO DO REFUGIO,65,,PROXIMO AO LAVA JATO DE MANI,RUA ALTO DO REFUGIO,65,PROXIMO AO LAVA JATO DE MANI,NOVA DESCOBERTA,,,COLISÃO,COLISÃO COM VÍTIMA,1,1,,,,,,,,1,,,,,,,,,,,,,,
2018-06-18,14:19:00,SEM VÍTIMA,CANCELADA,BOA VISTA,PRC PARQUE AMORIM,,,PROX AO WALMART PISTA LOCAL S/T OLINDA,PRC PARQUE AMORIM,,PROX AO WALMART PISTA LOCAL S/T OLINDA,BOA VISTA,,,COLISÃO,CLISAO ENTRE TAXI E AUTO S/V,2,,,,,,,,,0,,,,,,,,,,,,,,
2018-06-18,14:40:00,SEM VÍTIMA,FINALIZADA,SÃO JOSÉ,TRV DO BANDEIRA,536,,ANTES DO IMIP PROX AO PONTILHAO DO METRO,TRV DO BANDEIRA,536,ANTES DO IMIP PROX AO PONTILHAO DO METRO,SÃO JOSÉ,,,COLISÃO,COLISAO ENTRE DOIS AUTOS S/V,2,,,,,,,,,0,,,,,,,,,,,,,,
2018-06-18,15:19:00,SEM VÍTIMA,FINALIZADA,ILHA DO LEITE,RUA ESTADO DE ISRAEL,,,EM FRENTE AO CAFE SAO BRAZ  PROX. HOSPITAL ILHA DO LEITE,RUA ESTADO DE ISRAEL,,EM FRENTE AO CAFE SAO BRAZ  PROX. HOSPITAL ILHA DO LEITE,ILHA DO LEITE,,,COLISÃO,DOIS AUTOS,2,,,,,,,,,0,,,,,,,,,,,,,,
2018-06-18,15:56:00,SEM VÍTIMA,FINALIZADA,ESPINHEIRO,RUA QUARENTA E OITO,489,,EM FRENTE A BODEGA SERTANEJA,RUA QUARENTA E OITO,489,EM FRENTE A BODEGA SERTANEJA,ESPINHEIRO,,,COLISÃO,COLISÃO SEM VÍTIMA,2,,,,,,,,,0,,,,,,,,,,,,,,
2018-06-18,16:10:00,SEM VÍTIMA,FINALIZADA,TAMARINEIRA,AV RUI BARBOSA,,,AO LADO DO HOSPITAL MARIA LUCINDA,AV RUI BARBOSA,,AO LADO DO HOSPITAL MARIA LUCINDA,TAMARINEIRA,,,COLISÃO,COLISÃO SEM VÍTIMA,3,,,,,,,,,0,,,,,,,,,,,,,,
2018-06-18,16:27:00,SEM VÍTIMA,CANCELADA,GRAÇAS,AV RUI BARBOSA,901,,EM FRENTE A HABIB´S,AV RUI BARBOSA,901,EM FRENTE A HABIB´S,GRAÇAS,,,COLISÃO,ONIBUS E AUTO,1,,,,,1,,,,0,,,,,,,,,,,,,,
2018-06-18,16:29:00,SEM VÍTIMA,FINALIZADA,AREIAS,RUA ERNESTO NAZARETH,540,,E/F AO BODE DOIS IRMAOS E AO CONDOMINIO IGNEZ ANDREAZZA,RUA ERNESTO NAZARETH,540,E/F AO BODE DOIS IRMAOS E AO CONDOMINIO IGNEZ ANDREAZZA,AREIAS,,,COLISÃO,COLISAO ENTRE AUTO E VAN ESCOLAR S/V,2,,,,,,,,,0,,,,,,,,,,,,,,