data,hora,natureza_acidente,situacao,bairro,endereco,numero,detalhe_endereco_acidente,complemento,endereco_cruzamento,numero_cruzamento,referencia_cruzamento,bairro_cruzamento,num_semaforo,sentido_via,tipo,descricao,auto,moto,ciclom,ciclista,pedestre,onibus,caminhao,viatura,outros,vitimas,vitimasfatais,acidente_verificado,tempo_clima,situacao_semaforo,sinalizacao,condicao_via,conservacao_via,ponto_controle,situacao_placa,velocidade_max_via,mao_direcao,divisao_via1,divisao_via2,divisao_via3
2018-06-18,16:32:00,SEM VÍTIMA,FINALIZADA,BOA VIAGEM,RUA VISCONDE DE JEQUITINHONHA,,,PROX. A LOCALIZA,RUA VISCONDE DE JEQUITINHONHA,,PROX. A LOCALIZA,BOA VIAGEM,,,COLISÃO,MOTO E AUTO BATEDORES LUIZ FABIO E KELVIN NO LOCAL,1,1,,,,,,,,0,,,,,,,,,,,,,,
2018-06-18,16:40:00,SEM VÍTIMA,FINALIZADA,PINA,AV HERCULANO BANDEIRA,637,,PROX. A HALULI COLCHÕES E VICENTE AUTO PEÇAS,AV HERCULANO BANDEIRA,637,PROX. A HALULI COLCHÕES E VICENTE AUTO PEÇAS,PINA,,,COLISÃO,DOIS AUTOS,2,,,,,,,,,0,,,,,,,,,,,,,,
2018-06-18,16:40:00,SEM VÍTIMA,FINALIZADA,IMBIRIBEIRA,AV MARECHAL MASCARENHAS DE MORAES,161,,NO FINAL DO MURO DO AEROPORTO S/T PRAZERES E/F A PREMIER ALIMENTOS,AV MARECHAL MASCARENHAS DE MORAES,161,NO FINAL DO MURO DO AEROPORTO S/T PRAZERES E/F A PREMIER ALIMENTOS,IMBIRIBEIRA,,,COLISÃO,COLISAO ENTRE CAMINHAO BAU E AUTO S/V,1,,,,,,1,,,0,,,,,,,,,,,,,,
2018-06-18,16:49:00,COM VÍTIMA,FINALIZADA,BOA VIAGEM,AV ENGENHEIRO DOMINGOS FERREIRA,1500,,EM FRENTE AO SPETTUS,AV ENGENHEIRO DOMINGOS FERREIRA,1500,EM FRENTE AO SPETTUS,BOA VIAGEM,,,COLISÃO,COLISÃO COM VÍTIMA,1,1,,,,,,,,1,,,,,,,,,,,,,,
2018-06-18,17:41:00,SEM VÍTIMA,FINALIZADA,VASCO DA GAMA,1TR ALTO DO EUCALIPTO,277,,PROXIMO DO CAMPO ALTO DO EUCALIPITO,1TR ALTO DO EUCALIPTO,277,PROXIMO DO CAMPO ALTO DO EUCALIPITO,VASCO DA GAMA,,,COLISÃO,AUTO PASSEIO/ONIBUS S/V,1,,,,,1,,,,0,,,,,,,,,,,,,,
2018-06-18,18:02:00,SEM VÍTIMA,FINALIZADA,CAÇOTE,AV RECIFE,,,EM FRENTE A DIRETORIA DE LIMPEZA URBANA/SENTIDO BOA VIAGEM,AV RECIFE,,EM FRENTE A DIRETORIA DE LIMPEZA URBANA/SENTIDO BOA VIAGEM,CAÇOTE,,,COLISÃO,UM AUTO E UM CAMINHAO S/V,1,,,,,,1,,,0,,,,,,,,,,,,,,
2018-06-18,18:17:00,COM VÍTIMA,FINALIZADA,ARRUDA,AV PROFESSOR JOSE DOS ANJOS,1259,RUA DA REGENERACAO,ESQUINA COM A RUA DA REGENERACAO BEIRANDO O CANAL,AV PROFESSOR JOSE DOS ANJOS,1259,ESQUINA COM A RUA DA REGENERACAO BEIRANDO O CANAL,ARRUDA,,,COLISÃO,SANDERO X MOTO,1,1,,,,,,,,1,,,,,,,,,,,,,,
2018-06-18,18:25:00,SEM VÍTIMA,FINALIZADA,IMBIRIBEIRA,RUA ITACARI,317,RUA CACHOEIRA,ENF A SUCHI ARTE E CRUZAMENTO COM A RUA CACHOEIRA,RUA ITACARI,317,ENF A SUCHI ARTE E CRUZAMENTO COM A RUA CACHOEIRA,IMBIRIBEIRA,,,COLISÃO,DOIS AUTO,2,,,,,,,,,0,,,,,,,,,,,,,,
2018-06-18,19:15:00,SEM VÍTIMA,FINALIZADA,BONGI,RUA ESCRITOR ALEXANDRE NEPTUNO,270,,AO LADO DA B FORTE/ANTIGA ITAPEMIRIM,RUA ESCRITOR ALEXANDRE NEPTUNO,270,AO LADO DA B FORTE/ANTIGA ITAPEMIRIM,BONGI,,,CHOQUE,CAMINHAO DERRUBOU UM POSTE E OS FIOS ESTAO PENDURADOS,,,,,,,1,,,0,,,,,,,,,,,,,,
2018-06-18,20:21:00,SEM VÍTIMA,FINALIZADA,ESPINHEIRO,RUA QUARENTA E OITO,,,SEMAFORO 011/ENTRE A RUA 48 E A CONSELHEIRO PORTELA,RUA QUARENTA E OITO,,SEMAFORO 011/ENTRE A RUA 48 E A CONSELHEIRO PORTELA,ESPINHEIRO,,,COLISÃO,ONIBUS E AUTO S/V,1,,,,,1,,,,0,,,,,,,,,,,,,,
2018-06-19,06:42:00,SEM VÍTIMA,FINALIZADA,BOA VIAGEM,RUA ERNESTO DE PAULA SANTOS,960,,EM FRENTE AO POSTO DE GASOLINA SETA,RUA ERNESTO DE PAULA SANTOS,960,EM FRENTE AO POSTO DE GASOLINA SETA,BOA VIAGEM,,,COLISÃO,DOIS AUTOS,2,,,,,,,,,0,,,,,,,,,,,,,,
2018-06-19,07:42:00,SEM VÍTIMA,FINALIZADA,DERBY,AV GOVERNADOR AGAMENON MAGALHAES,,,EM FRENTE AO AMERICANO BATISTA SENTIDO OLINDA,AV GOVERNADOR AGAMENON MAGALHAES,,EM FRENTE AO AMERICANO BATISTA SENTIDO OLINDA,DERBY,,,COLISÃO,SEM VITIMAS CTTU NO LOCAL GCM RODRIGO DIAS PONTO FIXO NO LOCAL,2,,,,,,,,,0,,,,,,,,,,,,,,
2018-06-19,07:56:00,SEM VÍTIMA,FINALIZADA,AREIAS,AV IZABEL DE GOES,,,AO LADO DO MAKRO,AV IZABEL DE GOES,,AO LADO DO MAKRO,AREIAS,,,COLISÃO,CAMINHÃO E AUTO,1,,,,,,1,,,0,,,,,,,,,,,,,,
2018-06-19,08:05:00,SEM VÍTIMA,FINALIZADA,BOA VIAGEM,RUA BRUNO VELOSO,,,EM FRENTE AO POSTO DE GASOLINA BR  NO SEMAFORO 335,RUA BRUNO VELOSO,,EM FRENTE AO POSTO DE GASOLINA BR  NO SEMAFORO 335,BOA VIAGEM,,,COLISÃO,DOIS AUTOS,2,,,,,,,,,0,,,,,,,,,,,,,,
2018-06-19,08:07:00,SEM VÍTIMA,FINALIZADA,SAN MARTIN,RUA ARSENIO CALACA,310,,E/F A GALERIA,RUA ARSENIO CALACA,310,E/F A GALERIA,SAN MARTIN,,,COLISÃO,SEM VÍTIMA,2,,,,,,,,,0,,,,,,,,,,,,,,
2018-06-19,08:07:00,SEM VÍTIMA,FINALIZADA,IMBIRIBEIRA,RUA ENGENHEIRO JOSE BRANDAO CAVALCANTE,265,RUA ARQUITETO LUIZ NUNES,TRANSVERSAL COM A RUA ARQUITETO LUIZ NUNES EM FRENTE AO CONDOMINIO DELGAR DERE,RUA ENGENHEIRO JOSE BRANDAO CAVALCANTE,265,TRANSVERSAL COM A RUA ARQUITETO LUIZ NUNES EM FRENTE AO CONDOMINIO DELGAR DERE,IMBIRIBEIRA,,,COLISÃO,COLISÃO SEM VITIMAS,2,,,,,,,,,0,,,,,,,,,,,,,,
2018-06-19,08:39:00,SEM VÍTIMA,FINALIZADA,GUABIRABA,AV DA RECUPERACAO,10,,SENTIDO BR EM FRENTE AO ANTIGO MOTEL SHELTON,AV DA RECUPERACAO,10,SENTIDO BR EM FRENTE AO ANTIGO MOTEL SHELTON,GUABIRABA,,,COLISÃO,COLISÃO SEM VITIMAS,1,,,,,,1,,,0,,,,,,,,,,,,,,
2018-06-19,08:42:00,SEM VÍTIMA,CANCELADA,BOA VISTA,PRC PARQUE AMORIM,645,,E/F A RABELOS ADVOGADOS,PRC PARQUE AMORIM,645,E/F A RABELOS ADVOGADOS,BOA VISTA,,,COLISÃO,SEM VÍTIMAS,2,,,,,,,,,0,,,,,,,,,,,,,,
2018-06-19,09:30:00,SEM VÍTIMA,FINALIZADA,MADALENA,AV ENGENHEIRO ABDIAS DE CARVALHO,,,SEMAFORO 132 EM FRENTE DA EUROVIA  SENT/CIDADE,AV ENGENHEIRO ABDIAS DE CARVALHO,,SEMAFORO 132 EM FRENTE DA EUROVIA  SENT/CIDADE,MADALENA,,,COLISÃO,SEM VITIMAS.,3,,,,,,,,,0,,,,,,,,,,,,,,
2018-06-19,10:11:00,SEM VÍTIMA,CANCELADA,MADALENA,RUA JAPECANGA,,,APÓS O TÚNEL.  SENTIDO AFOGADOS,RUA JAPECANGA,,APÓS O TÚNEL.  SENTIDO AFOGADOS,MADALENA,,,COLISÃO,SEM VÍTIMAS,2,,,,,,,,,0,,,,,,,,,,,,,,
2018-06-19,10:13:00,SEM VÍTIMA,CANCELADA,CASA AMARELA,RUA MANDACARU,485,,EM FRENTE AO DEPOSITO PESSOA GAS,RUA MANDACARU,485,EM FRENTE AO DEPOSITO PESSOA GAS,CASA AMARELA,,,COLISÃO,DOIS AUTOS VT- 07  GM NO LOCAL,2,,,,,,,,,0,,,,,,,,,,,,,,
2018-06-19,12:03:00,COM VÍTIMA,FINALIZADA,BOA VIAGEM,AV BOA VIAGEM,4700,,APOS A PRACINHA DE BOA VIAGEM,AV BOA VIAGEM,4700,APOS A PRACINHA DE BOA VIAGEM,BOA VIAGEM,,,COLISÃO,COLISAO ENTRE AUTO E MOTO COM UMA VITIMA,1,1,,,,,,,,1,,,,,,,,,,,,,,
2018-06-19,12:13:00,COM VÍTIMA,FINALIZADA,BOA VIAGEM,AV DOM JOAO VI,,,ANTES DO TUNEL/ SENTIDO PIEDADE,AV DOM JOAO VI,,ANTES DO TUNEL/ SENTIDO PIEDADE,BOA VIAGEM,,,COLISÃO,COLISÃO SEM VÍTIMA,3,,,,,,,,,1,,,,,,,,,,,,,,
2018-06-19,12:32:00,SEM VÍTIMA,FINALIZADA,CASA AMARELA,RUA BELA VISTA,343,,NA RUA DA PIZZARIA CANDELLABRO,RUA BELA VISTA,343,NA RUA DA PIZZARIA CANDELLABRO,CASA AMARELA,,,COLISÃO,COLISAOP ENTRE DOIS AUTOS S/V,2,,,,,,,,,0,,,,,,,,,,,,,,
2018-06-19,13:10:00,SEM VÍTIMA,FINALIZADA,IMBIRIBEIRA,AV MARECHAL MASCARENHAS DE MORAES,1482,,EM FRENTE A LASER ELETRO  SENTIDO AEROPORTO,AV MARECHAL MASCARENHAS DE MORAES,1482,EM FRENTE A LASER ELETRO  SENTIDO AEROPORTO,IMBIRIBEIRA,,,COLISÃO,DOIS AUTOS S/V,,,,,,,,,,0,,,,,,,,,,,,,,
2018-06-19,14:18:00,SEM VÍTIMA,FINALIZADA,PINA,AV ANTONIO DE GOES,,,EM FRENTE A SAEL  EM FRENTE A PRF,AV ANTONIO DE GOES,,EM FRENTE A SAEL  EM FRENTE A PRF,PINA,,,COLISÃO,AUTO E ONIBUS ,1,,,,,1,,,,0,,,,,,,,,,,,,,
2018-06-19,14:51:00,SEM VÍTIMA,FINALIZADA,TORRE,RUA MARCOS ANDRE,,AV BEIRA RIO,COM A VENIDA BEIRA RIO,RUA MARCOS ANDRE,,COM A VENIDA BEIRA RIO,TORRE,,,COLISÃO,COLISÃO AUTO E VT PM,2,,,,,,,,,0,,,,,,,,,,,,,,
2018-06-19,15:12:00,SEM VÍTIMA,FINALIZADA,TORRÕES,EST DO FORTE DO ARRAIAL N. DO B. JESUS,263,,PROX AO RESTAURANTE YOKI,EST DO FORTE DO ARRAIAL N. DO B. JESUS,263,PROX AO RESTAURANTE YOKI,TORRÕES,,,COLISÃO,COLISAO ENTRE AUTO E TAXI S/V,2,,,,,,,,,0,,,,,,,,,,,,,,
2018-06-19,17:26:00,SEM VÍTIMA,CANCELADA,IMBIRIBEIRA,AV PRESIDENTE DUTRA,298,,PROX AO VIADUTO TANCREDO NEVES E/F MV EMPRESARIAL S/T SUB,AV PRESIDENTE DUTRA,298,PROX AO VIADUTO TANCREDO NEVES E/F MV EMPRESARIAL S/T SUB,IMBIRIBEIRA,,,COLISÃO,COLISAO ENTRE AUTO E MOTO S/V,1,1,,,,,,,,0,,,,,,,,,,,,,,
2018-06-19,17:57:00,SEM VÍTIMA,FINALIZADA,PINA,AV ANTONIO DE GOES,,,SEMÁFORO 538 - CRUZANDO A RUA JOSÉ MARIANO FILHO,AV ANTONIO DE GOES,,SEMÁFORO 538 - CRUZANDO A RUA JOSÉ MARIANO FILHO,PINA,,,COLISÃO,ENTRE 2 AUTOS. S/V,2,,,,,,,,,0,,,,,,,,,,,,,,
2018-06-19,18:48:00,SEM VÍTIMA,FINALIZADA,AFOGADOS,RUA SAO MIGUEL,1401,,E/F AO BODE DO NÔ,RUA SAO MIGUEL,1401,E/F AO BODE DO NÔ,AFOGADOS,,,COLISÃO,ENTRE 2 AUTOS. S/V,2,,,,,,,,,0,,,,,,,,,,,,,,
2018-06-19,19:02:00,SEM VÍTIMA,FINALIZADA,PINA,AV ANTONIO DE GOES,,,PROX AO POSTO FEDERAL E ENF AO EDF JPCM,AV ANTONIO DE GOES,,PROX AO POSTO FEDERAL E ENF AO EDF JPCM,PINA,,,COLISÃO,DUAS MOTOS,,2,,,,,,,,0,,,,,,,,,,,,,,
2018-06-19,19:35:00,COM VÍTIMA,CANCELADA,PARNAMIRIM,RUA GOMES COUTINHO,145,,PROX AO CRUZAMENTO DA AV NORTE E POSTO PETROBRAS,RUA GOMES COUTINHO,145,PROX AO CRUZAMENTO DA AV NORTE E POSTO PETROBRAS,PARNAMIRIM,,,COLISÃO,MOTO X AUTO,1,1,,,,,,,,1,,,,,,,,,,,,,,
2018-06-19,19:39:00,SEM VÍTIMA,CANCELADA,IPSEP,RUA JEAN EMILE FAVRE,242,RUA ARQUITETO LUIZ NUNES,CRUZANDO A R ARQUITETO LUIZ NUNES / ESQUINA COM A FACULDADE BV / E/F A PRO PESCADO,RUA JEAN EMILE FAVRE,242,CRUZANDO A R ARQUITETO LUIZ NUNES / ESQUINA COM A FACULDADE BV / E/F A PRO PESCADO,IPSEP,,,COLISÃO,ENTRE AUTO E CAMINHÃO. S/V,1,,,,,,1,,,0,,,,,,,,,,,,,,
2018-06-19,19:51:00,COM VÍTIMA,CANCELADA,SAN MARTIN,RUA COMENDADOR FRANCO FERREIRA,,,AO LADO DA CAVALARIA SEMAFORO 326,RUA COMENDADOR FRANCO FERREIRA,,AO LADO DA CAVALARIA SEMAFORO 326,SAN MARTIN,,,COLISÃO,AUTO E MOTO,1,1,,,,,,,,2,,,,,,,,,,,,,,
2018-06-19,19:53:00,SEM VÍTIMA,FINALIZADA,CAMPO GRANDE,EST DE BELEM,,RUA PAULO DE ARRUDA,CRUZ COM A R PAULO DE ARRUDA  DE ESQUINA COM O POSTO TOTAL / PROXIMIDADES DA SUBWAY,EST DE BELEM,,CRUZ COM A R PAULO DE ARRUDA  DE ESQUINA COM O POSTO TOTAL / PROXIMIDADES DA SUBWAY,CAMPO GRANDE,,,COLISÃO,ENTRE AUTO E MOTO. S/V,1,1,,,,,,,,0,,,,,,,,,,,,,,
2018-06-19,20:33:00,SEM VÍTIMA,FINALIZADA,SAN MARTIN,AV ENGENHEIRO ABDIAS DE CARVALHO,1991,AV GEN SAN MARTIN,CRUZAMENTO COM A AV GEN. SAN MARTIN,AV ENGENHEIRO ABDIAS DE CARVALHO,1991,CRUZAMENTO COM A AV GEN. SAN MARTIN,SAN MARTIN,,,COLISÃO,DOIS AUTO,2,,,,,,,,,0,,,,,,,,,,,,,,
2018-06-19,20:43:00,SEM VÍTIMA,FINALIZADA,CASA AMARELA,EST DO ARRAIAL,,,E/F AO SÍTIO DA TRINDADE,EST DO ARRAIAL,,E/F AO SÍTIO DA TRINDADE,CASA AMARELA,,,COLISÃO,ENTRE 2 AUTOS. S/V,2,,,,,,,,,0,,,,,,,,,,,,,,
2018-06-19,20:47:00,SEM VÍTIMA,FINALIZADA,SANCHO,AV LIBERDADE,280,,PROX AO RESIDENCIAL LIBERDADE E SUPERMERCADO SUPRIMAIS,AV LIBERDADE,280,PROX AO RESIDENCIAL LIBERDADE E SUPERMERCADO SUPRIMAIS,SANCHO,,,COLISÃO,AUTO E MOTO,1,1,,,,,,,,0,,,,,,,,,,,,,,
2018-06-19,21:34:00,SEM VÍTIMA,FINALIZADA,JIQUIÁ,RUA SAO MIGUEL,2117,,ENF A VILA KIDS E POSTO IPIRANGA ANTES DA PONTE DE JIQUIA,RUA SAO MIGUEL,2117,ENF A VILA KIDS E POSTO IPIRANGA ANTES DA PONTE DE JIQUIA,JIQUIÁ,,,COLISÃO,DOIS AUTO,2,,,,,,,,,0,,,,,,,,,,,,,,
2018-06-20,01:38:00,COM VÍTIMA,FINALIZADA,IMBIRIBEIRA,AV MARECHAL MASCARENHAS DE MORAES,,,PRÓX A UNIVERSO  SENTIDO AFOGADOS,AV MARECHAL MASCARENHAS DE MORAES,,PRÓX A UNIVERSO  SENTIDO AFOGADOS,IMBIRIBEIRA,,,CHOQUE,VEÍCULO CHOCOU-SE CONTRA UM POSTE. C/V,1,,,,,,,,,1,,,,,,,,,,,,,,
2018-06-20,07:42:00,SEM VÍTIMA,CANCELADA,IMBIRIBEIRA,RUA PAMPULHA,159,,EM FRENTE A PADARIA VALE DO RIO DOCE,RUA PAMPULHA,159,EM FRENTE A PADARIA VALE DO RIO DOCE,IMBIRIBEIRA,,,COLISÃO,SEM VITIMAS,1,1,,,,,,,,0,,,,,,,,,,,,,,
2018-06-20,08:01:00,SEM VÍTIMA,FINALIZADA,SANTO AMARO,AV NORTE,,,EM BAIXO DO SEMAFORO 243,AV NORTE,,EM BAIXO DO SEMAFORO 243,SANTO AMARO,,,COLISÃO,COLISÃO SEM VITIMAS,1,1,,,,,,,,0,,,,,,,,,,,,,,
2018-06-20,08:19:00,COM VÍTIMA,FINALIZADA,IBURA,AV DOIS RIOS,84,,EM FRENTE AO LABORATORIO GILSON CIDRIN,AV DOIS RIOS,84,EM FRENTE AO LABORATORIO GILSON CIDRIN,IBURA,,,COLISÃO,MOTO E AUTO,1,1,,,,,,,,2,,,,,,,,,,,,,,
2018-06-20,08:33:00,,CANCELADA,CABANGA,VIADUTO CAPITAO TEMUDO,,,ENTRADA DE VIA DE ACESSO AV SUL - SENTIDO SUBURBIO,VIADUTO CAPITAO TEMUDO,,ENTRADA DE VIA DE ACESSO AV SUL - SENTIDO SUBURBIO,CABANGA,,,CHOQUE,CONDUTOR CHOCOU-SE COM A MURETA VINDO A TOMBAR O VEÍCULO,1,,,,,,,,,0,,,,,,,,,,,,,,
2018-06-20,08:33:00,SEM VÍTIMA,FINALIZADA,CABANGA,VIADUTO CAPITAO TEMUDO,,,SEGUNDA ALÇA DO VIADUTO CAPITÃO TEMUDO SENT/PINA,VIADUTO CAPITAO TEMUDO,,SEGUNDA ALÇA DO VIADUTO CAPITÃO TEMUDO SENT/PINA,CABANGA,,,CHOQUE,SEM VITIMAS BATEDORES SALES E PIETRO NO LOCAL,1,,,,,,,,,0,,,,,,,,,,,,,,
2018-06-20,08:34:00,SEM VÍTIMA,CANCELADA,AFOGADOS,RUA MOTOCOLOMBO,97,,E/F AO BANCO SANTANDER  SENTIDO MASCARENHAS.,RUA MOTOCOLOMBO,97,E/F AO BANCO SANTANDER  SENTIDO MASCARENHAS.,AFOGADOS,,,COLISÃO,SEM VÍTIMAS,2,,,,,,,,,0,,,,,,,,,,,,,,
2018-06-20,08:54:00,SEM VÍTIMA,FINALIZADA,ESTÂNCIA,AV RECIFE,,,EM FRENTE A JF VEÍCULOS SENT/BOA VIAGEMAPÓS O CAFE ROYAL 100 METROS,AV RECIFE,,EM FRENTE A JF VEÍCULOS SENT/BOA VIAGEMAPÓS O CAFE ROYAL 100 METROS,ESTÂNCIA,,,COLISÃO,SEM VITIMAS,,,,,,,2,,,0,,,,,,,,,,,,,,
2018-06-20,08:55:00,SEM VÍTIMA,FINALIZADA,TEJIPIÓ,AV DR JOSE RUFINO,,,SEMÁFORO 434  AO LADO DA ESTAÇÃO TEJIPIÓ E/F AO POSTO IPIRANGA,AV DR JOSE RUFINO,,SEMÁFORO 434  AO LADO DA ESTAÇÃO TEJIPIÓ E/F AO POSTO IPIRANGA,TEJIPIÓ,,,COLISÃO,SEM VÍTIMAS,1,,,,,1,,,,0,,,,,,,,,,,,,,
2018-06-20,09:14:00,SEM VÍTIMA,FINALIZADA,GRAÇAS,RUA DO FUTURO,628,,E/F A FISIOTRAUMA,RUA DO FUTURO,628,E/F A FISIOTRAUMA,GRAÇAS,,,COLISÃO,SEM VÍTIMAS,2,,,,,,,,,0,,,,,,,,,,,,,,
2018-06-20,09:43:00,SEM VÍTIMA,FINALIZADA,JARDIM SÃO PAULO,AV LIBERDADE,,,EM FRENTE AS TRES TORRES,AV LIBERDADE,,EM FRENTE AS TRES TORRES,JARDIM SÃO PAULO,,,COLISÃO,ONIBUS E CAMIHONETE / GM NO QTH,1,,,,,1,,,,0,,,,,,,,,,,,,,
2018-06-20,09:54:00,SEM VÍTIMA,FINALIZADA,CASA AMARELA,AV NORTE,5010,,EM FRENTE LOJA DA HONDA,AV NORTE,5010,EM FRENTE LOJA DA HONDA,CASA AMARELA,,,COLISÃO,SEM VITIMAS VT 07 DA CTTU NO LOCAL,3,,,,,,,,,0,,,,,,,,,,,,,,
2018-06-20,09:58:00,SEM VÍTIMA,FINALIZADA,SAN MARTIN,AV GENERAL SAN MARTIN,,,E/F AO POSTO TOTAL  SEMÁFORO 067. NA FAIXA DA DIREITA,AV GENERAL SAN MARTIN,,E/F AO POSTO TOTAL  SEMÁFORO 067. NA FAIXA DA DIREITA,SAN MARTIN,,,COLISÃO,SEM VÍTIMAS,1,,,,,,1,,,0,,,,,,,,,,,,,,
2018-06-20,10:10:00,COM VÍTIMA,FINALIZADA,ESPINHEIRO,RUA QUARENTA E OITO,443,,,RUA QUARENTA E OITO,443,,ESPINHEIRO,,,CHOQUE,ÔNIBUS CHOCOU COM UMA PLACA E AMESMA ATINGIU O RESPONSÁVEL POR UMA OBRA QUE OCORRE NO QTH  EQUIPE DA CCTU NO LOCAL,,,,,,1,,,,1,,,,,,,,,,,,,,
2018-06-20,10:30:00,COM VÍTIMA,FINALIZADA,BOA VIAGEM,AV PRESIDENTE DUTRA,,,DESCIDA DO VIADUTO TANCREDO NEVES,AV PRESIDENTE DUTRA,,DESCIDA DO VIADUTO TANCREDO NEVES,BOA VIAGEM,,,COLISÃO,4 VÍTIMAS,1,,,,,2,,,,4,,,,,,,,,,,,,,
2018-06-20,10:32:00,SEM VÍTIMA,FINALIZADA,ILHA DO RETIRO,AV BEIRA RIO,,,EM FRENTE AO CLUBE DE REMO DO SPORT,AV BEIRA RIO,,EM FRENTE AO CLUBE DE REMO DO SPORT,ILHA DO RETIRO,,,COLISÃO,SEM VITIMAS,3,,,,,,,,,0,,,,,,,,,,,,,,
2018-06-20,10:56:00,SEM VÍTIMA,CANCELADA,IPSEP,RUA JEAN EMILE FAVRE,,,EM FRENTE A FACULDADE BOA VIAGEM PRAÇA DA MAURICEA,RUA JEAN EMILE FAVRE,,EM FRENTE A FACULDADE BOA VIAGEM PRAÇA DA MAURICEA,IPSEP,,,COLISÃO,COM SEM VITIMA,1,1,,,,,,,,0,,,,,,,,,,,,,,
2018-06-20,11:03:00,SEM VÍTIMA,FINALIZADA,IMBIRIBEIRA,AV MARECHAL MASCARENHAS DE MORAES,,,SENT SUB / PE DO VIADUTO,AV MARECHAL MASCARENHAS DE MORAES,,SENT SUB / PE DO VIADUTO,IMBIRIBEIRA,,,COLISÃO,CAMINHAO E AUTO,1,,,,,,1,,,0,,,,,,,,,,,,,,
2018-06-20,12:08:00,SEM VÍTIMA,FINALIZADA,ENCRUZILHADA,AV NORTE,1795,,EM FRENTE A CARLOS EQUIPADORA/ SENTIDO CIDADE,AV NORTE,1795,EM FRENTE A CARLOS EQUIPADORA/ SENTIDO CIDADE,ENCRUZILHADA,,,COLISÃO,COLISÃO SEM VÍTIMA,2,,,,,,,,,0,,,,,,,,,,,,,,
2018-06-20,12:10:00,SEM VÍTIMA,FINALIZADA,BOA VIAGEM,AV CONSELHEIRO AGUIAR,2052,,ENTRE O BANCO SANTANDER E A CAIXA ECONOMICA,AV CONSELHEIRO AGUIAR,2052,ENTRE O BANCO SANTANDER E A CAIXA ECONOMICA,BOA VIAGEM,,,COLISÃO,COLISAO ENTRE TRES AUTO E UMA MOTO S/V,3,1,,,,,,,,0,,,,,,,,,,,,,,
2018-06-20,12:20:00,COM VÍTIMA,FINALIZADA,AREIAS,AV RECIFE,,,E/F A PIZZARIA ATLANTICO S/T CID SUB NO SEMAFORO 617,AV RECIFE,,E/F A PIZZARIA ATLANTICO S/T CID SUB NO SEMAFORO 617,AREIAS,,,COLISÃO,COLISAO ENTRE QUATRO AUTOS E DOIS CAMINHOES,4,,,,,,2,,,1,,,,,,,,,,,,,,
2018-06-20,12:38:00,SEM VÍTIMA,FINALIZADA,IMBIRIBEIRA,AV MARECHAL MASCARENHAS DE MORAES,1472,,EM FRENTE A LOJA ENCRUZILHADA PNEUS/ SENTIDO CIDADE,AV MARECHAL MASCARENHAS DE MORAES,1472,EM FRENTE A LOJA ENCRUZILHADA PNEUS/ SENTIDO CIDADE,IMBIRIBEIRA,,,COLISÃO,COLISÃO SEM VÍTIMA,1,,,,,,1,,,0,,,,,,,,,,,,,,
2018-06-20,13:18:00,SEM VÍTIMA,CANCELADA,ZUMBI,RUA FREI TEOFILO DE VIRGOLETTA,196,AV CAXANGA,CRUZAMENTO COM A AV. CAXANGA,RUA FREI TEOFILO DE VIRGOLETTA,196,CRUZAMENTO COM A AV. CAXANGA,ZUMBI,,,COLISÃO,COLISÃO SEM VÍTIMA,1,1,,,,,,,,0,,,,,,,,,,,,,,
2018-06-20,13:18:00,SEM VÍTIMA,FINALIZADA,SANTO AMARO,RUA FREI CASSIMIRO,161,,PROX AO SINPOL CIVIS PE,RUA FREI CASSIMIRO,161,PROX AO SINPOL CIVIS PE,SANTO AMARO,,,COLISÃO,COLISAO ENTRE DOIS AUTOS S/V,2,,,,,,,,,0,,,,,,,,,,,,,,
2018-06-20,13:26:00,SEM VÍTIMA,FINALIZADA,PINA,AV ANTONIO DE GOES,,,E/F A CENTRAL DAS RODAS,AV ANTONIO DE GOES,,E/F A CENTRAL DAS RODAS,PINA,,,COLISÃO,COLISAO ENTRE ONIBUS E AUTO S/V,,1,,,,1,,,,0,,,,,,,,,,,,,,
2018-06-20,14:41:00,SEM VÍTIMA,FINALIZADA,SÃO JOSÉ,AV DANTAS BARRETO,1063,,AO LADO DOS CAMELODROMO,AV DANTAS BARRETO,1063,AO LADO DOS CAMELODROMO,SÃO JOSÉ,,,COLISÃO,COLISAO ENTRE AUTO E MOTO S/V,1,1,,,,,,,,0,,,,,,,,,,,,,,
2018-06-20,15:05:00,SEM VÍTIMA,FINALIZADA,IMBIRIBEIRA,AV MARECHAL MASCARENHAS DE MORAES,,,EM FRENTE A TUPAN/ SENTIDO AFOGADOS,AV MARECHAL MASCARENHAS DE MORAES,,EM FRENTE A TUPAN/ SENTIDO AFOGADOS,IMBIRIBEIRA,,,COLISÃO,COLISÃO SEM VÍTIMA,1,,,,,,,,1,0,,,,,,,,,,,,,,
2018-06-20,15:05:00,SEM VÍTIMA,FINALIZADA,VÁRZEA,RUA DONA MARIA LACERDA,123,,EM FRENTE AO 12º BPMPE,RUA DONA MARIA LACERDA,123,EM FRENTE AO 12º BPMPE,VÁRZEA,,,COLISÃO,COLISÃO SEM VÍTIMA  ENVOLVENDO 2 VIATURAS DA GMCR,2,,,,,,,,,0,,,,,,,,,,,,,,
2018-06-20,15:33:00,SEM VÍTIMA,FINALIZADA,ILHA JOANA BEZERRA,PTE JOSE DE BARROS LIMA,,,EM CIMA DO VIADUTO/ SENTIDO OLINDA,PTE JOSE DE BARROS LIMA,,EM CIMA DO VIADUTO/ SENTIDO OLINDA,ILHA JOANA BEZERRA,,,COLISÃO,COLISÃO SEM VÍTIMA,1,,,,,1,,,,0,,,,,,,,,,,,,,