data,hora,natureza_acidente,situacao,bairro,endereco,numero,detalhe_endereco_acidente,complemento,endereco_cruzamento,numero_cruzamento,referencia_cruzamento,bairro_cruzamento,num_semaforo,sentido_via,tipo,descricao,auto,moto,ciclom,ciclista,pedestre,onibus,caminhao,viatura,outros,vitimas,vitimasfatais,acidente_verificado,tempo_clima,situacao_semaforo,sinalizacao,condicao_via,conservacao_via,ponto_controle,situacao_placa,velocidade_max_via,mao_direcao,divisao_via1,divisao_via2,divisao_via3
2018-06-20,15:50:00,SEM VÍTIMA,FINALIZADA,IPSEP,RUA ITAJAI,408,,EM FRENTE AO EDIFICIO MAURICEIA,RUA ITAJAI,408,EM FRENTE AO EDIFICIO MAURICEIA,IPSEP,,,COLISÃO,COLISÃO SEM VÍTIMA,3,,,,,,,,,0,,,,,,,,,,,,,,
2018-06-20,16:30:00,SEM VÍTIMA,FINALIZADA,GRAÇAS,RUA JOAQUIM NABUCO,,,EM FRENTE AO HEMOPE E HOSPITAL SANTA JOANA,RUA JOAQUIM NABUCO,,EM FRENTE AO HEMOPE E HOSPITAL SANTA JOANA,GRAÇAS,,,COLISÃO,COLISAO ENVOLVENDO DOIS ONIBUS SEM VITIMA,,,,,,2,,,,0,,,,,,,,,,,,,,
2018-06-20,17:13:00,SEM VÍTIMA,CANCELADA,IBURA,AV DOIS RIOS,,,NA SAIDA DO IBURA  PROX. AO POSTO POLICIAL DESATIVADO,AV DOIS RIOS,,NA SAIDA DO IBURA  PROX. AO POSTO POLICIAL DESATIVADO,IBURA,,,COLISÃO,AUTO E CAMINHAO,1,,,,,,1,,,0,,,,,,,,,,,,,,
2018-06-21,04:58:00,SEM VÍTIMA,FINALIZADA,BOA VIAGEM,RUA ERNESTO DE PAULA SANTOS,,RUA TENENTE DOMINGOS DE BRITO,CRUZAMENTO COM RUA TENENTE DOMINGOS DE BRITO // EM FRENTE AO POSTO SETTA // SEMÁFORO 330,RUA ERNESTO DE PAULA SANTOS,,CRUZAMENTO COM RUA TENENTE DOMINGOS DE BRITO // EM FRENTE AO POSTO SETTA // SEMÁFORO 330,BOA VIAGEM,,,COLISÃO,COLISÃO ENTRE DOIS AUTOS  S/V,2,,,,,,,,,0,,,,,,,,,,,,,,
2018-06-21,07:36:00,SEM VÍTIMA,FINALIZADA,AFOGADOS,EST DO BONGI,,,AO LADO DO POSTO BR  SEMAFORO 394  ENTRADA DO BONGI,EST DO BONGI,,AO LADO DO POSTO BR  SEMAFORO 394  ENTRADA DO BONGI,AFOGADOS,,,COLISÃO,DOIS AUTOS,2,,,,,,,,,0,,,,,,,,,,,,,,
2018-06-21,07:57:00,SEM VÍTIMA,FINALIZADA,BOA VISTA,RUA DAS FRONTEIRAS,,,AO LADO OD SEGUNDOI OFÍCIO DE REGISTRO DE IMÓVEIS,RUA DAS FRONTEIRAS,,AO LADO OD SEGUNDOI OFÍCIO DE REGISTRO DE IMÓVEIS,BOA VISTA,,,COLISÃO,SEM VÍTIMAS,2,,,,,,,,,0,,,,,,,,,,,,,,
2018-06-21,08:12:00,SEM VÍTIMA,FINALIZADA,ESTÂNCIA,AV DR JOSE RUFINO,58,,AO LADO DA ANTIGA FABRICA YOLANDA,AV DR JOSE RUFINO,58,AO LADO DA ANTIGA FABRICA YOLANDA,ESTÂNCIA,,,COLISÃO,SEM VITIMAS,2,,,,,,,,,0,,,,,,,,,,,,,,
2018-06-21,08:27:00,SEM VÍTIMA,FINALIZADA,ILHA DO LEITE,RUA JOSE DE ALENCAR,755,,EM FRENTE A UNIMED TRES,RUA JOSE DE ALENCAR,755,EM FRENTE A UNIMED TRES,ILHA DO LEITE,,,COLISÃO,SEM VITIMAS,2,,,,,,,,,0,,,,,,,,,,,,,,
2018-06-21,09:14:00,SEM VÍTIMA,FINALIZADA,CAXANGÁ,AV CAXANGA,,RUA GASTAO VIDIGAL,EM FRENTE A UPA/ CRUZAMENTO COM A ENTRADA DO PADRE CICERO,AV CAXANGA,,EM FRENTE A UPA/ CRUZAMENTO COM A ENTRADA DO PADRE CICERO,CAXANGÁ,,,COLISÃO,DOIS AUTOS S/V,2,,,,,,,,,0,,,,,,,,,,,,,,
2018-06-21,09:16:00,SEM VÍTIMA,FINALIZADA,PINA,AV BEIRA RIO,,,EM FRENTE AO TUNEL CHICO SCIENCE  SEMAFORO 659,AV BEIRA RIO,,EM FRENTE AO TUNEL CHICO SCIENCE  SEMAFORO 659,PINA,,,COLISÃO,DOIS AUTOS SV,2,,,,,,,,,0,,,,,,,,,,,,,,
2018-06-21,09:42:00,SEM VÍTIMA,FINALIZADA,AFOGADOS,RUA ASTORGA,,RUA PAULO DE BARROS,RUA PAULO DE BARROS COM UM CRUZAMENTO DA RUA ASTOGA/NA ESQUINA DO RESTAURANTE O MINEIRO,RUA ASTORGA,,RUA PAULO DE BARROS COM UM CRUZAMENTO DA RUA ASTOGA/NA ESQUINA DO RESTAURANTE O MINEIRO,AFOGADOS,,,COLISÃO,DOIS AUTOS S/V,2,,,,,,,,,0,,,,,,,,,,,,,,
2018-06-21,09:43:00,SEM VÍTIMA,FINALIZADA,BEBERIBE,PRC DA CONVENCAO,,,EM FRENTE A PRAÇA DA CONVENÇÃO,PRC DA CONVENCAO,,EM FRENTE A PRAÇA DA CONVENÇÃO,BEBERIBE,,,COLISÃO,SEM VITIMAS,1,,,,,1,,,,0,,,,,,,,,,,,,,
2018-06-21,10:04:00,COM VÍTIMA,FINALIZADA,MACAXEIRA,AV NORTE,,,ROTATORIA DA MACAXEIRA,AV NORTE,,ROTATORIA DA MACAXEIRA,MACAXEIRA,,,TOMBAMENTO,MOTO DERRAPU EM VIRTUDE DE ÓLEO NA VIA,,1,,,,,,,,2,,,,,,,,,,,,,,
2018-06-21,10:34:00,SEM VÍTIMA,CANCELADA,ESPINHEIRO,AV CONS ROSA E SILVA,,,EM FRENTE AO HSE( INORMACAO DO ORIENTADOR DE TRANSITO),AV CONS ROSA E SILVA,,EM FRENTE AO HSE( INORMACAO DO ORIENTADOR DE TRANSITO),ESPINHEIRO,,,COLISÃO,MOTO COM AUTOSS/V,1,1,,,,,,,,0,,,,,,,,,,,,,,
2018-06-21,11:23:00,SEM VÍTIMA,FINALIZADA,IBURA,AV DOIS RIOS,,,SEMÁFORO 561 E/F A OTICA ESPERANÇA,AV DOIS RIOS,,SEMÁFORO 561 E/F A OTICA ESPERANÇA,IBURA,,,COLISÃO,SEM VÍTIMAS,3,,,,,,,,,0,,,,,,,,,,,,,,
2018-06-21,12:01:00,SEM VÍTIMA,FINALIZADA,NOVA DESCOBERTA,RUA CORREGO DA AREIA,2143,,EM FRENTE AO MERCADO CAMPEAO,RUA CORREGO DA AREIA,2143,EM FRENTE AO MERCADO CAMPEAO,NOVA DESCOBERTA,,,COLISÃO,DOIS AUTOS,1,,,,,,1,,,0,,,,,,,,,,,,,,
2018-06-21,11:42:00,SEM VÍTIMA,FINALIZADA,MADALENA,AV JOSE GONCALVES DE MEDEIROS,,,AO POLICLINICA LESSA DE ANDRADE  SEMAFORO 353,AV JOSE GONCALVES DE MEDEIROS,,AO POLICLINICA LESSA DE ANDRADE  SEMAFORO 353,MADALENA,,,COLISÃO,AUTO E ONIBUS,1,,,,,1,,,,0,,,,,,,,,,,,,,
2018-06-21,12:42:00,SEM VÍTIMA,FINALIZADA,ENCRUZILHADA,RUA AMARO COUTINHO,315,,POR TRAS DO MERCADO DA ENCRUZNHADA,RUA AMARO COUTINHO,315,POR TRAS DO MERCADO DA ENCRUZNHADA,ENCRUZILHADA,,,COLISÃO,COLISAO ENTRE DOIS AUTOS S/V,2,,,,,,,,,0,,,,,,,,,,,,,,
2018-06-21,15:12:00,SEM VÍTIMA,FINALIZADA,ILHA DO RETIRO,AV JOSE GONCALVES DE MEDEIROS,149,,PROX AO CLUBE DO SPORT E A FARMACIA PAGUE MENOS S/T ESTRADA DOS REMEDIOS,AV JOSE GONCALVES DE MEDEIROS,149,PROX AO CLUBE DO SPORT E A FARMACIA PAGUE MENOS S/T ESTRADA DOS REMEDIOS,ILHA DO RETIRO,,,COLISÃO,COLISAO ENTRE AUTO E MOTO S/V,1,1,,,,,,,,0,,,,,,,,,,,,,,
2018-06-21,15:12:00,COM VÍTIMA,FINALIZADA,AFOGADOS,RUA VINTE E UM DE ABRIL,,,PRÓXIMO AO MERCADO PÚBLICO,RUA VINTE E UM DE ABRIL,,PRÓXIMO AO MERCADO PÚBLICO,AFOGADOS,,,COLISÃO,COLISÃO ENTRE AUTO E MOTO COM 1 VÍTIMA,1,1,,,,,,,,1,,,,,,,,,,,,,,
2018-06-21,15:52:00,COM VÍTIMA,FINALIZADA,SÃO JOSÉ,AV SUL,,,PRAÇA SERGIO LORETO- POSTO BR,AV SUL,,PRAÇA SERGIO LORETO- POSTO BR,SÃO JOSÉ,,,COLISÃO,COLISÃO COM VITIMA,1,1,,,,,,,,1,,,,,,,,,,,,,,
2018-06-21,15:55:00,SEM VÍTIMA,FINALIZADA,BOA VIAGEM,AV CONSELHEIRO AGUIAR,,,EM FRENTE A PRACINHA  SEMAFORO 318,AV CONSELHEIRO AGUIAR,,EM FRENTE A PRACINHA  SEMAFORO 318,BOA VIAGEM,,,COLISÃO,AUTO E ONIBUS ,1,,,,,1,,,,0,,,,,,,,,,,,,,
2018-06-21,16:00:00,SEM VÍTIMA,FINALIZADA,BOA VISTA,RUA DO SOSSEGO,264,,EM FRENTE A FEDERAÇAO DO COMERCIO,RUA DO SOSSEGO,264,EM FRENTE A FEDERAÇAO DO COMERCIO,BOA VISTA,,,COLISÃO,TRES MOTOS E TRES AUTOS,3,,,,,,,,,0,,,,,,,,,,,,,,
2018-06-21,16:22:00,COM VÍTIMA,FINALIZADA,TEJIPIÓ,AV DR JOSE RUFINO,,,EM FRENTE AO 4 BCOM,AV DR JOSE RUFINO,,EM FRENTE AO 4 BCOM,TEJIPIÓ,,,COLISÃO,COLISÃO COM VITIMA,1,1,,,,,,,,1,,,,,,,,,,,,,,
2018-06-21,16:42:00,SEM VÍTIMA,FINALIZADA,IMBIRIBEIRA,AV GENERAL MAC ARTHUR,277,,EM FRENTE A IGREJA SARA NOSSA TERRA,AV GENERAL MAC ARTHUR,277,EM FRENTE A IGREJA SARA NOSSA TERRA,IMBIRIBEIRA,,,COLISÃO,DOIS AUTOS,2,,,,,,,,,0,,,,,,,,,,,,,,
2018-06-21,17:00:00,COM VÍTIMA,FINALIZADA,CORDEIRO,RUA ODETE MONTEIRO,36,,PROX. AO POSTO PETROCAL,RUA ODETE MONTEIRO,36,PROX. AO POSTO PETROCAL,CORDEIRO,,,COLISÃO,AUTO E MOTO,1,1,,,,,,,,1,,,,,,,,,,,,,,
2018-06-21,17:43:00,SEM VÍTIMA,CANCELADA,ESPINHEIRO,RUA QUARENTA E OITO,447,,E/F THORPE´S BRIGADERIA,RUA QUARENTA E OITO,447,E/F THORPE´S BRIGADERIA,ESPINHEIRO,,,COLISÃO,COLISAO ENTRE DOIS AUTOS S/V,2,,,,,,,,,0,,,,,,,,,,,,,,
2018-06-21,17:53:00,COM VÍTIMA,FINALIZADA,IPUTINGA,AV CAXANGA,3124,,APOS O EXTRA E/F MOVIDA AUTOS S/T CAMARAGIBE,AV CAXANGA,3124,APOS O EXTRA E/F MOVIDA AUTOS S/T CAMARAGIBE,IPUTINGA,,,COLISÃO,COLISAO ENTRE AUTO E MOTO COM UMA VITIMA,1,1,,,,,,,,1,,,,,,,,,,,,,,
2018-06-21,18:58:00,VÍTIMA FATAL,FINALIZADA,TAMARINEIRA,AV PROFESSOR JOSE DOS ANJOS,5,,ANTES DO SESC DE CASA AMARELA  NA RUA DO CAMPO DE ANTÔNIO LUIZ NETO,AV PROFESSOR JOSE DOS ANJOS,5,ANTES DO SESC DE CASA AMARELA  NA RUA DO CAMPO DE ANTÔNIO LUIZ NETO,TAMARINEIRA,,,ATROPELAMENTO,ENTRE CICLISTA E AUTO. C/V,1,,,,1,,,,,0,1,,,,,,,,,,,,,
2018-06-21,19:15:00,SEM VÍTIMA,FINALIZADA,SANTO AMARO,AV GOVERNADOR AGAMENON MAGALHAES,,,PRÓX AO VIADUTO  SNT OLINDA,AV GOVERNADOR AGAMENON MAGALHAES,,PRÓX AO VIADUTO  SNT OLINDA,SANTO AMARO,,,COLISÃO,ENTRE ÔNIBUS E AUTO. S/V,1,,,,,1,,,,0,,,,,,,,,,,,,,
2018-06-21,19:18:00,SEM VÍTIMA,FINALIZADA,IMBIRIBEIRA,RUA JAMAICA,198,,E/F A IGREJA PRESBITERIANA DO BRASIL,RUA JAMAICA,198,E/F A IGREJA PRESBITERIANA DO BRASIL,IMBIRIBEIRA,,,ENGAVETAMENTO,ENTRE 3 AUTOS. S/V,3,,,,,,,,,0,,,,,,,,,,,,,,
2018-06-21,19:26:00,SEM VÍTIMA,FINALIZADA,ÁGUA FRIA,AV BEBERIBE,,,PRÓX AO MERCADO DE ÁGUA FRIA / E/F AO POSTO BR E GRANJA SELECTA  SNT SUB,AV BEBERIBE,,PRÓX AO MERCADO DE ÁGUA FRIA / E/F AO POSTO BR E GRANJA SELECTA  SNT SUB,ÁGUA FRIA,,,COLISÃO,ENTRE AUTO E CAMINHÃO. S/V,1,,,,,,1,,,0,,,,,,,,,,,,,,
2018-06-21,19:36:00,SEM VÍTIMA,FINALIZADA,ILHA DO LEITE,RUA GENERAL JOAQUIM INACIO,,,E/F AO RESTAURANTE SKILLUS // SEMÁFORO 653,RUA GENERAL JOAQUIM INACIO,,E/F AO RESTAURANTE SKILLUS // SEMÁFORO 653,ILHA DO LEITE,,,COLISÃO,ENTRE 2 AUTOS. S/V,2,,,,,,,,,0,,,,,,,,,,,,,,
2018-06-21,20:05:00,SEM VÍTIMA,FINALIZADA,DERBY,AV GOVERNADOR AGAMENON MAGALHAES,,,SEMÁFORO 417 / PRÓX AO RESTAURANTE SPETTUS,AV GOVERNADOR AGAMENON MAGALHAES,,SEMÁFORO 417 / PRÓX AO RESTAURANTE SPETTUS,DERBY,,,COLISÃO,ENTRE ÔNIBUS E AUTO PASSEIO. S/V,1,,,,,1,,,,0,,,,,,,,,,,,,,
2018-06-21,20:32:00,SEM VÍTIMA,FINALIZADA,ARRUDA,AV BEBERIBE,1227,,ENF AO CAMPO DO ARRUDA,AV BEBERIBE,1227,ENF AO CAMPO DO ARRUDA,ARRUDA,,,COLISÃO,FIAT/UNO X MOTO,1,1,,,,,,,,0,,,,,,,,,,,,,,
2018-06-21,20:59:00,SEM VÍTIMA,FINALIZADA,DERBY,AV GOVERNADOR AGAMENON MAGALHAES,138,,ENF AO FACE IMAGEM VIA PRINCIPAL SENTIDO BOA VIAGEM,AV GOVERNADOR AGAMENON MAGALHAES,138,ENF AO FACE IMAGEM VIA PRINCIPAL SENTIDO BOA VIAGEM,DERBY,,,COLISÃO,ONIX PRATA X RENO SANDERO BRANCO,2,,,,,,,,,0,,,,,,,,,,,,,,
2018-06-21,21:21:00,SEM VÍTIMA,FINALIZADA,ARRUDA,AV BEBERIBE,1021,,POSTO BR ENF A CENTRAL DE ATENDIMENTO AO CIDADDAO,AV BEBERIBE,1021,POSTO BR ENF A CENTRAL DE ATENDIMENTO AO CIDADDAO,ARRUDA,,,COLISÃO,ONIX X CAMINHONETA HR,2,,,,,,,,,0,,,,,,,,,,,,,,
2018-06-21,21:27:00,COM VÍTIMA,FINALIZADA,BOA VIAGEM,RUA DEZ DE JULHO,,RUA VINTE DE JANEIRO,COM A RUA 20 DE JANEIRO,RUA DEZ DE JULHO,,COM A RUA 20 DE JANEIRO,BOA VIAGEM,,,COLISÃO,COLISÃO ONIBUS E AUTO COM VITIMA,1,,,,,1,,,,1,,,,,,,,,,,,,,
2018-06-21,21:44:00,SEM VÍTIMA,FINALIZADA,CASA AMARELA,EST DO ARRAIAL,3851,,E/F AO BANCO BRADESCO E NAS PROXIMIDADES DO BANCO SANTANDER,EST DO ARRAIAL,3851,E/F AO BANCO BRADESCO E NAS PROXIMIDADES DO BANCO SANTANDER,CASA AMARELA,,,COLISÃO,ENTRE 2 AUTOS. S/V,2,,,,,,,,,0,,,,,,,,,,,,,,
2018-06-21,23:33:00,SEM VÍTIMA,FINALIZADA,PINA,AV HERCULANO BANDEIRA,,RUA ARQUITETO AUGUSTO REINALDO,CRUZAMENTO COM A RUA ARQUITETO AUGUSTO REINADO PROX AO ATACADO DOS PRESENTES,AV HERCULANO BANDEIRA,,CRUZAMENTO COM A RUA ARQUITETO AUGUSTO REINADO PROX AO ATACADO DOS PRESENTES,PINA,,,COLISÃO,GOL X ONIBUS ,1,,,,,1,,,,0,,,,,,,,,,,,,,
2018-06-21,23:38:00,SEM VÍTIMA,CANCELADA,GRAÇAS,RUA AMELIA,896,AV RUI BARBOSA,CRUZANDO A AV RUI BARBOSA / DE ESQUINA COM O POSTO SHELL E BR / PROXIMIDADES DA TOP CENTER GRAÇAS,RUA AMELIA,896,CRUZANDO A AV RUI BARBOSA / DE ESQUINA COM O POSTO SHELL E BR / PROXIMIDADES DA TOP CENTER GRAÇAS,GRAÇAS,,,COLISÃO,ENTRE AUTO E MOTO. S/V,1,1,,,,,,,,0,,,,,,,,,,,,,,
2018-06-22,06:17:00,SEM VÍTIMA,FINALIZADA,TORRE,RUA REAL DA TORRE,,RUA MANOEL BERNARDES,CRUZ COM A RUA MANOEL BERNARDES EM FRENTE AO POPSTO DE GASOLINA TORRE,RUA REAL DA TORRE,,CRUZ COM A RUA MANOEL BERNARDES EM FRENTE AO POPSTO DE GASOLINA TORRE,TORRE,,,COLISÃO,COLISÃO SEM VITIMAS,1,1,,,,,,,,0,,,,,,,,,,,,,,
2018-06-22,07:53:00,SEM VÍTIMA,FINALIZADA,JARDIM SÃO PAULO,RUA LEANDRO BARRETO,114,,PERTO DAS TRÊS TORRES DA AV. LIBERDADE,RUA LEANDRO BARRETO,114,PERTO DAS TRÊS TORRES DA AV. LIBERDADE,JARDIM SÃO PAULO,,,COLISÃO,,1,1,,,,,,,,0,,,,,,,,,,,,,,
2018-06-22,10:02:00,SEM VÍTIMA,FINALIZADA,AFOGADOS,AV SUL,,,SENTIDO CIDADE EM BAIXO DO SEMAFORO 073,AV SUL,,SENTIDO CIDADE EM BAIXO DO SEMAFORO 073,AFOGADOS,,,COLISÃO,COLISÃO SEM VITIMAS,1,,,,,,1,,,0,,,,,,,,,,,,,,
2018-06-22,09:27:00,SEM VÍTIMA,FINALIZADA,BOMBA DO HEMETÉRIO,RUA BOMBA DO HEMETERIO,,,EM FRENTE A FEIRA DA RODINHA,RUA BOMBA DO HEMETERIO,,EM FRENTE A FEIRA DA RODINHA,BOMBA DO HEMETÉRIO,,,COLISÃO,COLISÃO SEM VITIMAS,2,,,,,,,,,0,,,,,,,,,,,,,,
2018-06-22,12:28:00,COM VÍTIMA,FINALIZADA,IBURA,AV DOIS RIOS,1289,,PROX. A POLICLINICA  EM FRENTE A IGREJA PAZ E VIDA,AV DOIS RIOS,1289,PROX. A POLICLINICA  EM FRENTE A IGREJA PAZ E VIDA,IBURA,,,COLISÃO,MOTO E AUTO,1,1,,,,,,,,1,,,,,,,,,,,,,,
2018-06-22,12:20:00,SEM VÍTIMA,FINALIZADA,BOA VIAGEM,RUA VISCONDE DE JEQUITINHONHA,,,C/ R. DOM JOSÉ LOPES,RUA VISCONDE DE JEQUITINHONHA,,C/ R. DOM JOSÉ LOPES,BOA VIAGEM,,,COLISÃO,COLISÃO SEM VÍTIMA,,,,,,,,,,0,,,,,,,,,,,,,,
2018-06-22,13:14:00,COM VÍTIMA,FINALIZADA,CAXANGÁ,RUA MARECHAL MANOEL LUIS OSORIO,85,,EM FRENTE AO EDF. RIO PUROS  E AO HAPIVIDA,RUA MARECHAL MANOEL LUIS OSORIO,85,EM FRENTE AO EDF. RIO PUROS  E AO HAPIVIDA,CAXANGÁ,,,ATROPELAMENTO,AUTO E PEDESTRE,1,,,,1,,,,,1,,,,,,,,,,,,,,
2018-06-22,13:36:00,SEM VÍTIMA,FINALIZADA,SANTO AMARO,RUA CAPITAO LIMA,,RUA CAPITAO LIMA,CRUZAMENTO DA CAPITAO LIMA /COM A RUA DA FUNDICAO/PROXIMO DA TV JORNAL,RUA CAPITAO LIMA,,CRUZAMENTO DA CAPITAO LIMA /COM A RUA DA FUNDICAO/PROXIMO DA TV JORNAL,SANTO AMARO,,,COLISÃO,DOIS AUTOS S/V,2,,,,,,,,,0,,,,,,,,,,,,,,
2018-06-22,13:52:00,COM VÍTIMA,FINALIZADA,CABANGA,AV SUL,,,NA ENTRADA DO CABANGA  SENTIDO CID/SUB. ÁPOS O SEMÁFORO 260  PRÓXIMO A PARADA DE ÔNIBUS 180009,AV SUL,,NA ENTRADA DO CABANGA  SENTIDO CID/SUB. ÁPOS O SEMÁFORO 260  PRÓXIMO A PARADA DE ÔNIBUS 180009,CABANGA,,,COLISÃO COM CICLISTA,ONIBUS E CICLISTA,,,,2,,1,,,,2,,,,,,,,,,,,,,
2018-06-22,13:54:00,SEM VÍTIMA,FINALIZADA,CASA AMARELA,RUA CONS PERETTI,130,,POR TRAS DA LOJA TROPICAL,RUA CONS PERETTI,130,POR TRAS DA LOJA TROPICAL,CASA AMARELA,,,COLISÃO,DOIS AUTOS,2,,,,,,,,,0,,,,,,,,,,,,,,
2018-06-22,14:00:00,COM VÍTIMA,FINALIZADA,IBURA,AV RECIFE,2801,,APOS O POSTO DE GASOLINA FEDERAL  EM FRENTE A MERCANTIL BATERIAS,AV RECIFE,2801,APOS O POSTO DE GASOLINA FEDERAL  EM FRENTE A MERCANTIL BATERIAS,IBURA,,,COLISÃO,MOTO E DOIS AUTOS,2,1,,,,,,,,1,,,,,,,,,,,,,,
2018-06-22,14:21:00,COM VÍTIMA,FINALIZADA,DERBY,AV GOVERNADOR AGAMENON MAGALHAES,,,HENRIQUE DIAS E/F AO BRADESCO PRIME,AV GOVERNADOR AGAMENON MAGALHAES,,HENRIQUE DIAS E/F AO BRADESCO PRIME,DERBY,,,COLISÃO,HONDA CG 150 X UNO WAY,,,,,,,,,,1,,,,,,,,,,,,,,
2018-06-22,14:47:00,SEM VÍTIMA,FINALIZADA,BOA VIAGEM,AV MARECHAL MASCARENHAS DE MORAES,,,ANTES DO VIADUTO TANCREDO NEVES/SENTIDO BOA VIAGEM,AV MARECHAL MASCARENHAS DE MORAES,,ANTES DO VIADUTO TANCREDO NEVES/SENTIDO BOA VIAGEM,BOA VIAGEM,,,COLISÃO,AUTO E ONIBUS S/V,1,,,,,1,,,,0,,,,,,,,,,,,,,
2018-06-22,15:08:00,SEM VÍTIMA,FINALIZADA,IMBIRIBEIRA,AV ENGENHEIRO ALVES DE SOUZA,759,,EM FRENTE A BOTICARIO,AV ENGENHEIRO ALVES DE SOUZA,759,EM FRENTE A BOTICARIO,IMBIRIBEIRA,,,COLISÃO,AUTO E ONIBUS S/V,1,,,,,1,,,,0,,,,,,,,,,,,,,
2018-06-22,15:34:00,COM VÍTIMA,CANCELADA,TORRÕES,AV ENGENHEIRO ABDIAS DE CARVALHO,,,DEFRONTE A UPA,AV ENGENHEIRO ABDIAS DE CARVALHO,,DEFRONTE A UPA,TORRÕES,,,COLISÃO,COLISAO COM VITIMA ENTRE AUTO E MOTO,1,1,,,,,,,,1,,,,,,,,,,,,,,
2018-06-22,16:02:00,SEM VÍTIMA,CANCELADA,DERBY,AV GOVERNADOR AGAMENON MAGALHAES,,,EM FRENTE AO FACE IMAGEM  SENT. BOA VIAGEM,AV GOVERNADOR AGAMENON MAGALHAES,,EM FRENTE AO FACE IMAGEM  SENT. BOA VIAGEM,DERBY,,,COLISÃO,DOIS ONIBUS,,,,,,2,,,,0,,,,,,,,,,,,,,
2018-06-22,17:38:00,SEM VÍTIMA,FINALIZADA,CAJUEIRO,RUA CORONEL URBANO RIBEIRO DE SENA,,,CRUZANDO A R DOS PEXINHOS / PRÓX A ACADEMIA DA CIDADE,RUA CORONEL URBANO RIBEIRO DE SENA,,CRUZANDO A R DOS PEXINHOS / PRÓX A ACADEMIA DA CIDADE,CAJUEIRO,,,COLISÃO,ENTRE MICRO ÔNIBUS E AUTO PASSEIO. S/V,1,,,,,1,,,,0,,,,,,,,,,,,,,
2018-06-22,17:57:00,SEM VÍTIMA,FINALIZADA,VASCO DA GAMA,AV NORTE,,,E/F A CAIXA ECONÔMICA E PRÓX AO POSTO BR E MATERNIDADE BARROS LIMA,AV NORTE,,E/F A CAIXA ECONÔMICA E PRÓX AO POSTO BR E MATERNIDADE BARROS LIMA,VASCO DA GAMA,,,COLISÃO,ENTRE AUTO E MOTO. C/V,1,1,,,,,,,,0,,,,,,,,,,,,,,
2018-06-22,18:29:00,SEM VÍTIMA,CANCELADA,IBURA,AV DOIS RIOS,,,E/F A POLICLINICA DO IBURA  SNT BR 101,AV DOIS RIOS,,,IBURA,,,COLISÃO,DOIS AUTOS S/V,2,,,,,,,,,0,,,,,,,,,,,,,,
2018-06-22,18:44:00,COM VÍTIMA,FINALIZADA,CASA FORTE,RUA DA HARMONIA,,,EM FRENTE DA MERCEARIA DO SEU ARTHU/AO LADO DA CASA DE FESTA PLANETA A,RUA DA HARMONIA,,EM FRENTE DA MERCEARIA DO SEU ARTHU/AO LADO DA CASA DE FESTA PLANETA A,CASA FORTE,,,COLISÃO,AUTO E MOTO C/V,1,1,,,,,,,,1,,,,,,,,,,,,,,
2018-06-23,01:49:00,SEM VÍTIMA,FINALIZADA,VASCO DA GAMA,AV NORTE,,RUA PADRE LEMOS,CRUZAMENTO COM RUA PADRE LEMOS  SEMAFORO 066,AV NORTE,,CRUZAMENTO COM RUA PADRE LEMOS  SEMAFORO 066,VASCO DA GAMA,,,COLISÃO,COLISÃO ENTRE DOIS AUTOS S/V,2,,,,,,,,,0,,,,,,,,,,,,,,
2018-06-23,07:45:00,SEM VÍTIMA,FINALIZADA,BOA VIAGEM,RUA FAUSTINO PORTO,151,RUA FRANCISCO DA CUNHA,COM FRANCISCO DA CUNHA  DE ESQUINA COM A ESCOLA BEM ME QUER,RUA FAUSTINO PORTO,151,COM FRANCISCO DA CUNHA  DE ESQUINA COM A ESCOLA BEM ME QUER,BOA VIAGEM,,,COLISÃO,DOIS AUTOS,2,,,,,,,,,0,,,,,,,,,,,,,,
2018-06-23,09:51:00,SEM VÍTIMA,FINALIZADA,TEJIPIÓ,RUA FALCAO DE LACERDA,467,,EM FRENTE A ASSEMBLEIA DE DEUS,RUA FALCAO DE LACERDA,467,EM FRENTE A ASSEMBLEIA DE DEUS,TEJIPIÓ,,,COLISÃO,TAXI E AUTO PASSEIO,2,,,,,,,,,0,,,,,,,,,,,,,,
2018-06-23,10:42:00,SEM VÍTIMA,CANCELADA,SÃO JOSÉ,RUA IMPERIAL,961,,EM FRENTE AO HOTEL CRISTAL,RUA IMPERIAL,961,EM FRENTE AO HOTEL CRISTAL,SÃO JOSÉ,,,COLISÃO,TAXI E AUTO PASSEIO,2,,,,,,,,,0,,,,,,,,,,,,,,
2018-06-23,10:45:00,SEM VÍTIMA,FINALIZADA,JORDÃO,AV MARIA IRENE,277,,PROX A BASE AREA,AV MARIA IRENE,277,PROX A BASE AREA,JORDÃO,,,COLISÃO,COLISÃO SEM VITIMAS,2,,,,,,,,,0,,,,,,,,,,,,,,
2018-06-23,11:00:00,SEM VÍTIMA,FINALIZADA,TORRÕES,AV BICENTENARIO DA REVOLUCAO FRANCESA,,,EM FRENTE AO TERMINAL DE ONIBUS DE RODA DE FOGO,AV BICENTENARIO DA REVOLUCAO FRANCESA,,EM FRENTE AO TERMINAL DE ONIBUS DE RODA DE FOGO,TORRÕES,,,COLISÃO,ONIBUS E AUTO,1,,,,,1,,,,0,,,,,,,,,,,,,,
2018-06-23,13:02:00,COM VÍTIMA,FINALIZADA,CAXANGÁ,AV CAXANGA,,,EM FRNTE AO BANCO BRADESCO /COM O MUSEU DA ABOLICAO,AV CAXANGA,,EM FRNTE AO BANCO BRADESCO /COM O MUSEU DA ABOLICAO,CAXANGÁ,,,COLISÃO,AUTO E MOTO,1,1,,,,,,,,1,,,,,,,,,,,,,,
2018-06-23,13:29:00,COM VÍTIMA,FINALIZADA,ROSARINHO,AV NORTE,33,,EM FRENTE AO POSTO SHELL,AV NORTE,33,EM FRENTE AO POSTO SHELL,ROSARINHO,,,COLISÃO,COLISÃO COM VITIMA,,,,,,,,,,1,,,,,,,,,,,,,,