data,hora,natureza_acidente,situacao,bairro,endereco,numero,detalhe_endereco_acidente,complemento,endereco_cruzamento,numero_cruzamento,referencia_cruzamento,bairro_cruzamento,num_semaforo,sentido_via,tipo,descricao,auto,moto,ciclom,ciclista,pedestre,onibus,caminhao,viatura,outros,vitimas,vitimasfatais,acidente_verificado,tempo_clima,situacao_semaforo,sinalizacao,condicao_via,conservacao_via,ponto_controle,situacao_placa,velocidade_max_via,mao_direcao,divisao_via1,divisao_via2,divisao_via3
2018-06-23,14:23:00,SEM VÍTIMA,FINALIZADA,CASA AMARELA,AV NORTE,,,EM FRENTE AO CONSELHO TUTELAR/ SENTIDO MACAXEIRA,AV NORTE,,EM FRENTE AO CONSELHO TUTELAR/ SENTIDO MACAXEIRA,CASA AMARELA,,,ENGAVETAMENTO,COLISÃO SEM VÍTIMA,4,,,,,,,,,0,,,,,,,,,,,,,,
2018-06-23,15:09:00,SEM VÍTIMA,FINALIZADA,PARNAMIRIM,AV PARNAMIRIM,22,,ANTES DO HOSPITAL MARIA LUCINDA/EM FRENTE DO POSTO SHEEL,AV PARNAMIRIM,22,ANTES DO HOSPITAL MARIA LUCINDA/EM FRENTE DO POSTO SHEEL,PARNAMIRIM,,,COLISÃO,DOIS AUTOS E DUAS MOTOS,2,2,,,,,,,,0,,,,,,,,,,,,,,
2018-06-23,18:25:00,SEM VÍTIMA,CANCELADA,CAMPO GRANDE,RUA BENJAMIN CONSTANT,,,EM FRENTE AO CENTRO DE CONVENCOES/NA RUA DA CALANGA( EMPRESA),RUA BENJAMIN CONSTANT,,EM FRENTE AO CENTRO DE CONVENCOES/NA RUA DA CALANGA( EMPRESA),CAMPO GRANDE,,,COLISÃO,AUTO E CAMIHAO,1,,,,,,1,,,0,,,,,,,,,,,,,,
2018-06-23,18:35:00,COM VÍTIMA,CANCELADA,CORDEIRO,AV GENERAL SAN MARTIN,478,,EM FRENTE AO CHEUS CONSTRUÇÕES//EM FRENTE A SORVETERIA MUG,AV GENERAL SAN MARTIN,478,EM FRENTE AO CHEUS CONSTRUÇÕES//EM FRENTE A SORVETERIA MUG,CORDEIRO,,,COLISÃO,COLISÃO ENTRE AUTO E MOTO C/V,1,1,,,,,,,,1,,,,,,,,,,,,,,
2018-06-23,18:58:00,SEM VÍTIMA,FINALIZADA,JOANA BEZERRA,VIADUTO CAPITAO TEMUDO,,,EM CIMA DO VIADUTO CAPITAO TEMUDO SENTIDO BOA VIAGEM,VIADUTO CAPITAO TEMUDO,,EM CIMA DO VIADUTO CAPITAO TEMUDO SENTIDO BOA VIAGEM,JOANA BEZERRA,,,COLISÃO,TRES AUTOS,3,,,,,,,,,0,,,,,,,,,,,,,,
2018-06-23,19:51:00,SEM VÍTIMA,FINALIZADA,AFOGADOS,AV DR JOSE RUFINO,,,PROX EMPRESA DE ONIBUS ASTRO TUR E COLEGIO VISAO,AV DR JOSE RUFINO,,PROX EMPRESA DE ONIBUS ASTRO TUR E COLEGIO VISAO,AFOGADOS,,,COLISÃO,TRES AUTOS S/V,3,,,,,,,,,0,,,,,,,,,,,,,,
2018-06-23,20:30:00,SEM VÍTIMA,FINALIZADA,AFLITOS,RUA TELES JUNIOR,,,PROX DA FÁRMACIA EXTRA  PROX DO EMPORIO BAIANO,RUA TELES JUNIOR,,PROX DA FÁRMACIA EXTRA  PROX DO EMPORIO BAIANO,AFLITOS,,,COLISÃO,COLISÃO ENTRE AUTO E CAMINHÃO S/C,1,,,,,,1,,,0,,,,,,,,,,,,,,
2018-06-23,21:07:00,SEM VÍTIMA,FINALIZADA,PARNAMIRIM,EST DO ENCANAMENTO,,AV DEZESSETE DE AGOSTO,CRUZAMENTO COM A AV DEZESSETE DE AGOSTO,EST DO ENCANAMENTO,,CRUZAMENTO COM A AV DEZESSETE DE AGOSTO,PARNAMIRIM,,,COLISÃO,COLISÃO ENTRE DOIS AUTOS S/V,2,,,,,,,,,0,,,,,,,,,,,,,,
2018-06-23,21:44:00,COM VÍTIMA,FINALIZADA,CORDEIRO,RUA GOMES TABORDA,376,,EM FRENTE AO APPLE MOTEL  PROX DA MADEREIRA SÃO JUDAS TADEU  SGT MATRICULA 9854946 DESPACHANTE DO CIODS 12º BPM,RUA GOMES TABORDA,376,EM FRENTE AO APPLE MOTEL  PROX DA MADEREIRA SÃO JUDAS TADEU,CORDEIRO,,,COLISÃO,SARG INFORMA QUE OS PROPRIETARIOS SE EVADIRAM DO LOCAL DEIXANDO OS AUTOS NA VIA COM CHAVE NA INGUINICAO LOCAL RUA DA LAMA,,,,,,,,,,1,,,,,,,,,,,,,,
2018-06-24,00:45:00,SEM VÍTIMA,FINALIZADA,CORDEIRO,RUA RIO CAPIBARIBE,,AV INACIO MONTEIRO,CRUZAMENTO COM A AVENIDA INACIO MONTEIRO,RUA RIO CAPIBARIBE,,CRUZAMENTO COM A AVENIDA INACIO MONTEIRO,CORDEIRO,,,COLISÃO,COLISÃO ENTRE UM AUTO E CAMINHÃO S/V,1,,,,,,1,,,0,,,,,,,,,,,,,,
2018-06-24,01:04:00,SEM VÍTIMA,FINALIZADA,CASA AMARELA,RUA DA ESTRELA,233,,PROX DA BARRACA DOS BUGRES  EM FRENTE AO SALÃO JULIANNE ART OF HAIR,RUA DA ESTRELA,233,PROX DA BARRACA DOS BUGRES  EM FRENTE AO SALÃO JULIANNE ART OF HAIR,CASA AMARELA,,,COLISÃO,COLISÃO ENTRE DOIS AUTOS S/V,2,,,,,,,,,0,,,,,,,,,,,,,,
2018-06-24,06:21:00,SEM VÍTIMA,FINALIZADA,CORDEIRO,AV CAXANGA,4500,AV GENERAL POLIDORO,COM A GENERAL POLIDORO  EM FRENTE AO POSTO DE GASOLINA SHELL,AV CAXANGA,4500,COM A GENERAL POLIDORO  EM FRENTE AO POSTO DE GASOLINA SHELL,CORDEIRO,,,CHOQUE,VEICULO CHOCOU-SE COM POSTE,1,,,,,,,,,0,,,,,,,,,,,,,,
2018-06-24,06:51:00,SEM VÍTIMA,FINALIZADA,MORRO DA CONCEIÇÃO,AV NORTE,,,NA DESCIDA DO MORRO DA CONCEIÇÃO EM BAIXO DO SEMAFORO 312,AV NORTE,,NA DESCIDA DO MORRO DA CONCEIÇÃO EM BAIXO DO SEMAFORO 312,MORRO DA CONCEIÇÃO,,,COLISÃO,COLISÃO SEM VITIMAS,1,1,,,,,,,,0,,,,,,,,,,,,,,
2018-06-24,07:32:00,COM VÍTIMA,FINALIZADA,APIPUCOS,RUA DOIS IRMAOS,,,EM FRENTE A FACULDADE MARISTA E O 11º BPM,RUA DOIS IRMAOS,,EM FRENTE A FACULDADE MARISTA E O 11º BPM,APIPUCOS,,,COLISÃO,COLISÃO SEM VÍTIMA ENTRE UM AUTO E MOTO,1,1,,,,,,,,1,,,,,,,,,,,,,,
2018-06-24,08:16:00,COM VÍTIMA,FINALIZADA,MANGUEIRA,RUA DR JOAO ELISIO,241,,RESIDENCIA EM FRENTE A IGREJA PENTECOSTAL CASA DE ORAÇÃO E AO BAR DO FRANÇA,RUA DR JOAO ELISIO,241,RESIDENCIA EM FRENTE A IGREJA PENTECOSTAL CASA DE ORAÇÃO E AO BAR DO FRANÇA,MANGUEIRA,,,CHOQUE,CONDUTOR BATEU CONTRA POSTE VITIMAS A ESPERA DO SAMU,,1,,,,,,,,2,,,,,,,,,,,,,,
2018-06-24,10:02:00,SEM VÍTIMA,FINALIZADA,BOA VISTA,RUA TREZE DE MAIO,,RUA DO HOSPICIO,CRUZ COM A DO HOSPICIO EM FRENTE AO HOSPITAL GERAL DO RECIFE,RUA TREZE DE MAIO,,CRUZ COM A DO HOSPICIO EM FRENTE AO HOSPITAL GERAL DO RECIFE,BOA VISTA,,,COLISÃO,COLISÃO SEM VITIMAS,1,,,,,1,,,,0,,,,,,,,,,,,,,
2018-06-24,11:25:00,COM VÍTIMA,FINALIZADA,BOA VIAGEM,AV ENGENHEIRO DOMINGOS FERREIRA,,,PRÓXIMO À DELEGACIA DE POLICIA E O MUNDO DO CABELEREIRO,AV ENGENHEIRO DOMINGOS FERREIRA,,PRÓXIMO À DELEGACIA DE POLICIA E O MUNDO DO CABELEREIRO,BOA VIAGEM,,,COLISÃO,COM VITIMA,2,,,,,,,,,2,,,,,,,,,,,,,,
2018-06-24,14:05:00,SEM VÍTIMA,FINALIZADA,JARDIM SÃO PAULO,AV LIBERDADE,428,,EM FRENTE AO CENTRO DESPORTIVO E FISIOTERAPEUTICO,AV LIBERDADE,428,EM FRENTE AO CENTRO DESPORTIVO E FISIOTERAPEUTICO,JARDIM SÃO PAULO,,,COLISÃO,COLISÃO SEM VÍTIMA,1,,,,,1,,,,0,,,,,,,,,,,,,,
2018-06-24,14:20:00,COM VÍTIMA,FINALIZADA,BOA VIAGEM,AV HERCULANO BANDEIRA,,,INICIO DA DOMINGOS FERREIRA,AV HERCULANO BANDEIRA,,INICIO DA DOMINGOS FERREIRA,BOA VIAGEM,,,COLISÃO,COM VÍTIMA,1,1,,,,,,,,1,,,,,,,,,,,,,,
2018-06-24,14:21:00,COM VÍTIMA,FINALIZADA,BOA VIAGEM,RUA WALDEMAR NERY CARNEIRO MONTEIRO,500,,PROXIMO AO CAPS,RUA WALDEMAR NERY CARNEIRO MONTEIRO,500,PROXIMO AO CAPS,BOA VIAGEM,,,COLISÃO,COLISÃO COM VÍTIMA,,1,,,,1,,,,1,,,,,,,,,,,,,,
2018-06-24,15:38:00,COM VÍTIMA,FINALIZADA,IPUTINGA,EST DO BARBALHO,,,EM FRENTE A CONAB. PRÓXIMO AO DETRAN/PE,EST DO BARBALHO,,EM FRENTE A CONAB. PRÓXIMO AO DETRAN/PE,IPUTINGA,,,COLISÃO,COM VÍTIMA,1,1,,,,,,,,1,,,,,,,,,,,,,,
2018-06-24,15:59:00,SEM VÍTIMA,FINALIZADA,AFOGADOS,RUA COSME VIANA,,,PRÓXIMO A TUPAN,RUA COSME VIANA,,PRÓXIMO A TUPAN,AFOGADOS,,,COLISÃO,,2,,,,,,,,,0,,,,,,,,,,,,,,
2018-06-24,17:18:00,SEM VÍTIMA,FINALIZADA,CASA AMARELA,EST DO ARRAIAL,,,PROX. AO HOSPITAL AGAMENON MAGALHAES,EST DO ARRAIAL,,PROX. AO HOSPITAL AGAMENON MAGALHAES,CASA AMARELA,,,COLISÃO,DOIS AUTOS,2,,,,,,,,,0,,,,,,,,,,,,,,
2018-06-24,20:33:00,SEM VÍTIMA,FINALIZADA,ENCRUZILHADA,AV NORTE,X,,SEMAFORO 043/EM FRENTE AO BANCO SANTANDER,AV NORTE,X,SEMAFORO 043/EM FRENTE AO BANCO SANTANDER,ENCRUZILHADA,,,COLISÃO,AUTO ONIBUS,1,,,,,1,,,,0,,,,,,,,,,,,,,
2018-06-25,00:44:00,COM VÍTIMA,CANCELADA,SAN MARTIN,AV GENERAL SAN MARTIN,,AV ENG ABDIAS DE CARVALHO,EM FRENTE A FACULDADE ESTÁCIO // CRUZAMENTO COM AV ENG. ABDIAS DE CARVALHO,AV GENERAL SAN MARTIN,,EM FRENTE A FACULDADE ESTÁCIO // CRUZAMENTO COM AV ENG. ABDIAS DE CARVALHO,SAN MARTIN,,,COLISÃO,COLISÃO ENTRE MOTO E AUTO  COM VÍTIMA,1,1,,,,,,,,1,,,,,,,,,,,,,,
2018-06-25,06:50:00,COM VÍTIMA,FINALIZADA,BOA VISTA,AV GOVERNADOR CARLOS DE LIMA CAVALCANTI,75,,E/F AO EDF. QUATRO DE OUTUBRO,AV GOVERNADOR CARLOS DE LIMA CAVALCANTI,75,E/F AO EDF. QUATRO DE OUTUBRO,BOA VISTA,,,COLISÃO COM CICLISTA,COM UMA VÍTIMA,,,,1,,,,,,1,,,,,,,,,,,,,,
2018-06-25,07:18:00,SEM VÍTIMA,CANCELADA,DOIS IRMÃOS,RUA RIBEIRO PESSOA,,,APOS A FABRICA PINTO FORMOSO SENTIDO RURAL,RUA RIBEIRO PESSOA,,APOS A FABRICA PINTO FORMOSO SENTIDO RURAL,DOIS IRMÃOS,,,COLISÃO,COLISÃO SEM VITIMAS,1,,,,,,1,,,0,,,,,,,,,,,,,,
2018-06-25,07:54:00,SEM VÍTIMA,CANCELADA,AFOGADOS,RUA COSME VIANA,1281,,EM FRENTE A TUPAN,RUA COSME VIANA,1281,EM FRENTE A TUPAN,AFOGADOS,,,COLISÃO,DOIS AUTOS,2,,,,,,,,,0,,,,,,,,,,,,,,
2018-06-25,08:14:00,SEM VÍTIMA,CANCELADA,BOA VISTA,RUA DA AURORA,,,EM FRENTE AOS CORREIOS,RUA DA AURORA,,EM FRENTE AOS CORREIOS,BOA VISTA,,,COLISÃO,COLISÃO SEM VITIMAS BT JOSIAS QTH,1,,,,,1,,,,0,,,,,,,,,,,,,,
2018-06-25,08:37:00,SEM VÍTIMA,FINALIZADA,BOA VIAGEM,RUA WALDEMAR NERY CARNEIRO MONTEIRO,,RUA COPACABANA,CRUZ COM A RUA COPAGABAMA EM FRENTE A PADARIA SETUBAL,RUA WALDEMAR NERY CARNEIRO MONTEIRO,,CRUZ COM A RUA COPAGABAMA EM FRENTE A PADARIA SETUBAL,BOA VIAGEM,,,COLISÃO,COLISÃO SEM VITIMAS,2,,,,,,,,,0,,,,,,,,,,,,,,
2018-06-25,08:53:00,SEM VÍTIMA,FINALIZADA,CASA FORTE,RUA LEONARDO BEZERRA CAVALCANTE,,,NO SEMÁFORO 585,RUA LEONARDO BEZERRA CAVALCANTE,,NO SEMÁFORO 585,CASA FORTE,,,COLISÃO,COLISÃO SEM VÍTIMA,1,,,,,,1,,,0,,,,,,,,,,,,,,
2018-06-25,08:57:00,COM VÍTIMA,FINALIZADA,IMBIRIBEIRA,AV MARECHAL MASCARENHAS DE MORAES,,,PROX A LOCALIZA SENTIDO PRAZERES EM BAIXO DA PASSARELA DO AEROPORTO,AV MARECHAL MASCARENHAS DE MORAES,,PROX A LOCALIZA SENTIDO PRAZERES EM BAIXO DA PASSARELA DO AEROPORTO,IMBIRIBEIRA,,,COLISÃO,COLISÃO COM VITIMA SOCORRIDO PELOS OS BOMBEIROS,1,1,,,,,,,,2,,,,,,,,,,,,,,
2018-06-25,09:17:00,SEM VÍTIMA,FINALIZADA,MADALENA,RUA PROFESSOR BENEDITO MONTEIRO,,RUA BENFICA,COM A RUA BENFICA  EM FRENTE AO INTERNACIONAL,RUA PROFESSOR BENEDITO MONTEIRO,,COM A RUA BENFICA  EM FRENTE AO INTERNACIONAL,MADALENA,,,COLISÃO,MOTO E AUTO,1,1,,,,,,,,0,,,,,,,,,,,,,,
2018-06-25,09:27:00,SEM VÍTIMA,FINALIZADA,DERBY,AV GOVERNADOR AGAMENON MAGALHAES,,,SENTIDO BOA VIAGEM EM FRENTE AO COLEGIO BARBOSA LIMA,AV GOVERNADOR AGAMENON MAGALHAES,,SENTIDO BOA VIAGEM EM FRENTE AO COLEGIO BARBOSA LIMA,DERBY,,,COLISÃO,COLISÃO SEM VITIMAS,1,,,,,1,,,,0,,,,,,,,,,,,,,
2018-06-25,10:34:00,SEM VÍTIMA,FINALIZADA,IMBIRIBEIRA,RUA AUGUSTO CALHEIROS,62,,EM FRENTE AO GREMURB,RUA AUGUSTO CALHEIROS,62,EM FRENTE AO GREMURB,IMBIRIBEIRA,,,COLISÃO,DOIS AUTOS,2,,,,,,,,,0,,,,,,,,,,,,,,
2018-06-25,10:52:00,SEM VÍTIMA,FINALIZADA,AREIAS,AV DR JOSE RUFINO,742,,EM FRENTE A SOCORRO DOCES E SALGADOS,AV DR JOSE RUFINO,742,EM FRENTE A SOCORRO DOCES E SALGADOS,AREIAS,,,COLISÃO,COLISÃO SEM VÍTIMA,1,1,,,,,,,,0,,,,,,,,,,,,,,
2018-06-25,11:37:00,SEM VÍTIMA,FINALIZADA,IMBIRIBEIRA,AV MARECHAL MASCARENHAS DE MORAES,,,SENTIDO CIDADE EM FRENTE A CONCESSIONARIA TOYOLEX,AV MARECHAL MASCARENHAS DE MORAES,,SENTIDO CIDADE EM FRENTE A CONCESSIONARIA TOYOLEX,IMBIRIBEIRA,,,COLISÃO,COLISÃO SEM VITIMAS,1,,,,,,1,,,0,,,,,,,,,,,,,,
2018-06-25,11:38:00,SEM VÍTIMA,FINALIZADA,SANTO AMARO,RUA COELHO LEITE,,,E/F A FACULDADE DE ODONTOLOGIA,RUA COELHO LEITE,,E/F A FACULDADE DE ODONTOLOGIA,SANTO AMARO,,,COLISÃO,SEM VÍTIMAS,,1,,,,,,1,,0,,,,,,,,,,,,,,
2018-06-25,12:01:00,SEM VÍTIMA,FINALIZADA,BOA VIAGEM,RUA BARAO DE SOUZA LEAO,789,,EM FRENTE AO COLEGIO SANTOS DUMONT,RUA BARAO DE SOUZA LEAO,789,EM FRENTE AO COLEGIO SANTOS DUMONT,BOA VIAGEM,,,ENGAVETAMENTO,COLISÃO SEM VÍTIMA,4,,,,,,,,,0,,,,,,,,,,,,,,
2018-06-25,12:26:00,SEM VÍTIMA,FINALIZADA,SÃO JOSÉ,AV DANTAS BARRETO,,RUA JOAO SOUTO MAIOR,CRUZAMENTO COM A RUA JOÃO SOUTO MAIOR,AV DANTAS BARRETO,,CRUZAMENTO COM A RUA JOÃO SOUTO MAIOR,SÃO JOSÉ,,,COLISÃO,COLISÃO SEM VÍTIMA,2,,,,,,,,,0,,,,,,,,,,,,,,
2018-06-25,12:50:00,SEM VÍTIMA,CANCELADA,BREJO DE BEBERIBE,AV VEREADOR OTACILIO AZEVEDO,,,EM FRENTE A UPA  SENTIDO DOIS UNIDOS,AV VEREADOR OTACILIO AZEVEDO,,EM FRENTE A UPA  SENTIDO DOIS UNIDOS,BREJO DE BEBERIBE,,,COLISÃO,AUTO E CAMINHAO,1,,,,,,1,,,0,,,,,,,,,,,,,,
2018-06-25,13:32:00,SEM VÍTIMA,FINALIZADA,SANTO AMARO,AV GOVERNADOR AGAMENON MAGALHAES,,,EM FRENTE A UPE/ SENTIDO OLINDA,AV GOVERNADOR AGAMENON MAGALHAES,,EM FRENTE A UPE/ SENTIDO OLINDA,SANTO AMARO,,,COLISÃO,COLISÃO SEM VÍTIMA,1,,,,,1,,,,0,,,,,,,,,,,,,,
2018-06-25,13:41:00,SEM VÍTIMA,FINALIZADA,IMBIRIBEIRA,AV MARECHAL MASCARENHAS DE MORAES,,,EM FRENTE AO HOTEL AEROPORTO/ SENTIDO CIDADE,AV MARECHAL MASCARENHAS DE MORAES,,EM FRENTE AO HOTEL AEROPORTO/ SENTIDO CIDADE,IMBIRIBEIRA,,,COLISÃO,COLISÃO SEM VÍTIMA,3,,,,,,,,,0,,,,,,,,,,,,,,
2018-06-25,14:25:00,SEM VÍTIMA,CANCELADA,IMBIRIBEIRA,AV MARECHAL MASCARENHAS DE MORAES,2305,,EM FRENTE A CARROCERIAS PROGRESSO  SENTIDO AFOGADOS,AV MARECHAL MASCARENHAS DE MORAES,2305,EM FRENTE A CARROCERIAS PROGRESSO  SENTIDO AFOGADOS,IMBIRIBEIRA,,,COLISÃO,AUTO E CAMINHAO,1,,,,,,1,,,0,,,,,,,,,,,,,,
2018-06-25,14:28:00,SEM VÍTIMA,FINALIZADA,TEJIPIÓ,AV DR JOSE RUFINO,2905,,AO LADO DA ESTAÇÃO DO METRO DE TEJIPIO,AV DR JOSE RUFINO,2905,AO LADO DA ESTAÇÃO DO METRO DE TEJIPIO,TEJIPIÓ,,,COLISÃO,COLISAO ENTRE CAMINHAO E DOIS AUTOS S/V,2,,,,,,1,,,0,,,,,,,,,,,,,,
2018-06-25,15:06:00,SEM VÍTIMA,FINALIZADA,ESTÂNCIA,AV RECIFE,,,EM FRENTE AO SAL E BRASA,AV RECIFE,,EM FRENTE AO SAL E BRASA,ESTÂNCIA,,,COLISÃO,03 AUTO PASSEIOS,3,,,,,,,,,0,,,,,,,,,,,,,,
2018-06-25,15:13:00,SEM VÍTIMA,FINALIZADA,CIDADE UNIVERSITÁRIA,RUA PROFESSOR ANTONIO COELHO,,,EM FRENTE AO COLEGIO PONTUAL,RUA PROFESSOR ANTONIO COELHO,,EM FRENTE AO COLEGIO PONTUAL,CIDADE UNIVERSITÁRIA,,,COLISÃO,AUTO E ONIBUS ,1,,,,,1,,,,0,,,,,,,,,,,,,,
2018-06-25,15:53:00,SEM VÍTIMA,FINALIZADA,JARDIM SÃO PAULO,AV RECIFE,5536,,EM FRENTE A EMPRESA SN DISTRIBUIDORA/ SENTIDO CAXANGA,AV RECIFE,5536,EM FRENTE A EMPRESA SN DISTRIBUIDORA/ SENTIDO CAXANGA,JARDIM SÃO PAULO,,,COLISÃO,COLISÃO SEM VÍTIMA,2,,,,,,,,,0,,,,,,,,,,,,,,
2018-06-25,16:32:00,SEM VÍTIMA,FINALIZADA,ESPINHEIRO,RUA DA HORA,772,,EM FRENTE AO VIP SAUDE,RUA DA HORA,772,EM FRENTE AO VIP SAUDE,ESPINHEIRO,,,COLISÃO,COLISÃO SEM VÍTIMA,1,,,,,1,,,,0,,,,,,,,,,,,,,
2018-06-25,18:09:00,SEM VÍTIMA,FINALIZADA,BOA VIAGEM,RUA TENENTE DOMINGOS DE BRITO,147,RUA JORGE COUCEIRO DA COSTA EIRAS,NA SAÍDA DO SHOPPING RECIFE / ESQUINA COM A R JORGE COUCEIRO DA COSTA EIRAS / E/F A IGREJA FONTE DA VIDA,RUA TENENTE DOMINGOS DE BRITO,147,NA SAÍDA DO SHOPPING RECIFE / ESQUINA COM A R JORGE COUCEIRO DA COSTA EIRAS / E/F A IGREJA FONTE DA VIDA,BOA VIAGEM,,,COLISÃO,ENTRE 2 AUTOS. S/V,2,,,,,,,,,0,,,,,,,,,,,,,,
2018-06-25,18:47:00,SEM VÍTIMA,CANCELADA,PINA,AV HERCULANO BANDEIRA,,AV CONSELHEIRO AGUIAR,CRUZ COM A AV CONS AGUIAR / SEMÁFORO 138,AV HERCULANO BANDEIRA,,CRUZ COM A AV CONS AGUIAR / SEMÁFORO 138,PINA,,,COLISÃO,ENTRE 2 AUTOS. S/V,2,,,,,,,,,0,,,,,,,,,,,,,,
2018-06-25,19:08:00,SEM VÍTIMA,FINALIZADA,ESPINHEIRO,RUA DA HORA,,AV CONSELHEIRO ROSA E SILVA,CRUZAMENTO COM AV CONS. ROSA E SILVA DEPOIS DO CLUB PORTUGUES,RUA DA HORA,,CRUZAMENTO COM AV CONS. ROSA E SILVA DEPOIS DO CLUB PORTUGUES,ESPINHEIRO,,,COLISÃO,ONIBUS X PALIO,1,,,,,1,,,,0,,,,,,,,,,,,,,
2018-06-25,19:13:00,COM VÍTIMA,CANCELADA,CABANGA,PTE GOVERNADOR PAULO GUERRA,1253,,E/F A COMPESA  SNT SHOPPING RIO MAR,PTE GOVERNADOR PAULO GUERRA,1253,E/F A COMPESA  SNT SHOPPING RIO MAR,CABANGA,,,COLISÃO COM CICLISTA,ENTRE AUTO E CICLISTA. C/V,1,,,1,,,,,,1,,,,,,,,,,,,,,
2018-06-25,19:34:00,SEM VÍTIMA,FINALIZADA,ESTÂNCIA,AV RECIFE,,,E/F AO WALMART / PRÓX AO MAKRO E RESID IGNEZ ANDREAZZA,AV RECIFE,,E/F AO WALMART / PRÓX AO MAKRO E RESID IGNEZ ANDREAZZA,ESTÂNCIA,,,ENGAVETAMENTO,ENTRE 3 AUTOS. S/V,3,,,,,,,,,0,,,,,,,,,,,,,,
2018-06-25,21:05:00,SEM VÍTIMA,CANCELADA,BOA VISTA,RUA PADRE INGLES,300,,ENF A FACULDADE UNIBRA NA BOA VISTA,RUA PADRE INGLES,300,ENF A FACULDADE UNIBRA NA BOA VISTA,BOA VISTA,,,COLISÃO,PALIO X FLUENCE,2,,,,,,,,,0,,,,,,,,,,,,,,
2018-06-25,21:27:00,SEM VÍTIMA,FINALIZADA,IBURA,AV DOIS RIOS,,RUA DOM HELDER CAMARA,CRUZ COM R DOM HELDER CÂMERA - SEMÁFORO 518 / E/F AO POSTO MAIS,AV DOIS RIOS,,CRUZ COM R DOM HELDER CÂMERA - SEMÁFORO 518 / E/F AO POSTO MAIS,IBURA,,,COLISÃO,ENTRE 2 AUTOS. S/V,2,,,,,,,,,0,,,,,,,,,,,,,,
2018-06-25,21:37:00,SEM VÍTIMA,CANCELADA,IPSEP,RUA ITANAGE,77,,E/F A ODONTO UP E PRÓX A MASTER - AR,RUA ITANAGE,77,E/F A ODONTO UP E PRÓX A MASTER - AR,IPSEP,,,COLISÃO,ENTRE 2 AUTOS. S/V,2,,,,,,,,,0,,,,,,,,,,,,,,
2018-06-26,02:15:00,SEM VÍTIMA,FINALIZADA,ENGENHO DO MEIO,RUA MANUEL ALVES DEUSDARA,,,EM FRENTE A PRAÇA DO ENGENHO DO MEIO,RUA MANUEL ALVES DEUSDARA,,EM FRENTE A PRAÇA DO ENGENHO DO MEIO,ENGENHO DO MEIO,,,CHOQUE,VIATURA DA POLÍCIA MILITAR CHOCOU-SE CONTRA UMA ÁRVORE,1,,,,,,,,,0,,,,,,,,,,,,,,
2018-06-26,07:18:00,SEM VÍTIMA,FINALIZADA,AFOGADOS,RUA COSME VIANA,,,EM FRENTE A CONCESSIONARIA IMBIRIBEIRA VEICULOS SENTIDO CIDADE,RUA COSME VIANA,,EM FRENTE A CONCESSIONARIA IMBIRIBEIRA VEICULOS SENTIDO CIDADE,AFOGADOS,,,COLISÃO,COLISÃO SEM VITIMAS,2,,,,,,,,,0,,,,,,,,,,,,,,
2018-06-26,07:47:00,SEM VÍTIMA,FINALIZADA,BEBERIBE,AV BEBERIBE,,,SEMAFORO 307 / SENT SUB,AV BEBERIBE,,SEMAFORO 307 / SENT SUB,BEBERIBE,,,COLISÃO,ONIBUS E AUTO PASSEIO,1,,,,,1,,,,0,,,,,,,,,,,,,,
2018-06-26,08:53:00,SEM VÍTIMA,FINALIZADA,BOA VIAGEM,RUA VISCONDE DE JEQUITINHONHA,1145,,E/F A LOCALIZA,RUA VISCONDE DE JEQUITINHONHA,1145,E/F A LOCALIZA,BOA VIAGEM,,,COLISÃO,SEM VÍTIMA,2,,,,,,,,,0,,,,,,,,,,,,,,
2018-06-26,09:37:00,SEM VÍTIMA,FINALIZADA,PINA,AV ANTONIO DE GOES,,,EM FRENTE AO DNIT,AV ANTONIO DE GOES,,EM FRENTE AO DNIT,PINA,,,COLISÃO,COLISÃO SEM VITIMAS,1,,,,,1,,,,0,,,,,,,,,,,,,,
2018-06-26,09:42:00,SEM VÍTIMA,FINALIZADA,BOA VISTA,RUA BISPO CARDOSO AYRES,,,E/F A FACULDADE ESUDA,RUA BISPO CARDOSO AYRES,,E/F A FACULDADE ESUDA,BOA VISTA,,,COLISÃO,SEM VÍTIMAS,1,1,,,,,,,,0,,,,,,,,,,,,,,
2018-06-26,09:42:00,SEM VÍTIMA,FINALIZADA,BOA VIAGEM,AV CONSELHEIRO AGUIAR,2154,,EM FRENTE A PADARIA DIPLOMATA,AV CONSELHEIRO AGUIAR,2154,EM FRENTE A PADARIA DIPLOMATA,BOA VIAGEM,,,COLISÃO,COLISÃO SEM VITIMAS,1,,,,,,1,,,0,,,,,,,,,,,,,,
2018-06-26,11:10:00,SEM VÍTIMA,FINALIZADA,BOA VIAGEM,RUA PROFESSOR JULIO FERREIRA DE MELO,,RUA PADRE CARAPUCEIRO,COM A PADRE CARAPUCEIRO / ESQ COM O COLEGIO MOTIVO,RUA PROFESSOR JULIO FERREIRA DE MELO,,COM A PADRE CARAPUCEIRO / ESQ COM O COLEGIO MOTIVO,BOA VIAGEM,,,COLISÃO,DOIS AUTOS,2,,,,,,,,,0,,,,,,,,,,,,,,
2018-06-26,12:16:00,SEM VÍTIMA,FINALIZADA,TAMARINEIRA,RUA GUIMARAES PEIXOTO,434,,EM FRENTE A MORADA JOÃO DA MATTA,RUA GUIMARAES PEIXOTO,434,EM FRENTE A MORADA JOÃO DA MATTA,TAMARINEIRA,,,COLISÃO,COLISÃO SEM VÍTIMA,1,,,,,,1,,,0,,,,,,,,,,,,,,
2018-06-26,12:33:00,SEM VÍTIMA,FINALIZADA,AFOGADOS,RUA COSME VIANA,157,,EM FRENTE A IMPERIO DAS MOTOS,RUA COSME VIANA,157,EM FRENTE A IMPERIO DAS MOTOS,AFOGADOS,,,COLISÃO,COLISÃO SEM VÍTIMA,1,,,,,,1,,,0,,,,,,,,,,,,,,