data,hora,natureza_acidente,situacao,bairro,endereco,numero,detalhe_endereco_acidente,complemento,endereco_cruzamento,numero_cruzamento,referencia_cruzamento,bairro_cruzamento,num_semaforo,sentido_via,tipo,descricao,auto,moto,ciclom,ciclista,pedestre,onibus,caminhao,viatura,outros,vitimas,vitimasfatais,acidente_verificado,tempo_clima,situacao_semaforo,sinalizacao,condicao_via,conservacao_via,ponto_controle,situacao_placa,velocidade_max_via,mao_direcao,divisao_via1,divisao_via2,divisao_via3
2018-06-28,11:07:00,SEM VÍTIMA,FINALIZADA,BOA VISTA,AV JOAO DE BARROS,25,,EM FRENTE AO NUCE,AV JOAO DE BARROS,25,EM FRENTE AO NUCE,BOA VISTA,,,COLISÃO,DOIS AUTOS,2,,,,,,,,,0,,,,,,,,,,,,,,
2018-06-28,11:46:00,SEM VÍTIMA,FINALIZADA,CORDEIRO,AV CAXANGA,1953,,EM FENTE AO CERPE  SENTIDO CENTRO,AV CAXANGA,1953,EM FENTE AO CERPE  SENTIDO CENTRO,CORDEIRO,,,COLISÃO,DOIS AUTOS,2,,,,,,,,,0,,,,,,,,,,,,,,
2018-06-28,13:30:00,SEM VÍTIMA,FINALIZADA,SANTO AMARO,RUA TREZE DE MAIO,586,,EM FRENTE AO BOX E BOX,RUA TREZE DE MAIO,586,EM FRENTE AO BOX E BOX,SANTO AMARO,,,COLISÃO,COLISÃO SEM VÍTIMA,2,,,,,,,,,0,,,,,,,,,,,,,,
2018-06-28,14:09:00,SEM VÍTIMA,FINALIZADA,BOA VIAGEM,RUA DR PEDRO DE MELLO CAHU,,RUA PROF EDUARDO WANDERLEY FILHO,CRUZAMANTO COM RUA PROFESSOR EDUARDO WANDERLEY FILHO/ PROXIMO AO CASA SÃO PAULO,RUA DR PEDRO DE MELLO CAHU,,CRUZAMANTO COM RUA PROFESSOR EDUARDO WANDERLEY FILHO/ PROXIMO AO CASA SÃO PAULO,BOA VIAGEM,,,COLISÃO,COLISÃO SEM VÍTIMA,2,,,,,,,,,0,,,,,,,,,,,,,,
2018-06-28,14:19:00,SEM VÍTIMA,FINALIZADA,TORRÕES,AV ENGENHEIRO ABDIAS DE CARVALHO,,,NO SEMAFORO 422  EM FRENTE A FARMACIA DROGAMARIA,AV ENGENHEIRO ABDIAS DE CARVALHO,,NO SEMAFORO 422  EM FRENTE A FARMACIA DROGAMARIA,TORRÕES,,,COLISÃO,AUTO E MOTO,1,1,,,,,,,,0,,,,,,,,,,,,,,
2018-06-28,15:02:00,COM VÍTIMA,FINALIZADA,JORDÃO,AV MARIA IRENE,865,,E/F POSTO TOTAL  EM JORDAO BAIXO,AV MARIA IRENE,865,E/F POSTO TOTAL  EM JORDAO BAIXO,JORDÃO,,,ATROPELAMENTO,MOTO E PEDESTRE,1,,,,1,,,,,2,,,,,,,,,,,,,,
2018-06-28,15:26:00,COM VÍTIMA,FINALIZADA,VÁRZEA,AV CAXANGA,,RUA RIBEIRO PESSOA,COM RUA RIBEIRO PESSOA,AV CAXANGA,,COM RUA RIBEIRO PESSOA,VÁRZEA,,,COLISÃO,,1,1,,,,,,,,1,,,,,,,,,,,,,,
2018-06-28,16:06:00,SEM VÍTIMA,FINALIZADA,IPSEP,RUA SAO NICOLAU,,,NO SEMÁFORO 505,RUA SAO NICOLAU,,NO SEMÁFORO 505,IPSEP,,,COLISÃO,COLISÃO SEM VÍTIMA,,,,,,1,,1,,0,,,,,,,,,,,,,,
2018-06-28,16:36:00,COM VÍTIMA,FINALIZADA,ENCRUZILHADA,AV BEBERIBE,111,,PROX. AO MERCADO DA ENCRUZILHADA,AV BEBERIBE,111,PROX. AO MERCADO DA ENCRUZILHADA,ENCRUZILHADA,,,COLISÃO,AUTO E MOTO,1,1,,,,,,,,1,,,,,,,,,,,,,,
2018-06-28,16:42:00,COM VÍTIMA,FINALIZADA,NOVA DESCOBERTA,RUA SANTA TEREZA,30,,NO TERMINAL DO ONIBUS DE NOVA DESCOBERTA/ CABUGA,RUA SANTA TEREZA,30,NO TERMINAL DO ONIBUS DE NOVA DESCOBERTA/ CABUGA,NOVA DESCOBERTA,,,COLISÃO,MOTO E ONIBUS ,,1,,,,1,,,,1,,,,,,,,,,,,,,
2018-06-28,16:46:00,SEM VÍTIMA,FINALIZADA,IMBIRIBEIRA,AV MARECHAL MASCARENHAS DE MORAES,2671,,SENT. AEROPORTO  EM FRENTE AO POSTO DE GASOLINA BR,AV MARECHAL MASCARENHAS DE MORAES,2671,SENT. AEROPORTO  EM FRENTE AO POSTO DE GASOLINA BR,IMBIRIBEIRA,,,COLISÃO,DOIS AUTOS,2,,,,,,,,,0,,,,,,,,,,,,,,
2018-06-28,17:30:00,SEM VÍTIMA,CANCELADA,BOA VISTA,RUA DOM BOSCO,,,EM FRENTE A FACULDADE SALESIANA,RUA DOM BOSCO,,EM FRENTE A FACULDADE SALESIANA,BOA VISTA,,,COLISÃO,DOIS AUTOS S/V,2,,,,,,,,,0,,,,,,,,,,,,,,
2018-06-28,17:56:00,SEM VÍTIMA,FINALIZADA,TAMARINEIRA,RUA CONEGO BARATA,,,EM FRENTE A FERREIRA COSTA,RUA CONEGO BARATA,,EM FRENTE A FERREIRA COSTA,TAMARINEIRA,,,COLISÃO,DOIS AUTO C/V,2,,,,,,,,,0,,,,,,,,,,,,,,
2018-06-28,21:01:00,SEM VÍTIMA,FINALIZADA,ESPINHEIRO,RUA MARQUES DO PARANA,450,,E/F A OFICINA MARTELINHO DE OURO E PRÓX A KIA,RUA MARQUES DO PARANA,450,E/F A OFICINA MARTELINHO DE OURO E PRÓX A KIA,ESPINHEIRO,,,COLISÃO,ENTRE 2 AUTOS. S/V,2,,,,,,,,,0,,,,,,,,,,,,,,
2018-06-28,22:59:00,SEM VÍTIMA,CANCELADA,IPSEP,RUA PINTOR ANTONIO ALBUQUERQUE,518,RUA PROF JOSE VICENTE,E/F AO MERCADO CONVENÇÃO / CRUZ COM A R PROF JOSÉ VICENTE,RUA PINTOR ANTONIO ALBUQUERQUE,518,E/F AO MERCADO CONVENÇÃO / CRUZ COM A R PROF JOSÉ VICENTE,IPSEP,,,COLISÃO,ENTRE 2 AUTOS. S/V,2,,,,,,,,,0,,,,,,,,,,,,,,
2018-06-29,07:20:00,SEM VÍTIMA,FINALIZADA,BOA VIAGEM,RUA ERNESTO DE PAULA SANTOS,187,AV CONS AGUIAR,COM A CONS. AGUIAR  EM FRENTE AO BANCO ITAU NO SEMAFORO 127,RUA ERNESTO DE PAULA SANTOS,187,COM A CONS. AGUIAR  EM FRENTE AO BANCO ITAU NO SEMAFORO 127,BOA VIAGEM,,,ENGAVETAMENTO,ONIBUS E 3 AUTOS,3,,,,,1,,,,0,,,,,,,,,,,,,,
2018-06-29,07:41:00,COM VÍTIMA,FINALIZADA,PAISSANDU,AV GOVERNADOR AGAMENON MAGALHAES,,,EM FRENTE AO RHP,AV GOVERNADOR AGAMENON MAGALHAES,,EM FRENTE AO RHP,PAISSANDU,,,ACID. DE PERCURSO,QUEDA ACIDENTAL ENVOLVENDO MOTOCICLISTA COM UMA VÍTIMA,,1,,,,,,,,1,,,,,,,,,,,,,,
2018-06-29,07:43:00,SEM VÍTIMA,CANCELADA,PRADO,AV ENGENHEIRO ABDIAS DE CARVALHO,,,AO LADO DA FUNASE  SENTIDO SUBURBIO,AV ENGENHEIRO ABDIAS DE CARVALHO,,AO LADO DA FUNASE  SENTIDO SUBURBIO,PRADO,,,COLISÃO,COLISÃO SEM VITIMA,2,,,,,,,,,0,,,,,,,,,,,,,,
2018-06-29,08:32:00,SEM VÍTIMA,FINALIZADA,CORDEIRO,RUA GOMES TABORDA,1286,,PROX. AO SUPERMERCADO IDEAL,RUA GOMES TABORDA,1286,PROX. AO SUPERMERCADO IDEAL,CORDEIRO,,,COLISÃO,DOIS AUTOS,2,,,,,,,,,0,,,,,,,,,,,,,,
2018-06-29,08:48:00,SEM VÍTIMA,FINALIZADA,BOA VIAGEM,AV CONSELHEIRO AGUIAR,,,AO LADO DA FUNASE,AV CONSELHEIRO AGUIAR,,AO LADO DA FUNASE,BOA VIAGEM,,,COLISÃO,COLISÃO SEM VITIMAS,2,,,,,,,,,0,,,,,,,,,,,,,,
2018-06-29,09:21:00,COM VÍTIMA,FINALIZADA,CASA AMARELA,RUA DA HARMONIA,,,NO SEMAFORO 598  PROX. A ESCOLA ESTADUAL PADRE MACHADO,RUA DA HARMONIA,,NO SEMAFORO 598  PROX. A ESCOLA ESTADUAL PADRE MACHADO,CASA AMARELA,,,COLISÃO,DUAS MOTOS,,2,,,,,,,,1,,,,,,,,,,,,,,
2018-06-29,09:25:00,COM VÍTIMA,FINALIZADA,BOA VIAGEM,RUA DR VICENTE GOMES,336,,APOS A LOCALIZA  SENTIDO CIDADE ANTES DO PARQUE DONA LINDU,RUA DR VICENTE GOMES,336,APOS A LOCALIZA  SENTIDO CIDADE ANTES DO PARQUE DONA LINDU,BOA VIAGEM,,,COLISÃO COM CICLISTA,ATROPELAMENTO A UM CICLISTA,1,,,1,,,,,,1,,,,,,,,,,,,,,
2018-06-29,09:39:00,SEM VÍTIMA,FINALIZADA,IMBIRIBEIRA,AV MARECHAL MASCARENHAS DE MORAES,,,SENTIDO AFOGADOS EM FRENTE AO AEROPORTO E ENTRE A LOCALIZA,AV MARECHAL MASCARENHAS DE MORAES,,SENTIDO AFOGADOS EM FRENTE AO AEROPORTO E ENTRE A LOCALIZA,IMBIRIBEIRA,,,COLISÃO,COLISÃO SEM VITIMAS,1,,,,,,1,,,0,,,,,,,,,,,,,,
2018-06-29,09:47:00,SEM VÍTIMA,FINALIZADA,IBURA,RUA SOLDADO VIRGILIO LUCIO,141,,EM FRENTE AO DEPOSITO DE BEBIDAS,RUA SOLDADO VIRGILIO LUCIO,141,EM FRENTE AO DEPOSITO DE BEBIDAS,IBURA,,,COLISÃO,MOTO E AUTO,1,1,,,,,,,,0,,,,,,,,,,,,,,
2018-06-29,10:08:00,COM VÍTIMA,FINALIZADA,ÁGUA FRIA,AV BEBERIBE,,,EM BAIXO DO SEMAFORO 064,AV BEBERIBE,,EM BAIXO DO SEMAFORO 064,ÁGUA FRIA,,,ATROPELAMENTO,VITIMA A ESPERA DO SAMU VT 08 QTH,,,,,1,1,,,,1,,,,,,,,,,,,,,
2018-06-29,10:09:00,COM VÍTIMA,CANCELADA,CAXANGÁ,AV CAXANGA,1181,,EM FRENTE A CENTRO AUTOMOTIVO MULTIMARCAS,AV CAXANGA,1181,EM FRENTE A CENTRO AUTOMOTIVO MULTIMARCAS,CAXANGÁ,,,COLISÃO,MOTO E AUTO,1,1,,,,,,,,1,,,,,,,,,,,,,,
2018-06-29,11:28:00,SEM VÍTIMA,FINALIZADA,BEBERIBE,PRC DA CONVENCAO,,,EM FRENTE A BOTICARIO / SENT SUB,PRC DA CONVENCAO,,EM FRENTE A BOTICARIO / SENT SUB,BEBERIBE,,,COLISÃO,MOTO / AUTO PASSEIO,1,1,,,,,,,,0,,,,,,,,,,,,,,
2018-06-29,11:32:00,SEM VÍTIMA,FINALIZADA,BAIRRO DO RECIFE,AV PREFEITO ARTUR LIMA CAVALCANTI,,,POR TRAS DO SOARES DUTRA / APOS A PONTE A DO LIMOEIRO / SET OLINDA,AV PREFEITO ARTUR LIMA CAVALCANTI,,POR TRAS DO SOARES DUTRA / APOS A PONTE A DO LIMOEIRO / SET OLINDA,BAIRRO DO RECIFE,,,COLISÃO,AUTO E MOTO,1,1,,,,,,,,0,,,,,,,,,,,,,,
2018-06-29,12:28:00,COM VÍTIMA,FINALIZADA,BONGI,AV ENGENHEIRO ABDIAS DE CARVALHO,,,PRÓXIMO AO RESTAURANTE GALETU'S,AV ENGENHEIRO ABDIAS DE CARVALHO,,PRÓXIMO AO RESTAURANTE GALETU'S,BONGI,,,COLISÃO,COLISÃO ENTRE ÔNIBUS E AUTO COM DUAS VÍTMAS,,,,,,,,,,2,,,,,,,,,,,,,,
2018-06-29,12:38:00,SEM VÍTIMA,FINALIZADA,SÃO JOSÉ,RUA SAO JOAO,,,EM FRENTE A PRAÇA DAS CINCO PONTAS,RUA SAO JOAO,,EM FRENTE A PRAÇA DAS CINCO PONTAS,SÃO JOSÉ,,,COLISÃO,COLISÃO SEM VÍTIMA,2,,,,,,,,,0,,,,,,,,,,,,,,
2018-06-29,12:45:00,SEM VÍTIMA,FINALIZADA,DERBY,RUA DR BANDEIRA FILHO,,,AO LADO DA MCDONALD,RUA DR BANDEIRA FILHO,,AO LADO DA MCDONALD,DERBY,,,COLISÃO,COLISÃO SEM VÍTIMA,1,,,,,,1,,,0,,,,,,,,,,,,,,
2018-06-29,12:50:00,SEM VÍTIMA,FINALIZADA,DOIS IRMÃOS,RUA MANUEL DE MEDEIROS,,,PROX AO LAFEPE NO SEMAFORO 416,RUA MANUEL DE MEDEIROS,,PROX AO LAFEPE NO SEMAFORO 416,DOIS IRMÃOS,,,COLISÃO,COLISAO ENTRE AUTO E ONIBUS S/V,1,,,,,1,,,,0,,,,,,,,,,,,,,
2018-06-29,13:55:00,COM VÍTIMA,FINALIZADA,SÃO JOSÉ,C SANTA RITA,,,SOB O SEMÁFORO 076,C SANTA RITA,,SOB O SEMÁFORO 076,SÃO JOSÉ,,,COLISÃO,01 MOTOCICLETA E UM VEÍCULO  QUE EVADIU-SE DO LOCAL  SEGUNDO INFORMAÇÃO REPASSADA PELO BT,,,,,,,,,,1,,,,,,,,,,,,,,
2018-06-29,14:34:00,COM VÍTIMA,FINALIZADA,CAMPO GRANDE,RUA MARQUES DE BAIPENDI,,,PROXIMO A DISTRIBUIDORA DA COCA COLA,RUA MARQUES DE BAIPENDI,,PROXIMO A DISTRIBUIDORA DA COCA COLA,CAMPO GRANDE,,,COLISÃO,AUTO E MOTO C/V,1,1,,,,,,,,1,,,,,,,,,,,,,,
2018-06-29,14:54:00,COM VÍTIMA,FINALIZADA,BONGI,AV ENGENHEIRO ABDIAS DE CARVALHO,,,EM FRENTE AO GALETUS,AV ENGENHEIRO ABDIAS DE CARVALHO,,EM FRENTE AO GALETUS,BONGI,,,COLISÃO,ONIBUS E AUTO PASSEIO,1,,,,,1,,,,2,,,,,,,,,,,,,,
2018-06-29,14:59:00,SEM VÍTIMA,FINALIZADA,ENCRUZILHADA,AV NORTE,,,EM FRENTE A O BANCO SANTANDER/ SEMAFORO 043,AV NORTE,,EM FRENTE A O BANCO SANTANDER/ SEMAFORO 043,ENCRUZILHADA,,,COLISÃO,ONIBUS/CAMINHAO,1,,,,,,1,,,0,,,,,,,,,,,,,,
2018-06-29,15:19:00,SEM VÍTIMA,FINALIZADA,SANTO AMARO,AV NORTE,,,E/F AO QUARTEL DO EXERCITO S/T SUB,AV NORTE,,E/F AO QUARTEL DO EXERCITO S/T SUB,SANTO AMARO,,,COLISÃO,COLISAO ENTRE ONIBUS E AUTO S/V,1,,,,,1,,,,0,,,,,,,,,,,,,,
2018-06-29,15:43:00,SEM VÍTIMA,FINALIZADA,IPSEP,RUA ADERBAL DE MELO,135,,EM FRENTE A FEIJOADA CHAMBARIL DO JOAO,RUA ADERBAL DE MELO,135,EM FRENTE A FEIJOADA CHAMBARIL DO JOAO,IPSEP,,,COLISÃO,DOIS AUTOS S/V,2,,,,,,,,,0,,,,,,,,,,,,,,
2018-06-29,15:47:00,SEM VÍTIMA,FINALIZADA,AREIAS,AV RECIFE,844,,EM FRENTE AO MJ VEÍCULOS / SENTIDO BOA VIAGEM,AV RECIFE,844,EM FRENTE AO MJ VEÍCULOS / SENTIDO BOA VIAGEM,AREIAS,,,COLISÃO,COLISÃO SEM VÍTIMA,2,,,,,,,,,0,,,,,,,,,,,,,,
2018-06-29,16:07:00,SEM VÍTIMA,FINALIZADA,IMBIRIBEIRA,RUA IZABEL DE SOUZA,533,,RUA DO BANCO DO BRASIL,RUA IZABEL DE SOUZA,533,RUA DO BANCO DO BRASIL,IMBIRIBEIRA,,,COLISÃO,CAMINHAO E AUTO S/V,1,,,,,,1,,,0,,,,,,,,,,,,,,
2018-06-29,16:09:00,SEM VÍTIMA,FINALIZADA,SÃO JOSÉ,AV SUL,899,RUA PADRE AZEVEDO,ESQUINA COM A RUA PADRE AZEVEDO BATEDOR DA MOTO 34 E 20 NO LOCAL,AV SUL,899,ESQUINA COM A RUA PADRE AZEVEDO BATEDOR DA MOTO 34 E 20 NO LOCAL,SÃO JOSÉ,,,COLISÃO,COLISAOP ENTRE AUTO E MOTO S/V,1,1,,,,,,,,0,,,,,,,,,,,,,,
2018-06-29,16:26:00,SEM VÍTIMA,FINALIZADA,IMBIRIBEIRA,AV MARECHAL MASCARENHAS DE MORAES,,,E/F A FERREIRA COSTA S/T CID,AV MARECHAL MASCARENHAS DE MORAES,,E/F A FERREIRA COSTA S/T CID,IMBIRIBEIRA,,,COLISÃO,COLISAO ENTRE DOIS AUTOS S/V,2,,,,,,,,,0,,,,,,,,,,,,,,
2018-06-29,16:48:00,SEM VÍTIMA,FINALIZADA,TAMARINEIRA,RUA CONEGO BARATA,978,,EM FRENTE AO DNOCS,RUA CONEGO BARATA,978,EM FRENTE AO DNOCS,TAMARINEIRA,,,COLISÃO,DOIS AUTOS S/V,2,,,,,,,,,0,,,,,,,,,,,,,,
2018-06-29,16:58:00,COM VÍTIMA,FINALIZADA,BOA VIAGEM,AV DOM JOAO VI,,,EM FRENTE AO SHOPPING RECIFE / SENTIDO CANDEIAS,AV DOM JOAO VI,,EM FRENTE AO SHOPPING RECIFE / SENTIDO CANDEIAS,BOA VIAGEM,,,ATROPELAMENTO,COM VÍTIMA,1,,,,1,,,,,1,,,,,,,,,,,,,,
2018-06-29,17:54:00,SEM VÍTIMA,FINALIZADA,MADALENA,AV JOSE GONCALVES DE MEDEIROS,116,RUA COMENDADOR BENTO AGUIAR,ENF A PAGUE MENOS CRUZAMENTO COM A RUA COMENDADO BENTO AGUIAR,AV JOSE GONCALVES DE MEDEIROS,116,ENF A PAGUE MENOS CRUZAMENTO COM A RUA COMENDADO BENTO AGUIAR,MADALENA,,,COLISÃO,ONIX X MERCEDES 710,1,,,,,,1,,,0,,,,,,,,,,,,,,
2018-06-29,19:18:00,SEM VÍTIMA,FINALIZADA,CASA FORTE,RUA DE APIPUCOS,,,EM FRENTE AO BATALHAO DA POLICIA MILITAR,RUA DE APIPUCOS,,EM FRENTE AO BATALHAO DA POLICIA MILITAR,CASA FORTE,,,COLISÃO,MOTO/AUTO S/V,1,1,,,,,,,,0,,,,,,,,,,,,,,
2018-06-29,19:31:00,SEM VÍTIMA,FINALIZADA,CASA FORTE,EST DAS UBAIAS ,486,RUA IRMA MARIA DAVID,PROX AO COLEGIO NAP // CRUZAMENTO COM A RUA IRMA MARIA DAVID,EST DAS UBAIAS ,486,PROX AO COLEGIO NAP // CRUZAMENTO COM A RUA IRMA MARIA DAVID,CASA FORTE,,,COLISÃO,PALIO X FIAT UNO,2,,,,,,,,,0,,,,,,,,,,,,,,
2018-06-29,19:55:00,SEM VÍTIMA,FINALIZADA,AFOGADOS,RUA TRES DE AGOSTO,,,EM FRENTE EROS HOTEL/EM FRENTE A IGREJA DE SAO SEBASTIAO,RUA TRES DE AGOSTO,,EM FRENTE EROS HOTEL/EM FRENTE A IGREJA DE SAO SEBASTIAO,AFOGADOS,,,CHOQUE,CAMINHAO COLIDIU COM VARIAS BARRACAS S/V,,,,,,,1,,,0,,,,,,,,,,,,,,
2018-06-29,20:01:00,SEM VÍTIMA,CANCELADA,TORRÕES,AV ENGENHEIRO ABDIAS DE CARVALHO,,,PROX AO VIADUTO DA 232 DEPOIS DO POSTO SHELL SENTDO CARUARU,AV ENGENHEIRO ABDIAS DE CARVALHO,,PROX AO VIADUTO DA 232 DEPOIS DO POSTO SHELL SENTDO CARUARU,TORRÕES,,,COLISÃO,PALIO X PRISMA,2,,,,,,,,,0,,,,,,,,,,,,,,
2018-06-29,20:24:00,SEM VÍTIMA,FINALIZADA,BARRO,AV CENTRAL,,,ENF A ESTAÇAO DO BARRO,AV CENTRAL,,ENF A ESTAÇAO DO BARRO,BARRO,,,COLISÃO,DUAS MOTOS UMA DA POLICIA,,2,,,,,,,,0,,,,,,,,,,,,,,
2018-06-29,20:56:00,COM VÍTIMA,FINALIZADA,AREIAS,AV DR JOSE RUFINO,,,SEMAFORO 044/EM FRENTE AO POSTO SHELL,AV DR JOSE RUFINO,,SEMAFORO 044/EM FRENTE AO POSTO SHELL,AREIAS,,,COLISÃO,MOTO E AUTO C/V,1,1,,,,,,,,1,,,,,,,,,,,,,,
2018-06-29,22:04:00,SEM VÍTIMA,FINALIZADA,IPSEP,AV RECIFE,,,DEPOIS DO POSTO FEDERAL S/T AEROPORTO  DEPOIS DA PIZZARIA ATLANTICO,AV RECIFE,,DEPOIS DO POSTO FEDERAL S/T AEROPORTO  DEPOIS DA PIZZARIA ATLANTICO,IPSEP,,,COLISÃO,DOIS AUTOS S/V,2,,,,,,,,,0,,,,,,,,,,,,,,
2018-06-29,22:37:00,SEM VÍTIMA,CANCELADA,BOA VIAGEM,AV CONSELHEIRO AGUIAR,,RUA DR NILO DORNELAS CAMARA,CRUZAMENTO COM A RUA DR NILO DORNELAS CAMERA ENF: A PRC DE BOA VIAGEM,AV CONSELHEIRO AGUIAR,,CRUZAMENTO COM A RUA DR NILO DORNELAS CAMERA ENF: A PRC DE BOA VIAGEM,BOA VIAGEM,,,COLISÃO,FIAT PUNTO X ONIBUS ,1,,,,,1,,,,0,,,,,,,,,,,,,,
2018-06-29,22:57:00,COM VÍTIMA,FINALIZADA,BOA VIAGEM,AV BOA VIAGEM,770,,PROXIMO AS QUADRA DE TENIS,AV BOA VIAGEM,770,PROXIMO AS QUADRA DE TENIS,BOA VIAGEM,,,COLISÃO,AUTO E MOTO,1,2,,,,,,,,2,,,,,,,,,,,,,,
2018-06-30,01:52:00,SEM VÍTIMA,CANCELADA,BOA VIAGEM,PRC MINISTRO SALGADO FILHO,,,NA ENTRADA DO ESTACIONAMENTO DO AEROPORTO,PRC MINISTRO SALGADO FILHO,,NA ENTRADA DO ESTACIONAMENTO DO AEROPORTO,BOA VIAGEM,,,COLISÃO,COLISÃO ENTRE DOIS AUTOS S/V,2,,,,,,,,,0,,,,,,,,,,,,,,
2018-06-30,03:48:00,COM VÍTIMA,FINALIZADA,ESPINHEIRO,RUA CONS PORTELA,,,EM FRENTE A IGREJA DO ESPINHEIRO,RUA CONS PORTELA,,EM FRENTE A IGREJA DO ESPINHEIRO,ESPINHEIRO,,,CAPOTAMENTO,CONDUTOR PERDEU O CONTROLE DO VEÍCULO E CAPOTOU,1,,,,,,,,,1,,,,,,,,,,,,,,
2018-06-30,08:13:00,COM VÍTIMA,FINALIZADA,MACAXEIRA,AV NORTE,,,EM FRENTE A ANTIGA FABRICA DA MACAZEIRA,AV NORTE,,EM FRENTE A ANTIGA FABRICA DA MACAZEIRA,MACAXEIRA,,,COLISÃO,MOTO E ONIBUS,,1,,,,1,,,,1,,,,,,,,,,,,,,
2018-06-30,08:14:00,COM VÍTIMA,FINALIZADA,IMBIRIBEIRA,RUA PAMPULHA,,RUA ITAJAI,CRUZ COM A RUA ITAJAI EM FRENTE A PANIFICADORA VALE DO RIO DOCE,RUA PAMPULHA,,CRUZ COM A RUA ITAJAI EM FRENTE A PANIFICADORA VALE DO RIO DOCE,IMBIRIBEIRA,,,COLISÃO,COLISÃO COM VITIMAS A ESPERA DO SAMU,2,1,,,,,,,,2,,,,,,,,,,,,,,
2018-06-30,09:31:00,SEM VÍTIMA,FINALIZADA,IMBIRIBEIRA,AV MARECHAL MASCARENHAS DE MORAES,,,SENTIDO CENTRO EM FRENTE A CONCESSIONARIA TOYOLEX,AV MARECHAL MASCARENHAS DE MORAES,,SENTIDO CENTRO EM FRENTE A CONCESSIONARIA TOYOLEX,IMBIRIBEIRA,,,COLISÃO,COLISÃO SEM VITIMAS,1,1,,,,,,,,0,,,,,,,,,,,,,,
2018-06-30,09:36:00,SEM VÍTIMA,FINALIZADA,IMBIRIBEIRA,AV MARECHAL MASCARENHAS DE MORAES,,,EM FRENTE AO DESCONTAO / SENT AFOGADOS,AV MARECHAL MASCARENHAS DE MORAES,,EM FRENTE AO DESCONTAO / SENT AFOGADOS,IMBIRIBEIRA,,,COLISÃO,DOIS AUTOS,2,,,,,,,,,0,,,,,,,,,,,,,,
2018-06-30,09:40:00,SEM VÍTIMA,FINALIZADA,DERBY,PRC DO DERBY,,,SEMÁFORO 418  PROX. AO QUARTEL DO DERBY,PRC DO DERBY,,SEMÁFORO 418  PROX. AO QUARTEL DO DERBY,DERBY,,,COLISÃO,SEM VÍTIMAS,1,,,,,,1,,,0,,,,,,,,,,,,,,
2018-06-30,09:48:00,SEM VÍTIMA,FINALIZADA,MACAXEIRA,AV NORTE,,,,AV NORTE,,,MACAXEIRA,,,COLISÃO,,2,,,,,,,,,0,,,,,,,,,,,,,,
2018-06-30,12:03:00,SEM VÍTIMA,FINALIZADA,AFOGADOS,RUA COSME VIANA,81,,EM FRENTE A FACULDADE FAREC DE ESQUINA COM O POSTO DE GASOLINA BP,RUA COSME VIANA,81,EM FRENTE A FACULDADE FAREC DE ESQUINA COM O POSTO DE GASOLINA BP,AFOGADOS,,,COLISÃO,COLISÃO SEM VITIMAS,2,,,,,,,,,0,,,,,,,,,,,,,,
2018-06-30,13:17:00,SEM VÍTIMA,FINALIZADA,IPUTINGA,EST DO BARBALHO,481,AV MAURICIO DE NASSAU,COM MAURICIO DE NASSAU  NO SEMAFORO 246,EST DO BARBALHO,481,COM MAURICIO DE NASSAU  NO SEMAFORO 246,IPUTINGA,,,COLISÃO,DOIS AUTOS,2,,,,,,,,,0,,,,,,,,,,,,,,
2018-06-30,13:49:00,SEM VÍTIMA,FINALIZADA,IPSEP,AV RECIFE,3672,,EM FRENTE AO MARTELINHO DE OURO/ SENTIDO TANCREDO NEVES,AV RECIFE,3672,EM FRENTE AO MARTELINHO DE OURO/ SENTIDO TANCREDO NEVES,IPSEP,,,COLISÃO,COLISÃO SEM VÍTIMA,3,,,,,,,,,0,,,,,,,,,,,,,,
2018-06-30,14:54:00,COM VÍTIMA,FINALIZADA,MADALENA,AV BEIRA RIO,1041,,EM FRENTE AO EDF. ENGENHO MADALENA,AV BEIRA RIO,1041,EM FRENTE AO EDF. ENGENHO MADALENA,MADALENA,,,COLISÃO,DOIS AUTOS,2,,,,,,,,,2,,,,,,,,,,,,,,
2018-06-30,16:37:00,SEM VÍTIMA,CANCELADA,CASA AMARELA,RUA DOIS DE FEVEREIRO,101,,EM FRENTE GRANJA PONTO DO FRANGO,RUA DOIS DE FEVEREIRO,101,EM FRENTE GRANJA PONTO DO FRANGO,CASA AMARELA,,,COLISÃO,COLISÃO SEM VÍTIMA,2,,,,,,,,,0,,,,,,,,,,,,,,
2018-06-30,16:41:00,SEM VÍTIMA,CANCELADA,MADALENA,RUA MANOEL BERNARDES,134,,EM FRENTE AO EDIFICIO MAISON BOTTICELLI,RUA MANOEL BERNARDES,134,EM FRENTE AO EDIFICIO MAISON BOTTICELLI,MADALENA,,,COLISÃO,COLISÃO SEM VITIMAS OBS VEICULO ROUBADO POREM COLIDIDO COM OUTRO VEICULO,2,,,,,,,,,0,,,,,,,,,,,,,,
2018-06-30,17:49:00,SEM VÍTIMA,CANCELADA,BOA VIAGEM,AV DES JOSE NEVES,,,DO LADO CANAL QUE VAI PARA BARAO DE SOUZA LEAO/SEMAFORO 476,AV DES JOSE NEVES,,DO LADO CANAL QUE VAI PARA BARAO DE SOUZA LEAO/SEMAFORO 476,BOA VIAGEM,,,COLISÃO,DOIS AUTO S/V SUSPEITA DE EMBRIAGUES,2,,,,,,,,,0,,,,,,,,,,,,,,
2018-06-30,18:17:00,SEM VÍTIMA,FINALIZADA,MADALENA,RUA PROFESSOR JOSE TORRES PIRES,,,EM FRENTE A GARDEN( SALAO DE BELEZA),RUA PROFESSOR JOSE TORRES PIRES,,EM FRENTE A GARDEN( SALAO DE BELEZA),MADALENA,,,COLISÃO,DOIS AUTOS /S/V,2,,,,,,,,,0,,,,,,,,,,,,,,