data,hora,natureza_acidente,situacao,bairro,endereco,numero,detalhe_endereco_acidente,complemento,endereco_cruzamento,numero_cruzamento,referencia_cruzamento,bairro_cruzamento,num_semaforo,sentido_via,tipo,descricao,auto,moto,ciclom,ciclista,pedestre,onibus,caminhao,viatura,outros,vitimas,vitimasfatais,acidente_verificado,tempo_clima,situacao_semaforo,sinalizacao,condicao_via,conservacao_via,ponto_controle,situacao_placa,velocidade_max_via,mao_direcao,divisao_via1,divisao_via2,divisao_via3
2018-07-06,12:37:00,SEM VÍTIMA,FINALIZADA,AFLITOS,AV CONS ROSA E SILVA,,,EM FRENTE AO CLUBE NAUTICO,AV CONS ROSA E SILVA,,EM FRENTE AO CLUBE NAUTICO,AFLITOS,,,COLISÃO,COLISÃO SEM VÍTIMA,2,,,,,,,,,0,,,,,,,,,,,,,,
2018-07-06,12:46:00,SEM VÍTIMA,FINALIZADA,CIDADE UNIVERSITÁRIA,AV PROFESSOR MORAES REGO,364,,EM FRENTE AO POSTO BR/ SENTIDO HOSPITAL DAS CLINICAS,AV PROFESSOR MORAES REGO,364,EM FRENTE AO POSTO BR/ SENTIDO HOSPITAL DAS CLINICAS,CIDADE UNIVERSITÁRIA,,,COLISÃO,COLISÃO SEM VÍTIMA,1,,,,,,1,,,0,,,,,,,,,,,,,,
2018-07-06,12:58:00,COM VÍTIMA,FINALIZADA,VÁRZEA,RUA MARECHAL MANOEL LUIS OSORIO,447,,NA ESQUINA DO COLEGIO PONTUAL,RUA MARECHAL MANOEL LUIS OSORIO,447,NA ESQUINA DO COLEGIO PONTUAL,VÁRZEA,,,COLISÃO,MOTO E AUTO,1,1,,,,,,,,1,,,,,,,,,,,,,,
2018-07-06,13:03:00,COM VÍTIMA,FINALIZADA,SANTO AMARO,AV GOVERNADOR AGAMENON MAGALHAES,,,EM CIMA DO VIADUTO DA IDEPENDENCIA/ SENTIDO OLINDA,AV GOVERNADOR AGAMENON MAGALHAES,,EM CIMA DO VIADUTO DA IDEPENDENCIA/ SENTIDO OLINDA,SANTO AMARO,,,COLISÃO,COLISÃO COM VÍTIMA,,,,,,,,,,1,,,,,,,,,,,,,,
2018-07-06,13:16:00,SEM VÍTIMA,FINALIZADA,ESPINHEIRO,RUA QUARENTA E OITO,,,EM FRENTE A FARMACIA PERMANENTE  NO SEMAFORO 011,RUA QUARENTA E OITO,,EM FRENTE A FARMACIA PERMANENTE  NO SEMAFORO 011,ESPINHEIRO,,,COLISÃO,AUTO E MOTO,1,1,,,,,,,,0,,,,,,,,,,,,,,
2018-07-06,13:46:00,SEM VÍTIMA,FINALIZADA,SANTO ANTÔNIO,AV N S DO CARMO,,,E/F A CASA PIO,AV N S DO CARMO,,E/F A CASA PIO,SANTO ANTÔNIO,,,COLISÃO,COPLISAO ENTRE AUTO E ONIBUS S/V,1,,,,,1,,,,0,,,,,,,,,,,,,,
2018-07-06,13:41:00,SEM VÍTIMA,FINALIZADA,BOA VISTA,RUA DO PROGRESSO,242,,PROX AO ALTINO VENTURA,RUA DO PROGRESSO,242,PROX AO ALTINO VENTURA,BOA VISTA,,,COLISÃO,COLISAO ENTRE DOIS AUTOS S/V,2,,,,,,,,,0,,,,,,,,,,,,,,
2018-07-06,13:50:00,COM VÍTIMA,FINALIZADA,ÁGUA FRIA,AV BEBERIBE,,,MERCADO DE ÁGUA FRIA,AV BEBERIBE,,MERCADO DE ÁGUA FRIA,ÁGUA FRIA,,,COLISÃO COM CICLISTA,,1,,,,,,,,,1,,,,,,,,,,,,,,
2018-07-06,14:16:00,SEM VÍTIMA,CANCELADA,TORRE,VDO GOVERNADOR CORDEIRO DE FARIAS,,,EM CIMA DO VIADUTO /SENTIDO JOSÉ BONIFACIO,VDO GOVERNADOR CORDEIRO DE FARIAS,,EM CIMA DO VIADUTO /SENTIDO JOSÉ BONIFACIO,TORRE,,,COLISÃO,COLISÃO SEM VÍTIMA,3,,,,,,,,,0,,,,,,,,,,,,,,
2018-07-06,14:28:00,COM VÍTIMA,FINALIZADA,MADALENA,AV VISCONDE DE ALBUQUERQUE,,,C/ RUA BEM FICA. SEM. 051,AV VISCONDE DE ALBUQUERQUE,,C/ RUA BEM FICA. SEM. 051,MADALENA,,,ATROPELAMENTO,COM VÍTIMA,1,,,,1,,,,,1,,,,,,,,,,,,,,
2018-07-06,14:30:00,SEM VÍTIMA,FINALIZADA,CORDEIRO,RUA GOMES TABORDA,750,,E/F AO LEO CHOPP,RUA GOMES TABORDA,750,E/F AO LEO CHOPP,CORDEIRO,,,COLISÃO,COLISAO ENTRE DOIS AUTOS S/V,2,,,,,,,,,0,,,,,,,,,,,,,,
2018-07-06,14:39:00,COM VÍTIMA,FINALIZADA,CASA FORTE,RUA SILVEIRA LOBO,46,,PROXIMO A PAGUE MENOS,RUA SILVEIRA LOBO,46,PROXIMO A PAGUE MENOS,CASA FORTE,,,COLISÃO,COLISÃO COM VÍTIMA,1,1,,,,,,,,1,,,,,,,,,,,,,,
2018-07-06,14:48:00,COM VÍTIMA,FINALIZADA,BOA VISTA,AV GOVERNADOR CARLOS DE LIMA CAVALCANTI,,,EM FRENTE AO LABORATORIO LUCILO MARANHÃO,AV GOVERNADOR CARLOS DE LIMA CAVALCANTI,,EM FRENTE AO LABORATORIO LUCILO MARANHÃO,BOA VISTA,,,COLISÃO,COLISÃO COM VÍTIMA,1,1,,,,,,,,1,,,,,,,,,,,,,,
2018-07-06,14:48:00,COM VÍTIMA,FINALIZADA,AFOGADOS,RUA VINTE E UM DE ABRIL,,,AO LADO DA COMEDORIA DA PIZZA E FABRICA DO CAFE PETINHO,RUA VINTE E UM DE ABRIL,,AO LADO DA COMEDORIA DA PIZZA E FABRICA DO CAFE PETINHO,AFOGADOS,,,COLISÃO,AUTO E MOTO,1,1,,,,,,,,1,,,,,,,,,,,,,,
2018-07-06,15:12:00,SEM VÍTIMA,FINALIZADA,BOA VIAGEM,AV CONSELHEIRO AGUIAR,3190,,EM FRENTE AO BANCO SAFRA,AV CONSELHEIRO AGUIAR,3190,EM FRENTE AO BANCO SAFRA,BOA VIAGEM,,,COLISÃO,COLISÃO SEM VÍTIMA,2,,,,,,,,,0,,,,,,,,,,,,,,
2018-07-06,15:29:00,SEM VÍTIMA,FINALIZADA,MADALENA,RUA BENFICA,,,E/F AO QUARTEL DO CHOQUE NA SAIDA DO TUNEL,RUA BENFICA,,E/F AO QUARTEL DO CHOQUE NA SAIDA DO TUNEL,MADALENA,,,COLISÃO,COLISAO ENTRE AUTO E TAXI,2,,,,,,,,,0,,,,,,,,,,,,,,
2018-07-06,17:13:00,SEM VÍTIMA,FINALIZADA,CAXANGÁ,AV CAXANGA,2336,,EM FRENTE AO PERNAMBUCO DA SORTE  SENT. CIDADE,AV CAXANGA,2336,EM FRENTE AO PERNAMBUCO DA SORTE  SENT. CIDADE,CAXANGÁ,,,COLISÃO,DOIS AUTOS,2,,,,,,,,,0,,,,,,,,,,,,,,
2018-07-06,17:50:00,SEM VÍTIMA,FINALIZADA,ILHA DO LEITE,RUA ANTONIO GOMES DE FREITAS,,,RUA QUE FICA ENTRE O HOSPITAL HOPE E O ESPERANÇA,RUA ANTONIO GOMES DE FREITAS,,RUA QUE FICA ENTRE O HOSPITAL HOPE E O ESPERANÇA,ILHA DO LEITE,,,COLISÃO,DOIS AUTOS,2,,,,,,,,,0,,,,,,,,,,,,,,
2018-07-06,20:47:00,SEM VÍTIMA,FINALIZADA,VASCO DA GAMA,RUA VASCO DA GAMA,1500,,DEPOIS DA DELEGACIA E PROX AO VISGUEIRO,RUA VASCO DA GAMA,1500,DEPOIS DA DELEGACIA E PROX AO VISGUEIRO,VASCO DA GAMA,,,COLISÃO,ONIBUS X CORSA,1,,,,,1,,,,0,,,,,,,,,,,,,,
2018-07-06,20:50:00,SEM VÍTIMA,FINALIZADA,BOA VIAGEM,RUA PROFESSOR JULIO FERREIRA DE MELO,,,AO LADO DO BAR AMARELINHO/TRANSV A RUA DALIA,RUA PROFESSOR JULIO FERREIRA DE MELO,,AO LADO DO BAR AMARELINHO/TRANSV A RUA DALIA,BOA VIAGEM,,,COLISÃO,DOIS AUTOS S/V,2,,,,,,,,,0,,,,,,,,,,,,,,
2018-07-06,23:18:00,COM VÍTIMA,FINALIZADA,JOANA BEZERRA,AV DES GUERRA BARRETO,,,AO LADO DO FORUM DE JOANA BEZERRA SENTIDO ILHA DO RETIRO SEMAFORO 038,AV DES GUERRA BARRETO,,AO LADO DO FORUM DE JOANA BEZERRA SENTIDO ILHA DO RETIRO SEMAFORO 038,JOANA BEZERRA,,,COLISÃO,MOTO X AUTO,1,1,,,,,,,,1,,,,,,,,,,,,,,
2018-07-07,02:05:00,SEM VÍTIMA,FINALIZADA,BOA VIAGEM,AV BOA VIAGEM,2478,,APOIS A PADARIA BOA VIAGEM,AV BOA VIAGEM,2478,APOIS A PADARIA BOA VIAGEM,BOA VIAGEM,,,COLISÃO,PCAPE AMAROK X AUTO OBS::::: SUSPEITA DE EMBRIAGUEZ,2,,,,,,,,,0,,,,,,,,,,,,,,
2018-07-07,08:29:00,SEM VÍTIMA,PENDENTE,NOVA DESCOBERTA,AV VEREADOR OTACILIO AZEVEDO,,,NA FRENTE DO MERCADO PUBLICO,AV VEREADOR OTACILIO AZEVEDO,,NA FRENTE DO MERCADO PUBLICO,NOVA DESCOBERTA,,,COLISÃO,COLISÃO SEM VITIMAS/ MOTOS,,2,,,,,,,,0,,,,,,,,,,,,,,
2018-07-07,09:16:00,COM VÍTIMA,FINALIZADA,CORDEIRO,RUA GOMES TABORDA,1645,,EM FRENTE A CASA DAS BATERIAS HERBO,RUA GOMES TABORDA,1645,EM FRENTE A CASA DAS BATERIAS HERBO,CORDEIRO,,,COLISÃO,COLISÃO COM VITIMA A ESPERA DO SAMU,1,1,,,,,,,,1,,,,,,,,,,,,,,
2018-07-07,10:29:00,SEM VÍTIMA,CANCELADA,IPSEP,RUA RIO AMAZONAS,357,,PROX. A PADARIA AMAZONAS,RUA RIO AMAZONAS,357,PROX. A PADARIA AMAZONAS,IPSEP,,,COLISÃO,COLISÃO SEM VITIMA,1,,,,,,1,,,0,,,,,,,,,,,,,,
2018-07-07,11:01:00,SEM VÍTIMA,FINALIZADA,BOA VIAGEM,AV ENGENHEIRO DOMINGOS FERREIRA,2766,,AO LADO DA CERVEJARIA DA BRAHMA,AV ENGENHEIRO DOMINGOS FERREIRA,2766,AO LADO DA CERVEJARIA DA BRAHMA,BOA VIAGEM,,,COLISÃO,TRES AUTOS,3,,,,,,,,,0,,,,,,,,,,,,,,
2018-07-07,11:25:00,SEM VÍTIMA,FINALIZADA,CAMPO GRANDE,RUA JERONIMO VILELA,77,,PROX. A OFICINA BM GARAGE E SCAVE SERVIÇOS DE ENGENHARIA,RUA JERONIMO VILELA,77,PROX. A OFICINA BM GARAGE E SCAVE SERVIÇOS DE ENGENHARIA,CAMPO GRANDE,,,COLISÃO,AUTO E ONIBUS,1,,,,,1,,,,0,,,,,,,,,,,,,,
2018-07-07,11:41:00,SEM VÍTIMA,CANCELADA,SÃO JOSÉ,AV SUL,,,FORTE DAS CINCO PONTAS,AV SUL,,FORTE DAS CINCO PONTAS,SÃO JOSÉ,,,ENGAVETAMENTO,CINCO VEICULOS ENVOLVIDOS,5,,,,,,,,,0,,,,,,,,,,,,,,
2018-07-07,12:34:00,SEM VÍTIMA,FINALIZADA,BOA VIAGEM,RUA CORONEL ANIZIO RODRIGUES COELHO,,RUA DES JOAO PAES,CRUZ. COM RUA DESEMB. JOÃO PAES,RUA CORONEL ANIZIO RODRIGUES COELHO,,CRUZ. COM RUA DESEMB. JOÃO PAES,BOA VIAGEM,,,COLISÃO,COLISÃO ENTRE AUTO E MOTOCICLETA,1,1,,,,,,,,0,,,,,,,,,,,,,,
2018-07-07,12:52:00,SEM VÍTIMA,CANCELADA,VÁRZEA,RUA MARIO CAMPELO,171,,AO LADO DA PRAÇA DA VARZEA,RUA MARIO CAMPELO,171,AO LADO DA PRAÇA DA VARZEA,VÁRZEA,,,COLISÃO,COLISAO ENTRE ONIBUS E AUTO S/V,,1,,,,1,,,,0,,,,,,,,,,,,,,
2018-07-07,12:55:00,SEM VÍTIMA,FINALIZADA,BOA VIAGEM,RUA ANTONIO FALCAO,492,RUA JOAQUIM BANDEIRA,COM RUA JAOQUIM BANDEIRA E/F A ANATEL,RUA ANTONIO FALCAO,492,COM RUA JAOQUIM BANDEIRA E/F A ANATEL,BOA VIAGEM,,,COLISÃO,COLISAO ENTRE DOIS AUTOS S/V,2,,,,,,,,,0,,,,,,,,,,,,,,
2018-07-07,13:41:00,SEM VÍTIMA,FINALIZADA,SAN MARTIN,AV GENERAL SAN MARTIN,,AV ENG ABDIAS DE CARVALHO,COM ABDIAS DE CARVALHO NO SEMAFORO 058,AV GENERAL SAN MARTIN,,COM ABDIAS DE CARVALHO NO SEMAFORO 058,SAN MARTIN,,,COLISÃO,COLISAO ENTRE DOIS AUTOS S/V,3,,,,,,,,,0,,,,,,,,,,,,,,
2018-07-07,14:27:00,SEM VÍTIMA,CANCELADA,PINA,AV HERCULANO BANDEIRA,673,,PROX A PADARIA FRUTA PÃO,AV HERCULANO BANDEIRA,673,PROX A PADARIA FRUTA PÃO,PINA,,,COLISÃO,COLISAO ENTRE DOIS AUTOS S/V,2,,,,,,,,,0,,,,,,,,,,,,,,
2018-07-07,15:53:00,SEM VÍTIMA,FINALIZADA,SÃO JOSÉ,RUA DA CONCORDIA,,RUA TOBIAS BARRETO,CRUZAMENTO COM RUA TOBIAS BARRETO,RUA DA CONCORDIA,,CRUZAMENTO COM RUA TOBIAS BARRETO,SÃO JOSÉ,,,COLISÃO,DOIS AUTOS,2,,,,,,,,,0,,,,,,,,,,,,,,
2018-07-07,16:10:00,SEM VÍTIMA,FINALIZADA,IBURA,RUA RIO XINGU,,,SEMAFORO 351  EM FRENTE AO POSTO BR,RUA RIO XINGU,,SEMAFORO 351  EM FRENTE AO POSTO BR,IBURA,,,COLISÃO,DOIS AUTOS S/V,2,,,,,,,,,0,,,,,,,,,,,,,,
2018-07-07,17:59:00,SEM VÍTIMA,FINALIZADA,DERBY,AV GOVERNADOR AGAMENON MAGALHAES,,,ENF: A RESTAURAÇAO E ENCIMA DA PONTE QUE CRUZA AS DUAS FAIXAS DA AGAMENON,AV GOVERNADOR AGAMENON MAGALHAES,,ENF: A RESTAURAÇAO E ENCIMA DA PONTE QUE CRUZA AS DUAS FAIXAS DA AGAMENON,DERBY,,,COLISÃO,ECOSPORT X GOL,2,,,,,,,,,0,,,,,,,,,,,,,,
2018-07-07,18:23:00,SEM VÍTIMA,FINALIZADA,BOA VISTA,AV MANOEL BORBA,,,SEMÁFORO 083,AV MANOEL BORBA,,SEMÁFORO 083,BOA VISTA,,,COLISÃO,ENTRE 2 AUTOS ( SUSPEITO DE EMBRIAGUEZ ) C/V,3,,,,,,,,,0,,,,,,,,,,,,,,
2018-07-07,18:54:00,SEM VÍTIMA,FINALIZADA,IMBIRIBEIRA,AV MARECHAL MASCARENHAS DE MORAES,,,E/F AO AEROPORTO  SENTIDO PRAZERES - PROIMO À ENTRTADA DO JORDÃO,AV MARECHAL MASCARENHAS DE MORAES,,E/F AO AEROPORTO  SENTIDO PRAZERES - PROIMO À ENTRTADA DO JORDÃO,IMBIRIBEIRA,,,COLISÃO,ENTRE AUTO E MICRO ÔNIBUS. S/V,1,,,,,1,,,,0,,,,,,,,,,,,,,
2018-07-07,20:04:00,COM VÍTIMA,FINALIZADA,TORRÕES,AV BICENTENARIO DA REVOLUCAO FRANCESA,,,E/F AO TERMINAL DE RODA DE FOGO,AV BICENTENARIO DA REVOLUCAO FRANCESA,,E/F AO TERMINAL DE RODA DE FOGO,TORRÕES,,,COLISÃO,ENTRE AUTO E MOTO. C/V,1,1,,,,,,,,1,,,,,,,,,,,,,,
2018-07-07,21:06:00,SEM VÍTIMA,FINALIZADA,ALTO JOSÉ DO PINHO,RUA SEVERINO BERNARDINO PEREIRA,S/N,,NO TERMINAL DE ONIBUS DO ALTO JOSE DO PINHO,RUA SEVERINO BERNARDINO PEREIRA,S/N,NO TERMINAL DE ONIBUS DO ALTO JOSE DO PINHO,ALTO JOSÉ DO PINHO,,,CHOQUE,VT DA POLICIA MILITAR COM BARRA DE FERRO DA CALÇADA (CHOQUE),,,,,,,,1,,0,,,,,,,,,,,,,,
2018-07-07,21:26:00,SEM VÍTIMA,FINALIZADA,SANTO AMARO,AV GOVERNADOR AGAMENON MAGALHAES,,,POR BAIXO DO VIADUTO DA AV NORTE  SNT BOA VIAGEM / PRÓX AO MINISTÉRIO DO TRABALHO,AV GOVERNADOR AGAMENON MAGALHAES,,POR BAIXO DO VIADUTO DA AV NORTE  SNT BOA VIAGEM / PRÓX AO MINISTÉRIO DO TRABALHO,SANTO AMARO,,,COLISÃO,ENTRE CAMINHÃO E AUTO. S/V,1,,,,,,1,,,0,,,,,,,,,,,,,,
2018-07-07,22:17:00,SEM VÍTIMA,FINALIZADA,BOA VIAGEM,RUA RIBEIRO DE BRITO,1034,,PROX AO POSTO DE GASOLINA BR / ESQUINA COM O RESTAURANTE CARCARÁ,RUA RIBEIRO DE BRITO,1034,PROX AO POSTO DE GASOLINA BR / ESQUINA COM O RESTAURANTE CARCARÁ,BOA VIAGEM,,,COLISÃO,RENO X CLASSIC,2,,,,,,,,,0,,,,,,,,,,,,,,
2018-07-07,23:54:00,COM VÍTIMA,FINALIZADA,CASA FORTE,AV DEZESSETE DE AGOSTO,59,,E/F AO RESTAURANTE BARCHEF,AV DEZESSETE DE AGOSTO,59,E/F AO RESTAURANTE BARCHEF,CASA FORTE,,,COLISÃO,ENTRE TÁXI E MOTO. C/V,1,1,,,,,,,,1,,,,,,,,,,,,,,
2018-07-08,02:34:00,COM VÍTIMA,FINALIZADA,BOA VIAGEM,AV ENGENHEIRO DOMINGOS FERREIRA,,RUA BRUNO VELOSO,CRUZAMENTO COM A RUA BRUNO VELOSO // NA SAÍDA DO SHOPPING // EM FRENTE A FARMÁCIA DROGASIL E LAÇA BURGUER,AV ENGENHEIRO DOMINGOS FERREIRA,,CRUZAMENTO COM A RUA BRUNO VELOSO // NA SAÍDA DO SHOPPING // EM FRENTE A FARMÁCIA DROGASIL E LAÇA BURGUER,BOA VIAGEM,,,COLISÃO,COLISÃO ENTRE AUTO E VIATURA DA POLÍCIA MILITAR  COM VÍTIMAS,1,,,,,,,1,,3,,,,,,,,,,,,,,
2018-07-08,07:30:00,SEM VÍTIMA,FINALIZADA,IBURA,AV DOIS RIOS,,,SEM. 561. EM FRENTE AO SESI,AV DOIS RIOS,,SEM. 561. EM FRENTE AO SESI,IBURA,,,COLISÃO,APARENTIMENTE COLISÃO SEM VÍTIMA  POIS O CONDUTOR DA MOTO NÃO FOI SOCORRIDO. COLISÃO TRASEIRA,1,1,,,,,,,,0,,,,,,,,,,,,,,
2018-07-08,10:25:00,SEM VÍTIMA,FINALIZADA,MADALENA,RUA BENFICA,,RUA JOAO IVO DA SILVA,CRUZ COM A RUA JOÃO IVO DA SILVA EM FRENTE AO BANCO BRADESCO,RUA BENFICA,,CRUZ COM A RUA JOÃO IVO DA SILVA EM FRENTE AO BANCO BRADESCO,MADALENA,,,COLISÃO,COLISÃO SEM VITIMAS,1,,,,,,,1,,0,,,,,,,,,,,,,,
2018-07-08,10:43:00,COM VÍTIMA,FINALIZADA,TAMARINEIRA,EST DO ARRAIAL,2224,RUA CONEGO BARATA,TRANSVERSAL COM A CONEGO BARATA EM FRENTE A CASAS JOSE ARAUJO,EST DO ARRAIAL,2224,TRANSVERSAL COM A CONEGO BARATA EM FRENTE A CASAS JOSE ARAUJO,TAMARINEIRA,,,COLISÃO,COLISÃO COM VITIMA SOCORRIDA PELO SAMU,2,,,,,,,,,1,,,,,,,,,,,,,,
2018-07-08,11:12:00,SEM VÍTIMA,FINALIZADA,ÁGUA FRIA,EST VELHA DE AGUA FRIA,1485,,EM FRENTE A UM CONSULTORIO MEDICO,EST VELHA DE AGUA FRIA,1485,EM FRENTE A UM CONSULTORIO MEDICO,ÁGUA FRIA,,,COLISÃO,COLISÃO SEM VITIMAS,,1,,,,1,,,,0,,,,,,,,,,,,,,
2018-07-08,11:26:00,SEM VÍTIMA,FINALIZADA,AFLITOS,AV CONS ROSA E SILVA,,,NA FRENTE AO COUTRY CLUB,AV CONS ROSA E SILVA,,NA FRENTE AO COUTRY CLUB,AFLITOS,,,COLISÃO,COLISÃO SEM VITIMAS,2,,,,,,,,,0,,,,,,,,,,,,,,
2018-07-08,12:10:00,SEM VÍTIMA,CANCELADA,IPSEP,RUA HELIO BRANDAO,615,,ENFRENTE AO CHAMBARIL DO JOÃO,RUA HELIO BRANDAO,615,ENFRENTE AO CHAMBARIL DO JOÃO,IPSEP,,,COLISÃO,COLISÃO SEM VITIMAS,1,1,,,,,,,,0,,,,,,,,,,,,,,
2018-07-08,14:18:00,SEM VÍTIMA,FINALIZADA,ESTÂNCIA,AV DR JOSE RUFINO,,,PROX. A IGREJA SANTA LUZIA  AO LADO DO ARMAZEM CORAL  EMBAIXO DO VIADUTO  SENTIDO JABOATAO,AV DR JOSE RUFINO,,PROX. A IGREJA SANTA LUZIA  AO LADO DO ARMAZEM CORAL  EMBAIXO DO VIADUTO  SENTIDO JABOATAO,ESTÂNCIA,,,COLISÃO,DOIS AUTOS,2,,,,,,,,,0,,,,,,,,,,,,,,
2018-07-08,14:34:00,SEM VÍTIMA,FINALIZADA,ÁGUA FRIA,RUA LADEIRA DE PEDRA,1040,,ALTO DO PASCOAL. JUNTO A IGREJA CATOLICA  DE FRENTE AO MADIS,RUA LADEIRA DE PEDRA,1040,ALTO DO PASCOAL. JUNTO A IGREJA CATOLICA  DE FRENTE AO MADIS,ÁGUA FRIA,,,COLISÃO,COLISÃO SEM VITIMAS,2,,,,,,,,,0,,,,,,,,,,,,,,
2018-07-08,15:22:00,SEM VÍTIMA,FINALIZADA,ROSARINHO,RUA COUTO MAGALHAES,,RUA SANTOS DUMONT,POR TRAS DO COLEGIO FAZER CRESCER  CRUZAMENTO COM RUA SANTOS DUMONT,RUA COUTO MAGALHAES,,POR TRAS DO COLEGIO FAZER CRESCER  CRUZAMENTO COM RUA SANTOS DUMONT,ROSARINHO,,,COLISÃO,AUTO E ONIBUS ,,,,,,,,,,0,,,,,,,,,,,,,,
2018-07-08,15:30:00,SEM VÍTIMA,FINALIZADA,BOA VIAGEM,RUA CAMBOIM,481,,LOCADORA DE CARROS SEM NOME  AEROPORTO SENTIDO A PRAIA,RUA CAMBOIM,481,LOCADORA DE CARROS SEM NOME  AEROPORTO SENTIDO A PRAIA,BOA VIAGEM,,,COLISÃO,COLISÃO SEM VITIMAS,2,,,,,,,,,0,,,,,,,,,,,,,,
2018-07-08,18:51:00,VÍTIMA FATAL,FINALIZADA,ILHA JOANA BEZERRA,VIADUTO CAPITAO TEMUDO,,,POR CIMA DO VIADUTO  SNT BOA VIAGEM,VIADUTO CAPITAO TEMUDO,,POR CIMA DO VIADUTO  SNT BOA VIAGEM,ILHA JOANA BEZERRA,,,CHOQUE,SEGUNDO As INFORMAÇÕES DO SD  O VEÍCULO EM QUESTÃO PERDEU O CONTROLE E SE CHOCOU CONTRA UMA MURETA POR CIMA DO VIADUTO  CAUSANDO O ÓBITO DO CONDUTOR.,1,,,,,,1,,,,1,,,,,,,,,,,,,
2018-07-09,06:52:00,SEM VÍTIMA,FINALIZADA,TORRÕES,AV ENGENHEIRO ABDIAS DE CARVALHO,400,,E/F A GALERIA JAYME CAVALCANTE  SEMÁFORO 375,AV ENGENHEIRO ABDIAS DE CARVALHO,400,E/F A GALERIA JAYME CAVALCANTE  SEMÁFORO 375,TORRÕES,,,COLISÃO,SEM VÍTIMAS,2,,,,,,,,,0,,,,,,,,,,,,,,
2018-07-09,07:22:00,COM VÍTIMA,FINALIZADA,BONGI,EST DO BONGI,132,,PROX. AO POSTO BR  SENTIDO PRADO  SEMAFORO 100,EST DO BONGI,132,PROX. AO POSTO BR  SENTIDO PRADO  SEMAFORO 100,BONGI,,,COLISÃO,CARRETA E MOTO C/V,,1,,,,,1,,,1,,,,,,,,,,,,,,
2018-07-09,07:51:00,SEM VÍTIMA,FINALIZADA,PINA,AV ANTONIO DE GOES,,,EM FRENTE AO RESTAURANTE BARGAÇO / LADO DIREITO DA VIA,AV ANTONIO DE GOES,,EM FRENTE AO RESTAURANTE BARGAÇO / LADO DIREITO DA VIA,PINA,,,COLISÃO,DOIS AUTOS,2,,,,,,,,,0,,,,,,,,,,,,,,
2018-07-09,08:02:00,COM VÍTIMA,FINALIZADA,BEBERIBE,AV BEBERIBE,2740,,ENFRENTE AO MERCADINHO KLM,AV BEBERIBE,2740,ENFRENTE AO MERCADINHO KLM,BEBERIBE,,,COLISÃO COM CICLISTA,ONIBUS E CICLISTA  SAMU NO LOCAL,,,,1,,1,,,,1,,,,,,,,,,,,,,
2018-07-09,08:19:00,SEM VÍTIMA,FINALIZADA,BOA VIAGEM,RUA COPACABANA,426,,RUA DA PADARIA SETUBAL / RUA DO TERMINAL DE SETUBAL,RUA COPACABANA,426,RUA DA PADARIA SETUBAL / RUA DO TERMINAL DE SETUBAL,BOA VIAGEM,,,COLISÃO,DOIS AUTOS,2,,,,,,,,,0,,,,,,,,,,,,,,
2018-07-09,08:29:00,COM VÍTIMA,CANCELADA,AFOGADOS,RUA COSME VIANA,,,NA ESQUINA DO RESTAURANTE CASARAO GRILL,RUA COSME VIANA,,NA ESQUINA DO RESTAURANTE CASARAO GRILL,AFOGADOS,,,COLISÃO,AUTO E MOTO,1,1,,,,,,,,1,,,,,,,,,,,,,,
2018-07-09,09:03:00,SEM VÍTIMA,FINALIZADA,PINA,AV REPUBLICA DO LIBANO,,,EM FRENTE A POLICLINICA NAIDE REGUEIRA TEODOSIO,AV REPUBLICA DO LIBANO,,EM FRENTE A POLICLINICA NAIDE REGUEIRA TEODOSIO,PINA,,,COLISÃO,DOIS AUTOS,2,,,,,,,,,0,,,,,,,,,,,,,,
2018-07-09,09:15:00,SEM VÍTIMA,FINALIZADA,PARNAMIRIM,AV RUI BARBOSA,1087,,CLINICA DE DIAG. ROCHA E SÁ,AV RUI BARBOSA,1087,CLINICA DE DIAG. ROCHA E SÁ,PARNAMIRIM,,,COLISÃO,COLISÃO SEM VITIMAS,1,1,,,,,,,,0,,,,,,,,,,,,,,
2018-07-09,09:47:00,SEM VÍTIMA,FINALIZADA,DERBY,AV GOVERNADOR AGAMENON MAGALHAES,,,EM FRENTE A PRAÇA DO DERBY  SENTIDO OLINDA,AV GOVERNADOR AGAMENON MAGALHAES,,EM FRENTE A PRAÇA DO DERBY  SENTIDO OLINDA,DERBY,,,COLISÃO,DOIS AUTOS S/V,2,,,,,,,,,0,,,,,,,,,,,,,,
2018-07-09,10:12:00,SEM VÍTIMA,FINALIZADA,IMBIRIBEIRA,AV MARECHAL MASCARENHAS DE MORAES,2666,,E/F A LOJA CENTER AÇO. SEMÁFORO 289,AV MARECHAL MASCARENHAS DE MORAES,2666,E/F A LOJA CENTER AÇO. SEMÁFORO 289,IMBIRIBEIRA,,,COLISÃO,SEM VÍTIMAS,1,,,,,,1,,,0,,,,,,,,,,,,,,
2018-07-09,10:31:00,SEM VÍTIMA,CANCELADA,NOVA DESCOBERTA,RUA NOVA DESCOBERTA,35,,NO LARGO DE DONA REGINA,RUA NOVA DESCOBERTA,35,NO LARGO DE DONA REGINA,NOVA DESCOBERTA,,,COLISÃO,KOMBI E ONIBUS ,1,,,,,1,,,,0,,,,,,,,,,,,,,
2018-07-09,10:33:00,SEM VÍTIMA,FINALIZADA,IMBIRIBEIRA,AV MARECHAL MASCARENHAS DE MORAES,2931,,SENT CIDADE / SEMAFORO 631,AV MARECHAL MASCARENHAS DE MORAES,2931,SENT CIDADE / SEMAFORO 631,IMBIRIBEIRA,,,COLISÃO,CAMINHAO / AUTO,1,,,,,,1,,,0,,,,,,,,,,,,,,
2018-07-09,10:43:00,SEM VÍTIMA,FINALIZADA,NOVA DESCOBERTA,RUA ALTO DA BRASILEIRA,,,E/F AO COLEGIO MAURO MOTA,RUA ALTO DA BRASILEIRA,,E/F AO COLEGIO MAURO MOTA,NOVA DESCOBERTA,,,COLISÃO,SEM VÍTIMAS,1,,,,,1,,,,0,,,,,,,,,,,,,,