data,hora,natureza_acidente,situacao,bairro,endereco,numero,detalhe_endereco_acidente,complemento,endereco_cruzamento,numero_cruzamento,referencia_cruzamento,bairro_cruzamento,num_semaforo,sentido_via,tipo,descricao,auto,moto,ciclom,ciclista,pedestre,onibus,caminhao,viatura,outros,vitimas,vitimasfatais,acidente_verificado,tempo_clima,situacao_semaforo,sinalizacao,condicao_via,conservacao_via,ponto_controle,situacao_placa,velocidade_max_via,mao_direcao,divisao_via1,divisao_via2,divisao_via3
2018-07-09,11:04:00,COM VÍTIMA,FINALIZADA,CASA AMARELA,EST DO ARRAIAL,,,LADO OPOSTO DO MERCADO DE CASA AMARELA,EST DO ARRAIAL,,LADO OPOSTO DO MERCADO DE CASA AMARELA,CASA AMARELA,,,COLISÃO COM CICLISTA,MOTO BICICLETA / VT 07 NO QTH,,1,,1,,,,,,1,,,,,,,,,,,,,,
2018-07-09,10:45:00,SEM VÍTIMA,CANCELADA,PINA,AV ANTONIO DE GOES,,,EM FRENTE AO EMPRESARIAL TRADE CENTER,AV ANTONIO DE GOES,,EM FRENTE AO EMPRESARIAL TRADE CENTER,PINA,,,COLISÃO,ONIBUS E AUTO,1,,,,,1,,,,0,,,,,,,,,,,,,,
2018-07-09,11:10:00,SEM VÍTIMA,CANCELADA,GRAÇAS,RUA DAS PERNAMBUCANAS,10,,E/F A DROGARIA BONGI,RUA DAS PERNAMBUCANAS,10,E/F A DROGARIA BONGI,GRAÇAS,,,COLISÃO COM CICLISTA,COLISÃO SEM VITIMAS. COLISÃO ENVOLVENDO QUATRO VEÍCULOS E UMA BICICLETA.,5,,,1,,,,,,0,,,,,,,,,,,,,,
2018-07-09,12:00:00,SEM VÍTIMA,FINALIZADA,GRAÇAS,RUA AMELIA,542,,EM FRENTE AO COLEGIO AGNES,RUA AMELIA,542,EM FRENTE AO COLEGIO AGNES,GRAÇAS,,,COLISÃO,DOIS AUTOS S/V,2,,,,,,,,,0,,,,,,,,,,,,,,
2018-07-09,12:26:00,SEM VÍTIMA,FINALIZADA,AFLITOS,AV CONS ROSA E SILVA,,,E/F AO CLUBE NAUTICO,AV CONS ROSA E SILVA,,E/F AO CLUBE NAUTICO,AFLITOS,,,COLISÃO,COLISAO ENTRE DOIS AUTOS S/V,2,,,,,,,,,0,,,,,,,,,,,,,,
2018-07-09,12:54:00,SEM VÍTIMA,FINALIZADA,BOA VISTA,RUA DA SOLEDADE,,AV CDE DA BOA VISTA,ESQUINA COM A CONDE DA BOA VISTA,RUA DA SOLEDADE,,ESQUINA COM A CONDE DA BOA VISTA,BOA VISTA,,,COLISÃO,DOIS AUTOS S/V,2,,,,,,,,,0,,,,,,,,,,,,,,
2018-07-09,13:03:00,SEM VÍTIMA,FINALIZADA,BONGI,EST DO BONGI,947,,EM FRENTE A IGREJA BATISTA  PROX. AO POSTO TOTAL,EST DO BONGI,947,EM FRENTE A IGREJA BATISTA  PROX. AO POSTO TOTAL,BONGI,,,COLISÃO,DOIS AUTOS S/V,2,,,,,,,,,0,,,,,,,,,,,,,,
2018-07-09,13:08:00,COM VÍTIMA,FINALIZADA,SANTO AMARO,AV NORTE,,,SEMAFORO 097 - EM FRENTE A IGREJA S. SEBASTIÃO,AV NORTE,,SEMAFORO 097 - EM FRENTE A IGREJA S. SEBASTIÃO,SANTO AMARO,,,COLISÃO,COLISÃO COM VITIMA,1,1,,,,,,,,1,,,,,,,,,,,,,,
2018-07-09,14:37:00,SEM VÍTIMA,FINALIZADA,PRADO,AV ENGENHEIRO ABDIAS DE CARVALHO,1450,,,AV ENGENHEIRO ABDIAS DE CARVALHO,1450,,PRADO,,,COLISÃO,COLISÃO SEM VITIMA - BATEDORES SEGUIAM PARA A OFICINA E SE DEPARARAM COM A COLISÃO,1,1,,,,,,,,0,,,,,,,,,,,,,,
2018-07-09,14:50:00,SEM VÍTIMA,FINALIZADA,BAIRRO DO RECIFE,AV ALFREDO LISBOA,,,EM FRENTE A LOMBADA ELETRONICA/NO RECIFE ANTIGO,AV ALFREDO LISBOA,,EM FRENTE A LOMBADA ELETRONICA/NO RECIFE ANTIGO,BAIRRO DO RECIFE,,,COLISÃO,CAMINHAO E AUTO S/V,1,,,,,,1,,,0,,,,,,,,,,,,,,
2018-07-09,14:58:00,SEM VÍTIMA,FINALIZADA,DOIS UNIDOS,AV HILDEBRANDO DE VASCONCELOS,,,PROX. DA CICLOPE MOTOS PEÇAS E SERVIÇOS  E AO CP DO SANTA  EM FRENTE A CELPE,AV HILDEBRANDO DE VASCONCELOS,,PROX. DA CICLOPE MOTOS PEÇAS E SERVIÇOS  E AO CP DO SANTA  EM FRENTE A CELPE,DOIS UNIDOS,,,COLISÃO,DOIS AUTOS,2,,,,,,,,,0,,,,,,,,,,,,,,
2018-07-09,14:59:00,SEM VÍTIMA,FINALIZADA,BOA VIAGEM,AV CONSELHEIRO AGUIAR,1740,,E/F A CLINICA DE ORTOPEDIA DE BOA VIAGEM,AV CONSELHEIRO AGUIAR,1740,E/F A CLINICA DE ORTOPEDIA DE BOA VIAGEM,BOA VIAGEM,,,COLISÃO,COLISAO ENTRE TRES AUTOS S/V,3,,,,,,,,,0,,,,,,,,,,,,,,
2018-07-09,15:39:00,COM VÍTIMA,FINALIZADA,HIPÓDROMO,RUA MARQUES DE BAIPENDI,82,,E/F AO CALDINHO DA ZEZE VT 13 NO LOCAL,RUA MARQUES DE BAIPENDI,82,E/F AO CALDINHO DA ZEZE VT 13 NO LOCAL,HIPÓDROMO,,,COLISÃO,COLISAO ENTRE DOIS AUTOS COM UMA VITIMA,2,,,,,,,,,1,,,,,,,,,,,,,,
2018-07-09,18:10:00,SEM VÍTIMA,CANCELADA,JORDÃO,RUA ALBERTO LUNDGREN,208,,P0R TRAS DO MERCADO DO JORDAO ENF : ACADEMIA FIT,RUA ALBERTO LUNDGREN,208,P0R TRAS DO MERCADO DO JORDAO ENF : ACADEMIA FIT,JORDÃO,,,COLISÃO,MOTO X ONIS,1,1,,,,,,,,0,,,,,,,,,,,,,,
2018-07-09,18:16:00,SEM VÍTIMA,EQUIPE EM DESLOCAMENTO,BOA VIAGEM,AV ANTONIO DE GOES,820,,ENF AO DENIT E POSTO BR,AV ANTONIO DE GOES,820,ENF AO DENIT E POSTO BR,BOA VIAGEM,,,COLISÃO,HB 20 X MOTO,1,1,,,,,,,,0,,,,,,,,,,,,,,
2018-07-09,18:17:00,SEM VÍTIMA,FINALIZADA,BOA VIAGEM,AV ENGENHEIRO DOMINGOS FERREIRA,,RUA MARIA CAROLINA,ESQUINA COM A R MARIA CAROLINA / E/F A ROMARRI,AV ENGENHEIRO DOMINGOS FERREIRA,,ESQUINA COM A R MARIA CAROLINA / E/F A ROMARRI,BOA VIAGEM,,,COLISÃO,ENTRE 2 AUTOS. S/V,2,,,,,,,,,0,,,,,,,,,,,,,,
2018-07-09,18:30:00,COM VÍTIMA,FINALIZADA,SAN MARTIN,AV GENERAL SAN MARTIN,,,E/F A PRAÇA DE SAN MARTIN,AV GENERAL SAN MARTIN,,E/F A PRAÇA DE SAN MARTIN,SAN MARTIN,,,COLISÃO,ENTRE AUTO E MOTO. C/V,1,1,,,,,,,,1,,,,,,,,,,,,,,
2018-07-09,18:30:00,SEM VÍTIMA,CANCELADA,SANTO AMARO,AV CRUZ CABUGA,,,ENF : AO CEMITERIO DOS INGLESES SENTIDO CIDADE,AV CRUZ CABUGA,,ENF : AO CEMITERIO DOS INGLESES SENTIDO CIDADE,SANTO AMARO,,,COLISÃO,ESPIN X FORD K,2,,,,,,,,,0,,,,,,,,,,,,,,
2018-07-09,20:02:00,SEM VÍTIMA,FINALIZADA,BOMBA DO HEMETÉRIO,RUA PADRE OLIVEIRA,,,NA RODINHA E PADARIA SENHOR DO BONFIM,RUA PADRE OLIVEIRA,,NA RODINHA E PADARIA SENHOR DO BONFIM,BOMBA DO HEMETÉRIO,,,COLISÃO,COBALT X MOTO,1,1,,,,,,,,0,,,,,,,,,,,,,,
2018-07-10,07:37:00,COM VÍTIMA,FINALIZADA,BOA VISTA,RUA BISPO CARDOSO AYRES,,,EM FRENTE A FACULDADE ESUDA,RUA BISPO CARDOSO AYRES,,EM FRENTE A FACULDADE ESUDA,BOA VISTA,,,COLISÃO,COLISÃO COM VITIMA A ESPERA DO SAMU,1,1,,,,,,,,1,,,,,,,,,,,,,,
2018-07-10,08:05:00,COM VÍTIMA,FINALIZADA,CAMPO GRANDE,EST DE BELEM,1795,,EM FRENTE AO POSTO DE GASOLINA TOTAL,EST DE BELEM,1795,EM FRENTE AO POSTO DE GASOLINA TOTAL,CAMPO GRANDE,,,COLISÃO,COLISÃO COM VITIMA A ESPERA DO SAMU,1,1,,,,,,,,1,,,,,,,,,,,,,,
2018-07-10,08:32:00,SEM VÍTIMA,FINALIZADA,GRAÇAS,AV GOVERNADOR AGAMENON MAGALHAES,,RUA DR BANDEIRA FILHO,CRUZ COM A RUA BANDEIRA FILHO,AV GOVERNADOR AGAMENON MAGALHAES,,CRUZ COM A RUA BANDEIRA FILHO,GRAÇAS,,,COLISÃO,COLISÃO SEM VITIMAS ,2,,,,,,,,,0,,,,,,,,,,,,,,
2018-07-10,08:38:00,SEM VÍTIMA,FINALIZADA,AFOGADOS,AV SUL,,,EM BAIXO DO PONTILHÃO DA AVENIDA SUL,AV SUL,,EM BAIXO DO PONTILHÃO DA AVENIDA SUL,AFOGADOS,,,COLISÃO,COLISÃO ENTRE VIATURA DA SERTTEL E CAMINHÃO  SEM VÍTIMAS,1,,,,,,1,,,0,,,,,,,,,,,,,,
2018-07-10,09:59:00,SEM VÍTIMA,FINALIZADA,AREIAS,AV RECIFE,,,EM FRENTE AO NUCLEO DA POLICIA,AV RECIFE,,EM FRENTE AO NUCLEO DA POLICIA,AREIAS,,,COLISÃO,COLISÃO SEM VITIMAS,1,,,,,,1,,,0,,,,,,,,,,,,,,
2018-07-10,10:08:00,SEM VÍTIMA,FINALIZADA,SÃO JOSÉ,RUA FLORIANO PEIXOTO,,RUA BARAO DE VITORIA,COM BARÃO DE VITÓRIA  SEMAFORO 012.,RUA FLORIANO PEIXOTO,,COM BARÃO DE VITÓRIA  SEMAFORO 012.,SÃO JOSÉ,,,COLISÃO,DOIS AUTOS,2,,,,,,,,,0,,,,,,,,,,,,,,
2018-07-10,10:47:00,SEM VÍTIMA,FINALIZADA,IPUTINGA,AV CAXANGA,3595,,E/F AO COLEGIO FERNANDES VIEIRA,AV CAXANGA,3595,E/F AO COLEGIO FERNANDES VIEIRA,IPUTINGA,,,COLISÃO,SEM VÍTIMAS,3,,,,,,,,,0,,,,,,,,,,,,,,
2018-07-10,10:53:00,SEM VÍTIMA,FINALIZADA,SÃO JOSÉ,RUA FLORIANO PEIXOTO,,,,RUA FLORIANO PEIXOTO,,,SÃO JOSÉ,,,COLISÃO,SEM VÍTIMAS,,2,,,,,,,,0,,,,,,,,,,,,,,
2018-07-10,11:22:00,SEM VÍTIMA,FINALIZADA,ALTO JOSÉ BONIFÁCIO,RUA CORREGO DO EUCLIDES,209,,PROX A UPINHA,RUA CORREGO DO EUCLIDES,209,PROX A UPINHA,ALTO JOSÉ BONIFÁCIO,,,COLISÃO,CAMINHAO E AUTO S/V,1,,,,,,1,,,0,,,,,,,,,,,,,,
2018-07-10,11:29:00,SEM VÍTIMA,FINALIZADA,BOA VISTA,AV JOAO DE BARROS,,,E/F AO CORPO DE BOMBEIROS,AV JOAO DE BARROS,,E/F AO CORPO DE BOMBEIROS,BOA VISTA,,,COLISÃO,SEM VÍTIMAS,1,,,,,1,,,,0,,,,,,,,,,,,,,
2018-07-10,11:44:00,SEM VÍTIMA,FINALIZADA,SÃO JOSÉ,AV DANTAS BARRETO,,,PRÓXIMO AO CAMELODRAMO. FAIXA DA ESQUERDA,AV DANTAS BARRETO,,PRÓXIMO AO CAMELODRAMO. FAIXA DA ESQUERDA,SÃO JOSÉ,,,COLISÃO,SEM VÍTIMAS,1,,,,,1,,,,0,,,,,,,,,,,,,,
2018-07-10,12:05:00,SEM VÍTIMA,FINALIZADA,AFLITOS,AV CONS ROSA E SILVA,502,,EM FRENTE AO EDIFICIO ISAAC GONDIM,AV CONS ROSA E SILVA,502,EM FRENTE AO EDIFICIO ISAAC GONDIM,AFLITOS,,,COLISÃO,COLISÃO SEM VÍTIMA,1,,,,,1,,,,0,,,,,,,,,,,,,,
2018-07-10,12:20:00,SEM VÍTIMA,FINALIZADA,CORDEIRO,AV GENERAL SAN MARTIN,,,EM FRENTE AO HOSPITAL GETULIO VARGAS,AV GENERAL SAN MARTIN,,EM FRENTE AO HOSPITAL GETULIO VARGAS,CORDEIRO,,,COLISÃO,COLISÃO SEM VÍTIMA,1,,,,,1,,,,0,,,,,,,,,,,,,,
2018-07-10,13:07:00,SEM VÍTIMA,FINALIZADA,PRADO,RUA CARLOS GOMES,,,JUNTO A BIG CAR VEICULOS,RUA CARLOS GOMES,,JUNTO A BIG CAR VEICULOS,PRADO,,,COLISÃO,COLISÃO SEM VITIMAS,2,,,,,,,,,0,,,,,,,,,,,,,,
2018-07-10,13:16:00,SEM VÍTIMA,FINALIZADA,IBURA,RUA PERO VAZ DE CAMINHA,109,,EM FRENTE AO TERMINAL DA UR 5,RUA PERO VAZ DE CAMINHA,109,EM FRENTE AO TERMINAL DA UR 5,IBURA,,,COLISÃO,COLISÃO SEM VÍTIMA,1,,,,,1,,,,0,,,,,,,,,,,,,,
2018-07-10,13:39:00,COM VÍTIMA,FINALIZADA,MADALENA,RUA JOSE BONIFACIO,272,,PRÓXIMO À IGREJA METODISTA E AO HOSPITAL DE ÁVILA,RUA JOSE BONIFACIO,272,PRÓXIMO À IGREJA METODISTA E AO HOSPITAL DE ÁVILA,MADALENA,,,COLISÃO,COLISÃO COM VÍTIMA,,,,,,,,,,1,,,,,,,,,,,,,,
2018-07-10,13:41:00,,CANCELADA,PRADO,AV GENERAL SAN MARTIN,819,,EM FRENTE A DISLUB,AV GENERAL SAN MARTIN,819,EM FRENTE A DISLUB,PRADO,,,COLISÃO,COLISÃO SEM VÍTIMA,2,,,,,,,,,0,,,,,,,,,,,,,,
2018-07-10,16:04:00,SEM VÍTIMA,FINALIZADA,ESPINHEIRO,RUA DA HORA,213,,ESPINHEIRO COLONIAL  APOS A PADARIA ESPINHEIRO,RUA DA HORA,213,ESPINHEIRO COLONIAL  APOS A PADARIA ESPINHEIRO,ESPINHEIRO,,,COLISÃO,COLISÃO SEM VITIMA,1,,,,,1,,,,0,,,,,,,,,,,,,,
2018-07-10,16:40:00,SEM VÍTIMA,FINALIZADA,VASCO DA GAMA,AV NORTE,,,ENTRADA DO VASCO DA GAMA,AV NORTE,,ENTRADA DO VASCO DA GAMA,VASCO DA GAMA,,,COLISÃO,CITROEN X WV/ COMIL,1,,,,,1,,,,0,,,,,,,,,,,,,,
2018-07-10,17:42:00,COM VÍTIMA,FINALIZADA,IMBIRIBEIRA,VIADUTO TANCREDO NEVES,,,ALÇA DE ACESSO À IMBIRIBEIRA/AFOGADOS,VIADUTO TANCREDO NEVES,,ALÇA DE ACESSO À IMBIRIBEIRA/AFOGADOS,IMBIRIBEIRA,,,COLISÃO COM CICLISTA,COM VÍTIMA,,,,,,1,,,,1,,,,,,,,,,,,,,
2018-07-10,18:18:00,SEM VÍTIMA,FINALIZADA,IPUTINGA,AV CAMARAO,,,MERCADINHO BARATÃO  SENTIDO CIDADE,AV CAMARAO,,MERCADINHO BARATÃO  SENTIDO CIDADE,IPUTINGA,,,COLISÃO,COLISÃO SEM VITIMAS,2,,,,,,,,,0,,,,,,,,,,,,,,
2018-07-10,20:30:00,COM VÍTIMA,FINALIZADA,AFOGADOS,RUA COSME VIANA,,,APOS O CRUZAMENTO DA RUA VELHA COM O BOJI/EM FRENTE A SERTEL,RUA COSME VIANA,,APOS O CRUZAMENTO DA RUA VELHA COM O BOJI/EM FRENTE A SERTEL,AFOGADOS,,,COLISÃO,MOTO E AUTO C/V,1,1,,,,,,,,2,,,,,,,,,,,,,,
2018-07-10,20:40:00,SEM VÍTIMA,FINALIZADA,SANTO AMARO,AV CRUZ CABUGA,,,NA FRENTE DO SHOPPING TACARUNA E O HOSP. DO CANCÊR,AV CRUZ CABUGA,,NA FRENTE DO SHOPPING TACARUNA E O HOSP. DO CANCÊR,SANTO AMARO,,,COLISÃO,COLISÃO SEM VITIMAS,1,,,,,,,1,,0,,,,,,,,,,,,,,
2018-07-10,21:10:00,COM VÍTIMA,FINALIZADA,TEJIPIÓ,RUA APRIGIO GUIMARAES,S/N,,EM FRENTE AO HOSPITAL OTAVIO DE FREITAS,RUA APRIGIO GUIMARAES,S/N,EM FRENTE AO HOSPITAL OTAVIO DE FREITAS,TEJIPIÓ,,,COLISÃO,XX,1,1,,,,,,,,2,,,,,,,,,,,,,,
2018-07-10,21:11:00,SEM VÍTIMA,FINALIZADA,PRADO,RUA RICARDO SALAZAR,,,SEMAFORO 623( ESTA EM BAIXO)PROX AO BAILE PERFUMADO,RUA RICARDO SALAZAR,,SEMAFORO 623( ESTA EM BAIXO)PROX AO BAILE PERFUMADO,PRADO,,,COLISÃO,DOIS AUTOS,2,,,,,,,,,0,,,,,,,,,,,,,,
2018-07-10,21:30:00,SEM VÍTIMA,FINALIZADA,BONGI,AV ENGENHEIRO ABDIAS DE CARVALHO,,,PROX A CHESF  SENTIDO SUBURBIO,AV ENGENHEIRO ABDIAS DE CARVALHO,,PROX A CHESF  SENTIDO SUBURBIO,BONGI,,,COLISÃO,COLISÃO SEM VITIMAS,2,,,,,,,,,0,,,,,,,,,,,,,,
2018-07-11,07:57:00,COM VÍTIMA,FINALIZADA,ALTO JOSÉ BONIFÁCIO,RUA ALTO JOSE BONIFACIO,,,NA SUBIDA DO ALTO JOSE BONIFACIO,RUA ALTO JOSE BONIFACIO,,NA SUBIDA DO ALTO JOSE BONIFACIO,ALTO JOSÉ BONIFÁCIO,,,COLISÃO,COLISÃO COM VITIMA A ESPERA DO SAMU,,1,,,,1,,,,1,,,,,,,,,,,,,,
2018-07-11,08:38:00,SEM VÍTIMA,FINALIZADA,ESPINHEIRO,AV JOAO DE BARROS,1200,,AO LADO DA FARMACIA SANTO ANTONIO,AV JOAO DE BARROS,1200,AO LADO DA FARMACIA SANTO ANTONIO,ESPINHEIRO,,,COLISÃO,COLISÃO SEM VITIMAS,2,,,,,,,,,0,,,,,,,,,,,,,,
2018-07-11,10:28:00,SEM VÍTIMA,FINALIZADA,GRAÇAS,AV RUI BARBOSA,409,,EM FRENTE A CASA DOS FRIOS,AV RUI BARBOSA,409,EM FRENTE A CASA DOS FRIOS,GRAÇAS,,,COLISÃO,COLISÃO SEM VÍTIMAS ENVOLVENDO DOIS AUTOS,2,,,,,,,,,0,,,,,,,,,,,,,,
2018-07-11,11:56:00,SEM VÍTIMA,FINALIZADA,IMBIRIBEIRA,AV MARECHAL MASCARENHAS DE MORAES,4561,,EM FRENTE A TOYOLEX/ SENTIDO BOA VIAGEM,AV MARECHAL MASCARENHAS DE MORAES,4561,EM FRENTE A TOYOLEX/ SENTIDO BOA VIAGEM,IMBIRIBEIRA,,,COLISÃO,COLISÃO SEM VÍTIMA,1,,,,,1,,,,0,,,,,,,,,,,,,,
2018-07-11,14:36:00,SEM VÍTIMA,FINALIZADA,PAISSANDU,AV GOVERNADOR AGAMENON MAGALHAES,,,NA PISTA LOCAL E/F AO HOSPITAL PORTUGUES,AV GOVERNADOR AGAMENON MAGALHAES,,NA PISTA LOCAL E/F AO HOSPITAL PORTUGUES,PAISSANDU,,,COLISÃO,COLISAO ECAMINHAO E AUTOS S/V,1,,,,,,1,,,0,,,,,,,,,,,,,,
2018-07-11,15:08:00,SEM VÍTIMA,FINALIZADA,ILHA DO RETIRO,AV BEIRA RIO,,,EM FRENTE AO CLUBE REMO DO SPORT,AV BEIRA RIO,,EM FRENTE AO CLUBE REMO DO SPORT,ILHA DO RETIRO,,,COLISÃO,COLISAO ENTRE DOIS AUTOS,2,,,,,,,,,0,,,,,,,,,,,,,,
2018-07-11,15:34:00,SEM VÍTIMA,FINALIZADA,AFOGADOS,RUA TRES DE AGOSTO,3246,,PROX AO EROS HOTEL,RUA TRES DE AGOSTO,3246,PROX AO EROS HOTEL,AFOGADOS,,,COLISÃO,COLISAO DO CARRO ENTRE CARRO CELPE E AUTO S/V,2,,,,,,,,,0,,,,,,,,,,,,,,
2018-07-11,15:48:00,SEM VÍTIMA,FINALIZADA,DERBY,AV GOVERNADOR AGAMENON MAGALHAES,,,PARQUE AMORIM AO LADO DO WALMART,AV GOVERNADOR AGAMENON MAGALHAES,,PARQUE AMORIM AO LADO DO WALMART,DERBY,,,COLISÃO,COLSAO ENTRE DOIS AUTOS S/V,2,,,,,,,,,0,,,,,,,,,,,,,,
2018-07-11,16:00:00,SEM VÍTIMA,FINALIZADA,ILHA DO LEITE,AV GOVERNADOR AGAMENON MAGALHAES,4777,,EM FRENTE A CAIXA ECONOMICA FEDERAL / SENTIDO OLINDA/ PISTA LOCAL,AV GOVERNADOR AGAMENON MAGALHAES,4777,EM FRENTE A CAIXA ECONOMICA FEDERAL / SENTIDO OLINDA/ PISTA LOCAL,ILHA DO LEITE,,,COLISÃO,DOIS AUTOS S/V,2,,,,,,,,,0,,,,,,,,,,,,,,
2018-07-11,16:36:00,COM VÍTIMA,FINALIZADA,IPSEP,AV RAIMUNDO DINIZ,,AV RECIFE,SEMAFORO 247 - COM A AVENIDA RECIFE,AV RAIMUNDO DINIZ,,SEMAFORO 247 - COM A AVENIDA RECIFE,IPSEP,,,COLISÃO,COLISÃO COM VITIMA,,,,,,,,,,1,,,,,,,,,,,,,,
2018-07-11,16:43:00,COM VÍTIMA,FINALIZADA,CORDEIRO,RUA MAURICIO DE NASSAU,,RUA LUIZ CARLOS GUILHERME,COM A RUA LUIZ CARLOS GUILHERME,RUA MAURICIO DE NASSAU,,COM A RUA LUIZ CARLOS GUILHERME,CORDEIRO,,,ACID. DE PERCURSO,,,1,,,,,,,,1,,,,,,,,,,,,,,
2018-07-11,17:16:00,SEM VÍTIMA,FINALIZADA,SANTO ANTÔNIO,RUA SIQUEIRA CAMPOS,,,POR TRAZ DOS CORREIOS/,RUA SIQUEIRA CAMPOS,,POR TRAZ DOS CORREIOS/,SANTO ANTÔNIO,,,COLISÃO,ONIBUS E AUTO S/V,1,,,,,1,,,,0,,,,,,,,,,,,,,
2018-07-11,18:27:00,SEM VÍTIMA,CANCELADA,BARRO,AV CENTRAL,,,EM FRENTE A INTEGRAÇAO DO BARRO,AV CENTRAL,,EM FRENTE A INTEGRAÇAO DO BARRO,BARRO,,,COLISÃO,CAMINHAO E ONIBUS S/V,,,,,,1,1,,,0,,,,,,,,,,,,,,
2018-07-11,18:57:00,SEM VÍTIMA,CANCELADA,CASA AMARELA,RUA PADRE LEMOS,,,PROXIMO A O POSTO PETROBRAS S/T AV NORT,RUA PADRE LEMOS,,PROXIMO A O POSTO PETROBRAS S/T AV NORT,CASA AMARELA,,,COLISÃO,AUTO E MOTO,1,1,,,,,,,,0,,,,,,,,,,,,,,
2018-07-11,19:05:00,SEM VÍTIMA,FINALIZADA,BOA VIAGEM,RUA DOS NAVEGANTES,3984,RUA RIBEIRO DE BRITO,CRUZAMEBNTO COM A RIBEIRO DE BRITO,RUA DOS NAVEGANTES,3984,CRUZAMEBNTO COM A RIBEIRO DE BRITO,BOA VIAGEM,,,COLISÃO,FIESTA AZUL X FAIT UNO PRATA,2,,,,,,,,,0,,,,,,,,,,,,,,
2018-07-11,19:36:00,SEM VÍTIMA,FINALIZADA,IMBIRIBEIRA,RUA ARQUITETO LUIZ NUNES,,,ESTAO NO MESMO SENTIDO DA RUA ARQUITETO S/T IMBIRIBEIRA( ESTAO NO POSTO IPIRANGA),RUA ARQUITETO LUIZ NUNES,,ESTAO NO MESMO SENTIDO DA RUA ARQUITETO S/T IMBIRIBEIRA( ESTAO NO POSTO IPIRANGA),IMBIRIBEIRA,,,COLISÃO,DOIS AUTOS S/V,2,,,,,,,,,0,,,,,,,,,,,,,,
2018-07-11,21:11:00,COM VÍTIMA,FINALIZADA,PAISSANDU,AV GOVERNADOR AGAMENON MAGALHAES,,RUA DO PAISSANDU,AO LADO DO HOSPITAL PORTUGUES SEMAFORO 069 COM A RUA DO PAISSANDU,AV GOVERNADOR AGAMENON MAGALHAES,,AO LADO DO HOSPITAL PORTUGUES SEMAFORO 069 COM A RUA DO PAISSANDU,PAISSANDU,,,CHOQUE,FOX X BARRA DE CONCRETO OBS:: TEM OLEO NA PISTA,1,,,,,,,,1,1,,,,,,,,,,,,,,
2018-07-12,06:14:00,COM VÍTIMA,FINALIZADA,BOA VIAGEM,AV ENGENHEIRO DOMINGOS FERREIRA,,,SEMAFORO 200 / EM FRENTE A ESCOLA MUNICIPAL OSVALDO LIMA FILHO,AV ENGENHEIRO DOMINGOS FERREIRA,,SEMAFORO 200 / EM FRENTE A ESCOLA MUNICIPAL OSVALDO LIMA FILHO,BOA VIAGEM,,,COLISÃO,ONIBUS E MOTO,,1,,,,1,,,,2,,,,,,,,,,,,,,
2018-07-12,07:18:00,COM VÍTIMA,FINALIZADA,CASA AMARELA,AV NORTE,,AV PROFESSOR JOSE DOS ANJOS,EM FRENTE AO SESC,AV NORTE,,EM FRENTE AO SESC,CASA AMARELA,,,COLISÃO COM CICLISTA,MOTO E BICICLETA VT 06 NOQTH,,1,,1,,,,,,1,,,,,,,,,,,,,,
2018-07-12,08:23:00,SEM VÍTIMA,FINALIZADA,AFOGADOS,EST DOS REMEDIOS,1918,,PROX. A AGATHA VEICULOS,EST DOS REMEDIOS,1918,PROX. A AGATHA VEICULOS,AFOGADOS,,,COLISÃO,AUTO E MOTO,1,1,,,,,,,,0,,,,,,,,,,,,,,
2018-07-12,09:31:00,SEM VÍTIMA,FINALIZADA,BAIRRO DO RECIFE,AV ALFREDO LISBOA,,,EM FRENTE A LOMBADA ELETRONICA E AO BAR BOTECO,AV ALFREDO LISBOA,,EM FRENTE A LOMBADA ELETRONICA E AO BAR BOTECO,BAIRRO DO RECIFE,,,COLISÃO,COLISÃO SEM VITIMAS GM QTH,3,,,,,,,,,0,,,,,,,,,,,,,,
2018-07-12,09:54:00,SEM VÍTIMA,FINALIZADA,IPSEP,AV RECIFE,,,EM FRENTE A PIZZARIA ATLANTICO NO SENTIDO AEROPORTO,AV RECIFE,,EM FRENTE A PIZZARIA ATLANTICO NO SENTIDO AEROPORTO,IPSEP,,,COLISÃO,COLISÃO SEM VITIMAS,3,,,,,,,,,0,,,,,,,,,,,,,,
2018-07-12,10:47:00,SEM VÍTIMA,FINALIZADA,IMBIRIBEIRA,VIADUTO TANCREDO NEVES,,,SENTIDO CIDADE EM BAIXO DO VIADUTO TANCREDO NEVES,VIADUTO TANCREDO NEVES,,SENTIDO CIDADE EM BAIXO DO VIADUTO TANCREDO NEVES,IMBIRIBEIRA,,,COLISÃO,COLISÃO SEM VITIMAS,2,,,,,,,,,0,,,,,,,,,,,,,,
2018-07-12,12:09:00,SEM VÍTIMA,FINALIZADA,VÁRZEA,AV BARAO DE BONITO,1110,,EM FRENTE A TRAMONTINA,AV BARAO DE BONITO,1110,EM FRENTE A TRAMONTINA,VÁRZEA,,,COLISÃO,COLISÃO SEM VÍTIMA,,,,,,,1,,1,0,,,,,,,,,,,,,,
2018-07-12,12:21:00,COM VÍTIMA,FINALIZADA,BOA VISTA,RUA PRINCESA IZABEL,410,,EM FRENTE A CAMARA MUNICIPAL E FACULDADE DE DIREITO,RUA PRINCESA IZABEL,410,EM FRENTE A CAMARA MUNICIPAL E FACULDADE DE DIREITO,BOA VISTA,,,ATROPELAMENTO,AUTO E PEDESTRE,1,,,,1,,,,,1,,,,,,,,,,,,,,
2018-07-12,12:30:00,SEM VÍTIMA,CANCELADA,BOA VISTA,RUA DO HOSPICIO,,,EM FRENTE AO COLEGIO LUIZ DELGADO,RUA DO HOSPICIO,,EM FRENTE AO COLEGIO LUIZ DELGADO,BOA VISTA,,,COLISÃO,ONIBUS E AUTO S/V,1,,,,,1,,,,0,,,,,,,,,,,,,,