data,hora,natureza_acidente,situacao,bairro,endereco,numero,detalhe_endereco_acidente,complemento,endereco_cruzamento,numero_cruzamento,referencia_cruzamento,bairro_cruzamento,num_semaforo,sentido_via,tipo,descricao,auto,moto,ciclom,ciclista,pedestre,onibus,caminhao,viatura,outros,vitimas,vitimasfatais,acidente_verificado,tempo_clima,situacao_semaforo,sinalizacao,condicao_via,conservacao_via,ponto_controle,situacao_placa,velocidade_max_via,mao_direcao,divisao_via1,divisao_via2,divisao_via3
2018-07-12,12:36:00,SEM VÍTIMA,FINALIZADA,SANTO AMARO,AV CRUZ CABUGA,,,EM FRENTE AO HOSPITAL DO CANCER SENT. CIDADE,AV CRUZ CABUGA,,EM FRENTE AO HOSPITAL DO CANCER SENT. CIDADE,SANTO AMARO,,,COLISÃO,ONIBUS E AUTO S/V,1,,,,,1,,,,0,,,,,,,,,,,,,,
2018-07-12,12:52:00,SEM VÍTIMA,FINALIZADA,CORDEIRO,AV CAXANGA,,,E/F A EXPOSIÇAO DE ANIMAIS DO CORDEIRO S/T CID AO LADO DO BANCO DO BRASIL,AV CAXANGA,,E/F A EXPOSIÇAO DE ANIMAIS DO CORDEIRO S/T CID AO LADO DO BANCO DO BRASIL,CORDEIRO,,,COLISÃO,COLISAO ENTRE DOIS AUTOS E MOTO S/V,1,1,,,,,,,,0,,,,,,,,,,,,,,
2018-07-12,13:01:00,SEM VÍTIMA,FINALIZADA,CASA FORTE,EST DO ENCANAMENTO,,,EM FRENTE A ESCOLA ESTADUAL JOSE VILELA  NO SEMAFORO 462,EST DO ENCANAMENTO,,EM FRENTE A ESCOLA ESTADUAL JOSE VILELA  NO SEMAFORO 462,CASA FORTE,,,COLISÃO,DOIS AUTOS S/V,2,,,,,,,,,0,,,,,,,,,,,,,,
2018-07-12,13:53:00,COM VÍTIMA,FINALIZADA,CAMPO GRANDE,EST DE BELEM,1303,,APOS O COLEGIO JESUS CRUCIFICADO E/F A PADARIA PAN DOÇURA,EST DE BELEM,1303,APOS O COLEGIO JESUS CRUCIFICADO E/F A PADARIA PAN DOÇURA,CAMPO GRANDE,,,COLISÃO,COLISAO ENTRE AUTO E MOTO COM UMA VITIMA,1,1,,,,,,,,1,,,,,,,,,,,,,,
2018-07-12,15:02:00,COM VÍTIMA,FINALIZADA,SÃO JOSÉ,RUA FLORIANO PEIXOTO,,,EM FRENTE AO PORTÃO DE SAÍDA DA ESTAÇÃO CENTRAL DO RECIFE,RUA FLORIANO PEIXOTO,,EM FRENTE AO PORTÃO DE SAÍDA DA ESTAÇÃO CENTRAL DO RECIFE,SÃO JOSÉ,,,ATROPELAMENTO,ATROPELAMENTO COM VÍTIMA,,,,,1,1,,,,1,,,,,,,,,,,,,,
2018-07-12,15:18:00,SEM VÍTIMA,FINALIZADA,CAMPO GRANDE,EST DE BELEM,,,EM FRENTE A IGREJA DE BELEM,EST DE BELEM,,EM FRENTE A IGREJA DE BELEM,CAMPO GRANDE,,,COLISÃO,COLISÃO SEM VÍTIMA,2,,,,,,,,,0,,,,,,,,,,,,,,
2018-07-12,15:55:00,SEM VÍTIMA,FINALIZADA,BOA VIAGEM,RUA ERNESTO DE PAULA SANTOS,867,,PROX A UNIMED,RUA ERNESTO DE PAULA SANTOS,867,PROX A UNIMED,BOA VIAGEM,,,COLISÃO,COLISAO ENTRE ONIBUS E AUTO S/V,1,,,,,1,,,,0,,,,,,,,,,,,,,
2018-07-12,16:02:00,SEM VÍTIMA,FINALIZADA,CORDEIRO,AV CAXANGA,,,EM FRENTE A LOJA AGITO CRIAÇÕES/ SENTIDO CAMARAGIBE/ PROXIMO AO SEMÁFORO 265,AV CAXANGA,,EM FRENTE A LOJA AGITO CRIAÇÕES/ SENTIDO CAMARAGIBE/ PROXIMO AO SEMÁFORO 265,CORDEIRO,,,COLISÃO,COLISÃO SEM VÍTIMA,1,,,,,1,,,,0,,,,,,,,,,,,,,
2018-07-12,17:01:00,SEM VÍTIMA,FINALIZADA,IPSEP,RUA ITAJAI,,,PROX A PRAÇA DA MAURICEIA E/F A ANTIGA TELEMAR,RUA ITAJAI,,PROX A PRAÇA DA MAURICEIA E/F A ANTIGA TELEMAR,IPSEP,,,COLISÃO,COLISAO ENTRE DOIS AUTOS S/V,2,,,,,,,,,0,,,,,,,,,,,,,,
2018-07-12,17:55:00,COM VÍTIMA,FINALIZADA,IMBIRIBEIRA,RUA ARQUITETO LUIZ NUNES,211,AV PINHEIROS,CRUZAMENTO AV PINHEIRO COM RUA ARQUITETO LUIZ NUNES,RUA ARQUITETO LUIZ NUNES,211,CRUZAMENTO AV PINHEIRO COM RUA ARQUITETO LUIZ NUNES,IMBIRIBEIRA,,,ATROPELAMENTO,ATROPELAMENTO COM VÍTIMA / VEICULO EVADIU DO QTH,1,,,,1,,,,,1,,,,,,,,,,,,,,
2018-07-12,18:47:00,SEM VÍTIMA,CANCELADA,BONGI,RUA PIO MUNIZ FARIAS,168,,PRX AO CLUB REAL DA MUSTARDINHA,RUA PIO MUNIZ FARIAS,168,PRX AO CLUB REAL DA MUSTARDINHA,BONGI,,,COLISÃO,CORSA X UNO OBS :: SUSPEITA DE EMBRIAGUEZ,2,,,,,,,,,0,,,,,,,,,,,,,,
2018-07-12,19:51:00,COM VÍTIMA,FINALIZADA,CAXANGÁ,AV CAXANGA,,,CAXANGA ST CAMARAGIBE ENTRE A FACULDADE SANTA HELENA E A LOCALIZA SEME NOVOS,AV CAXANGA,,CAXANGA ST CAMARAGIBE ENTRE A FACULDADE SANTA HELENA E A LOCALIZA SEME NOVOS,CAXANGÁ,,,COLISÃO,MOTO E AUTO C/V,1,1,,,,,,,,1,,,,,,,,,,,,,,
2018-07-12,19:53:00,SEM VÍTIMA,FINALIZADA,CAMPO GRANDE,EST DE BELEM,1476,AV CORREIA DE BRITO,ENF A DATACONT // CRUZAMENTO COM AV CORREIA DE BRITO,EST DE BELEM,1476,ENF A DATACONT // CRUZAMENTO COM AV CORREIA DE BRITO,CAMPO GRANDE,,,COLISÃO,FIESTA X AMAROK,2,,,,,,,,,0,,,,,,,,,,,,,,
2018-07-12,20:51:00,COM VÍTIMA,FINALIZADA,IBURA,AV DOIS RIOS,,RIO XINGU,CRUZAMENTO DA DOIS RIOS COM A RIO CHINGU,AV DOIS RIOS,,CRUZAMENTO DA DOIS RIOS COM A RIO CHINGU,IBURA,,,COLISÃO,MOTO E AUTO C/V,1,1,,,,,,,,1,,,,,,,,,,,,,,
2018-07-13,07:25:00,SEM VÍTIMA,FINALIZADA,GRAÇAS,AV CONS ROSA E SILVA,,,E/F AO HOSPITAL DOS SERVIDORES,AV CONS ROSA E SILVA,,E/F AO HOSPITAL DOS SERVIDORES,GRAÇAS,,,COLISÃO,SEM VÍTIMAS,2,,,,,,,,,0,,,,,,,,,,,,,,
2018-07-13,08:09:00,SEM VÍTIMA,FINALIZADA,IMBIRIBEIRA,AV MARECHAL MASCARENHAS DE MORAES,,,E/F AO GERALDÃO,AV MARECHAL MASCARENHAS DE MORAES,,E/F AO GERALDÃO,IMBIRIBEIRA,,,COLISÃO,SEMÁFORO 290  SENTIDO AFOGADOS,1,,,,,,1,,,0,,,,,,,,,,,,,,
2018-07-13,09:19:00,COM VÍTIMA,FINALIZADA,IMBIRIBEIRA,AV MARECHAL MASCARENHAS DE MORAES,7935,,EM FRENTE A MUNDIAL CAMINHÕES  SENT. PRAZERES,AV MARECHAL MASCARENHAS DE MORAES,7935,EM FRENTE A MUNDIAL CAMINHÕES  SENT. PRAZERES,IMBIRIBEIRA,,,COLISÃO,AUTO E MOTO,1,1,,,,,,,,1,,,,,,,,,,,,,,
2018-07-13,09:29:00,SEM VÍTIMA,FINALIZADA,GRAÇAS,AV RUI BARBOSA,380,,EM FRENTE AO BANCO SANTANDER,AV RUI BARBOSA,380,EM FRENTE AO BANCO SANTANDER,GRAÇAS,,,COLISÃO,DOIS AUTOS,2,,,,,,,,,0,,,,,,,,,,,,,,
2018-07-13,09:53:00,SEM VÍTIMA,FINALIZADA,AFOGADOS,EST DOS REMEDIOS,29,,NO SEMAFORO 053  PROX. A FARMACIA DO TRABALHADOR,EST DOS REMEDIOS,29,NO SEMAFORO 053  PROX. A FARMACIA DO TRABALHADOR,AFOGADOS,,,COLISÃO,CAMINHÃO E AUTO,1,,,,,,1,,,0,,,,,,,,,,,,,,
2018-07-13,09:59:00,SEM VÍTIMA,FINALIZADA,DERBY,RUA HENRIQUE DIAS,,,EM FRENTE AO COLEGIO DA POLICIA MILITAR,RUA HENRIQUE DIAS,,EM FRENTE AO COLEGIO DA POLICIA MILITAR,DERBY,,,COLISÃO,COLISÃO SEM VITIMAS,2,,,,,,,,,0,,,,,,,,,,,,,,
2018-07-13,10:18:00,,CANCELADA,DERBY,RUA HENRIQUE DIAS,,,EM FRENTE AO IRH  E AO COLEGIO DA PM,RUA HENRIQUE DIAS,,EM FRENTE AO IRH  E AO COLEGIO DA PM,DERBY,,,COLISÃO,DOIS AUTOS S/V,,,,,,,,,,0,,,,,,,,,,,,,,
2018-07-13,10:22:00,SEM VÍTIMA,FINALIZADA,SANTO AMARO,AV DR JAYME DA FONTE,86 B,,E/F A RESIDENCIA  SENTIDO AGAMENON.,AV DR JAYME DA FONTE,86 B,E/F A RESIDENCIA  SENTIDO AGAMENON.,SANTO AMARO,,,COLISÃO,SEM VÍTIMAS,1,,,,,,1,,,0,,,,,,,,,,,,,,
2018-07-13,10:23:00,COM VÍTIMA,FINALIZADA,BEBERIBE,AV BEBERIBE,1253,,,AV BEBERIBE,1253,,BEBERIBE,,,COLISÃO,02 AUTOS E UMA MOTOCICLETA,2,1,,,,,,,,1,,,,,,,,,,,,,,
2018-07-13,11:31:00,SEM VÍTIMA,FINALIZADA,BOA VIAGEM,AV ENGENHEIRO DOMINGOS FERREIRA,3482,,AO LADO DO BANCO DO BRASIL,AV ENGENHEIRO DOMINGOS FERREIRA,3482,AO LADO DO BANCO DO BRASIL,BOA VIAGEM,,,COLISÃO,DOIS AUTOS,1,,,,,1,,,,0,,,,,,,,,,,,,,
2018-07-13,11:42:00,SEM VÍTIMA,FINALIZADA,BOA VISTA,RUA HENRIQUE DIAS,,RUA DOM BOSCO,CRUZ COM A RUA DOM BOSCO EM FRENTE AO SUPERMERCADO EXTRA,RUA HENRIQUE DIAS,,CRUZ COM A RUA DOM BOSCO EM FRENTE AO SUPERMERCADO EXTRA,BOA VISTA,,,COLISÃO,COLISÃO SEM VITIMAS,1,,,,,1,,,,0,,,,,,,,,,,,,,
2018-07-13,11:57:00,SEM VÍTIMA,FINALIZADA,BAIRRO DO RECIFE,RUA DO OBSERVATORIO,,,EM FRENTE A TORRE MALAKOFF,RUA DO OBSERVATORIO,,EM FRENTE A TORRE MALAKOFF,BAIRRO DO RECIFE,,,COLISÃO,COLISÃO SEM VÍTIMA,2,,,,,,,,,0,,,,,,,,,,,,,,
2018-07-13,12:20:00,SEM VÍTIMA,CANCELADA,CORDEIRO,AV CAXANGA,1921,,PROX A EXPOSIÇÃO DO CORDEIRO S/T CID E/F A CASA DAS TINTAS,AV CAXANGA,1921,PROX A EXPOSIÇÃO DO CORDEIRO S/T CID E/F A CASA DAS TINTAS,CORDEIRO,,,COLISÃO,COLISAO ENTRE DOIS AUTOS S/V,2,,,,,,,,,0,,,,,,,,,,,,,,
2018-07-13,13:44:00,SEM VÍTIMA,FINALIZADA,AFOGADOS,RUA SAO MIGUEL,1050,,SENIOR ENGENHARIA,RUA SAO MIGUEL,1050,SENIOR ENGENHARIA,AFOGADOS,,,COLISÃO,COLISÃO ENVOLVENDO 03 VEÍCULOS SEM VÍTIMAS,,,,,,,,,,0,,,,,,,,,,,,,,
2018-07-13,14:16:00,COM VÍTIMA,FINALIZADA,MADALENA,RUA BENFICA,,,EM FRENTE AO CLUBE NTERNACIONAL,RUA BENFICA,,EM FRENTE AO CLUBE NTERNACIONAL,MADALENA,,,COLISÃO,COLISÃO COM VIATURA OFICIAL,1,1,,,,,,,,2,,,,,,,,,,,,,,
2018-07-13,15:33:00,SEM VÍTIMA,FINALIZADA,BOA VIAGEM,RUA VISCONDE DE JEQUITINHONHA,,,NO SEMAFORO 433 AO LADO DA LOCALIZA,RUA VISCONDE DE JEQUITINHONHA,,NO SEMAFORO 433 AO LADO DA LOCALIZA,BOA VIAGEM,,,COLISÃO,COLISAO ENTRE DOIS AUTOS S/V,2,,,,,,,,,0,,,,,,,,,,,,,,
2018-07-13,15:53:00,SEM VÍTIMA,FINALIZADA,SANTO AMARO,AV GOVERNADOR AGAMENON MAGALHAES,,,EM CIMA DO VIADUTO DA JOAO DE BARROS,AV GOVERNADOR AGAMENON MAGALHAES,,EM CIMA DO VIADUTO DA JOAO DE BARROS,SANTO AMARO,,,COLISÃO,COLISÃO QUATRO AUTOS,,,,,,,,,,0,,,,,,,,,,,,,,
2018-07-13,17:26:00,SEM VÍTIMA,FINALIZADA,BOA VISTA,AV CONDE DA BOA VISTA,,,EM FRENTE AS LOJAS LIDER,AV CONDE DA BOA VISTA,,EM FRENTE AS LOJAS LIDER,BOA VISTA,,,COLISÃO,COLISÃO ENTRE DOIS ONIBUS,,,,,,2,,,,0,,,,,,,,,,,,,,
2018-07-13,18:07:00,SEM VÍTIMA,FINALIZADA,BAIRRO DO RECIFE,AV ALFREDO LISBOA,1152,,ENF A RECEITA FEDERAL/ SENTIDO OLINDA / APÓS LOMBADA ELETRÔNICA,AV ALFREDO LISBOA,1152,ENF A RECEITA FEDERAL/ SENTIDO OLINDA / APÓS LOMBADA ELETRÔNICA,BAIRRO DO RECIFE,,,COLISÃO,UNO MILE X RENAUT,2,,,,,,,,,0,,,,,,,,,,,,,,
2018-07-13,18:26:00,SEM VÍTIMA,FINALIZADA,CAXANGÁ,AV CAXANGA,,,ENF A INTEGRAÇAO DA CAXANGA,AV CAXANGA,,ENF A INTEGRAÇAO DA CAXANGA,CAXANGÁ,,,COLISÃO,CITROEN X AUTO,2,,,,,,,,,0,,,,,,,,,,,,,,
2018-07-13,18:48:00,SEM VÍTIMA,FINALIZADA,ARRUDA,RUA PROFESSOR JERONIMO GUEIROS,438,,PROXIMIDADES DO BANCO BRASIL E ACADEMIA YES FIT / E/F AO EDF JULIO CESAR,RUA PROFESSOR JERONIMO GUEIROS,438,PROXIMIDADES DO BANCO BRASIL E ACADEMIA YES FIT / E/F AO EDF JULIO CESAR,ARRUDA,,,COLISÃO,ENTRE 2 AUTOS. S/V,2,,,,,,,,,0,,,,,,,,,,,,,,
2018-07-13,18:56:00,COM VÍTIMA,FINALIZADA,ILHA JOANA BEZERRA,AV DES GUERRA BARRETO,,,AO LADO DO FÓRUM DE RECIFE / PRÓX AO VIADUTO,AV DES GUERRA BARRETO,,AO LADO DO FÓRUM DE RECIFE / PRÓX AO VIADUTO,ILHA JOANA BEZERRA,,,COLISÃO COM CICLISTA,MOTO X BICICLETA. C/V,,1,,1,,,,,,1,,,,,,,,,,,,,,
2018-07-13,21:42:00,SEM VÍTIMA,CANCELADA,VÁRZEA,AV CAXANGA,,,POR CIMA DA PTE DA CAXANGÁ  SNT CAMARAGIBE,AV CAXANGA,,POR CIMA DA PTE DA CAXANGÁ  SNT CAMARAGIBE,VÁRZEA,,,COLISÃO,ENTRE 2 AUTOS. S/V,2,,,,,,,,,0,,,,,,,,,,,,,,
2018-07-13,22:34:00,SEM VÍTIMA,FINALIZADA,CAMPO GRANDE,RUA PRUDENTE DE MORAES,158,,PRÓX AO POSTO TOTAL / E/F A VITOR GÁS,RUA PRUDENTE DE MORAES,158,PRÓX AO POSTO TOTAL / E/F A VITOR GÁS,CAMPO GRANDE,,,COLISÃO,ENTRE AUTO E CAMINHÃO DA PREFEITURA . S/V,1,,,,,,1,,,0,,,,,,,,,,,,,,
2018-07-14,03:16:00,COM VÍTIMA,FINALIZADA,IMBIRIBEIRA,RUA HELIO BRANDAO,,RUA PINTOR ANTONIO ALBUQUERQUE,PRÓX A SAÍDA DO IBURA ( NÚCLEO ) E IGREJA ADVENTISTA DO SÉTIMO DIA / SEMÁFORO 293 - CRUZ COM A RUA PINTOR ANTÔNIO ALBUQUERQUE,RUA HELIO BRANDAO,,PRÓX A SAÍDA DO IBURA ( NÚCLEO ) E IGREJA ADVENTISTA DO SÉTIMO DIA / SEMÁFORO 293 - CRUZ COM A RUA PINTOR ANTÔNIO ALBUQUERQUE,IMBIRIBEIRA,,,COLISÃO,ENTRE 2 AUTOS. C/V,2,,,,,,,,,1,,,,,,,,,,,,,,
2018-07-14,03:41:00,SEM VÍTIMA,FINALIZADA,BOA VIAGEM,AV BOA VIAGEM,980,,EM FRENTE AS QUADRAS DE TÊNIS // PRÓX AO MARANTE PLAZA HOTEL,AV BOA VIAGEM,980,EM FRENTE AS QUADRAS DE TÊNIS // PRÓX AO MARANTE PLAZA HOTEL,BOA VIAGEM,,,COLISÃO,CONDUTOR PERDEU O CONTROLE DO VEÍCULO E CHOCOU-SE CONTRA VEÍCULOS ESTACIONADOS,2,,,,,,,,,0,,,,,,,,,,,,,,
2018-07-14,05:04:00,SEM VÍTIMA,FINALIZADA,IMBIRIBEIRA,AV MARECHAL MASCARENHAS DE MORAES,,,E/F A FORD  SNT AEROPORTO / SEMÁFORO 532,AV MARECHAL MASCARENHAS DE MORAES,,E/F A FORD  SNT AEROPORTO / SEMÁFORO 532,IMBIRIBEIRA,,,ENGAVETAMENTO,ENTRE 3 AUTOS. S/V,3,,,,,,,,,0,,,,,,,,,,,,,,
2018-07-14,08:11:00,COM VÍTIMA,FINALIZADA,ILHA JOANA BEZERRA,AV GOVERNADOR AGAMENON MAGALHAES,,,NA DESCIDA DO VIADUTO JOANA BEZERRA,AV GOVERNADOR AGAMENON MAGALHAES,,NA DESCIDA DO VIADUTO JOANA BEZERRA,ILHA JOANA BEZERRA,,,COLISÃO,COLISÃO COM VITIMA A ESPERA DO SAMU VT 23 QTH,,1,,,,,,,,1,,,,,,,,,,,,,,
2018-07-14,10:15:00,COM VÍTIMA,FINALIZADA,ENGENHO DO MEIO,RUA ANTONIO CURADO,,,NO SEMÁFORO 395/ SENTIDO BR,RUA ANTONIO CURADO,,NO SEMÁFORO 395/ SENTIDO BR,ENGENHO DO MEIO,,,COLISÃO,COLISÃO COM VÍTIMA,1,1,,,,,,,,1,,,,,,,,,,,,,,
2018-07-14,11:21:00,SEM VÍTIMA,FINALIZADA,SANTO AMARO,AV GOVERNADOR AGAMENON MAGALHAES,,,EM FRENTE A PROCURADORIA/ SENTIDO BOA VIAGEM,AV GOVERNADOR AGAMENON MAGALHAES,,EM FRENTE A PROCURADORIA/ SENTIDO BOA VIAGEM,SANTO AMARO,,,COLISÃO,COLISÃO SEM VÍTIMA,1,,,,,,,,1,0,,,,,,,,,,,,,,
2018-07-14,11:28:00,SEM VÍTIMA,FINALIZADA,DOIS IRMÃOS,PRC FARIAS NEVES,,,EM FRENTE A ENTRADA DO HORTO DOIS IRMÃOS,PRC FARIAS NEVES,,EM FRENTE A ENTRADA DO HORTO DOIS IRMÃOS,DOIS IRMÃOS,,,COLISÃO,COLISÃO SEM VÍTIMA,2,,,,,,,,,0,,,,,,,,,,,,,,
2018-07-14,12:03:00,SEM VÍTIMA,FINALIZADA,BONGI,AV ENGENHEIRO ABDIAS DE CARVALHO,,AV GAL SAN MARTIN,COM AV GENERAL SAN MARTIN S/T CURADO ANTES DO COMPAZ,AV ENGENHEIRO ABDIAS DE CARVALHO,,COM AV GENERAL SAN MARTIN S/T CURADO ANTES DO COMPAZ,BONGI,,,COLISÃO,COLISAO ENTRE QUATRO AUTOS S/V,4,,,,,,,,,0,,,,,,,,,,,,,,
2018-07-14,12:16:00,COM VÍTIMA,FINALIZADA,BOA VISTA,RUA VELHA,160,RUA DA GLORIA,CRUZAMENTO COM A RUA DA GLORIA,RUA VELHA,160,CRUZAMENTO COM A RUA DA GLORIA,BOA VISTA,,,ATROPELAMENTO,COM VÍTIMA,1,,,,1,,,,,1,,,,,,,,,,,,,,
2018-07-14,13:25:00,SEM VÍTIMA,FINALIZADA,CAXANGÁ,RUA RIBEIRO PESSOA,,,EM FRENTE A UPA SEM 281 / SENT SUB,RUA RIBEIRO PESSOA,,EM FRENTE A UPA SEM 281 / SENT SUB,CAXANGÁ,,,COLISÃO,DOIS AUTOS,2,,,,,,,,,0,,,,,,,,,,,,,,
2018-07-14,13:58:00,SEM VÍTIMA,FINALIZADA,IBURA,AV DOIS RIOS,542,,EM FRENTE AO POSTO TOTAL,AV DOIS RIOS,542,EM FRENTE AO POSTO TOTAL,IBURA,,,COLISÃO,DOIS AUTOS,2,,,,,,,,,0,,,,,,,,,,,,,,
2018-07-14,14:06:00,SEM VÍTIMA,FINALIZADA,BOMBA DO HEMETÉRIO,RUA BOMBA DO HEMETERIO,,,NO LARGO DA BOMBA NA SUBIDA DA LADEIRA DO ALTO SANTA TEREZINHA,RUA BOMBA DO HEMETERIO,,NO LARGO DA BOMBA NA SUBIDA DA LADEIRA DO ALTO SANTA TEREZINHA,BOMBA DO HEMETÉRIO,,,COLISÃO,COLISAO ENTRE ONIBUS E COMPLEMENTAR,,,,,,2,,,,0,,,,,,,,,,,,,,
2018-07-14,15:08:00,COM VÍTIMA,FINALIZADA,IMBIRIBEIRA,AV MARECHAL MASCARENHAS DE MORAES,,,EM FRENTE AO POSTO IPIRANGA/ NO SEMÁFORO 396/ SENTIDO PRAZERES,AV MARECHAL MASCARENHAS DE MORAES,,EM FRENTE AO POSTO IPIRANGA/ NO SEMÁFORO 396/ SENTIDO PRAZERES,IMBIRIBEIRA,,,COLISÃO,COLISÃO COM VÍTIMA,1,1,,,,,,,,1,,,,,,,,,,,,,,
2018-07-14,15:34:00,SEM VÍTIMA,FINALIZADA,IPUTINGA,AV CAXANGA,,,SEMAFORO 234 SENT CIDADE / EM FRENTE A SEDE DO PERNAMBUCO DA SORTE,AV CAXANGA,,SEMAFORO 234 SENT CIDADE / EM FRENTE A SEDE DO PERNAMBUCO DA SORTE,IPUTINGA,,,COLISÃO,DOIS AUTOS,2,,,,,,,,,0,,,,,,,,,,,,,,
2018-07-14,15:37:00,SEM VÍTIMA,FINALIZADA,IPSEP,AV RECIFE,1405,,PROX AO RESTAURANTE SAL E BRASA S/T CIDADE UNIVERSITARIA,AV RECIFE,1405,PROX AO RESTAURANTE SAL E BRASA S/T CIDADE UNIVERSITARIA,IPSEP,,,COLISÃO,COLISAO AUTO E MOTO S/V,1,1,,,,,,,,0,,,,,,,,,,,,,,
2018-07-14,15:40:00,SEM VÍTIMA,FINALIZADA,BOA VIAGEM,RUA DES JOAO PAES,,,AO LADO DO ANTIGO CARREFOUR,RUA DES JOAO PAES,,AO LADO DO ANTIGO CARREFOUR,BOA VIAGEM,,,COLISÃO,COLISÃO SEM VÍTIMA,1,,,,,1,,,,0,,,,,,,,,,,,,,
2018-07-14,15:48:00,SEM VÍTIMA,FINALIZADA,JARDIM SÃO PAULO,AV RECIFE,5630,,EM FRENTE AO CERPE/ SENTIDO BR,AV RECIFE,5630,EM FRENTE AO CERPE/ SENTIDO BR,JARDIM SÃO PAULO,,,COLISÃO,COLISÃO SEM VÍTIMA,2,,,,,,,,,0,,,,,,,,,,,,,,
2018-07-14,16:05:00,SEM VÍTIMA,FINALIZADA,TAMARINEIRA,RUA CONEGO BARATA,,AV NORTE,ESQUINA COM AV NORTE NO SEMAFORO 062,RUA CONEGO BARATA,,ESQUINA COM AV NORTE NO SEMAFORO 062,TAMARINEIRA,,,COLISÃO,COLISAO ENTRE ONIBUS E AUTO S/V,1,,,,,1,,,,0,,,,,,,,,,,,,,
2018-07-14,16:09:00,SEM VÍTIMA,CANCELADA,ENGENHO DO MEIO,RUA ANTONIO CURADO,783,,EM FRENTE AO MERCADO ENGENHO,RUA ANTONIO CURADO,783,EM FRENTE AO MERCADO ENGENHO,ENGENHO DO MEIO,,,COLISÃO,DUAS MOTOS,,2,,,,,,,,0,,,,,,,,,,,,,,
2018-07-14,16:32:00,SEM VÍTIMA,FINALIZADA,ILHA DO LEITE,RUA PREFEITO JORGE MARTINS,,,AO LADO DO HOSPITAL HOPE / SEMAFORO 490,RUA PREFEITO JORGE MARTINS,,AO LADO DO HOSPITAL HOPE / SEMAFORO 490,ILHA DO LEITE,,,COLISÃO,ONIBUS E AUTO,1,,,,,1,,,,0,,,,,,,,,,,,,,
2018-07-14,17:16:00,COM VÍTIMA,FINALIZADA,SANTO AMARO,AV NORTE,,,NA SUBIDA DO VIADUTO S/T SUB,AV NORTE,,NA SUBIDA DO VIADUTO S/T SUB,SANTO AMARO,,,COLISÃO,COLISAO ENTRE AUTO E MOTO COM UMA VITIMA,1,1,,,,,,,,1,,,,,,,,,,,,,,
2018-07-14,17:54:00,SEM VÍTIMA,FINALIZADA,BOMBA DO HEMETÉRIO,EST VELHA DE AGUA FRIA,,,EM FRENTE AO POSTO NORTEBRÁS,EST VELHA DE AGUA FRIA,,EM FRENTE AO POSTO NORTEBRÁS,BOMBA DO HEMETÉRIO,,,COLISÃO,COLISÃO ENVOLVENDO UM ÔNIBUS E UMA VIATURA DE FISCALIZAÇÃO DA CTTU. (VT 18),,,,,,1,,1,,0,,,,,,,,,,,,,,
2018-07-14,18:49:00,SEM VÍTIMA,FINALIZADA,BOA VIAGEM,RUA BARAO DE SOUZA LEAO,,AV BOA VIAGEM,ESQUINA COM A AV BOA VIAGEM / SEMÁFORO 004,RUA BARAO DE SOUZA LEAO,,ESQUINA COM A AV BOA VIAGEM / SEMÁFORO 004,BOA VIAGEM,,,COLISÃO,ENTRE AUTO PASSEIO E ÔNIBUS. S/V,1,,,,,1,,,,0,,,,,,,,,,,,,,
2018-07-14,19:07:00,SEM VÍTIMA,CANCELADA,BOA VIAGEM,RUA ERNESTO DE PAULA SANTOS,1178,,AO LADO DA FARMACIA PAGUE MENOS  APÓS O VIADUTO/ E/F AO EDF NESTOR ROCHA,RUA ERNESTO DE PAULA SANTOS,1178,AO LADO DA FARMACIA PAGUE MENOS  APÓS O VIADUTO/ E/F AO EDF NESTOR ROCHA,BOA VIAGEM,,,COLISÃO,ENTRE 2 AUTOS. S/V,2,,,,,,,,,0,,,,,,,,,,,,,,
2018-07-14,19:30:00,COM VÍTIMA,FINALIZADA,MADALENA,EST DOS REMEDIOS,2216,,APÓS A DROGASIL E AO LADO DA NAGEM / CRUZANDO A AV ABDIAS,EST DOS REMEDIOS,2216,APÓS A DROGASIL E AO LADO DA NAGEM / CRUZANDO A AV ABDIAS,MADALENA,,,ENGAVETAMENTO,ENTRE 3 AUTOS. C/V,3,,,,,,,,,1,,,,,,,,,,,,,,
2018-07-14,21:36:00,SEM VÍTIMA,FINALIZADA,MANGABEIRA,RUA ERNESTO CAVALCANTI,36,,E/F A UPINHA DA BOMBA DO HEMETERIO,RUA ERNESTO CAVALCANTI,36,E/F A UPINHA DA BOMBA DO HEMETERIO,MANGABEIRA,,,COLISÃO,ENTRE AUTO E CAMINHÃO. S/V,1,,,,,,1,,,0,,,,,,,,,,,,,,
2018-07-14,22:17:00,SEM VÍTIMA,FINALIZADA,CASA AMARELA,RUA ITACOATIARA,,,NA SUBIDA DO MORRO NA ULTIMA SUBIDA NA PRINCIPAL DO MORRO,RUA ITACOATIARA,,NA SUBIDA DO MORRO NA ULTIMA SUBIDA NA PRINCIPAL DO MORRO,CASA AMARELA,,,CHOQUE,ONIBUS X POSTE OBS:: ONIBUS SE ENCONTRA NO LOCAL,,,,,,1,,,1,0,,,,,,,,,,,,,,
2018-07-15,06:42:00,SEM VÍTIMA,FINALIZADA,BOA VIAGEM,AV ANTONIO DE GOES,,,EM FRENTE AO DNIT /SEMAFORO 656,AV ANTONIO DE GOES,,EM FRENTE AO DNIT /SEMAFORO 656,BOA VIAGEM,,,ENGAVETAMENTO,4 AUTOS S/V,4,,,,,,,,,0,,,,,,,,,,,,,,
2018-07-15,07:17:00,COM VÍTIMA,FINALIZADA,CASA AMARELA,RUA PADRE LEMOS,,,AO LADO DO BOMPREÇO,RUA PADRE LEMOS,,AO LADO DO BOMPREÇO,CASA AMARELA,,,COLISÃO COM CICLISTA,COLISÃO ENTRE MOTO AUTO E CICLISTA. O AUTO PASSEIO EVADIU-SE DO LOCAL. AS DUAS VÍTIMAS FORAM SOCORRIDAS PELO SAMU E BOMBEIROS,,1,,1,,,,,,2,,,,,,,,,,,,,,