data,hora,natureza_acidente,situacao,bairro,endereco,numero,detalhe_endereco_acidente,complemento,endereco_cruzamento,numero_cruzamento,referencia_cruzamento,bairro_cruzamento,num_semaforo,sentido_via,tipo,descricao,auto,moto,ciclom,ciclista,pedestre,onibus,caminhao,viatura,outros,vitimas,vitimasfatais,acidente_verificado,tempo_clima,situacao_semaforo,sinalizacao,condicao_via,conservacao_via,ponto_controle,situacao_placa,velocidade_max_via,mao_direcao,divisao_via1,divisao_via2,divisao_via3
2018-07-18,13:57:00,COM VÍTIMA,FINALIZADA,ENCRUZILHADA,RUA FREDERICO,191,RUA DONA ELVIRA,CRUZAMENTO COM A RUA DONA ELVIRA,RUA FREDERICO,191,CRUZAMENTO COM A RUA DONA ELVIRA,ENCRUZILHADA,,,COLISÃO,COLISÃO COM VÍTIMA,2,,,,,,,,,1,,,,,,,,,,,,,,
2018-07-18,13:58:00,SEM VÍTIMA,FINALIZADA,AFOGADOS,RUA VINTE E UM DE ABRIL,1769,,AO LADO DO CAFE PETINHO S/T GIRADOURO DE SAN MARTIN,RUA VINTE E UM DE ABRIL,1769,AO LADO DO CAFE PETINHO S/T GIRADOURO DE SAN MARTIN,AFOGADOS,,,COLISÃO,COLISAO ENTRE DOIS AUTOS S/V,2,,,,,,,,,0,,,,,,,,,,,,,,
2018-07-18,14:51:00,SEM VÍTIMA,FINALIZADA,BOA VISTA,RUA JOAO FERNANDES VIEIRA,350,RUA PADRE INGLES,PROXIMO AO LABORATORIO DA UNIBRA/ CRUZAMENTO COM A RUA PADRE INGLÊS,RUA JOAO FERNANDES VIEIRA,350,PROXIMO AO LABORATORIO DA UNIBRA/ CRUZAMENTO COM A RUA PADRE INGLÊS,BOA VISTA,,,COLISÃO,COLISÃO SEM VÍTIMA,2,,,,,,,,,0,,,,,,,,,,,,,,
2018-07-18,15:42:00,SEM VÍTIMA,FINALIZADA,CIDADE UNIVERSITÁRIA,RUA ACADEMICO HELIO RAMOS,,,NO TERMINAL DE CDU BOA VIAGEM,RUA ACADEMICO HELIO RAMOS,,NO TERMINAL DE CDU BOA VIAGEM,CIDADE UNIVERSITÁRIA,,,COLISÃO,COLISAO ENTRE ONIBUS E AUTO S/V,1,,,,,1,,,,0,,,,,,,,,,,,,,
2018-07-18,17:06:00,SEM VÍTIMA,FINALIZADA,ESPINHEIRO,RUA JOSE LUIZ DA SILVEIRA BARROS,225,,PROX. AO HAP VIDA,RUA JOSE LUIZ DA SILVEIRA BARROS,225,PROX. AO HAP VIDA,ESPINHEIRO,,,COLISÃO,ONIBUS E AUTO,1,,,,,1,,,,0,,,,,,,,,,,,,,
2018-07-18,17:34:00,SEM VÍTIMA,FINALIZADA,IMBIRIBEIRA,RUA ENGENHEIRO JOSE APOLINARIO,184,,APOS OS SINDICATO DOS TAXISTAS  SEGUNDA A DIREITA,RUA ENGENHEIRO JOSE APOLINARIO,184,APOS OS SINDICATO DOS TAXISTAS  SEGUNDA A DIREITA,IMBIRIBEIRA,,,COLISÃO,DUAS MOTOS,,2,,,,,,,,0,,,,,,,,,,,,,,
2018-07-18,18:09:00,SEM VÍTIMA,FINALIZADA,AFOGADOS,RUA DA PAZ,253,,ENF A IGREJA UNIVERSAL SEMAFORO 528,RUA DA PAZ,253,ENF A IGREJA UNIVERSAL SEMAFORO 528,AFOGADOS,,,COLISÃO,CAMINHAO X ETIOS,1,,,,,,1,,,0,,,,,,,,,,,,,,
2018-07-18,18:19:00,SEM VÍTIMA,FINALIZADA,BOA VIAGEM,RUA DOM JOSE LOPES,,,BAR ESCRITÓRIO,RUA DOM JOSE LOPES,,BAR ESCRITÓRIO,BOA VIAGEM,,,COLISÃO,COM VÍTIMA,1,1,,,,,,,,0,,,,,,,,,,,,,,
2018-07-18,19:11:00,SEM VÍTIMA,FINALIZADA,ESPINHEIRO,RUA SAO SALVADOR,933,RUA DA HORA,NA ESQUINA DA RUA DA HORA,RUA SAO SALVADOR,933,NA ESQUINA DA RUA DA HORA,ESPINHEIRO,,,COLISÃO,DOIS AUTO,2,,,,,,,,,0,,,,,,,,,,,,,,
2018-07-18,19:13:00,SEM VÍTIMA,FINALIZADA,JOANA BEZERRA,AV DES GUERRA BARRETO,,,EM FRENTE AO FORO DE JOANA BEZERRA,AV DES GUERRA BARRETO,,EM FRENTE AO FORO DE JOANA BEZERRA,JOANA BEZERRA,,,COLISÃO,DOIS AUTOS S/V,2,,,,,,,,,0,,,,,,,,,,,,,,
2018-07-18,20:47:00,SEM VÍTIMA,CANCELADA,DOIS UNIDOS,RUA VILA FLOR,105,,AO LADO DA ESCOLA ALTO MARACANA,RUA VILA FLOR,105,AO LADO DA ESCOLA ALTO MARACANA,DOIS UNIDOS,,,COLISÃO,SPRINTER E CAMINHAO S/V,,,,,,1,1,,,0,,,,,,,,,,,,,,
2018-07-18,23:05:00,SEM VÍTIMA,FINALIZADA,ROSARINHO,AV SANTOS DUMONT,420,RUA TELES JUNIOR,PROX A EXTRA FARMA // CRUZAMENTO COM A RUA TELES JUNIOR,AV SANTOS DUMONT,420,PROX A EXTRA FARMA // CRUZAMENTO COM A RUA TELES JUNIOR,ROSARINHO,,,COLISÃO,ONIBUS TRANSCON X GOL,1,,,,,1,,,,0,,,,,,,,,,,,,,
2018-07-18,23:29:00,COM VÍTIMA,FINALIZADA,TORRE,RUA JOSE BONIFACIO,,,EM FRENTE AO CARREFUR,RUA JOSE BONIFACIO,,EM FRENTE AO CARREFUR,TORRE,,,CHOQUE,AUTO/POSTE C/V (COM FIO NO CHAO),1,,,,,,,,,1,,,,,,,,,,,,,,
2018-07-19,06:51:00,SEM VÍTIMA,FINALIZADA,BOA VIAGEM,AV DES JOSE NEVES,,,SOB O SEMÁFORO 592,AV DES JOSE NEVES,,SOB O SEMÁFORO 592,BOA VIAGEM,,,CAPOTAMENTO,,,,,,,,,,,0,,,,,,,,,,,,,,
2018-07-19,07:19:00,,CANCELADA,BOA VIAGEM,AV DOM JOAO VI,,,POR TRAZ DO HIPER DE BOA VIAGEM  SAIDO DO TUNEL SENTIDO O BAIRRO DO RECIFE  APROXIMADAMENTE 100METROS,AV DOM JOAO VI,,POR TRAZ DO HIPER DE BOA VIAGEM  SAIDO DO TUNEL SENTIDO O BAIRRO DO RECIFE  APROXIMADAMENTE 100METROS,BOA VIAGEM,,,CAPOTAMENTO,VEICULO ESTA NA VIA,1,,,,,,,,,0,,,,,,,,,,,,,,
2018-07-19,07:29:00,SEM VÍTIMA,FINALIZADA,BOA VIAGEM,AV BOA VIAGEM,TIAGO,,PROX AO EDIF. HOLLIDAY  APOS O RECIFE PALACE,AV BOA VIAGEM,,PROX AO EDIF. HOLLIDAY  APOS O RECIFE PALACE,BOA VIAGEM,,,COLISÃO,COLIÃO SEM VÍTIMAS,1,1,,,,,,,,0,,,,,,,,,,,,,,
2018-07-19,08:03:00,COM VÍTIMA,FINALIZADA,SANTO ANTÔNIO,AV MARTINS DE BARROS,,,FORUM THOMAS DE AQUINO,AV MARTINS DE BARROS,,FORUM THOMAS DE AQUINO,SANTO ANTÔNIO,,,COLISÃO,COLISÃO COM VÍTIMA,1,1,,,,,,,,1,,,,,,,,,,,,,,
2018-07-19,08:46:00,SEM VÍTIMA,CANCELADA,SÃO JOSÉ,C SANTA RITA,,,SENTIDO CIDADE  SEMÁFORO 571,C SANTA RITA,,SENTIDO CIDADE  SEMÁFORO 571,SÃO JOSÉ,,,COLISÃO,SEM VÍTIMAS,1,,,,,1,,,,0,,,,,,,,,,,,,,
2018-07-19,09:53:00,SEM VÍTIMA,FINALIZADA,CASA AMARELA,EST DO ENCANAMENTO,241,,PROX. AO HOSPITAL SANTA LUZIA,EST DO ENCANAMENTO,241,PROX. AO HOSPITAL SANTA LUZIA,CASA AMARELA,,,COLISÃO,COLISÃO SEM VITIMAS,2,,,,,,,,,0,,,,,,,,,,,,,,
2018-07-19,10:41:00,SEM VÍTIMA,FINALIZADA,CAMPO GRANDE,AV RUI BARBOSA,,,EM FRENTE A PIZZARIA ATLANTICO  NO SEMAFORO 126,AV RUI BARBOSA,,EM FRENTE A PIZZARIA ATLANTICO  NO SEMAFORO 126,CAMPO GRANDE,,,COLISÃO,AUTO E VT- DA PM,1,,,,,,,1,,0,,,,,,,,,,,,,,
2018-07-19,10:58:00,SEM VÍTIMA,FINALIZADA,CASA AMARELA,AV NORTE,,,NA FRENTE A TRANPORTADORA GLOBO,AV NORTE,,NA FRENTE A TRANPORTADORA GLOBO,CASA AMARELA,,,COLISÃO,COLISÃO SEM VITIMAS,1,,,,,,,1,,0,,,,,,,,,,,,,,
2018-07-19,11:57:00,SEM VÍTIMA,FINALIZADA,CORDEIRO,AV CAXANGA,,,LADO OPOSTO AO PARQUE DE EXPOSIÇÃO DO CORDEIRO SENTIDO SUBÚRBIO / CIDADE,AV CAXANGA,,LADO OPOSTO AO PARQUE DE EXPOSIÇÃO DO CORDEIRO SENTIDO SUBÚRBIO / CIDADE,CORDEIRO,,,TOMBAMENTO,TOMBAMENTO DE AMBULANCIA,,,,,,,,,,0,,,,,,,,,,,,,,
2018-07-19,11:59:00,SEM VÍTIMA,CANCELADA,CORDEIRO,AV GENERAL SAN MARTIN,554,,E/F A AUTO ESCOLA RECIFE  SENTIDO CAXANGA,AV GENERAL SAN MARTIN,554,E/F A AUTO ESCOLA RECIFE  SENTIDO CAXANGA,CORDEIRO,,,COLISÃO,AUTO E CAMINHAO S/V,1,,,,,,1,,,0,,,,,,,,,,,,,,
2018-07-19,12:17:00,SEM VÍTIMA,FINALIZADA,AFOGADOS,RUA VINTE E UM DE ABRIL,355,,PROX A CLUBE FERROVIÁRIO,RUA VINTE E UM DE ABRIL,355,PROX A CLUBE FERROVIÁRIO,AFOGADOS,,,COLISÃO,COLISAO ENTRE ONIBUS E AUTO S/V,1,,,,,1,,,,0,,,,,,,,,,,,,,
2018-07-19,12:26:00,,CANCELADA,CORDEIRO,AV CAXANGA,,,SEMAFORO 235  EM FRENTE A EXPOSIÇAO DE ANIMAIS,AV CAXANGA,,SEMAFORO 235  EM FRENTE A EXPOSIÇAO DE ANIMAIS,CORDEIRO,,,COLISÃO,AUTO E AMBULANCIA,1,,,,,,1,,,0,,,,,,,,,,,,,,
2018-07-19,12:37:00,SEM VÍTIMA,CANCELADA,IPSEP,AV PRESIDENTE DUTRA,,,NA DESCIDA DO VIATUDO TANCREDO NEVES/ SENTIDO AV RECIFE,AV PRESIDENTE DUTRA,,NA DESCIDA DO VIATUDO TANCREDO NEVES/ SENTIDO AV RECIFE,IPSEP,,,COLISÃO,COLISÃO SEM VÍTIMA,,,,,,,,,,0,,,,,,,,,,,,,,
2018-07-19,13:11:00,SEM VÍTIMA,FINALIZADA,PINA,AV ANTONIO DE GOES,,,EM FRENTE AO FULL JUMP  PROX. AO RESTAURANTE BARGAÇO,AV ANTONIO DE GOES,,EM FRENTE AO FULL JUMP  PROX. AO RESTAURANTE BARGAÇO,PINA,,,COLISÃO,DOIS AUTOS,2,,,,,,,,,0,,,,,,,,,,,,,,
2018-07-19,13:20:00,SEM VÍTIMA,FINALIZADA,TORRE,RUA CONDE DE IRAJA,135,,E/F AO EXERCITO DA SALVAÇÃO,RUA CONDE DE IRAJA,135,E/F AO EXERCITO DA SALVAÇÃO,TORRE,,,COLISÃO,COLISAO ENTRE DOIS AUTOS S/V,2,,,,,,,,,0,,,,,,,,,,,,,,
2018-07-19,13:21:00,SEM VÍTIMA,FINALIZADA,ENCRUZILHADA,AV JOAO DE BARROS,1629,,EM FRENTE AO ITAU,AV JOAO DE BARROS,1629,EM FRENTE AO ITAU,ENCRUZILHADA,,,COLISÃO,DOIS AUTOS,2,,,,,,,,,0,,,,,,,,,,,,,,
2018-07-19,13:32:00,,CANCELADA,TORRE,RUA CONDE DE IRAJA,108,,SEMAFORO 630,RUA CONDE DE IRAJA,108,SEMAFORO 630,TORRE,,,COLISÃO,DOIS AUTOS,,,,,,,,,,0,,,,,,,,,,,,,,
2018-07-19,13:50:00,SEM VÍTIMA,CANCELADA,TORRE,RUA CONDE DE IRAJA,,,MARQUESA MOVEIS,RUA CONDE DE IRAJA,,MARQUESA MOVEIS,TORRE,,,COLISÃO,DOIS AUTOS,2,,,,,,,,,0,,,,,,,,,,,,,,
2018-07-19,15:32:00,COM VÍTIMA,FINALIZADA,BAIRRO DO RECIFE,CAIS DO APOLO,,,AO LADO DO BANCO DO BRASIL,CAIS DO APOLO,,AO LADO DO BANCO DO BRASIL,BAIRRO DO RECIFE,,,ATROPELAMENTO,,1,,,,1,,,,,1,,,,,,,,,,,,,,
2018-07-19,15:40:00,SEM VÍTIMA,FINALIZADA,AFOGADOS,RUA SAO MIGUEL,,,EM FRENTE AO BODE DO NO,RUA SAO MIGUEL,,EM FRENTE AO BODE DO NO,AFOGADOS,,,COLISÃO,DOIS AUTOS,2,,,,,,,,,0,,,,,,,,,,,,,,
2018-07-19,15:44:00,SEM VÍTIMA,FINALIZADA,PINA,AV HERCULANO BANDEIRA,544,,EM FRENTE AO MARTELINHO DE OURO,AV HERCULANO BANDEIRA,544,EM FRENTE AO MARTELINHO DE OURO,PINA,,,COLISÃO,COLISÃO SEM VÍTIMA,2,,,,,,,,,0,,,,,,,,,,,,,,
2018-07-19,15:51:00,SEM VÍTIMA,FINALIZADA,SANTO AMARO,AV NORTE,,RUA TREZE DE MAIO,ESQUINA COM RUA 13 DE MAIO,AV NORTE,,ESQUINA COM RUA 13 DE MAIO,SANTO AMARO,,,COLISÃO,COLISÃO SEM VÍTIMA,2,,,,,,,,,0,,,,,,,,,,,,,,
2018-07-19,16:08:00,SEM VÍTIMA,FINALIZADA,TORRE,RUA CONDE DE IRAJA,128,,EM FRENTE A LAVANDERIA DRIVE CLEAR,RUA CONDE DE IRAJA,128,EM FRENTE A LAVANDERIA DRIVE CLEAR,TORRE,,,COLISÃO,DOIS AUTOS,2,,,,,,,,,0,,,,,,,,,,,,,,
2018-07-19,16:16:00,COM VÍTIMA,FINALIZADA,CASA AMARELA,RUA PAULA BATISTA,,RUA CONS PERETI,COM A RUA CONSELHEIRO PERETI,RUA PAULA BATISTA,,COM A RUA CONSELHEIRO PERETI,CASA AMARELA,,,COLISÃO,COLISÃO COM VITIMA,2,,,,,,,,,1,,,,,,,,,,,,,,
2018-07-19,16:26:00,SEM VÍTIMA,FINALIZADA,GRAÇAS,RUA AMELIA,,AV RUI BARBOSA,NA DESCIDA DA PONTE DA TORRE  ESQUINA COM RUI BARBOSA  ESQUINA COM O POSTO SHELL  SENTIDO ESPINHEIRO,RUA AMELIA,,NA DESCIDA DA PONTE DA TORRE  ESQUINA COM RUI BARBOSA  ESQUINA COM O POSTO SHELL  SENTIDO ESPINHEIRO,GRAÇAS,,,COLISÃO,DOIS AUTOS,2,,,,,,,,,0,,,,,,,,,,,,,,
2018-07-19,16:29:00,SEM VÍTIMA,FINALIZADA,SANTO AMARO,PRC GENERAL ABREU E LIMA,,,POR TRAS DO CEMITERIO DOS INGLESES,PRC GENERAL ABREU E LIMA,,POR TRAS DO CEMITERIO DOS INGLESES,SANTO AMARO,,,COLISÃO,COLISAO ENTRE CARRETA E AUTO S/V,1,,,,,,1,,,0,,,,,,,,,,,,,,
2018-07-19,16:35:00,SEM VÍTIMA,FINALIZADA,AFOGADOS,AV SUL,,,SUBIDA DA PONTE NO SEMAFORO 320,AV SUL,,SUBIDA DA PONTE NO SEMAFORO 320,AFOGADOS,,,COLISÃO,COLISAO ENTRE DOIS AUTOS S/V,1,,,,,,1,,,0,,,,,,,,,,,,,,
2018-07-19,17:15:00,COM VÍTIMA,FINALIZADA,MADALENA,RUA BENFICA,,EST REMEDIOS,SEMAFORO 051  ESQUINA COM O BOMPREÇO,RUA BENFICA,,SEMAFORO 051  ESQUINA COM O BOMPREÇO,MADALENA,,,COLISÃO COM CICLISTA,MOTO E CICLISTA,,1,,1,,,,,,1,,,,,,,,,,,,,,
2018-07-19,17:51:00,SEM VÍTIMA,CANCELADA,CAXANGÁ,AV CAXANGA,,RUA PROF CHAVES BATISTA,SEMÁFORO 230 - CRUZ COM A RUA PROF. CHAVES BATISTA / NAS PROXIMIDADES DA CHURRASCARIA BOI E BRASA,AV CAXANGA,,SEMÁFORO 230 - CRUZ COM A RUA PROF. CHAVES BATISTA / NAS PROXIMIDADES DA CHURRASCARIA BOI E BRASA,CAXANGÁ,,,COLISÃO,ENTRE AUTO E ÔNIBUS. S/V,1,,,,,1,,,,0,,,,,,,,,,,,,,
2018-07-19,18:36:00,COM VÍTIMA,CANCELADA,CASA FORTE,AV DEZESSETE DE AGOSTO,,,E/F A PRC DE CASA FORTE / PRÓX A ACADEMIA TOP FIT E A LANCHONETE NA PRAÇA,AV DEZESSETE DE AGOSTO,,E/F A PRC DE CASA FORTE / PRÓX A ACADEMIA TOP FIT E A LANCHONETE NA PRAÇA,CASA FORTE,,,COLISÃO,ENTRE AUTO E MOTO. C/V,1,1,,,,,,,,1,,,,,,,,,,,,,,
2018-07-19,18:46:00,SEM VÍTIMA,EQUIPE EM DESLOCAMENTO,IBURA,RUA VALE DO ITAJAI,109,RUA EDUARDO GUIMARAES,CRUZAMENTO COM A RUA EDUARDO GUIMARAES NO TERMINAL DO UR 5 BARRO,RUA VALE DO ITAJAI,109,CRUZAMENTO COM A RUA EDUARDO GUIMARAES NO TERMINAL DO UR 5 BARRO,IBURA,,,COLISÃO,ONIBUS X FORD K,1,,,,,1,,,,0,,,,,,,,,,,,,,
2018-07-19,20:16:00,SEM VÍTIMA,FINALIZADA,IBURA,AV DOIS RIOS,550,,ENF AO POSTO TOTAL E IGREJA EVANGELICA INTERNACIONAL,AV DOIS RIOS,550,ENF AO POSTO TOTAL E IGREJA EVANGELICA INTERNACIONAL,IBURA,,,COLISÃO,ONIBUS X SANDERO,1,,,,,1,,,,0,,,,,,,,,,,,,,
2018-07-19,20:54:00,COM VÍTIMA,FINALIZADA,IPUTINGA,RUA MAURICIO DE NASSAU,,,PRÓX A FUNDAÇÃO ALTINO VENTURA / AO LADO DA ALTO FILME LOCADORA,RUA MAURICIO DE NASSAU,,PRÓX A FUNDAÇÃO ALTINO VENTURA / AO LADO DA ALTO FILME LOCADORA,IPUTINGA,,,COLISÃO,ENTRE AUTO E MOTO. C/V,1,1,,,,,,,,1,,,,,,,,,,,,,,
2018-07-19,21:04:00,COM VÍTIMA,FINALIZADA,SÃO JOSÉ,RUA IMPERIAL,2199,,E/F AO HOTEL LUA DE MEL,RUA IMPERIAL,2199,E/F AO HOTEL LUA DE MEL,SÃO JOSÉ,,,COLISÃO,ENTRE AUTO E MOTO. C/V,1,1,,,,,,,,1,,,,,,,,,,,,,,
2018-07-20,06:03:00,SEM VÍTIMA,FINALIZADA,IMBIRIBEIRA,AV MARECHAL MASCARENHAS DE MORAES,,,EM FRENTE AO AEROPORTO SENTIDO PRAZERES,AV MARECHAL MASCARENHAS DE MORAES,,EM FRENTE AO AEROPORTO SENTIDO PRAZERES,IMBIRIBEIRA,,,CHOQUE,CONDUTORA BATEU CONTRA MURETA SEM VITIMAS,1,,,,,,,,,0,,,,,,,,,,,,,,
2018-07-20,07:18:00,COM VÍTIMA,FINALIZADA,TORREÃO,RUA AUGUSTO RODRIGUES,,,E/F A LOJA TORREAO AUTO PEÇAS,RUA AUGUSTO RODRIGUES,,E/F A LOJA TORREAO AUTO PEÇAS,TORREÃO,,,TOMBAMENTO,MOTO DE PLACA - COM UMA VÍTIMA A PASSAGEIRA,,1,,,,,,,,1,,,,,,,,,,,,,,
2018-07-20,07:36:00,SEM VÍTIMA,FINALIZADA,PASSARINHO,RUA SANTA TEREZA,100,,RESIDENCIA PROX AO TERMINAL DE ONIBUS NOVA DESCOBERTA CABUGA,RUA SANTA TEREZA,100,RESIDENCIA PROX AO TERMINAL DE ONIBUS NOVA DESCOBERTA CABUGA,PASSARINHO,,,CHOQUE,CONDUTOR CHOCOU- SE CONTRA MURO SEM VITIMAS,,,,,,,1,,,0,,,,,,,,,,,,,,
2018-07-20,07:37:00,SEM VÍTIMA,CANCELADA,ESPINHEIRO,AV GOVERNADOR AGAMENON MAGALHAES,,,MC DONALDS  SENTIDO BOA VIAGEM,AV GOVERNADOR AGAMENON MAGALHAES,,MC DONALDS  SENTIDO BOA VIAGEM,ESPINHEIRO,,,COLISÃO,COLISÃO SEM VITIMAS,2,,,,,,,,,0,,,,,,,,,,,,,,
2018-07-20,07:51:00,SEM VÍTIMA,FINALIZADA,MACAXEIRA,AV NORTE,,,E/F AO POSTO DE GASOLINA SOLAR  SENTIDO CIDADE,AV NORTE,,E/F AO POSTO DE GASOLINA SOLAR  SENTIDO CIDADE,MACAXEIRA,,,COLISÃO,SEM VÍTIMAS,1,1,,,,,,,,0,,,,,,,,,,,,,,
2018-07-20,08:29:00,COM VÍTIMA,FINALIZADA,IMBIRIBEIRA,AV MARECHAL MASCARENHAS DE MORAES,,,SEM. 532,AV MARECHAL MASCARENHAS DE MORAES,,SEM. 532,IMBIRIBEIRA,,,CHOQUE,O ÔNIBUS CHOCOUSSE COM UM POSTE. COM VÍTIMA,,,,,,1,,,,1,,,,,,,,,,,,,,
2018-07-20,08:31:00,SEM VÍTIMA,FINALIZADA,TAMARINEIRA,EST DO ARRAIAL,2646,,NA FRENTE AO EMPORIO AVIAMENTO,EST DO ARRAIAL,2646,NA FRENTE AO EMPORIO AVIAMENTO,TAMARINEIRA,,,COLISÃO,COLISÃO SEM VITIMA,2,,,,,,,,,0,,,,,,,,,,,,,,
2018-07-20,08:52:00,SEM VÍTIMA,FINALIZADA,ESPINHEIRO,RUA VENEZUELA,,RUA VENEZUELA,COM A RUA DA HORA / ESQUINA DA RUA VENEZUELA,RUA VENEZUELA,,COM A RUA DA HORA / ESQUINA DA RUA VENEZUELA,ESPINHEIRO,,,COLISÃO,DOIS AUTOS,2,,,,,,,,,0,,,,,,,,,,,,,,
2018-07-20,10:23:00,SEM VÍTIMA,FINALIZADA,GRAÇAS,RUA DA AMIZADE,94,,E/F AO EDF. MEXICO,RUA DA AMIZADE,94,E/F AO EDF. MEXICO,GRAÇAS,,,COLISÃO,SEM VÍTIMAS,1,,,,,,1,,,0,,,,,,,,,,,,,,
2018-07-20,10:28:00,SEM VÍTIMA,FINALIZADA,SÃO JOSÉ,C SANTA RITA,,,SAIDA DO TI DE CAIS DE SANTE RITA / AO LADO DO ARMAZEM CORAL,C SANTA RITA,,SAIDA DO TI DE CAIS DE SANTE RITA / AO LADO DO ARMAZEM CORAL,SÃO JOSÉ,,,COLISÃO,DOIS AUTOS,2,,,,,,,,,0,,,,,,,,,,,,,,
2018-07-20,10:44:00,SEM VÍTIMA,FINALIZADA,JARDIM SÃO PAULO,AV CENTRAL,6710,,E/F A RESIDENCIA.,AV CENTRAL,6710,E/F A RESIDENCIA.,JARDIM SÃO PAULO,,,COLISÃO,SEM VÍTIMAS,1,,,,,1,,,,0,,,,,,,,,,,,,,
2018-07-20,10:45:00,COM VÍTIMA,FINALIZADA,TORREÃO,AV NORTE,,,EM FRENTE A PREÇA DA PICANHA / SENT SUB,AV NORTE,,EM FRENTE A PREÇA DA PICANHA / SENT SUB,TORREÃO,,,COLISÃO,MOTO E AUTO /,1,1,,,,,,,,1,,,,,,,,,,,,,,
2018-07-20,11:30:00,SEM VÍTIMA,FINALIZADA,CORDEIRO,AV CAXANGA,,,LOJA RENAULT  LOGO APOS A RUA INÁCIO MONTEIRO / SENT SUB - CID,AV CAXANGA,,LOJA RENAULT  LOGO APOS A RUA INÁCIO MONTEIRO / SENT SUB - CID,CORDEIRO,,,COLISÃO,COLISÃO SEM VITIMA,1,1,,,,,,,,0,,,,,,,,,,,,,,
2018-07-20,11:40:00,SEM VÍTIMA,FINALIZADA,JARDIM SÃO PAULO,AV LIBERDADE,3131,,NA ENTRADA PARA O 14º QUARTEL MILITAR SENTIDO CIDADE,AV LIBERDADE,3131,NA ENTRADA PARA O 14º QUARTEL MILITAR SENTIDO CIDADE,JARDIM SÃO PAULO,,,COLISÃO,COLISÃO SEM VITIMA,2,,,,,,,,,0,,,,,,,,,,,,,,
2018-07-20,12:42:00,SEM VÍTIMA,CANCELADA,BOA VIAGEM,RUA ARTUR MUNIZ,122,,NA LATERAL DA MC DONALD´S,RUA ARTUR MUNIZ,122,NA LATERAL DA MC DONALD´S,BOA VIAGEM,,,COLISÃO,COLISAO ENTRE CAMINHAO E AUTO S/V,1,,,,,,1,,,0,,,,,,,,,,,,,,
2018-07-20,12:53:00,SEM VÍTIMA,FINALIZADA,PAISSANDU,RUA PAISSANDU,,,NO SEMÁFORO 069,RUA PAISSANDU,,NO SEMÁFORO 069,PAISSANDU,,,COLISÃO,COLISÃO SEM VÍTIMA,1,,,,,,1,,,0,,,,,,,,,,,,,,
2018-07-20,13:16:00,SEM VÍTIMA,CANCELADA,BAIRRO DO RECIFE,AV ALFREDO LISBOA,,,E/F AO MARCO ZERO PROX AO NUCLEO DA PM,AV ALFREDO LISBOA,,E/F AO MARCO ZERO PROX AO NUCLEO DA PM,BAIRRO DO RECIFE,,,COLISÃO,COLISAO ENTRE DOIS AUTOS S/V,2,,,,,,,,,0,,,,,,,,,,,,,,
2018-07-20,13:17:00,SEM VÍTIMA,FINALIZADA,BOA VIAGEM,RUA ARTUR MUNIZ,,,EM FRENTE AO EXTRA  PROX. AO SPETTUS RESTAURANTE,RUA ARTUR MUNIZ,,EM FRENTE AO EXTRA  PROX. AO SPETTUS RESTAURANTE,BOA VIAGEM,,,COLISÃO,DOIS AUTOS S/V,2,,,,,,,,,0,,,,,,,,,,,,,,
2018-07-20,14:19:00,COM VÍTIMA,FINALIZADA,ENCRUZILHADA,RUA CONS PORTELA,564,,EM FRENTE AO EDIFICIO PORTICO,RUA CONS PORTELA,564,EM FRENTE AO EDIFICIO PORTICO,ENCRUZILHADA,,,COLISÃO,COLISÃO SEM VÍTIMA,1,1,,,,,,,,1,,,,,,,,,,,,,,
2018-07-20,15:02:00,SEM VÍTIMA,FINALIZADA,CASA AMARELA,AV PEDRO ALLAIN,80,,EM FRENTE A GALERIA CAIRUTAS,AV PEDRO ALLAIN,80,EM FRENTE A GALERIA CAIRUTAS,CASA AMARELA,,,COLISÃO,COLISÃO SEM VÍTIMA,1,,,,,,1,,,0,,,,,,,,,,,,,,
2018-07-20,15:19:00,SEM VÍTIMA,CANCELADA,ESTÂNCIA,AV RECIFE,5520,,EM FRENTE A LOJA IMPERIAL EQUIPAMENTO/ SENTIDO BR,AV RECIFE,5520,EM FRENTE A LOJA IMPERIAL EQUIPAMENTO/ SENTIDO BR,ESTÂNCIA,,,COLISÃO,COLISÃO SEM VÍTIMA,1,,,,,,1,,,0,,,,,,,,,,,,,,
2018-07-20,15:44:00,COM VÍTIMA,FINALIZADA,CASA AMARELA,RUA PADRE LEMOS,,,EM FRENTE AO MERCADO DE CASA AMARELA,RUA PADRE LEMOS,,EM FRENTE AO MERCADO DE CASA AMARELA,CASA AMARELA,,,COLISÃO,AUTO E MOTO C/V,1,1,,,,,,,,1,,,,,,,,,,,,,,
2018-07-20,17:11:00,SEM VÍTIMA,FINALIZADA,CASA AMARELA,AV NORTE,,,LADO OPOSTO DO SUPERMERCADO DO OLEO/ SENTIDO CIDADE,AV NORTE,,LADO OPOSTO DO SUPERMERCADO DO OLEO/ SENTIDO CIDADE,CASA AMARELA,,,COLISÃO,COLISÃO SEM VÍTIMA,3,,,,,,,,,0,,,,,,,,,,,,,,
2018-07-20,17:19:00,SEM VÍTIMA,FINALIZADA,BOA VIAGEM,AV ENGENHEIRO DOMINGOS FERREIRA,4267,,PROX. A DELEGACIA  SENTIDO PIEDADE,AV ENGENHEIRO DOMINGOS FERREIRA,4267,PROX. A DELEGACIA  SENTIDO PIEDADE,BOA VIAGEM,,,COLISÃO,COLISAO ENTRE AUTO E ONIBUS ,1,,,,,1,,,,0,,,,,,,,,,,,,,
2018-07-20,19:39:00,COM VÍTIMA,CANCELADA,IBURA,AV DOIS RIOS,S/N,,PRÓX DA IGREJA ELSHADAI,AV DOIS RIOS,S/N,PRÓX DA IGREJA ELSHADAI,IBURA,,,COLISÃO,ENTRE AUTO E MOTO. C/V,1,1,,,,,,,,1,,,,,,,,,,,,,,