data,hora,natureza_acidente,situacao,bairro,endereco,numero,detalhe_endereco_acidente,complemento,endereco_cruzamento,numero_cruzamento,referencia_cruzamento,bairro_cruzamento,num_semaforo,sentido_via,tipo,descricao,auto,moto,ciclom,ciclista,pedestre,onibus,caminhao,viatura,outros,vitimas,vitimasfatais,acidente_verificado,tempo_clima,situacao_semaforo,sinalizacao,condicao_via,conservacao_via,ponto_controle,situacao_placa,velocidade_max_via,mao_direcao,divisao_via1,divisao_via2,divisao_via3
2018-07-20,20:47:00,SEM VÍTIMA,FINALIZADA,DERBY,AV GOVERNADOR AGAMENON MAGALHAES,63,,E/F AO ODONTOCAPE E PRC DO DERBY  SNT OLINDA,AV GOVERNADOR AGAMENON MAGALHAES,63,E/F AO ODONTOCAPE E PRC DO DERBY  SNT OLINDA,DERBY,,,COLISÃO,ENTRE AUTO E ONIBUS. S/V,1,,,,,1,,,,0,,,,,,,,,,,,,,
2018-07-20,20:57:00,SEM VÍTIMA,FINALIZADA,TAMARINEIRA,AV CONS ROSA E SILVA,2103,,E/F AO HOSPITAL ULYSSES GUIMARÃES,AV CONS ROSA E SILVA,2103,E/F AO HOSPITAL ULYSSES GUIMARÃES,TAMARINEIRA,,,ENGAVETAMENTO,ENTRE 3 AUTOS ( VT 06 NO LOCAL FAZENDO A OCORRÊNCIA ) S/V,3,,,,,,,,,0,,,,,,,,,,,,,,
2018-07-20,22:11:00,COM VÍTIMA,CANCELADA,CAXANGÁ,AV CAXANGA,5584,,PROX A UPA DA CAXANGA SENTIDO CAMARAGIBE,AV CAXANGA,5584,PROX A UPA DA CAXANGA SENTIDO CAMARAGIBE,CAXANGÁ,,,COLISÃO,MOTO X FAIT UNO,1,1,,,,,,,,1,,,,,,,,,,,,,,
2018-07-20,22:52:00,COM VÍTIMA,FINALIZADA,IMBIRIBEIRA,AV GENERAL MAC ARTHUR,,,E/F A ESTAÇÃO ANTÕNIO FALCÃO  POR BAIXO DO PONTILHÃO,AV GENERAL MAC ARTHUR,,E/F A ESTAÇÃO ANTÕNIO FALCÃO  POR BAIXO DO PONTILHÃO,IMBIRIBEIRA,,,COLISÃO,ENTRE AUTO E MOTO. C/V,1,1,,,,,,,,1,,,,,,,,,,,,,,
2018-07-21,00:01:00,SEM VÍTIMA,FINALIZADA,ENCRUZILHADA,AV JOAO DE BARROS,,,EM FRENTE A PRAÇA DA ENCRUZILHADA,AV JOAO DE BARROS,,EM FRENTE A PRAÇA DA ENCRUZILHADA,ENCRUZILHADA,,,COLISÃO,COLISÃO ENTRE AUTO E ÔNIBUS S/V,1,,,,,1,,,,0,,,,,,,,,,,,,,
2018-07-21,01:14:00,SEM VÍTIMA,CANCELADA,BOA VIAGEM,RUA WALDEMAR NERY CARNEIRO MONTEIRO,,RUA DEZ DE JULHO,CRUZAMENTO COM A RUA DEZ DE JULHO,RUA WALDEMAR NERY CARNEIRO MONTEIRO,,CRUZAMENTO COM A RUA DEZ DE JULHO,BOA VIAGEM,,,COLISÃO,COLISÃO ENTRE DOIS AUTOS S/V,2,,,,,,,,,0,,,,,,,,,,,,,,
2018-07-21,06:47:00,SEM VÍTIMA,FINALIZADA,ENCRUZILHADA,LGO ENCRUZILHADA,,,E/F AO BRADESCO,LGO ENCRUZILHADA,,E/F AO BRADESCO,ENCRUZILHADA,,,COLISÃO,SEM VÍTIMAS. VT 04 NO LOCAL,2,,,,,,,,,0,,,,,,,,,,,,,,
2018-07-21,07:19:00,SEM VÍTIMA,FINALIZADA,SAN MARTIN,AV GENERAL SAN MARTIN,S/N,,NA FRENTE A CAVALARIA DA PM,AV GENERAL SAN MARTIN,S/N,NA FRENTE A CAVALARIA DA PM,SAN MARTIN,,,COLISÃO,COLISÃO SEM VITIMAS,2,,,,,,,,,0,,,,,,,,,,,,,,
2018-07-21,07:36:00,SEM VÍTIMA,FINALIZADA,TEJIPIÓ,AV DR JOSE RUFINO,3775,,E/F A ESTAÇÃO DO METRÔ,AV DR JOSE RUFINO,3775,E/F A ESTAÇÃO DO METRÔ,TEJIPIÓ,,,COLISÃO,SEM VÍTIMAS,1,,,,,,1,,,0,,,,,,,,,,,,,,
2018-07-21,07:45:00,SEM VÍTIMA,FINALIZADA,TORRE,RUA CONDE DE IRAJA,,AV BEIRA RIO,COM A AVENIDA BEIRA RIO,RUA CONDE DE IRAJA,,COM A AVENIDA BEIRA RIO,TORRE,,,COLISÃO,01 CAMINHÃO E DOIS AUTOS PASSEIO,3,,,,,,,,,0,,,,,,,,,,,,,,
2018-07-21,08:05:00,COM VÍTIMA,FINALIZADA,TAMARINEIRA,EST VELHA DE AGUA FRIA,637,,EM FRENTE AO BAR DO CHICO  SENTIDO AGUA FRIA,EST VELHA DE AGUA FRIA,637,EM FRENTE AO BAR DO CHICO  SENTIDO AGUA FRIA,TAMARINEIRA,,,COLISÃO,AUTO  MOTO E ONIBUS ,1,1,,,,1,,,,1,,,,,,,,,,,,,,
2018-07-21,09:26:00,SEM VÍTIMA,CANCELADA,VÁRZEA,RUA VALE DO SIRIJI,155,,NA SUBIDA DA LADEIRA  JUNTO A CASA 155,RUA VALE DO SIRIJI,155,NA SUBIDA DA LADEIRA  JUNTO A CASA 155,VÁRZEA,,,COLISÃO,COLISÃO SEM VITIMAS,,,,,,,,,,0,,,,,,,,,,,,,,
2018-07-21,10:33:00,SEM VÍTIMA,FINALIZADA,CASA AMARELA,AV NORTE,,,ENFRENTE AO REI D A PICANHA,AV NORTE,,ENFRENTE AO REI D A PICANHA,CASA AMARELA,,,COLISÃO,COLISÃO SEM VITIMAS,3,,,,,,,,,0,,,,,,,,,,,,,,
2018-07-21,10:49:00,SEM VÍTIMA,CANCELADA,IBURA,AV JORNALISTA COSTA PORTO,361,,E/F A PADARIA COSTA PORTO,AV JORNALISTA COSTA PORTO,361,E/F A PADARIA COSTA PORTO,IBURA,,,COLISÃO,SEM VÍTIMAS,1,,,,,1,,,,0,,,,,,,,,,,,,,
2018-07-21,10:54:00,COM VÍTIMA,FINALIZADA,JAQUEIRA,AV CONS ROSA E SILVA,2177,,EM FRENTE AO CORE,AV CONS ROSA E SILVA,2177,EM FRENTE AO CORE,JAQUEIRA,,,ATROPELAMENTO,,1,,,,,,,,,1,,,,,,,,,,,,,,
2018-07-21,10:58:00,SEM VÍTIMA,FINALIZADA,TORRE,RUA REAL DA TORRE,,,EM BAIXO DO VIADUTO DO CARREFOUR,RUA REAL DA TORRE,,EM BAIXO DO VIADUTO DO CARREFOUR,TORRE,,,COLISÃO,DOIS AUTOS S/V,2,,,,,,,,,0,,,,,,,,,,,,,,
2018-07-21,10:59:00,SEM VÍTIMA,FINALIZADA,BOA VIAGEM,AV ENGENHEIRO DOMINGOS FERREIRA,,,E/F AO WALMART. SEMÁFORO 303,AV ENGENHEIRO DOMINGOS FERREIRA,,E/F AO WALMART. SEMÁFORO 303,BOA VIAGEM,,,COLISÃO,SEM VÍTIMAS,3,,,,,,,,,0,,,,,,,,,,,,,,
2018-07-21,13:37:00,SEM VÍTIMA,FINALIZADA,TEJIPIÓ,RUA FALCAO DE LACERDA,,,EM FRENTE A DJALMA MOTOS  NA ENTRADA DE COQUEIRAL  SENTIDO JABOATAO,RUA FALCAO DE LACERDA,,EM FRENTE A DJALMA MOTOS  NA ENTRADA DE COQUEIRAL  SENTIDO JABOATAO,TEJIPIÓ,,,ENGAVETAMENTO,TRES AUTOS,3,,,,,,,,,0,,,,,,,,,,,,,,
2018-07-21,13:54:00,SEM VÍTIMA,FINALIZADA,IPUTINGA,RUA PROFESSOR CHAVES BATISTA,112,,NA RUA DA CHURRASCARIA BOI E BRASA,RUA PROFESSOR CHAVES BATISTA,112,NA RUA DA CHURRASCARIA BOI E BRASA,IPUTINGA,,,COLISÃO,COLISAO ENTRE CAMINHAO E AUTO S/V,1,,,,,,,,,0,,,,,,,,,,,,,,
2018-07-21,15:04:00,COM VÍTIMA,FINALIZADA,BOA VISTA,RUA AURORA,,,EM FRENTE AO CINEMA SAO LUIS,RUA AURORA,,EM FRENTE AO CINEMA SAO LUIS,BOA VISTA,,,COLISÃO,DUAS MOTOS,,2,,,,,,,,2,,,,,,,,,,,,,,
2018-07-21,17:20:00,VÍTIMA FATAL,FINALIZADA,GRAÇAS,AV GOVERNADOR AGAMENON MAGALHAES,,AV RUI BARBOSA,CRUZAMENTO COM A AV. RUI BARBOSA  SENTIDO OLINDA - BOA VIAGEM,AV GOVERNADOR AGAMENON MAGALHAES,,CRUZAMENTO COM A AV. RUI BARBOSA  SENTIDO OLINDA - BOA VIAGEM,GRAÇAS,,,COLISÃO,COLISÃO COM VÍTIMA,1,2,,,,,,,,1,1,,,,,,,,,,,,,
2018-07-21,19:13:00,SEM VÍTIMA,FINALIZADA,CORDEIRO,AV CAXANGA,279,,E/F AO BANCO SANTANDER / SNT CAMARAGIBE-RECIFE,AV CAXANGA,279,E/F AO BANCO SANTANDER / SNT CAMARAGIBE-RECIFE,CORDEIRO,,,ENGAVETAMENTO,ENTRE 3 AUTOS. S/V,3,,,,,,,,,0,,,,,,,,,,,,,,
2018-07-21,19:45:00,SEM VÍTIMA,FINALIZADA,VÁRZEA,RUA GASTAO VIDIGAL,,,NA UPA DA CAXANGA E SENTIDO OFICINA CERAMICA FRANCISCO BRENNAND,RUA GASTAO VIDIGAL,,NA UPA DA CAXANGA E SENTIDO OFICINA CERAMICA FRANCISCO BRENNAND,VÁRZEA,,,COLISÃO,LAND ROVER X GOL X MOTO,2,1,,,,,,,,0,,,,,,,,,,,,,,
2018-07-21,20:02:00,COM VÍTIMA,FINALIZADA,PRADO,RUA GOMES TABORDA,,RUA ADEMAR TAVARES,CRUZAMENTO COM RUA ADEMAR TAVARES,RUA GOMES TABORDA,,CRUZAMENTO COM RUA ADEMAR TAVARES,PRADO,,,COLISÃO,AUTO X MOTO,1,1,,,,,,,,1,,,,,,,,,,,,,,
2018-07-21,21:23:00,SEM VÍTIMA,CANCELADA,MADALENA,AV BEIRA RIO,591,,E/F AO EDF SOBRADO DO CAPIBARIBE / SNT TORRE,AV BEIRA RIO,591,E/F AO EDF SOBRADO DO CAPIBARIBE / SNT TORRE,MADALENA,,,COLISÃO,ENTRE AUTO E MOTO. S/V,1,1,,,,,,,,0,,,,,,,,,,,,,,
2018-07-21,22:03:00,SEM VÍTIMA,FINALIZADA,BOA VIAGEM,RUA VISCONDE DE JEQUITINHONHA,,,SEMÁFORO 158 / PRÓX AO EDF ISLAMORADA / SNT PIEDADE,RUA VISCONDE DE JEQUITINHONHA,,SEMÁFORO 158 / PRÓX AO EDF ISLAMORADA / SNT PIEDADE,BOA VIAGEM,,,COLISÃO,ENTRE 2 AUTOS. S/V,2,,,,,,,,,0,,,,,,,,,,,,,,
2018-07-22,06:23:00,,FINALIZADA,VÁRZEA,RUA GASTAO VIDIGAL,,,EM FRENTE AO HOTEL COSTA AZUL,,,,,,,COLISÃO,COLISÃO COM VITIMA A ESPERA DO SAMU OBS SOLICITA ETILOMETRO NO LOCAL UMA DAS CONDUTORES ENCONTRA SE COM SINTOMAS DE EMBRIAGUEZ,1,1,,,,,,,,2,,,,,,,,,,,,,,
2018-07-22,10:06:00,SEM VÍTIMA,FINALIZADA,AFLITOS,AV CONS ROSA E SILVA,999,,UM POUCO ANTES DO NÁUTICO,AV CONS ROSA E SILVA,999,UM POUCO ANTES DO NÁUTICO,AFLITOS,,,COLISÃO,COLISÃO ENTRE 2 AUTOS  SEM VÍTIMAS.,2,,,,,,,,,0,,,,,,,,,,,,,,
2018-07-22,10:41:00,SEM VÍTIMA,FINALIZADA,CAXANGÁ,AV CAXANGA,,,SENTIDO SUBURBIO ´PROX A CONCESSIONARIA FIORI,AV CAXANGA,,SENTIDO SUBURBIO ´PROX A CONCESSIONARIA FIORI,CAXANGÁ,,,COLISÃO,COLISÃO SEM VITIMAS ,2,,,,,,,,,0,,,,,,,,,,,,,,
2018-07-22,11:13:00,SEM VÍTIMA,FINALIZADA,BOA VIAGEM,AV CONSELHEIRO AGUIAR,3743,,EM FRENTE AO EDIFICIO MATER,AV CONSELHEIRO AGUIAR,3743,EM FRENTE AO EDIFICIO MATER,BOA VIAGEM,,,COLISÃO,COLISÃO SEM VITIMAS,2,,,,,,,,,0,,,,,,,,,,,,,,
2018-07-22,13:19:00,SEM VÍTIMA,FINALIZADA,SANTO AMARO,RUA BERNARDO GUIMARAES,116,RUA GAL JOSE SEMEAO,COM A RUA GEN. JOSE SEMEAO  EM FRENTE A AGOSTINHO MONTEIRO E CASTRO ADVOGADOS ASSOCIADOS,RUA BERNARDO GUIMARAES,116,COM A RUA GEN. JOSE SEMEAO  EM FRENTE A AGOSTINHO MONTEIRO E CASTRO ADVOGADOS ASSOCIADOS,SANTO AMARO,,,COLISÃO,DOIS AUTOS,2,,,,,,,,,0,,,,,,,,,,,,,,
2018-07-22,13:59:00,SEM VÍTIMA,FINALIZADA,BOA VISTA,AV CONDE DA BOA VISTA,1477,,PROX. A GRAFICA NACIONAL,AV CONDE DA BOA VISTA,1477,PROX. A GRAFICA NACIONAL,BOA VISTA,,,COLISÃO,DOIS AUTOS,2,,,,,,,,,0,,,,,,,,,,,,,,
2018-07-22,15:07:00,SEM VÍTIMA,FINALIZADA,PAISSANDU,AV GOVERNADOR AGAMENON MAGALHAES,,,EM FRENTE AO HOSPITAL PORTUGUES  SENTIDO BOA VIAGEM,AV GOVERNADOR AGAMENON MAGALHAES,,EM FRENTE AO HOSPITAL PORTUGUES  SENTIDO BOA VIAGEM,PAISSANDU,,,COLISÃO,DOIS AUTOS,2,,,,,,,,,0,,,,,,,,,,,,,,
2018-07-22,15:34:00,SEM VÍTIMA,FINALIZADA,ROSARINHO,RUA GENERAL ABREU E LIMA,248,,RUA POR TRAS DO COLEGIO REGUEIRA COSTA,RUA GENERAL ABREU E LIMA,248,RUA POR TRAS DO COLEGIO REGUEIRA COSTA,ROSARINHO,,,COLISÃO,DOIS AUTOS,2,,,,,,,,,0,,,,,,,,,,,,,,
2018-07-22,15:51:00,SEM VÍTIMA,FINALIZADA,GRAÇAS,RUA AMELIA,,CONS ROSA E SILVA,ESQUINA COM RUA ROSA E SILVA  SEMAFORO 046,RUA AMELIA,,ESQUINA COM RUA ROSA E SILVA  SEMAFORO 046,GRAÇAS,,,COLISÃO,AUTO E ONIBUS ,1,,,,,1,,,,0,,,,,,,,,,,,,,
2018-07-22,16:32:00,SEM VÍTIMA,FINALIZADA,ILHA DO LEITE,AV GOVERNADOR AGAMENON MAGALHAES,,RUA PAISSANDU,COM RUA PAISSANDU  SEMÁFORO 069  SENTIDO OLINDA.,AV GOVERNADOR AGAMENON MAGALHAES,,COM RUA PAISSANDU  SEMÁFORO 069  SENTIDO OLINDA.,ILHA DO LEITE,,,COLISÃO,DOIS AUTOS VT- 32 NO LOCAL,2,,,,,,,,,0,,,,,,,,,,,,,,
2018-07-22,16:40:00,SEM VÍTIMA,FINALIZADA,SANTO AMARO,AV GOVERNADOR AGAMENON MAGALHAES,,RUA ODORICO MENDES,COM ODORICO MENDES  SENTIDO RECIFE . SEMAFORO 049,AV GOVERNADOR AGAMENON MAGALHAES,,COM ODORICO MENDES  SENTIDO RECIFE . SEMAFORO 049,SANTO AMARO,,,COLISÃO,DOIS AUTOS,2,,,,,,,,,0,,,,,,,,,,,,,,
2018-07-22,16:40:00,SEM VÍTIMA,FINALIZADA,IBURA,AV SAO PAULO,183,,EM FRENTE A PANIFICADORA MARIANA,AV SAO PAULO,183,EM FRENTE A PANIFICADORA MARIANA,IBURA,,,COLISÃO,COLISÃO SEM VÍTIMA,1,,,,,1,,,,0,,,,,,,,,,,,,,
2018-07-22,17:48:00,COM VÍTIMA,CANCELADA,PINA,AV ANTONIO DE GOES,,,POR DENTRO DO TÚNEL DA ANTONIO DE GOES / PRÓX AO SHOPPING RIO MAR,AV ANTONIO DE GOES,,POR DENTRO DO TÚNEL DA ANTONIO DE GOES / PRÓX AO SHOPPING RIO MAR,PINA,,,COLISÃO,ENTRE AUTO E MOTO. C/V,1,1,,,,,,,,1,,,,,,,,,,,,,,
2018-07-22,18:35:00,COM VÍTIMA,FINALIZADA,PINA,AV ANTONIO DE GOES,,,C/ RUA MANOEL DE BRITO. SAÍDA DO TUNEL,AV ANTONIO DE GOES,,C/ RUA MANOEL DE BRITO. SAÍDA DO TUNEL,PINA,,,COLISÃO,COM VÍTIMA,1,1,,,,,,,,1,,,,,,,,,,,,,,
2018-07-22,18:39:00,COM VÍTIMA,CANCELADA,BOA VIAGEM,RUA RIBEIRO DE BRITO,,,CRUZANDO A NAVEGANTES / PROXIMIDADES DO EDF HOLIDAY,RUA RIBEIRO DE BRITO,,CRUZANDO A NAVEGANTES / PROXIMIDADES DO EDF HOLIDAY,BOA VIAGEM,,,COLISÃO,ENTRE AUTO E MOTO. C/V,1,1,,,,,,,,2,,,,,,,,,,,,,,
2018-07-22,21:15:00,COM VÍTIMA,FINALIZADA,CAXANGÁ,AV CAXANGA,,,APÓS O VIADUTO DA CAXANGÁ / SEMÁFORO 269,AV CAXANGA,,APÓS O VIADUTO DA CAXANGÁ / SEMÁFORO 269,CAXANGÁ,,,COLISÃO,ENTRE AUTO E ÔNIBUS. C/V,1,,,,,1,,,,2,,,,,,,,,,,,,,
2018-07-23,07:06:00,SEM VÍTIMA,FINALIZADA,SANTO AMARO,AV VISCONDE DE SUASSUNA,,RUA AFONSO PENA,CRUZ COM A RUA AFONSO PENA DE ESQUINA COM O SENAC,AV VISCONDE DE SUASSUNA,,CRUZ COM A RUA AFONSO PENA DE ESQUINA COM O SENAC,SANTO AMARO,,,COLISÃO,COLISÃO SEM VITIMAS OBS UM DOS CONDUTORES ENCONTRA SE COM SINTOMAS DE EMBRIAGUEZ,2,,,,,,,,,0,,,,,,,,,,,,,,
2018-07-23,07:05:00,SEM VÍTIMA,FINALIZADA,AFOGADOS,LARGO DA PAZ,,,PROX A ESTAÇÃO LARGO DA PAZ  SENTIDO CIDADE,LARGO DA PAZ,,PROX A ESTAÇÃO LARGO DA PAZ  SENTIDO CIDADE,AFOGADOS,,,COLISÃO,COLISÃO SEM VITIMAS,1,,,,,,1,,,0,,,,,,,,,,,,,,
2018-07-23,08:01:00,SEM VÍTIMA,FINALIZADA,SANTO AMARO,AV GOVERNADOR AGAMENON MAGALHAES,,,EM FRENTE AO POSTO DE GASOLINA DISLUB SENT. OLINDA,AV GOVERNADOR AGAMENON MAGALHAES,,EM FRENTE AO POSTO DE GASOLINA DISLUB SENT. OLINDA,SANTO AMARO,,,COLISÃO,ONIBUS E AUTO,1,,,,,1,,,,0,,,,,,,,,,,,,,
2018-07-23,08:05:00,SEM VÍTIMA,FINALIZADA,BOA VIAGEM,AV BOA VIAGEM,1590,,NO SEGUNDO JARDIM,AV BOA VIAGEM,1590,NO SEGUNDO JARDIM,BOA VIAGEM,,,COLISÃO,AUTO E CAMINHAO,1,,,,,,1,,,0,,,,,,,,,,,,,,
2018-07-23,,SEM VÍTIMA,FINALIZADA,ILHA DO RETIRO,AV ENGENHEIRO ABDIAS DE CARVALHO,336,,EM FRENTE AO POSTO IPIRANGA,AV ENGENHEIRO ABDIAS DE CARVALHO,336,EM FRENTE AO POSTO IPIRANGA,ILHA DO RETIRO,,,COLISÃO,DOIS AUTOS,2,,,,,,,,,0,,,,,,,,,,,,,,
2018-07-23,09:04:00,SEM VÍTIMA,FINALIZADA,IMBIRIBEIRA,AV MARECHAL MASCARENHAS DE MORAES,,,SENTIDO CENTRO EM BAIXO DA PASSARELA DO AEROPORTO,AV MARECHAL MASCARENHAS DE MORAES,,SENTIDO CENTRO EM BAIXO DA PASSARELA DO AEROPORTO,IMBIRIBEIRA,,,COLISÃO,COLISÃO SEM VITIMAS BT LUTEMBERG ELEOENAI QTH,1,,,,,,1,,,0,,,,,,,,,,,,,,
2018-07-23,10:11:00,SEM VÍTIMA,FINALIZADA,BOA VIAGEM,RUA BARAO DE SOUZA LEAO,,,ENFRENTE AO BANCO DO BRASIL  SENTIDO AEROPORTO,RUA BARAO DE SOUZA LEAO,,ENFRENTE AO BANCO DO BRASIL  SENTIDO AEROPORTO,BOA VIAGEM,,,COLISÃO,COLISÃO SEM VITIMAS,,,,,,,,,,0,,,,,,,,,,,,,,
2018-07-23,10:11:00,,CANCELADA,BOA VIAGEM,RUA SETUBAL,425,,EM FRENTE A CLINICA ICONE E AO BANCO DO BRASIL,RUA SETUBAL,425,EM FRENTE A CLINICA ICONE E AO BANCO DO BRASIL,BOA VIAGEM,,,COLISÃO,COLISÃO SEM VITIMAS,2,,,,,,,,,0,,,,,,,,,,,,,,
2018-07-23,10:32:00,,CANCELADA,BOA VIAGEM,RUA BARAO DE SOUZA LEAO,425,,EM FRENTRE AO ICONE,RUA BARAO DE SOUZA LEAO,425,EM FRENTRE AO ICONE,BOA VIAGEM,,,COLISÃO,DOIS AUTOS,2,,,,,,,,,0,,,,,,,,,,,,,,
2018-07-23,11:00:00,SEM VÍTIMA,FINALIZADA,SANTO ANTÔNIO,RUA FLORIANO PEIXOTO,,,PROX A ESTAÇÃO RECIFE EM FRENTE A CASA DA CULTURA,RUA FLORIANO PEIXOTO,,PROX A ESTAÇÃO RECIFE EM FRENTE A CASA DA CULTURA,SANTO ANTÔNIO,,,COLISÃO,COLISÃO SEM VITIMAS,2,,,,,,,,,0,,,,,,,,,,,,,,
2018-07-23,11:04:00,COM VÍTIMA,FINALIZADA,BOA VISTA,AV CONDE DA BOA VISTA,,,SEMAFÓRO 486,AV CONDE DA BOA VISTA,,SEMAFÓRO 486,BOA VISTA,,,ATROPELAMENTO,,1,,,,1,,,,,1,,,,,,,,,,,,,,
2018-07-23,11:24:00,SEM VÍTIMA,FINALIZADA,CASA FORTE,RUA LAURINDO COELHO,,,AO LADO DA CONCESSIONARIA HYUNDAI CAOA,RUA LAURINDO COELHO,,AO LADO DA CONCESSIONARIA HYUNDAI CAOA,CASA FORTE,,,COLISÃO,COLISÃO SEM VITIMAS,2,,,,,,,,,0,,,,,,,,,,,,,,
2018-07-23,11:36:00,SEM VÍTIMA,FINALIZADA,PINA,AV ANTONIO DE GOES,,,EM FRENTE AO DNIT,AV ANTONIO DE GOES,,EM FRENTE AO DNIT,PINA,,,COLISÃO,COLISÃO SEM VITIMAS GM QTH,3,,,,,,,,,0,,,,,,,,,,,,,,
2018-07-23,12:09:00,SEM VÍTIMA,CANCELADA,SÃO JOSÉ,PRC DAS CINCO PONTAS,,,E/F AO TRIBUNAL REGIONAL ELEITORAL,PRC DAS CINCO PONTAS,,E/F AO TRIBUNAL REGIONAL ELEITORAL,SÃO JOSÉ,,,COLISÃO,COLISAO ENTRE AUTO E MOTO S/V,1,1,,,,,,,,0,,,,,,,,,,,,,,
2018-07-23,12:50:00,SEM VÍTIMA,CANCELADA,IPUTINGA,RUA EMILIANO BRAGA,185,,EM FRENTE AO PARAIBANOS BAR,RUA EMILIANO BRAGA,185,EM FRENTE AO PARAIBANOS BAR,IPUTINGA,,,COLISÃO,DOIS AUTOS,2,,,,,,,,,0,,,,,,,,,,,,,,
2018-07-23,12:57:00,SEM VÍTIMA,FINALIZADA,DERBY,AV GOVERNADOR AGAMENON MAGALHAES,,,EM FRENTE A SPETTOS SENT BOA VIAGEM,AV GOVERNADOR AGAMENON MAGALHAES,,EM FRENTE A SPETTOS SENT BOA VIAGEM,DERBY,,,COLISÃO,DOIS ONIBUS,,,,,,2,,,,0,,,,,,,,,,,,,,
2018-07-23,14:00:00,SEM VÍTIMA,FINALIZADA,MADALENA,RUA BENFICA,,,MUSEU DA ABOLIÇÃO,RUA BENFICA,,MUSEU DA ABOLIÇÃO,MADALENA,,,COLISÃO,ONIBUS/AUTO,1,,,,,1,,,,0,,,,,,,,,,,,,,
2018-07-23,14:53:00,SEM VÍTIMA,FINALIZADA,GUABIRABA,RUA CASSITERITA,,,NO TERMINAL DO ONIBUS DO CORREGO DO JENIPAPO,RUA CASSITERITA,,NO TERMINAL DO ONIBUS DO CORREGO DO JENIPAPO,GUABIRABA,,,COLISÃO,COLISAO ENTRE DUAS MOTOS S/V,,2,,,,,,,,0,,,,,,,,,,,,,,
2018-07-23,14:57:00,SEM VÍTIMA,FINALIZADA,BOA VISTA,AV CONDE DA BOA VISTA,,,EM FRENTE A FACULDADE SAO MIGUEL / SENT SUB,AV CONDE DA BOA VISTA,,EM FRENTE A FACULDADE SAO MIGUEL / SENT SUB,BOA VISTA,,,COLISÃO,ONIBUS BRT / AUTO PASSEIO,1,,,,,1,,,,0,,,,,,,,,,,,,,
2018-07-23,15:14:00,SEM VÍTIMA,FINALIZADA,BONGI,AV ENGENHEIRO ABDIAS DE CARVALHO,,,E/F A FUNASE AO LADO DO COMPAZ S/T CURADO,AV ENGENHEIRO ABDIAS DE CARVALHO,,E/F A FUNASE AO LADO DO COMPAZ S/T CURADO,BONGI,,,COLISÃO,COLISAO ENTRE AUTO E MOTO S/V,1,1,,,,,,,,0,,,,,,,,,,,,,,
2018-07-23,15:18:00,SEM VÍTIMA,FINALIZADA,BOA VIAGEM,RUA ANTONIO FALCAO,,,EM FRENTE AO CARREFUR SEMAFORO 145,RUA ANTONIO FALCAO,,EM FRENTE AO CARREFUR SEMAFORO 145,BOA VIAGEM,,,COLISÃO,ONIBUS E AUTO S/V,1,,,,,1,,,,0,,,,,,,,,,,,,,
2018-07-23,15:41:00,SEM VÍTIMA,FINALIZADA,IBURA,AV DOIS RIOS,,,PROXIMA A POLICLINICA/ENTRADA DO IBURA,AV DOIS RIOS,,PROXIMA A POLICLINICA/ENTRADA DO IBURA,IBURA,,,COLISÃO,ONIBUS EMPRESA /AUTO/S/V,1,,,,,1,,,,0,,,,,,,,,,,,,,
2018-07-23,16:00:00,SEM VÍTIMA,FINALIZADA,GUABIRABA,AV EMBAIXADOR ASSIS CHATEAUBRIAND,,,AO LADO DO PONTILHAO,AV EMBAIXADOR ASSIS CHATEAUBRIAND,,AO LADO DO PONTILHAO,GUABIRABA,,,COLISÃO,MOTO E AUTO / VT 32 NO QTH,1,1,,,,,,,,0,,,,,,,,,,,,,,
2018-07-23,16:14:00,SEM VÍTIMA,FINALIZADA,TEJIPIÓ,AV DR JOSE RUFINO,,,E/F A PRAÇA DO PACHECO,AV DR JOSE RUFINO,,E/F A PRAÇA DO PACHECO,TEJIPIÓ,,,COLISÃO,COLISAO ENTRE AUTO E MOTO S/V,1,1,,,,,,,,0,,,,,,,,,,,,,,
2018-07-23,17:58:00,SEM VÍTIMA,FINALIZADA,IPSEP,AV RECIFE,,,PROX DO AEROPORTO S/T BOA VIAGEM SEMAFORO 319,AV RECIFE,,PROX DO AEROPORTO S/T BOA VIAGEM SEMAFORO 319,IPSEP,,,COLISÃO,DOIS AUTOS S/V,2,,,,,,,,,0,,,,,,,,,,,,,,
2018-07-23,18:06:00,SEM VÍTIMA,FINALIZADA,BOA VISTA,AV CONDE DA BOA VISTA,,RUA DOM BOSCO,CRUZAMENTO COM A DOM BOSCO/AV CONDE DA BOA VISTA,AV CONDE DA BOA VISTA,,CRUZAMENTO COM A DOM BOSCO/AV CONDE DA BOA VISTA,BOA VISTA,,,COLISÃO,ONIBUS E AUTO S/V,1,,,,,1,,,,0,,,,,,,,,,,,,,
2018-07-23,18:19:00,SEM VÍTIMA,CANCELADA,SÃO JOSÉ,C SANTA RITA,,,APOIS AS TORRES GEMEAS,C SANTA RITA,,APOIS AS TORRES GEMEAS,SÃO JOSÉ,,,COLISÃO,VT DA PM X MOTO,1,1,,,,,,,,0,,,,,,,,,,,,,,
2018-07-23,18:20:00,SEM VÍTIMA,FINALIZADA,MADALENA,AV JOSE GONCALVES DE MEDEIROS,121,,,AV JOSE GONCALVES DE MEDEIROS,121,,MADALENA,,,COLISÃO,COLISÃO COM VITIMA,1,1,,,,,,,,0,,,,,,,,,,,,,,
2018-07-23,18:31:00,SEM VÍTIMA,CANCELADA,SANTO AMARO,AV MARIO MELO,,,APOIS ASSEMBLEIA DE DEUS SENTIDO CIDADE SUBURBIO,AV MARIO MELO,,APOIS ASSEMBLEIA DE DEUS SENTIDO CIDADE SUBURBIO,SANTO AMARO,,,COLISÃO,JEEP X SANDERO STEP,2,,,,,,,,,0,,,,,,,,,,,,,,
2018-07-23,18:52:00,COM VÍTIMA,FINALIZADA,PORTO DA MADEIRA,RUA DALVA DE OLIVEIRA,247,,PROX A IGREJA BATISTA DO VALE E CLINICA VETERINARIA MIAU & AUAU,RUA DALVA DE OLIVEIRA,247,PROX A IGREJA BATISTA DO VALE E CLINICA VETERINARIA MIAU & AUAU,PORTO DA MADEIRA,,,COLISÃO,BROSS X NISSAN,1,1,,,,,,,,1,,,,,,,,,,,,,,