data,hora,natureza_acidente,situacao,bairro,endereco,numero,detalhe_endereco_acidente,complemento,endereco_cruzamento,numero_cruzamento,referencia_cruzamento,bairro_cruzamento,num_semaforo,sentido_via,tipo,descricao,auto,moto,ciclom,ciclista,pedestre,onibus,caminhao,viatura,outros,vitimas,vitimasfatais,acidente_verificado,tempo_clima,situacao_semaforo,sinalizacao,condicao_via,conservacao_via,ponto_controle,situacao_placa,velocidade_max_via,mao_direcao,divisao_via1,divisao_via2,divisao_via3
2018-07-23,19:38:00,SEM VÍTIMA,CANCELADA,MUSTARDINHA,RUA ERNESTO CAVALCANTI,,,EM FRENTE A PRAÇA DO ABC BERANDO CANAL,RUA ERNESTO CAVALCANTI,,EM FRENTE A PRAÇA DO ABC BERANDO CANAL,MUSTARDINHA,,,COLISÃO,GOL X FORD K OBS SUSPEITA DE ALCOOLISMO,2,,,,,,,,,0,,,,,,,,,,,,,,
2018-07-23,19:45:00,SEM VÍTIMA,FINALIZADA,IMBIRIBEIRA,AV MARECHAL MASCARENHAS DE MORAES,3563,,ENF A FARMACIA PAGUE MENOS SENTIDO AFOGADOS,AV MARECHAL MASCARENHAS DE MORAES,3563,ENF A FARMACIA PAGUE MENOS SENTIDO AFOGADOS,IMBIRIBEIRA,,,COLISÃO,VOYAGE X GOL,2,,,,,,,,,0,,,,,,,,,,,,,,
2018-07-23,20:04:00,COM VÍTIMA,FINALIZADA,CIDADE UNIVERSITÁRIA,AV PROFESSOR ARTUR DE SA,1400,,ENF AO HOSPITAL DAS CLINICAS PROX A RUA PROF. ANTONIO COELHO,AV PROFESSOR ARTUR DE SA,1400,ENF AO HOSPITAL DAS CLINICAS PROX A RUA PROF. ANTONIO COELHO,CIDADE UNIVERSITÁRIA,,,COLISÃO,MOTO X CORSA,1,1,,,,,,,,1,,,,,,,,,,,,,,
2018-07-23,20:23:00,SEM VÍTIMA,FINALIZADA,MORRO DA CONCEIÇÃO,AV NORTE,,,EM FRENTE A FARMACIA PAGUE MENOS SEMAFORO 079,AV NORTE,,EM FRENTE A FARMACIA PAGUE MENOS SEMAFORO 079,MORRO DA CONCEIÇÃO,,,COLISÃO,ONIBUS E AUTO S/V,1,,,,,1,,,,0,,,,,,,,,,,,,,
2018-07-23,20:28:00,,CANCELADA,VÁRZEA,AV PROFESSOR ARTUR DE SA,,,AO LADO DO HOSPITAL DAS CLINICAS,AV PROFESSOR ARTUR DE SA,,AO LADO DO HOSPITAL DAS CLINICAS,VÁRZEA,,,COLISÃO,MOTO E AUTO C/V,1,1,,,,,,,,1,,,,,,,,,,,,,,
2018-07-23,21:58:00,SEM VÍTIMA,FINALIZADA,JAQUEIRA,AV PARNAMIRIM,,,PROXIMO AO CRUZAMENTO ANDRE CAVALCANTE /POR TRAZ DO POSTO SHELL,AV PARNAMIRIM,,PROXIMO AO CRUZAMENTO ANDRE CAVALCANTE /POR TRAZ DO POSTO SHELL,JAQUEIRA,,,CHOQUE,CHOQUE/AUTO E ARVORE S/V,1,,,,,,,,1,0,,,,,,,,,,,,,,
2018-07-24,00:22:00,COM VÍTIMA,FINALIZADA,AFLITOS,AV SANTOS DUMONT,,,PROX A CASA ROSADA RECEPÇÕES  PROX A GALERIA D´BEL,AV SANTOS DUMONT,,PROX A CASA ROSADA RECEPÇÕES  PROX A GALERIA D´BEL,AFLITOS,,,COLISÃO,COLISÃO ENTRE AUTO E MOTO C/V,1,1,,,,,,,,2,,,,,,,,,,,,,,
2018-07-24,06:46:00,SEM VÍTIMA,CANCELADA,MADALENA,AV BEIRA RIO,,RUA JOSE OSORIO,CRUZ COM A RUA JOSE OSORIO,AV BEIRA RIO,,CRUZ COM A RUA JOSE OSORIO,MADALENA,,,COLISÃO,COLISÃO SEM VITIMAS GM QTH,1,1,,,,,,,,0,,,,,,,,,,,,,,
2018-07-24,07:10:00,SEM VÍTIMA,FINALIZADA,ILHA DO RETIRO,RUA SPORT CLUBE DO RECIFE,,,EM FRENTE AO PORTÃO DO SPORT CLUBE DO RECIFE,RUA SPORT CLUBE DO RECIFE,,EM FRENTE AO PORTÃO DO SPORT CLUBE DO RECIFE,ILHA DO RETIRO,,,COLISÃO,COLISÃO SEM VITIMAS,2,,,,,,,,,0,,,,,,,,,,,,,,
2018-07-24,10:04:00,SEM VÍTIMA,FINALIZADA,GRAÇAS,RUA BRUNO MAIA,180,RUA JOAO RAMOS,COM A RUA JOAO RAMOS /,RUA BRUNO MAIA,180,COM A RUA JOAO RAMOS /,GRAÇAS,,,COLISÃO,DOIS AUTOS,2,,,,,,,,,0,,,,,,,,,,,,,,
2018-07-24,10:34:00,SEM VÍTIMA,FINALIZADA,ARRUDA,AV PROFESSOR JOSE DOS ANJOS,,EST VELHA DE AGUA FRIA,COM EST VELHA DE AGUA FRIA / SEMAFORO 306 / SENT SUB,AV PROFESSOR JOSE DOS ANJOS,,COM EST VELHA DE AGUA FRIA / SEMAFORO 306 / SENT SUB,ARRUDA,,,COLISÃO,CAMINHAO E AUTO PASSEIO / VT 02 NO QTH,1,,,,,,1,,,0,,,,,,,,,,,,,,
2018-07-24,11:34:00,SEM VÍTIMA,FINALIZADA,TAMARINEIRA,AV CONS ROSA E SILVA,2091,,EM FRENTE AO HOSPITAL DA TAMARINEIRA,AV CONS ROSA E SILVA,2091,EM FRENTE AO HOSPITAL DA TAMARINEIRA,TAMARINEIRA,,,COLISÃO,DOIS AUTOS,2,,,,,,,,,0,,,,,,,,,,,,,,
2018-07-24,11:35:00,SEM VÍTIMA,FINALIZADA,BOA VIAGEM,RUA ERNESTO DE PAULA SANTOS,,RUA BERNARDO SOUZA,NA DESCIDA DO VIADUTO TANCREDO NEVES CRUZ COM A RUA BERNARDO SOUZA EM FRENTE AO POSTO DE GASOLINA BR,RUA ERNESTO DE PAULA SANTOS,,NA DESCIDA DO VIADUTO TANCREDO NEVES CRUZ COM A RUA BERNARDO SOUZA EM FRENTE AO POSTO DE GASOLINA BR,BOA VIAGEM,,,COLISÃO,COLISÃO SEM VITIMAS,2,,,,,,,,,0,,,,,,,,,,,,,,
2018-07-24,11:40:00,SEM VÍTIMA,FINALIZADA,BOA VIAGEM,AV ENGENHEIRO DOMINGOS FERREIRA,2188,,EM FRENTE A PADARIA AZUL MAR,AV ENGENHEIRO DOMINGOS FERREIRA,2188,EM FRENTE A PADARIA AZUL MAR,BOA VIAGEM,,,ENGAVETAMENTO,TRES AUTOS,3,,,,,,,,,0,,,,,,,,,,,,,,
2018-07-24,12:09:00,SEM VÍTIMA,CANCELADA,BOA VIAGEM,AV FERNANDO SIMOES BARBOSA,22,,ENTRE O WALMART E A GALERIA SANTO ANTONIO NO ESTACIONAMENTO DA GALERIA S/T VIA MANGUE,AV FERNANDO SIMOES BARBOSA,22,ENTRE O WALMART E A GALERIA SANTO ANTONIO NO ESTACIONAMENTO DA GALERIA S/T VIA MANGUE,BOA VIAGEM,,,COLISÃO,COLISAO ENTRE DOIS AUTO S/V,2,,,,,,,,,0,,,,,,,,,,,,,,
2018-07-24,13:07:00,SEM VÍTIMA,FINALIZADA,SÃO JOSÉ,PRC DAS CINCO PONTAS,,,AO LADO DO FORTE DAS CINCO PONTAS  SENT. SUBURBIO,PRC DAS CINCO PONTAS,,AO LADO DO FORTE DAS CINCO PONTAS  SENT. SUBURBIO,SÃO JOSÉ,,,COLISÃO,CAMINHÃO E AUTO,1,,,,,,1,,,0,,,,,,,,,,,,,,
2018-07-24,13:58:00,SEM VÍTIMA,FINALIZADA,DOIS IRMÃOS,PRQ DE DOIS IRMAOS,,,E/F AO LAFEPE,PRQ DE DOIS IRMAOS,,E/F AO LAFEPE,DOIS IRMÃOS,,,COLISÃO,COLISAO ENTRE DOIS AUTOS S/V,2,,,,,,,,,0,,,,,,,,,,,,,,
2018-07-24,14:43:00,SEM VÍTIMA,FINALIZADA,IPSEP,AV RECIFE,3460,,NO SEMAFORO 247  PROX. A EMPRESA AÇO RECIFE,AV RECIFE,3460,NO SEMAFORO 247  PROX. A EMPRESA AÇO RECIFE,IPSEP,,,ENGAVETAMENTO,TRES AUTOS,3,,,,,,,,,0,,,,,,,,,,,,,,
2018-07-24,14:48:00,SEM VÍTIMA,FINALIZADA,ILHA DO LEITE,VIADUTO CAPITAO TEMUDO,,,EM CIMA DO VIADUTO / SENTIDO OLINDA,VIADUTO CAPITAO TEMUDO,,EM CIMA DO VIADUTO / SENTIDO OLINDA,ILHA DO LEITE,,,COLISÃO,COLISÃO SEM VITIMAS,3,,,,,,,,,0,,,,,,,,,,,,,,
2018-07-24,15:42:00,SEM VÍTIMA,FINALIZADA,DOIS UNIDOS,AV HILDEBRANDO DE VASCONCELOS,113,,EM FRENTE AO ARMAZEM MÃE RAINHA,AV HILDEBRANDO DE VASCONCELOS,113,EM FRENTE AO ARMAZEM MÃE RAINHA,DOIS UNIDOS,,,COLISÃO,COLISÃO SEM VÍTIMA,1,,,,,1,,,,0,,,,,,,,,,,,,,
2018-07-24,17:00:00,COM VÍTIMA,FINALIZADA,IPUTINGA,RUA ENGENHEIRO MOACYR PARAHYBA,,,PRÓXIMO A ESTRADA DO BARBALHO,RUA ENGENHEIRO MOACYR PARAHYBA,,PRÓXIMO A ESTRADA DO BARBALHO,IPUTINGA,,,COLISÃO,COM VÍTIMA  SOCORRIDA PELO SAMU,1,1,,,,,,,,1,,,,,,,,,,,,,,
2018-07-24,17:07:00,SEM VÍTIMA,CANCELADA,IPUTINGA,AV HISTORIAD JORDAO EMERENCIANO,,,POR TRAS DO ATACADÃO RUA QUE DA ACESSO AO PORTAO DO FUNDO DO TACADACAO,AV HISTORIAD JORDAO EMERENCIANO,,POR TRAS DO ATACADÃO RUA QUE DA ACESSO AO PORTAO DO FUNDO DO TACADACAO,IPUTINGA,,,COLISÃO,COLISAO ENTRE DOIS CAMINHOES S/V,,,,,,,2,,,0,,,,,,,,,,,,,,
2018-07-24,17:14:00,SEM VÍTIMA,FINALIZADA,ENGENHO DO MEIO,RUA VALDEMAR FALCAO,133,RUA CARLOS DE BRITO,COM A RUA CARLOS DE BRITO  PROX. A ASSOCIAÇÃO ESPIRITA JESUS E KARDEC,RUA VALDEMAR FALCAO,133,COM A RUA CARLOS DE BRITO  PROX. A ASSOCIAÇÃO ESPIRITA JESUS E KARDEC,ENGENHO DO MEIO,,,COLISÃO,DOIS AUTOS,2,,,,,,,,,0,,,,,,,,,,,,,,
2018-07-24,17:16:00,SEM VÍTIMA,FINALIZADA,JARDIM SÃO PAULO,AV LIBERDADE,440,,EM FRENTE A BARBEARIA GENESIS,AV LIBERDADE,440,EM FRENTE A BARBEARIA GENESIS,JARDIM SÃO PAULO,,,COLISÃO,COLISÃO SEM VÍTIMA,1,,,,,1,,,,0,,,,,,,,,,,,,,
2018-07-24,17:25:00,SEM VÍTIMA,FINALIZADA,CORDEIRO,AV CAXANGA,,,LADO OPOSTO AO PARQUE DE EXPOSIÇÕES DO CORDEIRO  SENTIDO CIDADE,AV CAXANGA,,LADO OPOSTO AO PARQUE DE EXPOSIÇÕES DO CORDEIRO  SENTIDO CIDADE,CORDEIRO,,,COLISÃO,COLISÃO SEM VÍTIMA,2,,,,,,,,,0,,,,,,,,,,,,,,
2018-07-24,18:26:00,SEM VÍTIMA,FINALIZADA,JARDIM SÃO PAULO,RUA LORENA,30,,ENTRADA DO PLANETA DOS MACACOC/PROX A CADEMIA WM,RUA LORENA,30,ENTRADA DO PLANETA DOS MACACOC/PROX A CADEMIA WM,JARDIM SÃO PAULO,,,ENGAVETAMENTO,TRES AUTOS S/V,3,,,,,,,,,0,,,,,,,,,,,,,,
2018-07-24,20:53:00,SEM VÍTIMA,CANCELADA,BOA VIAGEM,RUA BRUNO VELOSO,,,DENTRO DO ESTACIONAMENTO DO SHOPING RECIFE/2 PISO AREA G,RUA BRUNO VELOSO,,DENTRO DO ESTACIONAMENTO DO SHOPING RECIFE/2 PISO AREA G,BOA VIAGEM,,,COLISÃO,DOIS AUTOS,2,,,,,,,,,0,,,,,,,,,,,,,,
2018-07-24,22:16:00,SEM VÍTIMA,FINALIZADA,ESPINHEIRO,RUA CONS PORTELA,678,RUA CARNEIRO VILELA,CRUZAMENTO COM A RUA CARNEIRO VILELA,RUA CONS PORTELA,678,CRUZAMENTO COM A RUA CARNEIRO VILELA,ESPINHEIRO,,,COLISÃO,SAVEIRO X PRISMA,2,,,,,,,,,0,,,,,,,,,,,,,,
2018-07-24,23:49:00,SEM VÍTIMA,FINALIZADA,DOIS IRMÃOS,RUA MANUEL DE MEDEIROS,,,S/T CAMARAGIBE PROX AO BAR DA CURVA,RUA MANUEL DE MEDEIROS,,S/T CAMARAGIBE PROX AO BAR DA CURVA,DOIS IRMÃOS,,,COLISÃO,AUTOS S/V,2,,,,,,,,,0,,,,,,,,,,,,,,
2018-07-25,00:32:00,COM VÍTIMA,FINALIZADA,ENCRUZILHADA,RUA CASTRO ALVES,,EST BELEM,CRUZAMENTO COM A ESTR. DE BELÉM  EM FRENTE AO BANCO ITAÚ,RUA CASTRO ALVES,,CRUZAMENTO COM A ESTR. DE BELÉM  EM FRENTE AO BANCO ITAÚ,ENCRUZILHADA,,,COLISÃO,COLISÃO ENTRE AUTO E MOTO C/V,1,1,,,,,,,,1,,,,,,,,,,,,,,
2018-07-25,06:28:00,SEM VÍTIMA,CANCELADA,PARNAMIRIM,AV PARNAMIRIM,,,ENFRENTE AO SANTANDER,AV PARNAMIRIM,,ENFRENTE AO SANTANDER,PARNAMIRIM,,,COLISÃO,COLISÃO SEM VITIMAS,1,,,,,,,,1,0,,,,,,,,,,,,,,
2018-07-25,06:50:00,SEM VÍTIMA,FINALIZADA,BOA VIAGEM,RUA SA E SOUZA,263,,E/F AO EDF. MIRAMAR CLASSIC,RUA SA E SOUZA,263,E/F AO EDF. MIRAMAR CLASSIC,BOA VIAGEM,,,COLISÃO,SEM VÍTIMAS,2,,,,,,1,,,0,,,,,,,,,,,,,,
2018-07-25,07:58:00,SEM VÍTIMA,FINALIZADA,PINA,AV ANTONIO DE GOES,,,EM CIMA DA PONTE GOVERNADOR AGAMENON MAGALHAES,AV ANTONIO DE GOES,,EM CIMA DA PONTE GOVERNADOR AGAMENON MAGALHAES,PINA,,,COLISÃO,COLISÃO SEM VITIMAS GM QTH,3,,,,,,,,,0,,,,,,,,,,,,,,
2018-07-25,08:43:00,SEM VÍTIMA,FINALIZADA,BOA VIAGEM,RUA ERNESTO DE PAULA SANTOS,960,,SEMAFORO 330,RUA ERNESTO DE PAULA SANTOS,960,SEMAFORO 330,BOA VIAGEM,,,COLISÃO,DOIS AUTOS S/V,2,,,,,,,,,0,,,,,,,,,,,,,,
2018-07-25,09:15:00,SEM VÍTIMA,FINALIZADA,ROSARINHO,AV NORTE,,,SENTIDO CIDADE  E/F A YES FIT,AV NORTE,,SENTIDO CIDADE  E/F A YES FIT,ROSARINHO,,,COLISÃO,SEM VÍTIMAS. VT 08 NO LOCAL.,2,,,,,,,,,0,,,,,,,,,,,,,,
2018-07-25,09:49:00,SEM VÍTIMA,PENDENTE,BOA VIAGEM,AV CONSELHEIRO AGUIAR,,,NA FRENTE DA CAIXA ECONOMICA,AV CONSELHEIRO AGUIAR,,NA FRENTE DA CAIXA ECONOMICA,BOA VIAGEM,,,COLISÃO,COLISÃO SEM VITIMAS,3,,,,,,,,,0,,,,,,,,,,,,,,
2018-07-25,09:59:00,SEM VÍTIMA,FINALIZADA,ILHA DO LEITE,AV GOVERNADOR AGAMENON MAGALHAES,905,,E/F A UNIMED CRIANÇA. SENTIDO BOA VIAGEM,AV GOVERNADOR AGAMENON MAGALHAES,905,E/F A UNIMED CRIANÇA. SENTIDO BOA VIAGEM,ILHA DO LEITE,,,COLISÃO,SEM VÍTIMAS,2,,,,,,,,,0,,,,,,,,,,,,,,
2018-07-25,10:07:00,COM VÍTIMA,FINALIZADA,SÃO JOSÉ,AV SUL,S/N,,SEMÁFORO Nº 311 / POSTO BR,AV SUL,S/N,SEMÁFORO Nº 311 / POSTO BR,SÃO JOSÉ,,,COLISÃO,COLISÃO COM VÍTIMA,1,,1,,,,,,,2,,,,,,,,,,,,,,
2018-07-25,10:22:00,COM VÍTIMA,CANCELADA,IMBIRIBEIRA,AV MARECHAL MASCARENHAS DE MORAES,,,EM FRENTE À MARAVILHA MOTOS,AV MARECHAL MASCARENHAS DE MORAES,,EM FRENTE À MARAVILHA MOTOS,IMBIRIBEIRA,,,COLISÃO,AUTO E MOTO COM VÍTIMA,1,1,,,,,,,,1,,,,,,,,,,,,,,
2018-07-25,10:49:00,SEM VÍTIMA,FINALIZADA,DERBY,RUA FELICIANO GOMES,342,,E/F AO GILSON CIDRIM,RUA FELICIANO GOMES,342,E/F AO GILSON CIDRIM,DERBY,,,COLISÃO,SEM VÍTIMAS,2,,,,,,,,,0,,,,,,,,,,,,,,
2018-07-25,11:03:00,SEM VÍTIMA,FINALIZADA,CAXANGÁ,AV CAXANGA,4500,,PROX. AO GOLF  SENTIDO CAMARAGIBE,AV CAXANGA,4500,PROX. AO GOLF  SENTIDO CAMARAGIBE,CAXANGÁ,,,COLISÃO,COLISÃO SEM VITIMAS,2,,,,,,,,,0,,,,,,,,,,,,,,
2018-07-25,11:09:00,SEM VÍTIMA,FINALIZADA,BOA VIAGEM,AV CONSELHEIRO AGUIAR,1052,,EM FRENTE A LOJA ROLEX,AV CONSELHEIRO AGUIAR,1052,EM FRENTE A LOJA ROLEX,BOA VIAGEM,,,COLISÃO,COLISÃO SEM VITIMAS,1,,,,,1,,,,0,,,,,,,,,,,,,,
2018-07-25,11:13:00,SEM VÍTIMA,FINALIZADA,CAMPO GRANDE,RUA MARQUES DE ABRANTES,163,,NA RUA DO POSTO TOTAL,RUA MARQUES DE ABRANTES,163,NA RUA DO POSTO TOTAL,CAMPO GRANDE,,,COLISÃO,COLISÃO SEM VITIMAS,1,,,,,,1,,,0,,,,,,,,,,,,,,
2018-07-25,12:04:00,COM VÍTIMA,FINALIZADA,BOA VIAGEM,RUA JOAO CARDOSO AIRES,501,,AO LADO DA PIZZARIA PARQUE DA PIZZA,RUA JOAO CARDOSO AIRES,501,AO LADO DA PIZZARIA PARQUE DA PIZZA,BOA VIAGEM,,,COLISÃO,COLISAO ENTRE DUAS MOTOS S/V,,2,,,,,,,,1,,,,,,,,,,,,,,
2018-07-25,12:24:00,SEM VÍTIMA,FINALIZADA,ESPINHEIRO,AV JOAO DE BARROS,1179,,EM FRENTE AO POSTO BR  APOS A PONTE DA AGAMENON  PRIMEIRO POSTO A DIREITA,AV JOAO DE BARROS,1179,EM FRENTE AO POSTO BR  APOS A PONTE DA AGAMENON  PRIMEIRO POSTO A DIREITA,ESPINHEIRO,,,COLISÃO,DOIS AUTOS S/,2,,,,,,,,,0,,,,,,,,,,,,,,
2018-07-25,13:40:00,SEM VÍTIMA,FINALIZADA,IPSEP,RUA HELIO BRANDAO,168,,EM FRENTE AO CHAMBARIL DO JOAO,RUA HELIO BRANDAO,168,EM FRENTE AO CHAMBARIL DO JOAO,IPSEP,,,COLISÃO,DOIS AUTOS,2,,,,,,,,,0,,,,,,,,,,,,,,
2018-07-25,14:36:00,COM VÍTIMA,FINALIZADA,ILHA DO LEITE,RUA GENERAL JOAQUIM INACIO,,,E/F A FARMACIA INDEPENDENTE,RUA GENERAL JOAQUIM INACIO,,E/F A FARMACIA INDEPENDENTE,ILHA DO LEITE,,,COLISÃO,COLISAO ENTRE MOTO E ONIBUS COM UMA VITIMA,,1,,,,1,,,,1,,,,,,,,,,,,,,
2018-07-25,15:10:00,SEM VÍTIMA,EQUIPE EM DESLOCAMENTO,SANTO ANTÔNIO,RUA DO SOL,,,POR TRAS DO TEATRO SANTA IZABEL,RUA DO SOL,,POR TRAS DO TEATRO SANTA IZABEL,SANTO ANTÔNIO,,,COLISÃO,COLISAO ENTRE ONIBUS E AUTO S/V,1,,,,,1,,,,0,,,,,,,,,,,,,,
2018-07-25,15:17:00,SEM VÍTIMA,FINALIZADA,IMBIRIBEIRA,AV MARECHAL MASCARENHAS DE MORAES,,,APOS O AEROPORTO  SENTIDO AFOGADOS  EM FRENTE A JUSTIÇA DO TRABALHO  ANTES DO VIADUTO QUE VAI PARA O ATACADO,AV MARECHAL MASCARENHAS DE MORAES,,APOS O AEROPORTO  SENTIDO AFOGADOS  EM FRENTE A JUSTIÇA DO TRABALHO  ANTES DO VIADUTO QUE VAI PARA O ATACADO,IMBIRIBEIRA,,,COLISÃO,CARRETA E MOTO S/V,,1,,,,,1,,,0,,,,,,,,,,,,,,
2018-07-25,22:45:00,SEM VÍTIMA,FINALIZADA,LINHA DO TIRO,RUA URIEL DE HOLANDA,1454,,E/F A PADARIA PÃO DE OURO,RUA URIEL DE HOLANDA,1454,E/F A PADARIA PÃO DE OURO,LINHA DO TIRO,,,COLISÃO,ENTRE 2 AUTOS. S/V,2,,,,,,,,,0,,,,,,,,,,,,,,
2018-07-26,07:14:00,COM VÍTIMA,FINALIZADA,SANTO AMARO,AV CRUZ CABUGA,,RUA FREI CASSIMIRO,CRUZAMENTO COM A RUA FREI CASSIMIRO,AV CRUZ CABUGA,,CRUZAMENTO COM A RUA FREI CASSIMIRO,SANTO AMARO,,,COLISÃO,COM UMA VITIMA REGISTRO FEITO COM O APOIO DO COORDENADOR,1,1,,,,,,,,1,,,,,,,,,,,,,,
2018-07-26,07:54:00,SEM VÍTIMA,FINALIZADA,CAXANGÁ,AV CAXANGA,5584,,APOS O GOLF CLUBE SENTIDO CIDADE SUBRUBIO EM FRENTE A ASSEMBLEIA DE DEUS,AV CAXANGA,5584,APOS O GOLF CLUBE SENTIDO CIDADE SUBRUBIO EM FRENTE A ASSEMBLEIA DE DEUS,CAXANGÁ,,,COLISÃO,COLISÃO SEM VITIMAS,2,,,,,1,,,,0,,,,,,,,,,,,,,
2018-07-26,08:06:00,SEM VÍTIMA,FINALIZADA,ENGENHO DO MEIO,RUA BOM PASTOR,1635,,HA 400 METROS DO PRESIDIO DE MULHERES,RUA BOM PASTOR,1635,HA 400 METROS DO PRESIDIO DE MULHERES,ENGENHO DO MEIO,,,COLISÃO,SEM VITIMAS,2,,,,,,,,,0,,,,,,,,,,,,,,
2018-07-26,08:08:00,SEM VÍTIMA,FINALIZADA,FUNDÃO,AV BEBERIBE,2665,,E/F A GRAVATÁ MÓVEIS. SEMÁFORO 307 SENTIDO CIDADE,AV BEBERIBE,2665,E/F A GRAVATÁ MÓVEIS. SEMÁFORO 307 SENTIDO CIDADE,FUNDÃO,,,COLISÃO,SEM VÍTIMAS. VT 09 NO LOCAL,,,,,,1,1,,,0,,,,,,,,,,,,,,
2018-07-26,08:47:00,SEM VÍTIMA,FINALIZADA,CAMPO GRANDE,RUA FRANKLIN TAVORA,,RUA OLIVEIRA FONSECA,CRUZ COM A RUA OLIVEIRA FONSECA EM FRENTE AO COLEGIO MARIO MELO,RUA FRANKLIN TAVORA,,CRUZ COM A RUA OLIVEIRA FONSECA EM FRENTE AO COLEGIO MARIO MELO,CAMPO GRANDE,,,COLISÃO,COLISÃO SEM VITIMAS,1,,,,,,1,,,0,,,,,,,,,,,,,,
2018-07-26,09:45:00,SEM VÍTIMA,FINALIZADA,SANTO AMARO,AV GOVERNADOR AGAMENON MAGALHAES,185,,SENTIDO OLINDA  SEMÁFORO 378. APÓS O VIADUTO DA JOÃO DE BARROS.,AV GOVERNADOR AGAMENON MAGALHAES,185,SENTIDO OLINDA  SEMÁFORO 378. APÓS O VIADUTO DA JOÃO DE BARROS.,SANTO AMARO,,,COLISÃO,SEM VÍTIMAS,2,,,,,,,,,0,,,,,,,,,,,,,,
2018-07-26,10:16:00,SEM VÍTIMA,CANCELADA,BAIRRO DO RECIFE,RUA DE SAO JORGE,,,POR TRAS DA RECEITA FEDERAL EM FRENTE A CAPITANIA DOS PORTOS,RUA DE SAO JORGE,,POR TRAS DA RECEITA FEDERAL EM FRENTE A CAPITANIA DOS PORTOS,BAIRRO DO RECIFE,,,COLISÃO,COLISÃO SEM VITIMAS,2,,,,,,,,,0,,,,,,,,,,,,,,
2018-07-26,10:50:00,COM VÍTIMA,FINALIZADA,TAMARINEIRA,RUA CONEGO BARATA,,,AO LADO DA FERREIRA COSTA,RUA CONEGO BARATA,,AO LADO DA FERREIRA COSTA,TAMARINEIRA,,,ATROPELAMENTO,VITIMA SOCORRIDA PELO SAMU,1,,,,1,,,,,1,,,,,,,,,,,,,,
2018-07-26,11:08:00,SEM VÍTIMA,FINALIZADA,ENGENHO DO MEIO,RUA ARARUNA,343,RUA CARLOS DE BRITO,COM A RUA CARLOS DE BRITO,RUA ARARUNA,343,COM A RUA CARLOS DE BRITO,ENGENHO DO MEIO,,,COLISÃO,AUTO E CAMINHAO,1,,,,,,1,,,0,,,,,,,,,,,,,,
2018-07-26,11:08:00,COM VÍTIMA,FINALIZADA,AFOGADOS,RUA SAO MIGUEL,27,,E/F A CASA DO BOLO,RUA SAO MIGUEL,27,E/F A CASA DO BOLO,AFOGADOS,,,ATROPELAMENTO,COM UMA VÍTIMA,,,,,1,1,,,,1,,,,,,,,,,,,,,
2018-07-26,11:16:00,SEM VÍTIMA,FINALIZADA,COELHOS,RUA CAPITAO JOSE DA LUZ,137,,EM FRENTE AO EDF CERVANTES RUA DO ESTACIONAMENTO DO IMIP,RUA CAPITAO JOSE DA LUZ,137,EM FRENTE AO EDF CERVANTES RUA DO ESTACIONAMENTO DO IMIP,COELHOS,,,COLISÃO,SEM VITIMAS,2,,,,,,,,,0,,,,,,,,,,,,,,
2018-07-26,11:25:00,SEM VÍTIMA,FINALIZADA,IMBIRIBEIRA,AV MARECHAL MASCARENHAS DE MORAES,,,SEMÁFORO 225  SENTIDO AEROPORTO. E/F AO BANCO ITAU,AV MARECHAL MASCARENHAS DE MORAES,,SEMÁFORO 225  SENTIDO AEROPORTO. E/F AO BANCO ITAU,IMBIRIBEIRA,,,COLISÃO,SEM VÍTIMAS,2,,,,,,,,,0,,,,,,,,,,,,,,
2018-07-26,11:27:00,SEM VÍTIMA,FINALIZADA,IMBIRIBEIRA,AV MARECHAL MASCARENHAS DE MORAES,,RUA ITACARI,SENTIDO AEROPORTO AO LADO DO BANCO ITAU PARALELA COM A RUA ITACARI,AV MARECHAL MASCARENHAS DE MORAES,,SENTIDO AEROPORTO AO LADO DO BANCO ITAU PARALELA COM A RUA ITACARI,IMBIRIBEIRA,,,COLISÃO,COLISÃO SEM VITIMAS,3,,,,,,,,,0,,,,,,,,,,,,,,
2018-07-26,11:42:00,COM VÍTIMA,FINALIZADA,ENCRUZILHADA,RUA CASTRO ALVES,,AV JOAO DE BARROS,CRUZAMENTO COM A AV JOÃO DE BARROS SEMAFORO 042,RUA CASTRO ALVES,,CRUZAMENTO COM A AV JOÃO DE BARROS SEMAFORO 042,ENCRUZILHADA,,,COLISÃO,COM DUAS VITIMAS,,,,,,,1,,1,2,,,,,,,,,,,,,,
2018-07-26,11:59:00,SEM VÍTIMA,FINALIZADA,BOA VIAGEM,RUA DOS NAVEGANTES,865,,E/F AO EDF VAUTHIER,RUA DOS NAVEGANTES,865,E/F AO EDF VAUTHIER,BOA VIAGEM,,,COLISÃO,COLISAO ENTRE DOIS AUTOS S/V,2,,,,,,,,,0,,,,,,,,,,,,,,
2018-07-26,12:26:00,SEM VÍTIMA,FINALIZADA,SANTO AMARO,AV GOVERNADOR AGAMENON MAGALHAES,,,NA FRENTE DO I.C,AV GOVERNADOR AGAMENON MAGALHAES,,NA FRENTE DO I.C,SANTO AMARO,,,COLISÃO,COLISÃO SEM VITIMAS,1,1,,,,,,,,0,,,,,,,,,,,,,,
2018-07-26,13:06:00,SEM VÍTIMA,FINALIZADA,TORRE,RUA DOS ARTISTAS,,,POR TRAS DO CARRFOUR,RUA DOS ARTISTAS,,POR TRAS DO CARRFOUR,TORRE,,,COLISÃO,COLISAO ENTRE DOIS AUTOS S/V,2,,,,,,,,,0,,,,,,,,,,,,,,
2018-07-26,13:15:00,SEM VÍTIMA,FINALIZADA,AREIAS,AV RECIFE,,,NA FRENTE DO MAKRO  SENTIDO BOA VIAGEM,AV RECIFE,,NA FRENTE DO MAKRO  SENTIDO BOA VIAGEM,AREIAS,,,COLISÃO,COLISÃO SEM VITIMAS,2,,,,,,,,,0,,,,,,,,,,,,,,