data,hora,natureza_acidente,situacao,bairro,endereco,numero,detalhe_endereco_acidente,complemento,endereco_cruzamento,numero_cruzamento,referencia_cruzamento,bairro_cruzamento,num_semaforo,sentido_via,tipo,descricao,auto,moto,ciclom,ciclista,pedestre,onibus,caminhao,viatura,outros,vitimas,vitimasfatais,acidente_verificado,tempo_clima,situacao_semaforo,sinalizacao,condicao_via,conservacao_via,ponto_controle,situacao_placa,velocidade_max_via,mao_direcao,divisao_via1,divisao_via2,divisao_via3
2018-07-26,13:15:00,SEM VÍTIMA,FINALIZADA,DERBY,RUA HENRIQUE DIAS,303,AV GOV AGAMENON MAGALHAES,CRUZ COM A AV AGAMENON MAGALHAES PROX AO RESTAURANTE SPETTUS,RUA HENRIQUE DIAS,303,CRUZ COM A AV AGAMENON MAGALHAES PROX AO RESTAURANTE SPETTUS,DERBY,,,COLISÃO,COLISÃO SM VITIMAS,2,,,,,,,,,0,,,,,,,,,,,,,,
2018-07-26,13:30:00,COM VÍTIMA,FINALIZADA,DERBY,RUA JOAQUIM NABUCO,,,NA FRENTE DO DERBY CENTER,RUA JOAQUIM NABUCO,,NA FRENTE DO DERBY CENTER,DERBY,,,ATROPELAMENTO,A VITIMA ESTA PEDINDO NA VIA.,1,,,,1,,,,,1,,,,,,,,,,,,,,
2018-07-26,13:54:00,SEM VÍTIMA,FINALIZADA,VÁRZEA,AV AFONSO OLINDENSE,,,E/F A LOMBADA ELETRONICA,AV AFONSO OLINDENSE,,E/F A LOMBADA ELETRONICA,VÁRZEA,,,COLISÃO,COLISAO ENTRE DOIS AUTOS S/V,2,,,,,,,,,0,,,,,,,,,,,,,,
2018-07-26,14:40:00,SEM VÍTIMA,FINALIZADA,VÁRZEA,RUA DAS LEVADAS,184,,RESIDENCIA PROX AO INSTITUTO BRENNAND,RUA DAS LEVADAS,184,RESIDENCIA PROX AO INSTITUTO BRENNAND,VÁRZEA,,,COLISÃO,COLISÃO SEM VITIMAS,,,,,,,,,,0,,,,,,,,,,,,,,
2018-07-26,14:41:00,SEM VÍTIMA,FINALIZADA,SANTO AMARO,AV VISCONDE DE SUASSUNA,338,,ANTES DO SENAC,AV VISCONDE DE SUASSUNA,338,ANTES DO SENAC,SANTO AMARO,,,COLISÃO,COLISAO ENTRE CAMINHAO E AUTO S/V,1,,,,,,1,,,0,,,,,,,,,,,,,,
2018-07-26,15:20:00,SEM VÍTIMA,FINALIZADA,AREIAS,AV RECIFE,868,,NA FRENTE A PAGUE MENOS DA AV REIFE  SENTIDO BOA VAGEM,AV RECIFE,868,NA FRENTE A PAGUE MENOS DA AV REIFE  SENTIDO BOA VAGEM,AREIAS,,,COLISÃO,COLISÃO SEM VITIMAS,2,,,,,,,,,0,,,,,,,,,,,,,,
2018-07-26,16:01:00,SEM VÍTIMA,FINALIZADA,CASA AMARELA,RUA SENADOR SOARES MEIRELES,350,,EM FRENTE A FARMACIA DO TRABALHADOR E A PADARIA APOLO,RUA SENADOR SOARES MEIRELES,350,EM FRENTE A FARMACIA DO TRABALHADOR E A PADARIA APOLO,CASA AMARELA,,,COLISÃO,COLISÃO SEM VITIMAS OBS UM DOS CONDUTORES ENCONTRA SE COM SINTOMAS DE EMBRIAGUEZ,2,,,,,,,,,0,,,,,,,,,,,,,,
2018-07-26,16:49:00,SEM VÍTIMA,FINALIZADA,AFOGADOS,RUA VINTE E UM DE ABRIL,2D,,EM FRENTE A DISTRIBUIDORA VINTE UM DE ABRIL,RUA VINTE E UM DE ABRIL,2D,EM FRENTE A DISTRIBUIDORA VINTE UM DE ABRIL,AFOGADOS,,,COLISÃO,COLISÃO SEM VITIMAS,1,,,,,1,,,,0,,,,,,,,,,,,,,
2018-07-26,17:24:00,COM VÍTIMA,CANCELADA,IPSEP,RUA HELIO BRANDAO,320,,ERSIDENCIA AO LADO DA IGREJA CATOLICA,RUA HELIO BRANDAO,320,ERSIDENCIA AO LADO DA IGREJA CATOLICA,IPSEP,,,COLISÃO,COLISÃO COM VITIMA A ESPERA DO SAMU,1,,,,,,1,,,1,,,,,,,,,,,,,,
2018-07-26,18:06:00,SEM VÍTIMA,FINALIZADA,BOA VIAGEM,RUA JOAQUIM CARNEIRO DA SILVA,54,,PRÓX A AUTO PARVI / E/F AO ESTUDIO ARRAZOS,RUA JOAQUIM CARNEIRO DA SILVA,54,PRÓX A AUTO PARVI / E/F AO ESTUDIO ARRAZOS,BOA VIAGEM,,,ENGAVETAMENTO,ENTRE 3 AUTOS. AS/V,3,,,,,,,,,0,,,,,,,,,,,,,,
2018-07-26,18:12:00,SEM VÍTIMA,FINALIZADA,ESPINHEIRO,RUA SANTO ELIAS,175,,EDF. ATALO PROX AO SHPPING DE ESPINHEIRO,RUA SANTO ELIAS,175,EDF. ATALO PROX AO SHPPING DE ESPINHEIRO,ESPINHEIRO,,,COLISÃO,AUTO X MOTO,1,1,,,,,,,,0,,,,,,,,,,,,,,
2018-07-26,18:32:00,SEM VÍTIMA,FINALIZADA,BOA VIAGEM,RUA CAPITAO ZUZINHA,231,RUA DONA UZINHA NUNES,CRUZ COM A R DONA UZINHA NUNES / PRÓX A POUSADA VITORIA,RUA CAPITAO ZUZINHA,231,CRUZ COM A R DONA UZINHA NUNES / PRÓX A POUSADA VITORIA,BOA VIAGEM,,,COLISÃO,ENTRE ÕNIBUS E AUTO. S/V,1,,,,,1,,,,0,,,,,,,,,,,,,,
2018-07-26,18:34:00,COM VÍTIMA,FINALIZADA,CASA AMARELA,AV NORTE,,,ENF AO REI DA PICANHA SENTIDO CIDADE,AV NORTE,,ENF AO REI DA PICANHA SENTIDO CIDADE,CASA AMARELA,,,ATROPELAMENTO,MOTO X PEDESTRE OBS:: VT 06 DA CTTU ESTA NO LOCAL,1,,,,1,,,,,1,,,,,,,,,,,,,,
2018-07-26,18:50:00,COM VÍTIMA,FINALIZADA,AREIAS,AV TENENTE FELIPE BANDEIRA DE MELO,3985,,E/F AO WALMART DA AV RECIFE,AV TENENTE FELIPE BANDEIRA DE MELO,3985,E/F AO WALMART DA AV RECIFE,AREIAS,,,COLISÃO,CARRO X MOTO COM DUAS VITIMAS,1,1,,,,,,,,2,,,,,,,,,,,,,,
2018-07-26,18:58:00,SEM VÍTIMA,FINALIZADA,BOA VISTA,RUA DA AURORA,1939,,PROX AO RECIFE PLAZA HOTEL,RUA DA AURORA,1939,PROX AO RECIFE PLAZA HOTEL,BOA VISTA,,,COLISÃO,ONIX X SANDERO,2,,,,,,,,,0,,,,,,,,,,,,,,
2018-07-26,19:00:00,SEM VÍTIMA,FINALIZADA,BOA VIAGEM,AV ENGENHEIRO DOMINGOS FERREIRA,,,E/F A PRAÇA DO PONTEIO  SNT PIEDADE,AV ENGENHEIRO DOMINGOS FERREIRA,,E/F A PRAÇA DO PONTEIO  SNT PIEDADE,BOA VIAGEM,,,COLISÃO,ENTRE AUTO E ÔNIBUS. S/V,1,,,,,1,,,,0,,,,,,,,,,,,,,
2018-07-26,19:46:00,SEM VÍTIMA,FINALIZADA,IMBIRIBEIRA,RUA SARGENTO SILVIO DELMAR HOLLEMBACH,,,POR TRAS DA FACULDADE UNIVERSO NO PORTAO DO ESTACIONAMENTO,RUA SARGENTO SILVIO DELMAR HOLLEMBACH,,POR TRAS DA FACULDADE UNIVERSO NO PORTAO DO ESTACIONAMENTO,IMBIRIBEIRA,,,COLISÃO,AUTO X MOTO,1,1,,,,,,,,0,,,,,,,,,,,,,,
2018-07-26,22:03:00,SEM VÍTIMA,FINALIZADA,ENCRUZILHADA,AV NORTE,S/N,,AV. JOÃO DE BARROS,AV NORTE,S/N,AV. JOÃO DE BARROS,ENCRUZILHADA,,,COLISÃO,COLISÃO NA ENTRADA DO CRUZAMENTO,1,,,,,1,,,,0,,,,,,,,,,,,,,
2018-07-26,22:22:00,SEM VÍTIMA,CANCELADA,JARDIM SÃO PAULO,AV SAO PAULO,,,E/F A PRC JARDIM SP E FARMACIA REDMED,AV SAO PAULO,,E/F A PRC JARDIM SP E FARMACIA REDMED,JARDIM SÃO PAULO,,,COLISÃO,ENTRE 2 AUTOS. S/V,2,,,,,,,,,0,,,,,,,,,,,,,,
2018-07-26,22:36:00,COM VÍTIMA,FINALIZADA,COQUEIRAL,RUA DA CUSTODIA,186,,ENF A LANCHONETE ZEQUINHA,RUA DA CUSTODIA,186,ENF A LANCHONETE ZEQUINHA,COQUEIRAL,,,ATROPELAMENTO,MOTO X CRIANÇA,,1,,,1,,,,,1,,,,,,,,,,,,,,
2018-07-27,08:27:00,SEM VÍTIMA,FINALIZADA,DERBY,AV GOVERNADOR AGAMENON MAGALHAES,,,SEMAFORO 068 / SENT CIDADE,AV GOVERNADOR AGAMENON MAGALHAES,,SEMAFORO 068 / SENT CIDADE,DERBY,,,COLISÃO,CAMINHAO E AUTO PASSEIO,1,,,,,1,,,,0,,,,,,,,,,,,,,
2018-07-27,08:27:00,COM VÍTIMA,FINALIZADA,BOA VIAGEM,RUA ERNESTO DE PAULA SANTOS,1277,,E/ F A AGENCIA DOS CORREIOS  SENTIDO PRAIA. APÓS O VIADUTO TANCREDO NEVES,RUA ERNESTO DE PAULA SANTOS,1277,E/ F A AGENCIA DOS CORREIOS  SENTIDO PRAIA. APÓS O VIADUTO TANCREDO NEVES,BOA VIAGEM,,,COLISÃO,COM UMA VÍTIMA.,,2,,,,,,,,1,,,,,,,,,,,,,,
2018-07-27,08:35:00,COM VÍTIMA,FINALIZADA,BARRO,AV DR JOSE RUFINO,,,E/F A IGREJA CATOLICA DO BARRO  E A PANIFICADORA TONNY ALBUQUERQUE,AV DR JOSE RUFINO,,E/F A IGREJA CATOLICA DO BARRO  E A PANIFICADORA TONNY ALBUQUERQUE,BARRO,,,COLISÃO,COM UMA VÍTIMA,1,1,,,,,,,,1,,,,,,,,,,,,,,
2018-07-27,09:01:00,SEM VÍTIMA,FINALIZADA,ARRUDA,AV PROFESSOR JOSE DOS ANJOS,186,,AO LADO DO ESTADIO DO ARRUDA  NO SEMAFORO 554,AV PROFESSOR JOSE DOS ANJOS,186,AO LADO DO ESTADIO DO ARRUDA  NO SEMAFORO 554,ARRUDA,,,COLISÃO,AUTO E CAMINHÃO,1,,,,,,1,,,0,,,,,,,,,,,,,,
2018-07-27,09:10:00,SEM VÍTIMA,FINALIZADA,BOA VIAGEM,AV CONSELHEIRO AGUIAR,2333,,EM FRENTE A GALERIA EMPRESARIAL JOÃO ROMA,AV CONSELHEIRO AGUIAR,2333,EM FRENTE A GALERIA EMPRESARIAL JOÃO ROMA,BOA VIAGEM,,,COLISÃO,SEM VITIMAS,2,,,,,,,,,0,,,,,,,,,,,,,,
2018-07-27,09:11:00,SEM VÍTIMA,FINALIZADA,BOA VIAGEM,RUA TENENTE JOAO CICERO,,,RUA MINISTRO NELSON HUNGRIA,RUA TENENTE JOAO CICERO,,RUA MINISTRO NELSON HUNGRIA,BOA VIAGEM,,,COLISÃO,COLISÃO SEM VITIMA,3,,,,,,,,,0,,,,,,,,,,,,,,
2018-07-27,09:13:00,SEM VÍTIMA,FINALIZADA,JORDÃO,AV MARIA IRENE,272,,E/F A MERCEARIA DO NANÁ,AV MARIA IRENE,272,E/F A MERCEARIA DO NANÁ,JORDÃO,,,COLISÃO,SEM VÍTIMAS. HÁ UMA GESTANTE NO LOCAL,1,,,,,1,,,,0,,,,,,,,,,,,,,
2018-07-27,09:30:00,SEM VÍTIMA,FINALIZADA,BOA VIAGEM,RUA DES JOAO PAES,,RUA ANISIO RODRIGUES COELHO,COM A RUA ANISIO RODRIGUES COELHO / RUA DO RESTAURANTE ESCRITORIO GUAIAMUM,RUA DES JOAO PAES,,COM A RUA ANISIO RODRIGUES COELHO / RUA DO RESTAURANTE ESCRITORIO GUAIAMUM,BOA VIAGEM,,,COLISÃO,DOIS AUTOS,2,,,,,,,,,0,,,,,,,,,,,,,,
2018-07-27,09:35:00,COM VÍTIMA,FINALIZADA,MADALENA,RUA JOSE OSORIO,401,,EM FRENTE AO RM EXPRESS,RUA JOSE OSORIO,401,EM FRENTE AO RM EXPRESS,MADALENA,,,COLISÃO,AUTO E MOTO. VT 17 NO LOCAL,1,1,,,,,,,,1,,,,,,,,,,,,,,
2018-07-27,09:53:00,VÍTIMA FATAL,FINALIZADA,BOA VIAGEM,RUA CAMBOIM,358,RUA DEZ DE JULHO,COM A RUA 10 DE JULHO  PROX. AO TERMINAL DE ONIBUS DE SETUBAL,RUA CAMBOIM,358,COM A RUA 10 DE JULHO  PROX. AO TERMINAL DE ONIBUS DE SETUBAL,BOA VIAGEM,,,COLISÃO,CAMINHÃO E MOTO,1,1,,,,,,,,,1,,,,,,,,,,,,,
2018-07-27,10:24:00,SEM VÍTIMA,FINALIZADA,BOA VIAGEM,RUA DES JOAO PAES,907,,EM FRENTE AO LAVA JATO ESCRITORIO DO GAIAMUM,RUA DES JOAO PAES,907,EM FRENTE AO LAVA JATO ESCRITORIO DO GAIAMUM,BOA VIAGEM,,,COLISÃO,SEM VITIMAS  CTTU NO LOCAL VT16,2,,,,,,,,,0,,,,,,,,,,,,,,
2018-07-27,10:31:00,SEM VÍTIMA,FINALIZADA,PASSARINHO,RUA GOVERNADOR EDUARDO HENRIQUE DE ACIOLY CAMPOS,,,RUA GOVERNADOR EDUARDO HENRIQUE DE ACIOLY CAMPOS  NO TERMINAL DA VAN DOIS UNIDOS TORRE,RUA GOVERNADOR EDUARDO HENRIQUE DE ACIOLY CAMPOS,,RUA GOVERNADOR EDUARDO HENRIQUE DE ACIOLY CAMPOS  NO TERMINAL DA VAN DOIS UNIDOS TORRE,PASSARINHO,,,COLISÃO,ONIBUS E AUTO,1,,,,,1,,,,0,,,,,,,,,,,,,,
2018-07-27,11:26:00,SEM VÍTIMA,FINALIZADA,IPSEP,AV SALDANHA MARINHO,661,RUA DAVI PERNETA,CRUZAMENTO COM A RUA DAVI PERNETA,AV SALDANHA MARINHO,661,CRUZAMENTO COM A RUA DAVI PERNETA,IPSEP,,,COLISÃO,SEM VITIMAS.,1,1,,,,,,,,0,,,,,,,,,,,,,,
2018-07-27,12:25:00,SEM VÍTIMA,FINALIZADA,JORDÃO,AV MARIA IRENE,,,PROX. AO POSTO IPIRANGA,AV MARIA IRENE,,PROX. AO POSTO IPIRANGA,JORDÃO,,,COLISÃO,COLISÃO SEM VITIMA,2,,,,,,,,,0,,,,,,,,,,,,,,
2018-07-27,12:34:00,,CANCELADA,JORDÃO,AV MARIA IRENE,,,PROX AO POSTO IPIRANGA/ AV DO CANAL,AV MARIA IRENE,,PROX AO POSTO IPIRANGA/ AV DO CANAL,JORDÃO,,,COLISÃO,DOIS AUTOS S/V,2,,,,,,,,,0,,,,,,,,,,,,,,
2018-07-27,13:09:00,SEM VÍTIMA,FINALIZADA,AFOGADOS,EST DOS REMEDIOS,988,,PROX / AO POSTO IPIRANGA/EM FRENTE AO RETAURANTE ASINHA DE CHINES,EST DOS REMEDIOS,988,PROX / AO POSTO IPIRANGA/EM FRENTE AO RETAURANTE ASINHA DE CHINES,AFOGADOS,,,COLISÃO,DOIS AUTOS S/V,2,,,,,,,,,0,,,,,,,,,,,,,,
2018-07-27,14:07:00,COM VÍTIMA,FINALIZADA,,AV CRUZ CABUGA,,,PROX. A CASA DA INDUSTRIA  JUNTO AO SEMÁFORO 627,AV CRUZ CABUGA,,PROX. A CASA DA INDUSTRIA  JUNTO AO SEMÁFORO 627,,,,COLISÃO,COLISÃO COM VITIMA,1,1,,,,,,,,1,,,,,,,,,,,,,,
2018-07-27,14:13:00,SEM VÍTIMA,FINALIZADA,SÃO JOSÉ,AV DANTAS BARRETO,,,E/F A ANTIGA SECRETARIA DA FAZENDA,AV DANTAS BARRETO,,E/F A ANTIGA SECRETARIA DA FAZENDA,SÃO JOSÉ,,,COLISÃO,COLIAO ENTRE TAXI E AUTO S/V,2,,,,,,,,,0,,,,,,,,,,,,,,
2018-07-27,14:31:00,SEM VÍTIMA,FINALIZADA,SAN MARTIN,AV ENGENHEIRO ABDIAS DE CARVALHO,,,PROX. A COMPAZ  SENTIDO CIDADE,AV ENGENHEIRO ABDIAS DE CARVALHO,,PROX. A COMPAZ  SENTIDO CIDADE,SAN MARTIN,,,COLISÃO,COLISÃO SEM VITIMA,2,,,,,,,,,0,,,,,,,,,,,,,,
2018-07-27,14:54:00,SEM VÍTIMA,FINALIZADA,PAISSANDU,AV GOVERNADOR AGAMENON MAGALHAES,4318,,JUNTO AO EMPRESARIAL RENATO DIAS,AV GOVERNADOR AGAMENON MAGALHAES,4318,JUNTO AO EMPRESARIAL RENATO DIAS,PAISSANDU,,,COLISÃO,COLISÃO SEM VITIMA,2,,,,,,,,,0,,,,,,,,,,,,,,
2018-07-27,15:19:00,COM VÍTIMA,FINALIZADA,MADALENA,AV VISCONDE DE ALBUQUERQUE,,,EM FRENTE A PRAÇA EÇA DE QUEIROZ,AV VISCONDE DE ALBUQUERQUE,,EM FRENTE A PRAÇA EÇA DE QUEIROZ,MADALENA,,,COLISÃO,COLISAO COM VITIMA ENVOLVENDO AUTO E MOTO,1,1,,,,,,,,1,,,,,,,,,,,,,,
2018-07-27,15:27:00,SEM VÍTIMA,FINALIZADA,ÁGUA FRIA,AV BEBERIBE,,,PROX AO MERCADO DE AGUA FRIA E/F AO MERCADÃO DO OLEO,AV BEBERIBE,,PROX AO MERCADO DE AGUA FRIA E/F AO MERCADÃO DO OLEO,ÁGUA FRIA,,,COLISÃO,COLISAO ENTRE AUTO E MOTO S/V,,1,,,,1,,,,0,,,,,,,,,,,,,,
2018-07-27,15:31:00,SEM VÍTIMA,FINALIZADA,MUSTARDINHA,AV MANOEL GONCALVES DA LUZ,,,SEMAFORO 245/EM FRENTE A FARMACIA INDEPENDENTE,AV MANOEL GONCALVES DA LUZ,,SEMAFORO 245/EM FRENTE A FARMACIA INDEPENDENTE,MUSTARDINHA,,,COLISÃO,DOIS AUTOS S/V,1,,,,,,1,,,0,,,,,,,,,,,,,,
2018-07-27,15:59:00,SEM VÍTIMA,FINALIZADA,TAMARINEIRA,RUA CONEGO BARATA,,,NA FRENTE DA FERREIRA COSTA,RUA CONEGO BARATA,,NA FRENTE DA FERREIRA COSTA,TAMARINEIRA,,,COLISÃO,COLISÃO SEM VITIMAS,3,,,,,,,,,0,,,,,,,,,,,,,,
2018-07-27,16:29:00,SEM VÍTIMA,FINALIZADA,IPSEP,AV RECIFE,,,AO LADO DO MURO DO AEROPORTO  SENTIDO BOA VIAGEM,AV RECIFE,,AO LADO DO MURO DO AEROPORTO  SENTIDO BOA VIAGEM,IPSEP,,,COLISÃO,COLISÃO SEM VITIMAS,,,,,,1,1,,,0,,,,,,,,,,,,,,
2018-07-27,16:29:00,SEM VÍTIMA,FINALIZADA,BOA VIAGEM,AV ENGENHEIRO DOMINGOS FERREIRA,,,E/F AO CLINICAL CENTER S/T PIEDADE,AV ENGENHEIRO DOMINGOS FERREIRA,,E/F AO CLINICAL CENTER S/T PIEDADE,BOA VIAGEM,,,COLISÃO,COLISAO ENTRE QUATRO AUTOS S/V,4,,,,,,,,,0,,,,,,,,,,,,,,
2018-07-27,16:43:00,SEM VÍTIMA,FINALIZADA,PINA,AV ANTONIO DE GOES,,,NO SEMAFORO 277,AV ANTONIO DE GOES,,NO SEMAFORO 277,PINA,,,COLISÃO,COLISAO COM CARRO DA SERTEL E AUTO S/V,1,,,,,,1,,,0,,,,,,,,,,,,,,
2018-07-27,16:49:00,SEM VÍTIMA,CANCELADA,AREIAS,AV RECIFE,,,NA FRENTE AO PAN DE AREIAS,AV RECIFE,,NA FRENTE AO PAN DE AREIAS,AREIAS,,,COLISÃO,COLISÃO SEM VITIMAS,,,,,,,,,,0,,,,,,,,,,,,,,
2018-07-27,17:30:00,SEM VÍTIMA,FINALIZADA,IMBIRIBEIRA,AV MARECHAL MASCARENHAS DE MORAES,6133,,APOS O AEROPORTO S/T OLINDA,AV MARECHAL MASCARENHAS DE MORAES,6133,APOS O AEROPORTO S/T OLINDA,IMBIRIBEIRA,,,COLISÃO,COLISAO ENTRE DOIS AUTOS S/V,2,,,,,,,,,0,,,,,,,,,,,,,,
2018-07-27,17:43:00,SEM VÍTIMA,FINALIZADA,AREIAS,AV RECIFE,,,SEMÁFORO 617 / SNT BR 101,AV RECIFE,,SEMÁFORO 617 / SNT BR 101,AREIAS,,,ENGAVETAMENTO,ENTRE 2 AUTOS E MICRO ÔNIBUS . S/V,3,,,,,,,,,0,,,,,,,,,,,,,,
2018-07-27,17:43:00,SEM VÍTIMA,FINALIZADA,BOA VIAGEM,AV CONSELHEIRO AGUIAR,3256,,NA FRENTE DO BRADESCO  SEMAFORO 546,AV CONSELHEIRO AGUIAR,3256,NA FRENTE DO BRADESCO  SEMAFORO 546,BOA VIAGEM,,,COLISÃO,COLISÃO SEM VITIMAS,1,,,,,1,,,,0,,,,,,,,,,,,,,
2018-07-27,17:59:00,SEM VÍTIMA,FINALIZADA,PINA,AV ANTONIO DE GOES,,,PRÓX AO POSTO FEDERAl / APÓS AO JCPM / E/F A ACQUASHOP,AV ANTONIO DE GOES,,PRÓX AO POSTO FEDERAl / APÓS AO JCPM / E/F A ACQUASHOP,PINA,,,ENGAVETAMENTO,ENTRE 3 AUTOS. S/V,3,,,,,,,,,0,,,,,,,,,,,,,,
2018-07-27,18:00:00,SEM VÍTIMA,FINALIZADA,AFOGADOS,RUA NICOLAU PEREIRA,,RUA DA PAZ,CRUZAMENTO COM A RUA DA PAZ // SEMAFORO 073,RUA NICOLAU PEREIRA,,CRUZAMENTO COM A RUA DA PAZ // SEMAFORO 073,AFOGADOS,,,COLISÃO,CLASSIC X ONIBUS DE TURISMO,1,,,,,1,,,,0,,,,,,,,,,,,,,
2018-07-27,18:57:00,SEM VÍTIMA,FINALIZADA,ESTÂNCIA,AV RECIFE,5583,,PROX AO POSTO DE GASOLINA TOTAL SENTIDO IMBIRIBEIRA,AV RECIFE,5583,PROX AO POSTO DE GASOLINA TOTAL SENTIDO IMBIRIBEIRA,ESTÂNCIA,,,COLISÃO,FIAT ESTRADA X FIESTA,2,,,,,,,,,0,,,,,,,,,,,,,,
2018-07-27,19:04:00,COM VÍTIMA,CANCELADA,CAXANGÁ,AV CAXANGA,,,ENF A FIAT ITALIANA SENTIDO CAMARAGIBE SEMAFORO 231,AV CAXANGA,,ENF A FIAT ITALIANA SENTIDO CAMARAGIBE SEMAFORO 231,CAXANGÁ,,,COLISÃO,FOX X MOTO,1,1,,,,,,,,1,,,,,,,,,,,,,,
2018-07-27,19:50:00,SEM VÍTIMA,FINALIZADA,FUNDÃO,AV BEBERIBE,,,E/F A ACADEMIA DA CIDADE E GALERIA O TERRAÇO,AV BEBERIBE,,E/F A ACADEMIA DA CIDADE E GALERIA O TERRAÇO,FUNDÃO,,,COLISÃO,ENTRE AUTO E ÔNIBUS. S/V,1,,,,,1,,,,0,,,,,,,,,,,,,,
2018-07-27,19:53:00,SEM VÍTIMA,FINALIZADA,TAMARINEIRA,RUA SOARES MORENO,423,,PROX AV NORTE PROX AO HOTEL VIA NORTE,RUA SOARES MORENO,423,PROX AV NORTE PROX AO HOTEL VIA NORTE,TAMARINEIRA,,,COLISÃO,FIAT UNO X RENAULT LOGAN,2,,,,,,,,,0,,,,,,,,,,,,,,
2018-07-27,21:18:00,SEM VÍTIMA,FINALIZADA,FUNDÃO,AV BEBERIBE,,,ENF ACADEMIA DA CIDADE SENTIDO AGUA FRIA,AV BEBERIBE,,ENF ACADEMIA DA CIDADE SENTIDO AGUA FRIA,FUNDÃO,,,COLISÃO,GOL X PRISMA (TAXI),2,,,,,,,,,0,,,,,,,,,,,,,,
2018-07-27,21:52:00,COM VÍTIMA,FINALIZADA,AFOGADOS,LARGO DA PAZ,,,E/F A POLICLÍNICA AGAMENON MAGALHÃES,LARGO DA PAZ,,E/F A POLICLÍNICA AGAMENON MAGALHÃES,AFOGADOS,,,COLISÃO COM CICLISTA,ENTRE MOTO E BICICLETA. C/V,,1,,1,,,,,,2,,,,,,,,,,,,,,
2018-07-28,00:00:00,SEM VÍTIMA,FINALIZADA,AFOGADOS,RUA MOTOCOLOMBO,,,APOS A PRAÇA LARGO DA PAZ  PROX DA PONTE MOTOCOLOMBO  SENTIDO AEROPORTO,RUA MOTOCOLOMBO,,APOS A PRAÇA LARGO DA PAZ  PROX DA PONTE MOTOCOLOMBO  SENTIDO AEROPORTO,AFOGADOS,,,COLISÃO,COLISÃO ENTRE AUTO E MOTO S/V,1,1,,,,,,,,0,,,,,,,,,,,,,,
2018-07-28,01:21:00,SEM VÍTIMA,CANCELADA,ALTO JOSÉ BONIFÁCIO,RUA CORREGO DO EUCLIDES,457,,EM FRENTE AO ARMAZEM MADEIRÃO  EM FRENTE AO MERCADINHO COMPRE MAIS,RUA CORREGO DO EUCLIDES,457,EM FRENTE AO ARMAZEM MADEIRÃO  EM FRENTE AO MERCADINHO COMPRE MAIS,ALTO JOSÉ BONIFÁCIO,,,COLISÃO,COLISÃO ENTRE DOIS AUTOS S/V,2,,,,,,,,,0,,,,,,,,,,,,,,
2018-07-28,02:22:00,SEM VÍTIMA,CANCELADA,DERBY,PRC DO DERBY,,AV GOV AGAMENON MAGALHAES,CRUZAMENTO COM A AV AGAMENON MAGALHÃES  EM FRENTE A ESTAÇÃO DO BRT,PRC DO DERBY,,CRUZAMENTO COM A AV AGAMENON MAGALHÃES  EM FRENTE A ESTAÇÃO DO BRT,DERBY,,,COLISÃO,COLISÃO ENTRE DOIS AUTOS S/V,2,,,,,,,,,0,,,,,,,,,,,,,,
2018-07-28,07:44:00,SEM VÍTIMA,FINALIZADA,CAMPO GRANDE,RUA FRANKLIN TAVORA,878,,ESQ COM A MADECOL,RUA FRANKLIN TAVORA,878,ESQ COM A MADECOL,CAMPO GRANDE,,,COLISÃO,DOIS AUTOS,2,,,,,,,,,0,,,,,,,,,,,,,,
2018-07-28,08:04:00,SEM VÍTIMA,FINALIZADA,CIDADE UNIVERSITÁRIA,AV PROFESSOR LUIZ FREIRE,,,EM FRENTE A ESCOLA TECNICA SEMAFORO 374,AV PROFESSOR LUIZ FREIRE,,EM FRENTE A ESCOLA TECNICA SEMAFORO 374,CIDADE UNIVERSITÁRIA,,,COLISÃO,SEM VITIMAS VEÍCULOS NA VIA SEM CONDIÇÕES DE SER REMOVIDOS,1,,,,,1,,,,0,,,,,,,,,,,,,,
2018-07-28,11:26:00,SEM VÍTIMA,FINALIZADA,AFOGADOS,RUA SAO MIGUEL,,,SEMÁFORO 053,RUA SAO MIGUEL,,SEMÁFORO 053,AFOGADOS,,,COLISÃO,SEM VÍTIMA,1,,,,,,1,,,0,,,,,,,,,,,,,,
2018-07-28,12:35:00,COM VÍTIMA,FINALIZADA,IPSEP,AV RECIFE,,,PROX. AO SEMÁFORO 055  SENTIDO BOA VIAGEM,AV RECIFE,,PROX. AO SEMÁFORO 055  SENTIDO BOA VIAGEM,IPSEP,,,COLISÃO,COLISÃO COM VITIMA,1,2,,,,,,,,1,,,,,,,,,,,,,,
2018-07-28,12:35:00,SEM VÍTIMA,PENDENTE,BOA VIAGEM,AV CONSELHEIRO AGUIAR,4834,,EM FRENTE AO MERCADO DE BOA VIAGEM,AV CONSELHEIRO AGUIAR,4834,EM FRENTE AO MERCADO DE BOA VIAGEM,BOA VIAGEM,,,COLISÃO,DOIS AUTOS,2,,,,,,,,,0,,,,,,,,,,,,,,
2018-07-28,12:48:00,COM VÍTIMA,CANCELADA,CABANGA,VDO PAPA JOAO PAULO II,S/N,,SUBIDA DO VDO LOGO APOS O CABANGA IATE CLUB,VDO PAPA JOAO PAULO II,S/N,SUBIDA DO VDO LOGO APOS O CABANGA IATE CLUB,CABANGA,,,COLISÃO,COLISÃO COM VITMA ENTRE AUTO E MOTO,,,,,,,,,,1,,,,,,,,,,,,,,
2018-07-28,12:50:00,SEM VÍTIMA,FINALIZADA,AFOGADOS,RUA SAO MIGUEL,432,,PROX. AO BANCO DO BRASIL,RUA SAO MIGUEL,432,PROX. AO BANCO DO BRASIL,AFOGADOS,,,COLISÃO,ONIBUS E AUTO,1,,,,,1,,,,0,,,,,,,,,,,,,,