data,hora,natureza_acidente,situacao,bairro,endereco,numero,detalhe_endereco_acidente,complemento,endereco_cruzamento,numero_cruzamento,referencia_cruzamento,bairro_cruzamento,num_semaforo,sentido_via,tipo,descricao,auto,moto,ciclom,ciclista,pedestre,onibus,caminhao,viatura,outros,vitimas,vitimasfatais,acidente_verificado,tempo_clima,situacao_semaforo,sinalizacao,condicao_via,conservacao_via,ponto_controle,situacao_placa,velocidade_max_via,mao_direcao,divisao_via1,divisao_via2,divisao_via3
2018-07-28,13:18:00,SEM VÍTIMA,CANCELADA,ESPINHEIRO,RUA CONS PORTELA,644,,EM FRENTE A GALERIA CONS. PORTELA,RUA CONS PORTELA,644,EM FRENTE A GALERIA CONS. PORTELA,ESPINHEIRO,,,COLISÃO,DOIS AUTOS,2,,,,,,,,,0,,,,,,,,,,,,,,
2018-07-28,13:42:00,SEM VÍTIMA,FINALIZADA,DERBY,AV GOVERNADOR AGAMENON MAGALHAES,,,WALL MART  SENTIDO OLINDA,AV GOVERNADOR AGAMENON MAGALHAES,,WALL MART  SENTIDO OLINDA,DERBY,,,COLISÃO,COLISÃO SEM VITIMAS,3,,,,,,,,,0,,,,,,,,,,,,,,
2018-07-28,14:01:00,SEM VÍTIMA,FINALIZADA,BOA VIAGEM,RUA BALTAZAR PASSOS,310,,EM FRENTE A PADARIA PAN JOVEM,RUA BALTAZAR PASSOS,310,EM FRENTE A PADARIA PAN JOVEM,BOA VIAGEM,,,COLISÃO,COLISÃO SEM VÍTIMA,2,,,,,,,,,0,,,,,,,,,,,,,,
2018-07-28,14:43:00,COM VÍTIMA,FINALIZADA,BOA VIAGEM,RUA DES JOAO PAES,590,,EM FRENTE AO EDF. FORTE DE SANTA CATARINA,RUA DES JOAO PAES,590,EM FRENTE AO EDF. FORTE DE SANTA CATARINA,BOA VIAGEM,,,COLISÃO,DOIS AUTOS,2,,,,,,,,,1,,,,,,,,,,,,,,
2018-07-28,15:09:00,SEM VÍTIMA,FINALIZADA,TORRE,AV DOIS RIOS,,,NO FINAL DA PONTE DA TORRE  SENTIDO CARREFOR JUNTO AO SEMÁFORO 630,AV DOIS RIOS,,NO FINAL DA PONTE DA TORRE  SENTIDO CARREFOR JUNTO AO SEMÁFORO 630,TORRE,,,COLISÃO,COLISÃO SEM VITIMAS,2,,,,,,,,,0,,,,,,,,,,,,,,
2018-07-28,15:55:00,SEM VÍTIMA,FINALIZADA,AFOGADOS,EST DOS REMEDIOS,1848,,DEPPOIS DA CONCESSIONARIA NISSAN,EST DOS REMEDIOS,1848,DEPPOIS DA CONCESSIONARIA NISSAN,AFOGADOS,,,COLISÃO,COLISAO SEM VITIMA ENVOLVENDO ENVOLVENDO AUTO E ONIBUS,1,,,,,1,,,,0,,,,,,,,,,,,,,
2018-07-28,17:44:00,COM VÍTIMA,FINALIZADA,IMBIRIBEIRA,RUA ARQUITETO LUIZ NUNES,375,,,RUA ARQUITETO LUIZ NUNES,375,,IMBIRIBEIRA,,,COLISÃO,COLISÃO COM VÍTIMA  ENVOLVENDO 2 MOTOCICLETAS.,,2,,,,,,,,1,,,,,,,,,,,,,,
2018-07-28,20:40:00,COM VÍTIMA,CANCELADA,IPUTINGA,RUA ODETE MONTEIRO,,,PRÓX AO POSTO PETROCAL E MARTELO DE OURO / SEMÁFORO 589,RUA ODETE MONTEIRO,,PRÓX AO POSTO PETROCAL E MARTELO DE OURO / SEMÁFORO 589,IPUTINGA,,,COLISÃO,ENTRE AUTO E MOTO. C/V,1,1,,,,,,,,2,,,,,,,,,,,,,,
2018-07-28,22:26:00,SEM VÍTIMA,FINALIZADA,CABANGA,RUA NOVA DA CABANGA,,,NA DESCIDA DO VIADUTO DO CABANGA/S/TBOA VIAGEM,RUA NOVA DA CABANGA,,NA DESCIDA DO VIADUTO DO CABANGA/S/TBOA VIAGEM,CABANGA,,,COLISÃO,MOTO E AUTO S/V,1,1,,,,,,,,0,,,,,,,,,,,,,,
2018-07-29,01:49:00,SEM VÍTIMA,FINALIZADA,MADALENA,RUA JOSE OSORIO,,,E/F AO POSTO BR E RM EXPRESS / PRÓX A ALDOCAR E IGREJA DA MADALENA,RUA JOSE OSORIO,,E/F AO POSTO BR E RM EXPRESS / PRÓX A ALDOCAR E IGREJA DA MADALENA,MADALENA,,,CHOQUE,ENTRE AUTO E PRISMA DE CONCRETO. S/V,1,,,,,,,,,0,,,,,,,,,,,,,,
2018-07-29,03:57:00,SEM VÍTIMA,FINALIZADA,APIPUCOS,RUA DE APIPUCOS,,,EM FRENTE AO ARCADIA RECEPÇÕES,RUA DE APIPUCOS,,EM FRENTE AO ARCADIA RECEPÇÕES,APIPUCOS,,,CHOQUE,CONDUTOR PERDEU O CONTROLE DO VEÍCULO  E CHOCOU-SE CONTRA UM VEÍCULO ESTACIONADO,2,,,,,,,,,0,,,,,,,,,,,,,,
2018-07-29,10:01:00,SEM VÍTIMA,FINALIZADA,ROSARINHO,AV NORTE,,,PRAÇA DO ROSARINHO,AV NORTE,,PRAÇA DO ROSARINHO,ROSARINHO,,,COLISÃO,DUAS MOTOS SEM VITIMA,,2,,,,,,,,0,,,,,,,,,,,,,,
2018-07-29,13:11:00,COM VÍTIMA,FINALIZADA,VASCO DA GAMA,RUA ALTO DO EUCALIPTO,202,,PROXIMO AO SUPERMECADO RENDE MAIS,RUA ALTO DO EUCALIPTO,202,PROXIMO AO SUPERMECADO RENDE MAIS,VASCO DA GAMA,,,COLISÃO COM CICLISTA,COM VÍTIMA,1,,,1,,,,,,1,,,,,,,,,,,,,,
2018-07-29,13:58:00,SEM VÍTIMA,FINALIZADA,IPUTINGA,RUA ANTONIO DE SANTA,91,,PROXIMO A ESCOLA MUNICIPAL EBENEZER GUEIROS,RUA ANTONIO DE SANTA,91,PROXIMO A ESCOLA MUNICIPAL EBENEZER GUEIROS,IPUTINGA,,,COLISÃO,COLISÃO SEM VÍTIMA,2,,,,,,,,,0,,,,,,,,,,,,,,
2018-07-29,14:05:00,SEM VÍTIMA,FINALIZADA,AREIAS,AV DR JOSE RUFINO,29,,EM FRENTE AUTOMOTIVO SÃO PEDRO/ SENTIDO JABOATÃO,AV DR JOSE RUFINO,29,EM FRENTE AUTOMOTIVO SÃO PEDRO/ SENTIDO JABOATÃO,AREIAS,,,COLISÃO,COLISÃO SEM VÍTIMA,2,,,,,,,,,0,,,,,,,,,,,,,,
2018-07-29,18:36:00,SEM VÍTIMA,FINALIZADA,VASCO DA GAMA,RUA VASCO DA GAMA,1498,,NA DECIDA DO VISGUEIRO SENTIDO CIDADE,RUA VASCO DA GAMA,1498,NA DECIDA DO VISGUEIRO SENTIDO CIDADE,VASCO DA GAMA,,,COLISÃO,ONIBUS PEDROSA X FOX,1,,,,,1,,,,0,,,,,,,,,,,,,,
2018-07-29,20:57:00,COM VÍTIMA,FINALIZADA,BAIRRO DO RECIFE,CAIS DO APOLO,,,EM FRENTE AO PREDIO DA POLICIA FEDERAL,CAIS DO APOLO,,EM FRENTE AO PREDIO DA POLICIA FEDERAL,BAIRRO DO RECIFE,,,CHOQUE,CHOQUE  SEGUIDO DE TOMBAMENTO  C/VITIMA,1,,,,,,,,,1,,,,,,,,,,,,,,
2018-07-29,23:54:00,SEM VÍTIMA,CANCELADA,PINA,RUA CAPITAO REBELINHO,,RUA VICENCIA,CRUZAMENTO COM A RUA VICENCIA,RUA CAPITAO REBELINHO,,CRUZAMENTO COM A RUA VICENCIA,PINA,,,CHOQUE,FIAT ESTILO X POSTO OBS:: MOTORISTA ABANDONOU O VEICULO NO MEIO DA VIA,1,,,,,,,,,0,,,,,,,,,,,,,,
2018-07-30,01:26:00,SEM VÍTIMA,FINALIZADA,BOA VIAGEM,AV ENGENHEIRO DOMINGOS FERREIRA,,RUA FELIX DE BRITO E MELO,CRUZAMENTO COM A FELIX DE BRITO,AV ENGENHEIRO DOMINGOS FERREIRA,,CRUZAMENTO COM A FELIX DE BRITO,BOA VIAGEM,,,CHOQUE,VEICULO CHOCOU-SE COM O POSTE DO SEMAFORO DE N. 545,1,,,,,,,,,0,,,,,,,,,,,,,,
2018-07-30,01:39:00,VÍTIMA FATAL,FINALIZADA,BOA VIAGEM,AV BOA VIAGEM,,,ENF AO CLUBE OFICIAIS DA AERONAUTICA,AV BOA VIAGEM,,ENF AO CLUBE OFICIAIS DA AERONAUTICA,BOA VIAGEM,,,COLISÃO,TITAN 150 X ONIX PRETO,1,1,,,,,,,,1,1,,,,,,,,,,,,,
2018-07-30,02:30:00,COM VÍTIMA,FINALIZADA,BAIRRO DO RECIFE,CAIS DO APOLO,321,,EM FRENTE AO POSTO BRT DO CAIS DO APOLO // PRÓX AO BANCO DO BRASIL,CAIS DO APOLO,321,EM FRENTE AO POSTO BRT DO CAIS DO APOLO // PRÓX AO BANCO DO BRASIL,BAIRRO DO RECIFE,,,CHOQUE,VEÍCULO CHOCOU-SE CONTRA O POSTE,1,,,,,,,,,1,,,,,,,,,,,,,,
2018-07-30,07:06:00,COM VÍTIMA,FINALIZADA,DERBY,AV GOVERNADOR AGAMENON MAGALHAES,,,E/F AO HOSPITAL PORTUGUES S/T OLNDA,AV GOVERNADOR AGAMENON MAGALHAES,,E/F AO HOSPITAL PORTUGUES S/T OLNDA,DERBY,,,ATROPELAMENTO,ATROPELAMENTO DE MOTO COM PEDESTRE,,1,,,1,,,,,1,,,,,,,,,,,,,,
2018-07-30,08:11:00,COM VÍTIMA,FINALIZADA,BAIRRO DO RECIFE,AV ALFREDO LISBOA,,,E/F AO MUSEU CAIS DO SERTÃO,AV ALFREDO LISBOA,,E/F AO MUSEU CAIS DO SERTÃO,BAIRRO DO RECIFE,,,COLISÃO,COM UMA VÍTIMA,1,1,,,,,,,,1,,,,,,,,,,,,,,
2018-07-30,08:34:00,SEM VÍTIMA,FINALIZADA,NOVA DESCOBERTA,RUA NOVA DESCOBERTA,642,,PROX. A PANIFICADORA KELLY,RUA NOVA DESCOBERTA,642,PROX. A PANIFICADORA KELLY,NOVA DESCOBERTA,,,COLISÃO,COMPLEMENTAR E AUTO,1,,,,,1,,,,0,,,,,,,,,,,,,,
2018-07-30,10:21:00,SEM VÍTIMA,FINALIZADA,CORDEIRO,AV CAXANGA,2555,,E/F A AUTO PEÇAS SÃO JOÃO,AV CAXANGA,2555,E/F A AUTO PEÇAS SÃO JOÃO,CORDEIRO,,,COLISÃO,SEM VÍTIMAS,3,,,,,,,,,0,,,,,,,,,,,,,,
2018-07-30,10:28:00,COM VÍTIMA,FINALIZADA,PINA,AV HERCULANO BANDEIRA,,,SEMÁFORO 137,AV HERCULANO BANDEIRA,,SEMÁFORO 137,PINA,,,COLISÃO,COM VÍTIMA,1,1,,,,,,,,1,,,,,,,,,,,,,,
2018-07-30,11:45:00,SEM VÍTIMA,FINALIZADA,GRAÇAS,PRC DO ENTRONCAMENTO,,,E/F A O COLEGIO VERA CRUZ,PRC DO ENTRONCAMENTO,,E/F A O COLEGIO VERA CRUZ,GRAÇAS,,,COLISÃO,COLISAO ENTRE DOIS AUTOS /V,2,,,,,,,,,0,,,,,,,,,,,,,,
2018-07-30,11:57:00,SEM VÍTIMA,FINALIZADA,BOA VIAGEM,AV ENGENHEIRO DOMINGOS FERREIRA,2574,,EM FRENTE AO CONJUNTO RESIDENCIAL JK,AV ENGENHEIRO DOMINGOS FERREIRA,2574,EM FRENTE AO CONJUNTO RESIDENCIAL JK,BOA VIAGEM,,,COLISÃO,COLISÃO SEM VÍTIMA,2,,,,,,,,,0,,,,,,,,,,,,,,
2018-07-30,12:17:00,COM VÍTIMA,FINALIZADA,JAQUEIRA,RUA LEONARDO BEZERRA CAVALCANTE,300,,EM FRENTE AO EDIFICIO ESTAÇÃO JAQUEIRA,RUA LEONARDO BEZERRA CAVALCANTE,300,EM FRENTE AO EDIFICIO ESTAÇÃO JAQUEIRA,JAQUEIRA,,,COLISÃO,COLISÃO COM VÍTIMA,1,1,,,,,,,,1,,,,,,,,,,,,,,
2018-07-30,13:57:00,SEM VÍTIMA,FINALIZADA,PINA,AV REPUBLICA DO LIBANO,,,DENTRO DO TUNEL DO SHOPPING RIOMAR,AV REPUBLICA DO LIBANO,,DENTRO DO TUNEL DO SHOPPING RIOMAR,PINA,,,COLISÃO,COLISAO ENTRE DOIS AUTOS S/V,2,,,,,,,,,0,,,,,,,,,,,,,,
2018-07-30,14:13:00,SEM VÍTIMA,FINALIZADA,ILHA JOANA BEZERRA,AV ENGENHEIRO JOSE ESTELITA,,,PROX. NO FINAL DO VIADUTO CAPITÃO TEMUDO  SENTIDO RIO MAR,AV ENGENHEIRO JOSE ESTELITA,,PROX. NO FINAL DO VIADUTO CAPITÃO TEMUDO  SENTIDO RIO MAR,ILHA JOANA BEZERRA,,,COLISÃO,COLISÃO SEM VÍTIMA,2,,,,,,,,,0,,,,,,,,,,,,,,
2018-07-30,14:14:00,SEM VÍTIMA,FINALIZADA,BOA VIAGEM,RUA SETUBAL,914,,EM FRENTE AO EDIFICIO LUCA,RUA SETUBAL,914,EM FRENTE AO EDIFICIO LUCA,BOA VIAGEM,,,COLISÃO,COLISÃO SEM VÍTIMA,2,,,,,,,,,0,,,,,,,,,,,,,,
2018-07-30,14:41:00,SEM VÍTIMA,FINALIZADA,IBURA,AV CAMPO VERDE,112,,PROXIMO A GRAJA FRANGO BRILHANTE E AO TERMINAL DE TRÊS CARNEIROS BAIXO,AV CAMPO VERDE,112,PROXIMO A GRAJA FRANGO BRILHANTE E AO TERMINAL DE TRÊS CARNEIROS BAIXO,IBURA,,,COLISÃO,COLISÃO SEM VÍTIMA,1,,,,,1,,,,0,,,,,,,,,,,,,,
2018-07-30,14:46:00,COM VÍTIMA,FINALIZADA,ILHA DO LEITE,AV LINS PETIT,,,EM FRENTE AO HOSPITAL ILHA DO LEITE,AV LINS PETIT,,EM FRENTE AO HOSPITAL ILHA DO LEITE,ILHA DO LEITE,,,COLISÃO,COLISAO COM VITIMA ENTRE AUTO E MOTO,1,1,,,,,,,,1,,,,,,,,,,,,,,
2018-07-30,15:14:00,SEM VÍTIMA,FINALIZADA,SÃO JOSÉ,AV DANTAS BARRETO,,,E/F AO IMPERIO DOS FOGOES S/T PRAÇA SEGIO LORETO,AV DANTAS BARRETO,,E/F AO IMPERIO DOS FOGOES S/T PRAÇA SEGIO LORETO,SÃO JOSÉ,,,COLISÃO,COLISAO ENTRE DOIS AUTOS S/V,2,,,,,,,,,0,,,,,,,,,,,,,,
2018-07-30,15:37:00,SEM VÍTIMA,FINALIZADA,CASA AMARELA,AV NORTE,,,PROX. SESC   SENTIDO SUBURBIO CIDADE,AV NORTE,,PROX. SESC   SENTIDO SUBURBIO CIDADE,CASA AMARELA,,,COLISÃO,COLISÃO SEM VITIMA,,,,,,1,1,,,0,,,,,,,,,,,,,,
2018-07-30,15:40:00,SEM VÍTIMA,FINALIZADA,ILHA DO LEITE,RUA ANTONIO GOMES DE FREITAS,,,E/F AO HOSPITAL ESPERANÇA,RUA ANTONIO GOMES DE FREITAS,,E/F AO HOSPITAL ESPERANÇA,ILHA DO LEITE,,,COLISÃO,COLISAO ENTRE ONIBUS E AUTO S/V,1,,,,,1,,,,0,,,,,,,,,,,,,,
2018-07-30,16:50:00,SEM VÍTIMA,CANCELADA,BOA VISTA,AV CONDE DA BOA VISTA,,,E/F AO POLITEC S/T DERBY,AV CONDE DA BOA VISTA,,E/F AO POLITEC S/T DERBY,BOA VISTA,,,COLISÃO,COLISAO ENTRE DOIS AUTOS S/V,2,,,,,,,,,0,,,,,,,,,,,,,,
2018-07-30,17:28:00,SEM VÍTIMA,FINALIZADA,ESPINHEIRO,RUA DA HORA,786,,EM FRENTE AO EDIFICIO AMSTERDAM,RUA DA HORA,786,EM FRENTE AO EDIFICIO AMSTERDAM,ESPINHEIRO,,,COLISÃO,COLISÃO SEM VÍTIMA,2,,,,,,,,,0,,,,,,,,,,,,,,
2018-07-30,17:55:00,SEM VÍTIMA,FINALIZADA,BOA VIAGEM,AV CONSELHEIRO AGUIAR,,RUA PADRE CARAPUCEIRO,CRUZAMENTO DA PADRE CARAPUCEIRO/ SEMAFORO 115,AV CONSELHEIRO AGUIAR,,CRUZAMENTO DA PADRE CARAPUCEIRO/ SEMAFORO 115,BOA VIAGEM,,,COLISÃO,DOIS AUTOS S/V,2,,,,,,,,,0,,,,,,,,,,,,,,
2018-07-30,18:04:00,COM VÍTIMA,FINALIZADA,BOA VIAGEM,AV BOA VIAGEM,4530,,EM FRENTE AO CASTELINHO,AV BOA VIAGEM,4530,EM FRENTE AO CASTELINHO,BOA VIAGEM,,,ATROPELAMENTO,A VT31 ESTAVA EM FISCALIZAÇÃO QUANDO SE DEPAROU COM UM ATROPELAMENTO. A MESMA INICIOU O ATENDIMENTO.,,,,,1,,,,,1,,,,,,,,,,,,,,
2018-07-30,18:06:00,SEM VÍTIMA,FINALIZADA,VÁRZEA,AV AFONSO OLINDENSE,,,PONTE DA UPA DA AV CAXANGA / POSTO SHELL,AV AFONSO OLINDENSE,,PONTE DA UPA DA AV CAXANGA / POSTO SHELL,VÁRZEA,,,ENGAVETAMENTO,COLISÃO ENTRE CARRO  MOTO E CAMINHONETE,2,1,,,,,,,,0,,,,,,,,,,,,,,
2018-07-30,18:19:00,SEM VÍTIMA,FINALIZADA,SAN MARTIN,AV GENERAL SAN MARTIN,,,EM FRENTE AO IPA,AV GENERAL SAN MARTIN,,EM FRENTE AO IPA,SAN MARTIN,,,COLISÃO,TRES AUTOS S/V,3,,,,,,,,,0,,,,,,,,,,,,,,
2018-07-30,19:07:00,SEM VÍTIMA,CANCELADA,CASA FORTE,AV DEZESSETE DE AGOSTO,1722,,EM FRENTE A FAMACIA EXTRA FARMA SEMAFORO 469,AV DEZESSETE DE AGOSTO,1722,EM FRENTE A FAMACIA EXTRA FARMA SEMAFORO 469,CASA FORTE,,,COLISÃO,DOIS AUTOS S/V,2,,,,,,,,,0,,,,,,,,,,,,,,
2018-07-30,19:12:00,SEM VÍTIMA,FINALIZADA,MACAXEIRA,AV NORTE,,,EM FRENTE A MATERNIDADE BARROS LIMA,AV NORTE,,EM FRENTE A MATERNIDADE BARROS LIMA,MACAXEIRA,,,COLISÃO,DUAS MOTOS S/V,,2,,,,,,,,0,,,,,,,,,,,,,,
2018-07-30,19:54:00,SEM VÍTIMA,FINALIZADA,IPUTINGA,RUA BOM PASTOR,30,RUA COMENDADOS ALVARES DE CARVALHO,CRUZAMENTO COM A RUA COMENDADOR ALVARES DE CARVALHO,RUA BOM PASTOR,30,CRUZAMENTO COM A RUA COMENDADOR ALVARES DE CARVALHO,IPUTINGA,,,COLISÃO,SANDERO X HB 20,2,,,,,,,,,0,,,,,,,,,,,,,,
2018-07-30,20:14:00,SEM VÍTIMA,CANCELADA,JARDIM SÃO PAULO,AV LIBERDADE,110,,ENF AO EDF VILA JARDINS PROX A ANTIGA DELEGACIA DE ROUBO E FURTO,AV LIBERDADE,110,ENF AO EDF VILA JARDINS PROX A ANTIGA DELEGACIA DE ROUBO E FURTO,JARDIM SÃO PAULO,,,COLISÃO,MOTO X PALIO,1,1,,,,,,,,0,,,,,,,,,,,,,,
2018-07-30,20:20:00,SEM VÍTIMA,FINALIZADA,CORDEIRO,AV INACIO MONTEIRO,,AV CAXANGA,CRUZAMENTO COM AV CAXANGA PROX AOS POSTO FEDERAL,AV INACIO MONTEIRO,,CRUZAMENTO COM AV CAXANGA PROX AOS POSTO FEDERAL,CORDEIRO,,,COLISÃO,FIAT UNO X AUTO,2,,,,,,,,,0,,,,,,,,,,,,,,
2018-07-30,21:05:00,SEM VÍTIMA,FINALIZADA,ROSARINHO,AV NORTE,,,PROX A PADARIA ROSARINHO E POSTO SHELL,AV NORTE,,PROX A PADARIA ROSARINHO E POSTO SHELL,ROSARINHO,,,CHOQUE,AUTO E GELO BAHIANO,1,,,,,,,,1,0,,,,,,,,,,,,,,
2018-07-30,23:03:00,COM VÍTIMA,FINALIZADA,CORDEIRO,AV ENGENHEIRO ABDIAS DE CARVALHO,,,EM FRENTE A DROGA MARIA/SEMAFORO 422,AV ENGENHEIRO ABDIAS DE CARVALHO,,EM FRENTE A DROGA MARIA/SEMAFORO 422,CORDEIRO,,,COLISÃO,DOIS AUTOS C/V,2,,,,,,,,,1,,,,,,,,,,,,,,
2018-07-30,23:17:00,SEM VÍTIMA,FINALIZADA,BOA VIAGEM,RUA DES JOAO PAES,,,EM FRENTE A FERREIRA PINTO  ANTES DA ENTRADA DO TUNEL QUE DA ASCESSO AO SHOPING RECIFE/SEMAFORO 567,RUA DES JOAO PAES,,EM FRENTE A FERREIRA PINTO  ANTES DA ENTRADA DO TUNEL QUE DA ASCESSO AO SHOPING RECIFE/SEMAFORO 567,BOA VIAGEM,,,COLISÃO,UM CAMINHAO E AUTO S/V,1,,,,,,1,,,0,,,,,,,,,,,,,,
2018-07-31,00:10:00,COM VÍTIMA,FINALIZADA,SÃO JOSÉ,RUA DA CONCORDIA,S/N,,RUA SÃO JOÃO,RUA DA CONCORDIA,S/N,RUA SÃO JOÃO,SÃO JOSÉ,,,COLISÃO,NO CRUZAMENTO,2,,,,,,,,,1,,,,,,,,,,,,,,
2018-07-31,07:55:00,SEM VÍTIMA,PENDENTE,NOVA DESCOBERTA,AV CHAGAS FERREIRA,,,EM FRENTE AO CAMPO SANTA TERESA E AO LADO DO MERCADINHO DO ROGERIO,AV CHAGAS FERREIRA,,EM FRENTE AO CAMPO SANTA TERESA E AO LADO DO MERCADINHO DO ROGERIO,NOVA DESCOBERTA,,,COLISÃO,SEM VITIMAS,,,,,,1,1,,,0,,,,,,,,,,,,,,
2018-07-31,07:55:00,COM VÍTIMA,FINALIZADA,SANTO AMARO,AV CRUZ CABUGA,,,EM FRENTE A 7 DIVISÃO DO EXERCITO- 21 CSM,AV CRUZ CABUGA,,EM FRENTE A 7 DIVISÃO DO EXERCITO- 21 CSM,SANTO AMARO,,,COLISÃO,COLISÃO COM VITIMA,1,1,,,,,,,,1,,,,,,,,,,,,,,
2018-07-31,08:15:00,SEM VÍTIMA,FINALIZADA,BOA VIAGEM,AV DES JOSE NEVES,380,,EM FRENTE AO ANTIGO CARREFOUR SENTIDO VIA MANGUE NA ENTRADA DO TUNEL AUGUSTO LUCENA,AV DES JOSE NEVES,380,EM FRENTE AO ANTIGO CARREFOUR SENTIDO VIA MANGUE NA ENTRADA DO TUNEL AUGUSTO LUCENA,BOA VIAGEM,,,COLISÃO,COLISÃO SEM VITIMAS,3,,,,,,,,,0,,,,,,,,,,,,,,
2018-07-31,09:42:00,SEM VÍTIMA,FINALIZADA,BOA VIAGEM,AV BOA VIAGEM,58,,EM FRENTE EDIFICIO RIO BEIRA MAR RESIDENCE,AV BOA VIAGEM,58,EM FRENTE EDIFICIO RIO BEIRA MAR RESIDENCE,BOA VIAGEM,,,COLISÃO,COLISÃO SEM VITIMAS,1,1,,,,,,,,0,,,,,,,,,,,,,,
2018-07-31,09:57:00,SEM VÍTIMA,FINALIZADA,PARNAMIRIM,RUA PADRE ROMA,652,,POR TRÁS DO SUPERMERCADO PÃO DE AÇUCAR,RUA PADRE ROMA,652,POR TRÁS DO SUPERMERCADO PÃO DE AÇUCAR,PARNAMIRIM,,,COLISÃO,SEM VITIMAs,2,,,,,,,,,0,,,,,,,,,,,,,,
2018-07-31,10:36:00,SEM VÍTIMA,FINALIZADA,AFOGADOS,RUA IMPERIAL,1281,,COLISÃO ENTRE DOIS AUTOS,RUA IMPERIAL,1281,COLISÃO ENTRE DOIS AUTOS,AFOGADOS,,,COLISÃO,VW GOL / FIAT FIORINO,2,,,,,,,,,0,,,,,,,,,,,,,,
2018-07-31,11:03:00,SEM VÍTIMA,FINALIZADA,BAIRRO DO RECIFE,AV ALFREDO LISBOA,,,NO ESTACIONAMENTO DO PRIMEIRO GALPÃO EM FRENTE A O CIMENTO NASSAU,AV ALFREDO LISBOA,,,BAIRRO DO RECIFE,,,COLISÃO,SEM VITIMAS,1,,,,,,1,,,0,,,,,,,,,,,,,,
2018-07-31,11:06:00,SEM VÍTIMA,FINALIZADA,SÃO JOSÉ,RUA DA CONCORDIA,,,C RUA SÃO JOÃO,RUA DA CONCORDIA,,C RUA SÃO JOÃO,SÃO JOSÉ,,,CHOQUE,VEÍCULO FOI ABANDONADO APÓS O ACIDENTE,1,,,,,,,,,0,,,,,,,,,,,,,,
2018-07-31,11:33:00,COM VÍTIMA,FINALIZADA,AFOGADOS,RUA SAO MIGUEL,,,AO LADO DA IGREJA DA SÉ  PROX. A MATERNIDADE BANDEIRA FILHO,RUA SAO MIGUEL,,AO LADO DA IGREJA DA SÉ  PROX. A MATERNIDADE BANDEIRA FILHO,AFOGADOS,,,COLISÃO COM CICLISTA,ONIBUS E CILISTA,,,,1,,1,,,,1,,,,,,,,,,,,,,
2018-07-31,14:07:00,SEM VÍTIMA,FINALIZADA,ESPINHEIRO,RUA QUARENTA E OITO,213,,PROX. A ANTIGA FARMACIA BIG BEM,RUA QUARENTA E OITO,213,PROX. A ANTIGA FARMACIA BIG BEM,ESPINHEIRO,,,COLISÃO,COLISÃO SEM VITIMAS,1,1,,,,,,,,0,,,,,,,,,,,,,,
2018-07-31,14:31:00,COM VÍTIMA,FINALIZADA,SAN MARTIN,AV GENERAL SAN MARTIN,,,PROX. A PRAÇA DE SAN MARTIN,AV GENERAL SAN MARTIN,,PROX. A PRAÇA DE SAN MARTIN,SAN MARTIN,,,COLISÃO COM CICLISTA,O PEDESTRE ESTAVA DE BICICLETA,1,,,1,,,,,,1,,,,,,,,,,,,,,
2018-07-31,15:07:00,SEM VÍTIMA,FINALIZADA,IPUTINGA,AV CAXANGA,3010,,EM FRENTE AO EXTRA/ SENTIDO BR,AV CAXANGA,3010,EM FRENTE AO EXTRA/ SENTIDO BR,IPUTINGA,,,COLISÃO,COLISÃO SEM VÍTIMA,3,,,,,,,,,0,,,,,,,,,,,,,,
2018-07-31,15:11:00,SEM VÍTIMA,CANCELADA,BOA VIAGEM,AV CONSELHEIRO AGUIAR,2034,,EM FRENTE AO MINUTO PÃO DE AÇÚCAR,AV CONSELHEIRO AGUIAR,2034,EM FRENTE AO MINUTO PÃO DE AÇÚCAR,BOA VIAGEM,,,COLISÃO,COLISÃO SEM VÍTIMA,1,,,,,1,,,,0,,,,,,,,,,,,,,
2018-07-31,15:36:00,COM VÍTIMA,FINALIZADA,SAN MARTIN,RUA VINTE E DOIS DE ABRIL,,,PROX. A IMPRELL  SENTIDO DO TERMINAL DE ONIBUS PARA A IMPRELL,RUA VINTE E DOIS DE ABRIL,,PROX. A IMPRELL  SENTIDO DO TERMINAL DE ONIBUS PARA A IMPRELL,SAN MARTIN,,,ATROPELAMENTO,VITIMA ESTAVA A PÉ  UMA SENHORA,,,1,,1,,,,,1,,,,,,,,,,,,,,
2018-07-31,16:21:00,SEM VÍTIMA,FINALIZADA,PARNAMIRIM,AV PARNAMIRIM,294,,EM FRENTE A AUTO BRAGA,AV PARNAMIRIM,294,EM FRENTE A AUTO BRAGA,PARNAMIRIM,,,COLISÃO,COLISÃO SEM VÍTIMA,2,,,,,,,,,0,,,,,,,,,,,,,,
2018-07-31,16:23:00,SEM VÍTIMA,FINALIZADA,MADALENA,RUA JOSE BONIFACIO,,,NA FRENTE DA HONDA,RUA JOSE BONIFACIO,,NA FRENTE DA HONDA,MADALENA,,,COLISÃO,COLISÃO SEM VÍTIMA,2,,,,,,,,,0,,,,,,,,,,,,,,
2018-07-31,16:43:00,SEM VÍTIMA,FINALIZADA,IPSEP,AV RECIFE,,,AO LADO DO NUCLEO DA POLICIA  SENTIDO IBURA,AV RECIFE,,AO LADO DO NUCLEO DA POLICIA  SENTIDO IBURA,IPSEP,,,COLISÃO,COLISÃO SEM VÍTIMA,1,,,,,1,,,,0,,,,,,,,,,,,,,
2018-07-31,16:49:00,SEM VÍTIMA,CANCELADA,BOA VIAGEM,AV ENGENHEIRO DOMINGOS FERREIRA,,,APOS O CARREFOUR PRIMEIRA PARADA DO SHOPPING,AV ENGENHEIRO DOMINGOS FERREIRA,,APOS O CARREFOUR PRIMEIRA PARADA DO SHOPPING,BOA VIAGEM,,,COLISÃO,COLISAO ENTRE ONIBUS E AUTO S/V,1,,,,,1,,,,0,,,,,,,,,,,,,,
2018-07-31,16:53:00,SEM VÍTIMA,FINALIZADA,IPUTINGA,EST DO BARBALHO,,AV MAURICIO DE NASSAU,CRUZ COM MAURICIO DE NASSAU,EST DO BARBALHO,,CRUZ COM MAURICIO DE NASSAU,IPUTINGA,,,COLISÃO,COLISÃO ENTRE AUTO E MOTO SEM VÍTIMA,1,1,,,,,,,,0,,,,,,,,,,,,,,