data,hora,natureza_acidente,situacao,bairro,endereco,numero,detalhe_endereco_acidente,complemento,endereco_cruzamento,numero_cruzamento,referencia_cruzamento,bairro_cruzamento,num_semaforo,sentido_via,tipo,descricao,auto,moto,ciclom,ciclista,pedestre,onibus,caminhao,viatura,outros,vitimas,vitimasfatais,acidente_verificado,tempo_clima,situacao_semaforo,sinalizacao,condicao_via,conservacao_via,ponto_controle,situacao_placa,velocidade_max_via,mao_direcao,divisao_via1,divisao_via2,divisao_via3
2018-07-31,17:00:00,SEM VÍTIMA,FINALIZADA,CAXANGÁ,AV CAXANGA,,,PROX AO BRADESCO S/T CID,AV CAXANGA,,PROX AO BRADESCO S/T CID,CAXANGÁ,,,COLISÃO,COLISAO ENTRE AUTO E BRT S/V,1,,,,,1,,,,0,,,,,,,,,,,,,,
2018-07-31,18:26:00,SEM VÍTIMA,CANCELADA,BOA VISTA,RUA GERVASIO PIRES,280,,EM FRENTE LIVFARMA  ESQUINA DO SHOPPING BOA VISTA,RUA GERVASIO PIRES,280,EM FRENTE LIVFARMA  ESQUINA DO SHOPPING BOA VISTA,BOA VISTA,,,COLISÃO,COLISÃO ENTRE DOIS AUTOS S/V,2,,,,,,,,,0,,,,,,,,,,,,,,
2018-07-31,19:05:00,COM VÍTIMA,CANCELADA,ILHA DO RETIRO,AV ENGENHEIRO ABDIAS DE CARVALHO,,RUA COMENDADOR BENTO AGUIAR,CRUZAMENTO COM A RUA COMENDADOR BENTO AGUIAR SENTIDO BR,AV ENGENHEIRO ABDIAS DE CARVALHO,,CRUZAMENTO COM A RUA COMENDADOR BENTO AGUIAR SENTIDO BR,ILHA DO RETIRO,,,COLISÃO,DUAS MOTOS,,2,,,,,,,,2,,,,,,,,,,,,,,
2018-07-31,19:12:00,SEM VÍTIMA,FINALIZADA,SANTO AMARO,AV NORTE,,RUA DA AURORA,CRUZAMENTO COM A RUA DA AURORA  SEMAFORO 243,AV NORTE,,CRUZAMENTO COM A RUA DA AURORA  SEMAFORO 243,SANTO AMARO,,,COLISÃO,COLISÃO ENTRE DOIS AUTOS S/V,2,,,,,,,,,0,,,,,,,,,,,,,,
2018-07-31,19:30:00,COM VÍTIMA,CANCELADA,SANTO AMARO,AV GOVERNADOR AGAMENON MAGALHAES,,,EM FRENTE A UNICORDIS NO SENTIDO BOA VIAGEM,AV GOVERNADOR AGAMENON MAGALHAES,,EM FRENTE A UNICORDIS NO SENTIDO BOA VIAGEM,SANTO AMARO,,,COLISÃO,COLISAO ENTRE AUTOMOVEL PASSEIO E MOTO,1,1,,,,,,,,1,,,,,,,,,,,,,,
2018-07-31,19:47:00,SEM VÍTIMA,FINALIZADA,ESPINHEIRO,RUA JOSE LUIZ DA SILVEIRA BARROS,,AV GOV AGAMENON MAGALHAES,ESQUINA COM A AV. GOV. AGAMENON MAGALHÃES,RUA JOSE LUIZ DA SILVEIRA BARROS,,ESQUINA COM A AV. GOV. AGAMENON MAGALHÃES,ESPINHEIRO,,,COLISÃO,COLISÃO ENTRE DOIS AUTOS S/V,2,,,,,,,,,0,,,,,,,,,,,,,,
2018-07-31,21:04:00,SEM VÍTIMA,FINALIZADA,CASA AMARELA,AV NORTE,6061,,ENF AO DESKONTAO SENTIDO RECIIFE,AV NORTE,6061,ENF AO DESKONTAO SENTIDO RECIIFE,CASA AMARELA,,,COLISÃO,BROSS X CORSA CLASSIC,1,1,,,,,,,,0,,,,,,,,,,,,,,
2018-08-01,07:00:00,SEM VÍTIMA,FINALIZADA,ESPINHEIRO,RUA QUARENTA E OITO,,,EM FRENTE A FARMARCIA PERMANENTE,RUA QUARENTA E OITO,,EM FRENTE A FARMARCIA PERMANENTE,ESPINHEIRO,,,COLISÃO,COLISAO SEM VITIMAS,1,,,,,1,,,,0,,,,,,,,,,,,,,
2018-08-01,07:05:00,COM VÍTIMA,FINALIZADA,MADALENA,AV VISCONDE DE ALBUQUERQUE,836,,PRAÇA EÇA DE QUEIROZ,AV VISCONDE DE ALBUQUERQUE,836,PRAÇA EÇA DE QUEIROZ,MADALENA,,,COLISÃO,COLISÃO COM VÍTIMA,1,1,,,,,,,,1,,,,,,,,,,,,,,
2018-08-01,08:08:00,SEM VÍTIMA,FINALIZADA,BOA VIAGEM,AV DES JOSE NEVES,567,,EM FRENTE A PADARIA DONA ROSA  SENTIDO BOA VIAGEM,AV DES JOSE NEVES,567,EM FRENTE A PADARIA DONA ROSA  SENTIDO BOA VIAGEM,BOA VIAGEM,,,COLISÃO,COLISAO SM VITIMAS,2,,,,,,,,,0,,,,,,,,,,,,,,
2018-08-01,08:12:00,SEM VÍTIMA,FINALIZADA,PINA,AV ANTONIO DE GOES,,,EM BAIXO DO SEMAFORO 538,AV ANTONIO DE GOES,,EM BAIXO DO SEMAFORO 538,PINA,,,COLISÃO,COLISAO SEM VITIMAS GM QTH,1,,,,,1,,,,0,,,,,,,,,,,,,,
2018-08-01,08:14:00,SEM VÍTIMA,FINALIZADA,BOA VISTA,RUA DOM BOSCO,,,AO LADO DO EXTRA,RUA DOM BOSCO,,AO LADO DO EXTRA,BOA VISTA,,,COLISÃO,COLISAO ENTRE AUTO E ONIBUS S/V,1,,,,,1,,,,0,,,,,,,,,,,,,,
2018-08-01,10:26:00,SEM VÍTIMA,CANCELADA,CIDADE UNIVERSITÁRIA,RUA MAURICEIA,,,AO LADO DO PREDIO DA SUDENE ESQUINA DA EMPRESA TRATOR BR,RUA MAURICEIA,,AO LADO DO PREDIO DA SUDENE ESQUINA DA EMPRESA TRATOR BR,CIDADE UNIVERSITÁRIA,,,COLISÃO,COLISAO ENTRE DOIS AUTOS S/V,2,,,,,,,,,0,,,,,,,,,,,,,,
2018-08-01,10:38:00,SEM VÍTIMA,FINALIZADA,IMBIRIBEIRA,RUA ITALIA,,,AO LADO DO AÇAI,RUA ITALIA,,AO LADO DO AÇAI,IMBIRIBEIRA,,,COLISÃO,COLISÃO SEM VITIMAS,1,,,,,,1,,,0,,,,,,,,,,,,,,
2018-08-01,12:09:00,SEM VÍTIMA,FINALIZADA,IMBIRIBEIRA,AV MARECHAL MASCARENHAS DE MORAES,,,,AV MARECHAL MASCARENHAS DE MORAES,,,IMBIRIBEIRA,,,COLISÃO,COLISÃO SEM VITIMA,2,,,,,,,,,0,,,,,,,,,,,,,,
2018-08-01,12:12:00,SEM VÍTIMA,FINALIZADA,ESPINHEIRO,RUA DO ESPINHEIRO,643,,EM FRENTE A DROGASIL,RUA DO ESPINHEIRO,643,EM FRENTE A DROGASIL,ESPINHEIRO,,,COLISÃO,COLISÃO SEM VÍTIMA,1,,,,,1,,,,0,,,,,,,,,,,,,,
2018-08-01,12:18:00,SEM VÍTIMA,FINALIZADA,IMBIRIBEIRA,RUA DANCING DAYS,10,,PROXIMO A COMPESA E A FARMACIA SAUDE DO TRABALHADOR,RUA DANCING DAYS,10,PROXIMO A COMPESA E A FARMACIA SAUDE DO TRABALHADOR,IMBIRIBEIRA,,,COLISÃO,COLISÃO SEM VÍTIMA,1,,,,,,1,,,0,,,,,,,,,,,,,,
2018-08-01,13:25:00,SEM VÍTIMA,FINALIZADA,BOA VIAGEM,AV ENGENHEIRO DOMINGOS FERREIRA,,,APOS O CARREFUR  ANTES DO SEMÁFORO 545,AV ENGENHEIRO DOMINGOS FERREIRA,,APOS O CARREFUR  ANTES DO SEMÁFORO 545,BOA VIAGEM,,,COLISÃO,COLISÃO SEM VÍTIMAS,1,1,,,,,,,,0,,,,,,,,,,,,,,
2018-08-01,13:52:00,SEM VÍTIMA,FINALIZADA,MADALENA,AV CAXANGA,,,MUSEU DA ABOLIÇÃO,AV CAXANGA,,MUSEU DA ABOLIÇÃO,MADALENA,,,COLISÃO,COLISÃO ENVOLVENDO A VT- 11 DA CTTU E UM VW/GOL,2,,,,,,,,,0,,,,,,,,,,,,,,
2018-08-01,14:01:00,SEM VÍTIMA,FINALIZADA,BOA VISTA,RUA DR LEOPOLDO LINS,100,,EM FRENTE A EMPRESA GUSMÃO,RUA DR LEOPOLDO LINS,100,EM FRENTE A EMPRESA GUSMÃO,BOA VISTA,,,COLISÃO,COLISÃO SEM VÍTIMA,2,,,,,,,,,0,,,,,,,,,,,,,,
2018-08-01,14:25:00,SEM VÍTIMA,CANCELADA,PAISSANDU,RUA EPAMINONDAS DE MELO,177,,EM FRENTE A CLINICA HAPIVIDA,RUA EPAMINONDAS DE MELO,177,EM FRENTE A CLINICA HAPIVIDA,PAISSANDU,,,COLISÃO,DOIS AUTOS,2,,,,,,,,,0,,,,,,,,,,,,,,
2018-08-01,14:26:00,SEM VÍTIMA,FINALIZADA,PAISSANDU,RUA PAISSANDU,567,,ENFRENTE AO BRADESCO,RUA PAISSANDU,567,ENFRENTE AO BRADESCO,PAISSANDU,,,COLISÃO,COLISÃO SEM VITIMA,2,,,,,,,,,0,,,,,,,,,,,,,,
2018-08-01,14:38:00,SEM VÍTIMA,FINALIZADA,CAMPO GRANDE,AV CORREIA DE BRITO,536,,EM FRENTE A ACADEMIA UNIVERSO,AV CORREIA DE BRITO,536,EM FRENTE A ACADEMIA UNIVERSO,CAMPO GRANDE,,,COLISÃO,COLISÃO SEM VÍTIMA,1,,,,,,1,,,0,,,,,,,,,,,,,,
2018-08-01,15:45:00,SEM VÍTIMA,FINALIZADA,AFOGADOS,RUA COSME VIANA,721,,POSTO SETTA,RUA COSME VIANA,721,POSTO SETTA,AFOGADOS,,,COLISÃO,COLISÃO SEM VITIMA,1,1,,,,,,,,0,,,,,,,,,,,,,,
2018-08-01,15:57:00,SEM VÍTIMA,FINALIZADA,BEBERIBE,PRC DA CONVENCAO,45,,EM FRENTE AO POSTO BR E A ESPONSEDE,PRC DA CONVENCAO,45,EM FRENTE AO POSTO BR E A ESPONSEDE,BEBERIBE,,,COLISÃO,COLISÃO SEM VÍTMA,1,,,,,1,,,,0,,,,,,,,,,,,,,
2018-08-01,16:09:00,SEM VÍTIMA,FINALIZADA,BEBERIBE,AV BEBERIBE,3025,,LADO OPOSTO DO NUMERAL INFORMADO   SENTIDO BEBERIBE,AV BEBERIBE,3025,LADO OPOSTO DO NUMERAL INFORMADO   SENTIDO BEBERIBE,BEBERIBE,,,COLISÃO,COLISÃO SEM VITIMA,1,,,,,1,,,,0,,,,,,,,,,,,,,
2018-08-01,16:12:00,SEM VÍTIMA,FINALIZADA,BOA VISTA,RUA CORREDOR DO BISPO,,,EM FRENTE A ESUDA,RUA CORREDOR DO BISPO,,EM FRENTE A ESUDA,BOA VISTA,,,COLISÃO,COLISÃO SEM VÍTIMA,1,,,,,,1,,,0,,,,,,,,,,,,,,
2018-08-01,18:13:00,SEM VÍTIMA,FINALIZADA,BOA VISTA,RUA DOM BOSCO,S/N,AV MANOEL BORBA,CRUZAMENTO COM AV MANOEL BORBA ENF AO SAMU,RUA DOM BOSCO,S/N,CRUZAMENTO COM AV MANOEL BORBA ENF AO SAMU,BOA VISTA,,,COLISÃO,DOIS FIAT UNO,2,,,,,,,,,0,,,,,,,,,,,,,,
2018-08-01,18:30:00,COM VÍTIMA,FINALIZADA,BAIRRO DO RECIFE,AV MILITAR,,,ENTRE A PREFEITURA E O POSTO SHELL  SNT SUB / ANTES DA PTE DO LIMOEIRO,AV MILITAR,,ENTRE A PREFEITURA E O POSTO SHELL  SNT SUB / ANTES DA PTE DO LIMOEIRO,BAIRRO DO RECIFE,,,COLISÃO,ENTRE AUTO E MOTO. C/V,1,1,,,,,,,,1,,,,,,,,,,,,,,
2018-08-01,19:17:00,SEM VÍTIMA,FINALIZADA,BAIRRO DO RECIFE,C SANTA RITA,,,AO LADO DOS ARMAZEM 16,C SANTA RITA,,AO LADO DOS ARMAZEM 16,BAIRRO DO RECIFE,,,COLISÃO,CARRETA E PALIO OBS:: DOIS BATEDORES 08 X 02,1,,,,,,1,,,0,,,,,,,,,,,,,,
2018-08-01,19:27:00,SEM VÍTIMA,FINALIZADA,CASA FORTE,PRC DE CASA FORTE,,,E/F A PRC VITORIA REGIA E COLÉGIO CASA FORTE,PRC DE CASA FORTE,,E/F A PRC VITORIA REGIA E COLÉGIO CASA FORTE,CASA FORTE,,,ENGAVETAMENTO,ENTRE 2 AUTOS E MOTO. C/V,2,1,,,,,,,,0,,,,,,,,,,,,,,
2018-08-01,20:03:00,SEM VÍTIMA,FINALIZADA,IBURA,AV ENGENHO MURIBARA,299,,E/F A IGREJA EVANGÉLICA MISSIONÁRIA DA RESTAURAÇÃO EM CRISTO,AV ENGENHO MURIBARA,299,E/F A IGREJA EVANGÉLICA MISSIONÁRIA DA RESTAURAÇÃO EM CRISTO,IBURA,,,COLISÃO,ENTRE AUTO E MOTO. C/V,2,,,,,,,,,0,,,,,,,,,,,,,,
2018-08-01,21:11:00,SEM VÍTIMA,CANCELADA,VASCO DA GAMA,RUA VASCO DA GAMA,106,,NA ENTRADA DO VASCO DA GAMA / PRÓX AO SESI DO VASCO DA GAMA,RUA VASCO DA GAMA,106,NA ENTRADA DO VASCO DA GAMA / PRÓX AO SESI DO VASCO DA GAMA,VASCO DA GAMA,,,COLISÃO,ENTRE 2 AUTOS. S/V,2,,,,,,,,,0,,,,,,,,,,,,,,
2018-08-02,01:45:00,SEM VÍTIMA,FINALIZADA,CASA AMARELA,RUA ALEXANDRINO,64,AV MALACO,PROX A IGREJA BATISTA  ESQUINA COM A AV MALACÓ,RUA ALEXANDRINO,64,PROX A IGREJA BATISTA  ESQUINA COM A AV MALACÓ,CASA AMARELA,,,COLISÃO,COLISÃO ENTRE AUTO E MOTO S/V,1,1,,,,,,,,0,,,,,,,,,,,,,,
2018-08-02,07:54:00,SEM VÍTIMA,FINALIZADA,MADALENA,RUA JOSE OSORIO,100,,PROX. A FUNDAÇAO CECOSNE,RUA JOSE OSORIO,100,PROX. A FUNDAÇAO CECOSNE,MADALENA,,,COLISÃO,4 AUTOS,4,,,,,,,,,0,,,,,,,,,,,,,,
2018-08-02,11:02:00,SEM VÍTIMA,FINALIZADA,CASA AMARELA,PRC DO TRABALHO,53,,EM FRENTE A UPINHA,PRC DO TRABALHO,53,EM FRENTE A UPINHA,CASA AMARELA,,,COLISÃO,DOIS AUTOS,2,,,,,,,,,0,,,,,,,,,,,,,,
2018-08-02,11:13:00,SEM VÍTIMA,FINALIZADA,IPSEP,RUA PINTOR ANTONIO ALBUQUERQUE,2586,,EM FRENTE AO POSTO DE GASOLINA SHELL,RUA PINTOR ANTONIO ALBUQUERQUE,2586,EM FRENTE AO POSTO DE GASOLINA SHELL,IPSEP,,,COLISÃO,AUTO E CAMINHÃO,1,,,,,,1,,,0,,,,,,,,,,,,,,
2018-08-02,11:22:00,COM VÍTIMA,FINALIZADA,BAIRRO DO RECIFE,AV MILITAR,,,PONTE DO LIMOEIRO,AV MILITAR,,PONTE DO LIMOEIRO,BAIRRO DO RECIFE,,,COLISÃO,,1,1,,,,,,,,1,,,,,,,,,,,,,,
2018-08-02,11:28:00,COM VÍTIMA,FINALIZADA,ESPINHEIRO,RUA MUNIZ TAVARES,,,ONIBUS PER1746 EMPRESA TRANSCOL,RUA MUNIZ TAVARES,,ONIBUS PER1746 EMPRESA TRANSCOL,ESPINHEIRO,,,ATROPELAMENTO,ONIBUS E PEDESTRE,,,,,,1,,,,1,,,,,,,,,,,,,,
2018-08-02,12:12:00,COM VÍTIMA,FINALIZADA,PARNAMIRIM,AV FLOR DE SANTANA,,RUA AMARO LAFAIETE,CRUZ COM RUA AMARO LAFAIETE,AV FLOR DE SANTANA,,CRUZ COM RUA AMARO LAFAIETE,PARNAMIRIM,,,COLISÃO,COLISA~ENTRE AUTO E MOTO,,,,,,,,,,1,,,,,,,,,,,,,,
2018-08-02,12:11:00,SEM VÍTIMA,FINALIZADA,DERBY,AV GOVERNADOR AGAMENON MAGALHAES,2294,,AO LADO DO HOSPITAL MEMORIAL SÃO JOSÉ,AV GOVERNADOR AGAMENON MAGALHAES,2294,AO LADO DO HOSPITAL MEMORIAL SÃO JOSÉ,DERBY,,,COLISÃO,COLISÃO SEM VITIMA,2,,,,,,,,,0,,,,,,,,,,,,,,
2018-08-02,12:21:00,SEM VÍTIMA,FINALIZADA,BOA VIAGEM,AV CONDE DA BOA VISTA,,AV CDE DA BOA VISTA,CONDE DA BOA VISTA COM A DOM BOSCO/O LADO OPOSTO DO POSTO BR,AV CONDE DA BOA VISTA,,CONDE DA BOA VISTA COM A DOM BOSCO/O LADO OPOSTO DO POSTO BR,BOA VIAGEM,,,COLISÃO,ONIBUS E AUTO S/V,1,,,,,1,,,,0,,,,,,,,,,,,,,
2018-08-02,12:59:00,COM VÍTIMA,FINALIZADA,BOA VISTA,RUA DO RIACHUELO,,RUA GERVASIO PIRES,CRUZAMENTO DO HOSPITAL DO EXERCITO/SEMAFORO 175,RUA DO RIACHUELO,,CRUZAMENTO DO HOSPITAL DO EXERCITO/SEMAFORO 175,BOA VISTA,,,COLISÃO,MOTO E AUTOS C/V,,,,,,,,,,1,,,,,,,,,,,,,,
2018-08-02,13:23:00,SEM VÍTIMA,FINALIZADA,MUSTARDINHA,AV MANOEL GONCALVES DA LUZ,,,NA ESQUINA COM O POSTO TOTAL  E A DELEGACIA,AV MANOEL GONCALVES DA LUZ,,NA ESQUINA COM O POSTO TOTAL  E A DELEGACIA,MUSTARDINHA,,,COLISÃO,COLISÃO SEM VITIMA,2,,,,,,,,,0,,,,,,,,,,,,,,
2018-08-02,13:27:00,COM VÍTIMA,FINALIZADA,ESTÂNCIA,RUA JOAO TEIXEIRA,137,,PROX. AO COLEGIO VISÃO  SENTIDO CIDADE,RUA JOAO TEIXEIRA,137,PROX. AO COLEGIO VISÃO  SENTIDO CIDADE,ESTÂNCIA,,,COLISÃO COM CICLISTA,COLISÃO COM VITIMA,1,,,1,,,,,,1,,,,,,,,,,,,,,
2018-08-02,13:53:00,SEM VÍTIMA,FINALIZADA,VÁRZEA,RUA PROFESSOR ANTONIO COELHO,495,,E/F AO COLEGIO PONTUAL,RUA PROFESSOR ANTONIO COELHO,495,E/F AO COLEGIO PONTUAL,VÁRZEA,,,COLISÃO,COLISAO ENTRE DOIS AUTOS S/V,2,,,,,,,,,0,,,,,,,,,,,,,,
2018-08-02,14:10:00,COM VÍTIMA,FINALIZADA,BOA VIAGEM,AV FERNANDO SIMOES BARBOSA,,,EM FRENTE AO EDIFICIL SAINTPAUL 348/PROX A CADEMIA BOYTECH,AV FERNANDO SIMOES BARBOSA,,EM FRENTE AO EDIFICIL SAINTPAUL 348/PROX A CADEMIA BOYTECH,BOA VIAGEM,,,COLISÃO,MOTO E DOIS AUTOS C/V,2,1,,,,,,,,1,,,,,,,,,,,,,,
2018-08-02,14:12:00,SEM VÍTIMA,FINALIZADA,SANTO AMARO,RUA FREI CASSIMIRO,,RUA TREZE DE MAIO,COM A RUA 13 DE MAIO,RUA FREI CASSIMIRO,,COM A RUA 13 DE MAIO,SANTO AMARO,,,COLISÃO,COLISÃO COM VITIMA,1,1,,,,,,,,0,,,,,,,,,,,,,,
2018-08-02,14:15:00,SEM VÍTIMA,FINALIZADA,PAISSANDU,RUA PAISSANDU,567,,ENFRENTE AO MANIDERMA FARMACIA DE MANIPULAÇÃO,RUA PAISSANDU,567,ENFRENTE AO MANIDERMA FARMACIA DE MANIPULAÇÃO,PAISSANDU,,,COLISÃO,COLISÃO SEM VITIMA,1,,,,,,1,,,0,,,,,,,,,,,,,,
2018-08-02,14:22:00,SEM VÍTIMA,FINALIZADA,SÃO JOSÉ,AV SUL,,,EM FRENTE AO QUARTEL DO EXERCITO QUE DA ENTRADA P BOA VIAGEM/SEMAFORO 260 S/T CAIS DE SANTA RITA,AV SUL,,EM FRENTE AO QUARTEL DO EXERCITO QUE DA ENTRADA P BOA VIAGEM/SEMAFORO 260 S/T CAIS DE SANTA RITA,SÃO JOSÉ,,,ENGAVETAMENTO,TRES AUTOS S/V,3,,,,,,,,,0,,,,,,,,,,,,,,
2018-08-02,14:54:00,SEM VÍTIMA,FINALIZADA,BOA VIAGEM,AV MARECHAL JUAREZ TAVORA,,,ESCOLA GRANDE PASSO,AV MARECHAL JUAREZ TAVORA,,ESCOLA GRANDE PASSO,BOA VIAGEM,,,COLISÃO,COLISÃO SEM VITIMA,2,,,,,,,,,0,,,,,,,,,,,,,,
2018-08-02,14:57:00,SEM VÍTIMA,FINALIZADA,ZUMBI,RUA FIDELIS MOLITERNO,215,,APOS A CAIXA ECONOMICA SEGUNDA A DIREITA,RUA FIDELIS MOLITERNO,215,APOS A CAIXA ECONOMICA SEGUNDA A DIREITA,ZUMBI,,,COLISÃO,COLISAO ENTRE DOIS AUTOS S/V,2,,,,,,,,,0,,,,,,,,,,,,,,
2018-08-02,14:59:00,SEM VÍTIMA,FINALIZADA,CASA AMARELA,RUA GOMES COUTINHO,,,PROX AO SESC DE CASA AMARELA/SEMAFORO 643,RUA GOMES COUTINHO,,PROX AO SESC DE CASA AMARELA/SEMAFORO 643,CASA AMARELA,,,COLISÃO,AUTO E CAMINHAO S/V,1,,,,,,1,,,0,,,,,,,,,,,,,,
2018-08-02,15:06:00,,CANCELADA,PARNAMIRIM,RUA GOMES COUTINHO,,,APO LADO DO POSTO BR,RUA GOMES COUTINHO,,APO LADO DO POSTO BR,PARNAMIRIM,,,COLISÃO,COLISÃO SEM VITIMA,1,,,,,,1,,,0,,,,,,,,,,,,,,
2018-08-02,16:31:00,COM VÍTIMA,CANCELADA,SAN MARTIN,AV GENERAL SAN MARTIN,,,PROX. AO PET SHOP AMOR DE BICHO,AV GENERAL SAN MARTIN,,PROX. AO PET SHOP AMOR DE BICHO,SAN MARTIN,,,COLISÃO,COLISÃO COM VITIMA,1,1,,,,,,,,1,,,,,,,,,,,,,,
2018-08-02,18:25:00,SEM VÍTIMA,FINALIZADA,MADALENA,RUA BENFICA,,,PROX AO POSTO PETROBRA E AO LADO DA PRACA DO INTERNACIONAL SENTIDO CAXANGA,RUA BENFICA,,PROX AO POSTO PETROBRA E AO LADO DA PRACA DO INTERNACIONAL SENTIDO CAXANGA,MADALENA,,,COLISÃO,HB 20 X FIESTA,2,,,,,,,,,0,,,,,,,,,,,,,,
2018-08-02,18:40:00,SEM VÍTIMA,FINALIZADA,BOA VIAGEM,AV CONSELHEIRO AGUIAR,4741,,PROX AO POSTO IPIRANGA ENF AO BANCO ITAU // SENTIDO CIDADE,AV CONSELHEIRO AGUIAR,4741,PROX AO POSTO IPIRANGA ENF AO BANCO ITAU // SENTIDO CIDADE,BOA VIAGEM,,,COLISÃO,ONIBUS X AUTO,1,,,,,1,,,,0,,,,,,,,,,,,,,
2018-08-02,20:48:00,COM VÍTIMA,FINALIZADA,CASA FORTE,AV DEZESSETE DE AGOSTO,,,SEMÁFORO 646 / E/F A FUNDAÇÃO JOAQUIM NABUCO,AV DEZESSETE DE AGOSTO,,SEMÁFORO 646 / E/F A FUNDAÇÃO JOAQUIM NABUCO,CASA FORTE,,,COLISÃO,ENTRE AUTO E MOTO. C/V,1,1,,,,,,,,1,,,,,,,,,,,,,,
2018-08-03,05:53:00,SEM VÍTIMA,CANCELADA,AREIAS,AV DR JOSE RUFINO,1495,,EM FRENTE A IGREJA PRESBITERIANA DE AREIAS  SEMAFORO 044,AV DR JOSE RUFINO,1495,EM FRENTE A IGREJA PRESBITERIANA DE AREIAS  SEMAFORO 044,AREIAS,,,COLISÃO,COLISÃO ENTRE ÔNIBUS E AUTO S/V,1,,,,,1,,,,0,,,,,,,,,,,,,,
2018-08-03,07:24:00,COM VÍTIMA,FINALIZADA,IPUTINGA,AV CAXANGA,,,E/F AO SUPERMERCADO EXTRA,AV CAXANGA,,E/F AO SUPERMERCADO EXTRA,IPUTINGA,,,CHOQUE,ACIDENTE DE PERCURSO SEGUIDO DE CHOQUE. COM UMA VÍTIMA. VEÍCULO FOI TRANCADO POR UM VEÍCULO NA VIA  QUE EVADIU-SE EM SEGUIDA- MOTOQUEIRO PERDEU O CONTROLE CAINDO E CHOCANDO CONTRA O CANTEIRO CENTRAL.,,1,,,,,,,,1,,,,,,,,,,,,,,
2018-08-03,07:25:00,SEM VÍTIMA,FINALIZADA,BOA VIAGEM,RUA JOAO CARDOSO AIRES,2074,,EM FRENTE AO EDF. ADRIANA  ANTES DO COLEGIO MADRE DE DEUS,RUA JOAO CARDOSO AIRES,2074,EM FRENTE AO EDF. ADRIANA  ANTES DO COLEGIO MADRE DE DEUS,BOA VIAGEM,,,COLISÃO,AUTO E ONIBUS,1,,,,,1,,,,0,,,,,,,,,,,,,,
2018-08-03,07:43:00,SEM VÍTIMA,CANCELADA,ESPINHEIRO,RUA QUARENTA E OITO,462,RUA QUARENTA E OITO,CRUZ COM A RUA QUARENTA E OITO EM FRENTE AO EDIFICIO COLONIAL,RUA QUARENTA E OITO,462,CRUZ COM A RUA QUARENTA E OITO EM FRENTE AO EDIFICIO COLONIAL,ESPINHEIRO,,,COLISÃO,COLISÃO SEM VITIMAS,1,,,,,1,,,,0,,,,,,,,,,,,,,
2018-08-03,07:56:00,SEM VÍTIMA,FINALIZADA,BOA VIAGEM,AV ANTONIO DE GOES,549,,APOS O SEMAFORO 538  EM FRENTE A SUL AMERICA,AV ANTONIO DE GOES,549,APOS O SEMAFORO 538  EM FRENTE A SUL AMERICA,BOA VIAGEM,,,COLISÃO,DOIS AUTOS PONTO FIXO GM,2,,,,,,,,,0,,,,,,,,,,,,,,
2018-08-03,08:29:00,COM VÍTIMA,FINALIZADA,SÃO JOSÉ,RUA IMPERIAL,,RUA DO PEIXOTO,COM A RUA DO PEIXOTO  EM FRENTE A IGREJA MATRIZ DE SAO JOSE,RUA IMPERIAL,,COM A RUA DO PEIXOTO  EM FRENTE A IGREJA MATRIZ DE SAO JOSE,SÃO JOSÉ,,,COLISÃO,DOIS AUTOS,2,,,,,,,,,1,,,,,,,,,,,,,,
2018-08-03,09:06:00,SEM VÍTIMA,CANCELADA,MADALENA,RUA JOAO IVO DA SILVA,177,,EM FRENTE A SANLIFE,RUA JOAO IVO DA SILVA,177,EM FRENTE A SANLIFE,MADALENA,,,COLISÃO,DOIS AUTOS,2,,,,,,,,,0,,,,,,,,,,,,,,
2018-08-03,09:33:00,SEM VÍTIMA,FINALIZADA,DERBY,AV GOVERNADOR AGAMENON MAGALHAES,,,EM BAIXO DO SEMAFORO 174 EM FRENTE AO HOSPITAL DA RESTAURAÇÃO SENTIDO MADALENA,AV GOVERNADOR AGAMENON MAGALHAES,,EM BAIXO DO SEMAFORO 174 EM FRENTE AO HOSPITAL DA RESTAURAÇÃO SENTIDO MADALENA,DERBY,,,COLISÃO,COLISÃO SEM VITIMAS,2,,,,,,,,,0,,,,,,,,,,,,,,
2018-08-03,09:38:00,SEM VÍTIMA,FINALIZADA,SANTANA,RUA ASTERIO RUFINO ALVES,,,EM FRENTE AO CPRH,RUA ASTERIO RUFINO ALVES,,EM FRENTE AO CPRH,SANTANA,,,COLISÃO,COLISÃO SEM VITIMAS VT 09 QTH,2,,,,,,,,,0,,,,,,,,,,,,,,
2018-08-03,09:59:00,SEM VÍTIMA,FINALIZADA,SAN MARTIN,RUA APULCRO DE ASSUNCAO,515,,RESIDENCIA PROX A PRAÇA DE SAN MARTIN,RUA APULCRO DE ASSUNCAO,515,RESIDENCIA PROX A PRAÇA DE SAN MARTIN,SAN MARTIN,,,COLISÃO,COLISÃO SEM VITIMAS,1,,,,,,1,,,0,,,,,,,,,,,,,,
2018-08-03,10:52:00,SEM VÍTIMA,FINALIZADA,BOA VISTA,RUA CARLOS PORTO CARREIRO,122,,EM FRENTE AO CENTRO ODONTOLOGICO SAUDE DENTAL,RUA CARLOS PORTO CARREIRO,122,EM FRENTE AO CENTRO ODONTOLOGICO SAUDE DENTAL,BOA VISTA,,,COLISÃO,COLISÃO SEM VITIMAS,2,,,,,,,,,0,,,,,,,,,,,,,,