data,hora,natureza_acidente,situacao,bairro,endereco,numero,detalhe_endereco_acidente,complemento,endereco_cruzamento,numero_cruzamento,referencia_cruzamento,bairro_cruzamento,num_semaforo,sentido_via,tipo,descricao,auto,moto,ciclom,ciclista,pedestre,onibus,caminhao,viatura,outros,vitimas,vitimasfatais,acidente_verificado,tempo_clima,situacao_semaforo,sinalizacao,condicao_via,conservacao_via,ponto_controle,situacao_placa,velocidade_max_via,mao_direcao,divisao_via1,divisao_via2,divisao_via3
2018-08-08,11:47:00,COM VÍTIMA,CANCELADA,IPSEP,RUA SILVEIRA NETO,54,,RUA AO LADO DA DELEGACIa,RUA SILVEIRA NETO,54,RUA AO LADO DA DELEGACIa,IPSEP,,,COLISÃO,AUTO E MOTO,1,1,,,,,,,,1,,,,,,,,,,,,,,
2018-08-08,12:38:00,SEM VÍTIMA,FINALIZADA,BOA VIAGEM,AV CONSELHEIRO AGUIAR,3500,,EM FRENTE AO HOTEL ARCADIA,AV CONSELHEIRO AGUIAR,3500,EM FRENTE AO HOTEL ARCADIA,BOA VIAGEM,,,COLISÃO,SEM VITIMAS,1,1,,,,,,,,0,,,,,,,,,,,,,,
2018-08-08,13:31:00,SEM VÍTIMA,FINALIZADA,CASA FORTE,AV DEZESSETE DE AGOSTO,,,EM FRENTE AOI POSTO DE SAUDE .. CENTRO MEDICO DA PREFEITURA/JOSE ERMIRIO DE MORAES/SEMAFORO 251,AV DEZESSETE DE AGOSTO,,EM FRENTE AOI POSTO DE SAUDE .. CENTRO MEDICO DA PREFEITURA/JOSE ERMIRIO DE MORAES/SEMAFORO 251,CASA FORTE,,,COLISÃO,AUTO E CAMINHAO S/V,1,,,,,,1,,,0,,,,,,,,,,,,,,
2018-08-08,13:50:00,SEM VÍTIMA,FINALIZADA,MADALENA,RUA ARLINDO GOUVEIA,,,EM FRENTE A ESCOLA POLITECNICA,RUA ARLINDO GOUVEIA,,EM FRENTE A ESCOLA POLITECNICA,MADALENA,,,COLISÃO,SEM VITIMAS CTTU NO LOCAL VAI FAZER B.O,2,,,,,,,,,0,,,,,,,,,,,,,,
2018-08-08,14:09:00,SEM VÍTIMA,FINALIZADA,CASA AMARELA,AV NORTE,,,NA FRENTE DO ARMAZEM CORAL ACHA A QUI  SENTIDO SUBURBIO CIDADE,AV NORTE,,NA FRENTE DO ARMAZEM CORAL ACHA A QUI  SENTIDO SUBURBIO CIDADE,CASA AMARELA,,,COLISÃO,COLISÃO SEM VÍTIMA,1,,,,,,1,,,0,,,,,,,,,,,,,,
2018-08-08,14:22:00,SEM VÍTIMA,FINALIZADA,ESTÂNCIA,AV DR JOSE RUFINO,489,,APOS O VIADULTO  ANTES DO COLGIO DECISÃO,AV DR JOSE RUFINO,489,APOS O VIADULTO  ANTES DO COLGIO DECISÃO,ESTÂNCIA,,,COLISÃO,COLISÃO SEM VÍTIMA,2,,,,,,,,,0,,,,,,,,,,,,,,
2018-08-08,14:32:00,SEM VÍTIMA,FINALIZADA,SAN MARTIN,RUA VINTE E UM DE ABRIL,,,NO TERMINAL DE SAN MARTIN/EM FRENTE A EMPREL,RUA VINTE E UM DE ABRIL,,NO TERMINAL DE SAN MARTIN/EM FRENTE A EMPREL,SAN MARTIN,,,COLISÃO,ONIBUS E AUTO S/V,2,,,,,,,,,0,,,,,,,,,,,,,,
2018-08-08,14:56:00,SEM VÍTIMA,FINALIZADA,IMBIRIBEIRA,AV ANTONIO TORRES GALVAO,,,EM FRENTE A MADEREIRA CONFORTO,AV ANTONIO TORRES GALVAO,,EM FRENTE A MADEREIRA CONFORTO,IMBIRIBEIRA,,,COLISÃO,SEM VITIMAS,1,1,,,,,1,,,0,,,,,,,,,,,,,,
2018-08-08,15:12:00,SEM VÍTIMA,FINALIZADA,BOA VIAGEM,AV CONSELHEIRO AGUIAR,,,EM FRENTE A GOLDMED/LIVRARIA DO MEC( SEMAFORO 549),AV CONSELHEIRO AGUIAR,,EM FRENTE A GOLDMED/LIVRARIA DO MEC( SEMAFORO 549),BOA VIAGEM,,,COLISÃO,DOIS AUTOS/S/V,2,,,,,,,,,0,,,,,,,,,,,,,,
2018-08-08,15:17:00,SEM VÍTIMA,FINALIZADA,ENCRUZILHADA,AV NORTE,,AV JOAO DE BARROS,EM FRENTE AO BANCO SANTANDER NA AV.NORTE COM JOAO DE BARROS,AV NORTE,,EM FRENTE AO BANCO SANTANDER NA AV.NORTE COM JOAO DE BARROS,ENCRUZILHADA,,,COLISÃO,COLISAO ENTRE AUTO E MOTO,1,1,,,,,,,,0,,,,,,,,,,,,,,
2018-08-08,15:21:00,SEM VÍTIMA,FINALIZADA,MADALENA,RUA BENFICA,,,EM FRENTE AO BATALHÃO DE CHOQUE,RUA BENFICA,,EM FRENTE AO BATALHÃO DE CHOQUE,MADALENA,,,COLISÃO,SEM VITIMA,2,,,,,,,,,0,,,,,,,,,,,,,,
2018-08-08,15:42:00,SEM VÍTIMA,FINALIZADA,BOA VISTA,RUA BARAO DE SAO BORJA,,RUA GOUVEIA DE BARROS,NA ESQUINA DO GOVEIA DE BARRO/CRUZAMENTO,RUA BARAO DE SAO BORJA,,NA ESQUINA DO GOVEIA DE BARRO/CRUZAMENTO,BOA VISTA,,,COLISÃO,ONIBUS E AUTO S/V,2,,,,,,,,,0,,,,,,,,,,,,,,
2018-08-08,15:49:00,,CANCELADA,BOA VISTA,RUA JOSE DE ALENCAR,264,,EM FRENTE AO EDF JOSE DE ALENCAR,RUA JOSE DE ALENCAR,264,EM FRENTE AO EDF JOSE DE ALENCAR,BOA VISTA,,,COLISÃO,SEM VITIMAS,1,,,,,1,,,,0,,,,,,,,,,,,,,
2018-08-08,15:50:00,SEM VÍTIMA,FINALIZADA,APIPUCOS,AV DEZESSETE DE AGOSTO,,,NA FRENTE DO COLEGIO MOTIVO,AV DEZESSETE DE AGOSTO,,NA FRENTE DO COLEGIO MOTIVO,APIPUCOS,,,CHOQUE,VEICULO FOI DE ENCONTRO COM O POSTE  SEGUNDO O CONDUTOR OS FREIOS FALHARAM,1,,,,,,,,,0,,,,,,,,,,,,,,
2018-08-08,16:00:00,SEM VÍTIMA,FINALIZADA,CAXANGÁ,AV CAXANGA,1335,,EM FRENTE AO SUPERMERCADO STYLO SENT/ CIDADE,AV CAXANGA,1335,EM FRENTE AO SUPERMERCADO STYLO SENT/ CIDADE,CAXANGÁ,,,COLISÃO,SEM VITIMAS,2,,,,,,,,,0,,,,,,,,,,,,,,
2018-08-08,16:54:00,SEM VÍTIMA,FINALIZADA,ILHA DO LEITE,AV GOVERNADOR AGAMENON MAGALHAES,,,TERRENO BALDIO AO LADO DA CAIXA ECONOMICA,AV GOVERNADOR AGAMENON MAGALHAES,,TERRENO BALDIO AO LADO DA CAIXA ECONOMICA,ILHA DO LEITE,,,COLISÃO,SEM VITIMAS,2,,,,,,,,,0,,,,,,,,,,,,,,
2018-08-08,17:11:00,SEM VÍTIMA,FINALIZADA,BOA VIAGEM,AV ENGENHEIRO DOMINGOS FERREIRA,,,NA FRENTE A ESCOLA MUNICIPAL OSWALDO LIMA FILHO,AV ENGENHEIRO DOMINGOS FERREIRA,,NA FRENTE A ESCOLA MUNICIPAL OSWALDO LIMA FILHO,BOA VIAGEM,,,COLISÃO,COLISÃO SEM VÍTIMA,2,,,,,,,,,0,,,,,,,,,,,,,,
2018-08-08,18:56:00,SEM VÍTIMA,FINALIZADA,BOA VIAGEM,AV DOM JOAO VI,,,ANTES DA PADRE CARAPUCEIRO PROX AO CENTRO EMPRESARIAL QUEIROZ GALVAO,AV DOM JOAO VI,,ANTES DA PADRE CARAPUCEIRO PROX AO CENTRO EMPRESARIAL QUEIROZ GALVAO,BOA VIAGEM,,,COLISÃO,GOL X CARRETA DA MERCEDE BENZ,1,,,,,,1,,,0,,,,,,,,,,,,,,
2018-08-08,19:14:00,SEM VÍTIMA,FINALIZADA,BOA VIAGEM,AV CONSELHEIRO AGUIAR,,,ENF AO HOLIDAY E BANCO DO BRASIL E ITAU SENTIDO CENTRO,AV CONSELHEIRO AGUIAR,,ENF AO HOLIDAY E BANCO DO BRASIL E ITAU SENTIDO CENTRO,BOA VIAGEM,,,COLISÃO,HB 20 X FORD K,2,,,,,,,,,0,,,,,,,,,,,,,,
2018-08-08,19:22:00,SEM VÍTIMA,CANCELADA,IPSEP,AV RECIFE,,,E/F A AUTO SPORT VEÍCULOS / PRÓX AO MERCADO ECONÔMICO  SNT BR - SEMÁFORO 212,AV RECIFE,,E/F A AUTO SPORT VEÍCULOS / PRÓX AO MERCADO ECONÔMICO  SNT BR - SEMÁFORO 212,IPSEP,,,COLISÃO,ENTRE 2 AUTOS  S/V,2,,,,,,,,,0,,,,,,,,,,,,,,
2018-08-08,19:38:00,SEM VÍTIMA,FINALIZADA,BOA VIAGEM,AV ENGENHEIRO DOMINGOS FERREIRA,,ANTONIO FALCAO,DE ESQUINA DOM ANTONIO FALCAO NO BANCO SANTANDER,AV ENGENHEIRO DOMINGOS FERREIRA,,DE ESQUINA DOM ANTONIO FALCAO NO BANCO SANTANDER,BOA VIAGEM,,,COLISÃO,PALIO X ONIX,2,,,,,,,,,0,,,,,,,,,,,,,,
2018-08-08,20:02:00,SEM VÍTIMA,FINALIZADA,TORRÕES,AV BICENTENARIO DA REVOLUCAO FRANCESA,84,,ENF ASSEMBLEIA DE DEUS NO TERMINAL DE ONIBUS DE RODA DE FOGO,AV BICENTENARIO DA REVOLUCAO FRANCESA,84,ENF ASSEMBLEIA DE DEUS NO TERMINAL DE ONIBUS DE RODA DE FOGO,TORRÕES,,,COLISÃO,ONIBUS X PALIO,1,,,,,1,,,,0,,,,,,,,,,,,,,
2018-08-08,20:29:00,SEM VÍTIMA,CANCELADA,CASA FORTE,RUA AFONSO DE ALBUQUERQUE MELO,,,E/F AO WALLMART E A PRC JORN FRANCISCO PESSOA QUEIROZ JR,RUA AFONSO DE ALBUQUERQUE MELO,,E/F AO WALLMART E A PRC JORN FRANCISCO PESSOA QUEIROZ JR,CASA FORTE,,,COLISÃO,ENTRE 2 AUTOS  S/V,2,,,,,,,,,0,,,,,,,,,,,,,,
2018-08-08,20:39:00,COM VÍTIMA,FINALIZADA,PRADO,AV ENGENHEIRO ABDIAS DE CARVALHO,,,PRÓX À HABBIBS // SEMÁFORO 132,AV ENGENHEIRO ABDIAS DE CARVALHO,,PRÓX À HABBIBS // SEMÁFORO 132,PRADO,,,COLISÃO,ENTRE AUTO E MOTO. C/V,1,1,,,,,,,,1,,,,,,,,,,,,,,
2018-08-08,22:53:00,SEM VÍTIMA,FINALIZADA,IMBIRIBEIRA,AV MARECHAL MASCARENHAS DE MORAES,,,PRÓX A LOMBADA ELETRÔNICA E AEROPORTO   SNT CENTRO DA CIDADE,AV MARECHAL MASCARENHAS DE MORAES,,PRÓX A LOMBADA ELETRÔNICA E AEROPORTO   SNT CENTRO DA CIDADE,IMBIRIBEIRA,,,COLISÃO,ENTRE 2 AUTOS  S/V / VT 32 NO LOCAL,2,,,,,,,,,0,,,,,,,,,,,,,,
2018-08-08,23:00:00,SEM VÍTIMA,FINALIZADA,JARDIM SÃO PAULO,PRC DO JARDIM SAO PAULO,,,ENF A LANCHONETE SUBWAY NO GIRADOURO DE JARDIM SAO PAULO,PRC DO JARDIM SAO PAULO,,ENF A LANCHONETE SUBWAY NO GIRADOURO DE JARDIM SAO PAULO,JARDIM SÃO PAULO,,,COLISÃO,FORD K PRETO X ONIX BRANCO,2,,,,,,,,,0,,,,,,,,,,,,,,
2018-08-09,07:16:00,SEM VÍTIMA,CANCELADA,IMBIRIBEIRA,AV DOM JOAO VI,20,,ESQ DO COLEGIO GGE,AV DOM JOAO VI,20,ESQ DO COLEGIO GGE,IMBIRIBEIRA,,,COLISÃO,DOIS AUTOS,2,,,,,,,,,0,,,,,,,,,,,,,,
2018-08-09,07:17:00,SEM VÍTIMA,FINALIZADA,PINA,RUA JOSE MARIANO FILHO,,,EM BAIXO DO SEMAFORO 538,RUA JOSE MARIANO FILHO,,EM BAIXO DO SEMAFORO 538,PINA,,,COLISÃO,COLISÃO SEM VITIMA GM QTH,1,,,,,1,,,,0,,,,,,,,,,,,,,
2018-08-09,07:54:00,COM VÍTIMA,FINALIZADA,IMBIRIBEIRA,AV MARECHAL MASCARENHAS DE MORAES,417,,SENTIDO AFOGADOS EM FRENTE A LOJA FLOR ARTE,AV MARECHAL MASCARENHAS DE MORAES,417,SENTIDO AFOGADOS EM FRENTE A LOJA FLOR ARTE,IMBIRIBEIRA,,,COLISÃO,COLISÃO COM VITIMA A ESPERA DO SAMU,,1,,,,,1,,,1,,,,,,,,,,,,,,
2018-08-09,08:03:00,SEM VÍTIMA,CANCELADA,PINA,AV HERCULANO BANDEIRA,,,EM BAIXO DO SEMAFORO 660,AV HERCULANO BANDEIRA,,EM BAIXO DO SEMAFORO 660,PINA,,,COLISÃO,COLISÃO SEM VITIMAS GM QTH,2,,,,,,,,,0,,,,,,,,,,,,,,
2018-08-09,08:04:00,SEM VÍTIMA,FINALIZADA,GRAÇAS,AV RUI BARBOSA,1599,,SEMAFORO 037 AO LADO TRE NO SENTIDO AV GOVERNADOR AGAMENON MAGALHÃES,AV RUI BARBOSA,1599,SEMAFORO 037 AO LADO TRE NO SENTIDO AV GOVERNADOR AGAMENON MAGALHÃES,GRAÇAS,,,COLISÃO,SEM VITIMAS,1,1,,,,,,,,0,,,,,,,,,,,,,,
2018-08-09,08:14:00,COM VÍTIMA,FINALIZADA,ENCRUZILHADA,AV NORTE,,,SENTIDO CIDADE EM FRENTE A LOJA JACAUNA,AV NORTE,,SENTIDO CIDADE EM FRENTE A LOJA JACAUNA,ENCRUZILHADA,,,COLISÃO,COLISÃO COM VITIMA,1,1,,,,,,,,1,,,,,,,,,,,,,,
2018-08-09,08:31:00,SEM VÍTIMA,FINALIZADA,ESPINHEIRO,RUA MARQUES DO PARANA,209,RUA ALFREDO DE CARVALHO,em frente ao martelinho de ouro  CRUZAMENTO COM RUA ALFREDO DE CARVALHO,RUA MARQUES DO PARANA,209,em frente ao martelinho de ouro  CRUZAMENTO COM RUA ALFREDO DE CARVALHO,ESPINHEIRO,,,COLISÃO,SEM VITIMAS  IDOSA A CAMINHO DE CONSULTA MEDICA.,2,,,,,,,,,0,,,,,,,,,,,,,,
2018-08-09,08:35:00,SEM VÍTIMA,FINALIZADA,ÁGUA FRIA,RUA JULIO RAMOS,109,,E/F A FEIRA PÚBLICA DE ÁGUA FRIA,RUA JULIO RAMOS,109,E/F A FEIRA PÚBLICA DE ÁGUA FRIA,ÁGUA FRIA,,,COLISÃO,SEM VÍTIMAS,1,,,,,,1,,,0,,,,,,,,,,,,,,
2018-08-09,09:31:00,SEM VÍTIMA,CANCELADA,ARRUDA,AV PROFESSOR JOSE DOS ANJOS,,,SEMAFORO 131 EM FRENTE AO CAMPO DO SANTA CRUZ,AV PROFESSOR JOSE DOS ANJOS,,SEMAFORO 131 EM FRENTE AO CAMPO DO SANTA CRUZ,ARRUDA,,,COLISÃO,SEM VITIMAS,2,,,,,,,,,0,,,,,,,,,,,,,,
2018-08-09,09:55:00,COM VÍTIMA,FINALIZADA,SANTO AMARO,AV GOVERNADOR AGAMENON MAGALHAES,,,SENTIDO OLINDA EM FRENTE A REITORIA DA UPE,AV GOVERNADOR AGAMENON MAGALHAES,,SENTIDO OLINDA EM FRENTE A REITORIA DA UPE,SANTO AMARO,,,COLISÃO,COLISÃO COM VITIMA A ESPERA DO SAMU,1,1,,,,,,,,1,,,,,,,,,,,,,,
2018-08-09,10:55:00,SEM VÍTIMA,FINALIZADA,SANCHO,AV LIBERDADE,,,PRÓXIMO AO PARQUE DAS FLORES,AV LIBERDADE,,PRÓXIMO AO PARQUE DAS FLORES,SANCHO,,,COLISÃO,DOIS AUTOMÓVEIS,2,,,,,,,,,0,,,,,,,,,,,,,,
2018-08-09,10:59:00,SEM VÍTIMA,FINALIZADA,IMBIRIBEIRA,AV MARECHAL MASCARENHAS DE MORAES,4773,,EM FRENTE AS LOJAS MOURA / SENT CIDADE,AV MARECHAL MASCARENHAS DE MORAES,4773,EM FRENTE AS LOJAS MOURA / SENT CIDADE,IMBIRIBEIRA,,,COLISÃO,DOIS AUTOS,2,,,,,,,,,0,,,,,,,,,,,,,,
2018-08-09,11:43:00,SEM VÍTIMA,FINALIZADA,BOA VISTA,AV VISCONDE DE SUASSUNA,783,,APÓ O CEFAPP 50 METROS,AV VISCONDE DE SUASSUNA,783,APÓ O CEFAPP 50 METROS,BOA VISTA,,,COLISÃO,COLISÃO SEM VITIMAS,2,,,,,,,,,0,,,,,,,,,,,,,,
2018-08-09,12:59:00,SEM VÍTIMA,FINALIZADA,PRADO,AV ENGENHEIRO ABDIAS DE CARVALHO,,,JUNTO A BOBS  SENTIDO CIDADE,AV ENGENHEIRO ABDIAS DE CARVALHO,,JUNTO A BOBS  SENTIDO CIDADE,PRADO,,,COLISÃO,COLISÃO SEM VITIMAS,2,,,,,,,,,0,,,,,,,,,,,,,,
2018-08-09,13:10:00,SEM VÍTIMA,FINALIZADA,BOA VISTA,AV CONDE DA BOA VISTA,,,PROX A LOJAS RIACHUELO,AV CONDE DA BOA VISTA,,PROX A LOJAS RIACHUELO,BOA VISTA,,,COLISÃO,COLISAO ENTRE AUTO E MOTO S/V BATEDOR DA MOTO 25 ESTA NO LOCAL,1,1,,,,,,,,0,,,,,,,,,,,,,,
2018-08-09,14:28:00,SEM VÍTIMA,FINALIZADA,BOA VISTA,AV JOAO DE BARROS,,,EMPRESARIAL BURLE MARX,AV JOAO DE BARROS,,EMPRESARIAL BURLE MARX,BOA VISTA,,,COLISÃO,SANDERO X MOTO,1,1,,,,,,,,0,,,,,,,,,,,,,,
2018-08-09,15:08:00,SEM VÍTIMA,FINALIZADA,BAIRRO DO RECIFE,CAIS DO APOLO,,,AO ALDO DO FORTE DO BRUM,CAIS DO APOLO,,AO ALDO DO FORTE DO BRUM,BAIRRO DO RECIFE,,,COLISÃO,COLISÃO SEM VÍTIMA,1,,,,,1,,,,0,,,,,,,,,,,,,,
2018-08-09,16:15:00,COM VÍTIMA,FINALIZADA,CIDADE UNIVERSITÁRIA,RUA GENERAL POLIDORO,422,,PROX A PADARIA DELICATESSEN,RUA GENERAL POLIDORO,422,PROX A PADARIA DELICATESSEN,CIDADE UNIVERSITÁRIA,,,COLISÃO,COLISAO ENTRE AUTO E MOTO COM VITIMA,1,1,,,,,,,,1,,,,,,,,,,,,,,
2018-08-09,16:18:00,SEM VÍTIMA,FINALIZADA,CORDEIRO,RUA GOMES TABORDA,1582,,PROX. AO ATACAREJO IDEAL,RUA GOMES TABORDA,1582,PROX. AO ATACAREJO IDEAL,CORDEIRO,,,COLISÃO,AUTO E MOTO,1,1,,,,,,,,0,,,,,,,,,,,,,,
2018-08-09,17:07:00,SEM VÍTIMA,FINALIZADA,SÍTIO DOS PINTOS,RUA VEREADOR PETRUS CAMARA,176,,PROXIMO AO TERMINAL DE DOIS IRMÃOS,RUA VEREADOR PETRUS CAMARA,176,PROXIMO AO TERMINAL DE DOIS IRMÃOS,SÍTIO DOS PINTOS,,,COLISÃO,COLISÃO SEM VÍTIMA,1,,,,,,1,,,0,,,,,,,,,,,,,,
2018-08-09,17:50:00,SEM VÍTIMA,CANCELADA,IMBIRIBEIRA,AV MARECHAL MASCARENHAS DE MORAES,,RUA ARQ FERNANDO ALMEIDA,SEMÁFORO 286 - CRUZ COM A RUA ARQ. FERNANDO ALMEIDA / APÓS A PONTE MOTOCOLOMBÓ  SNT AEROPORTO,AV MARECHAL MASCARENHAS DE MORAES,,SEMÁFORO 286 - CRUZ COM A RUA ARQ. FERNANDO ALMEIDA / APÓS A PONTE MOTOCOLOMBÓ  SNT AEROPORTO,IMBIRIBEIRA,,,COLISÃO,ENTRE ÔNIBUS E AUTO PASSEIO. S/V,1,,,,,1,,,,0,,,,,,,,,,,,,,
2018-08-09,17:57:00,SEM VÍTIMA,CANCELADA,BOA VIAGEM,RUA CAPITAO ZUZINHA,,,PROX PIZZARIA DOMINOS/ NA ESQUINA TEM A GALERIA SETUBAL CENTER,RUA CAPITAO ZUZINHA,,PROX PIZZARIA DOMINOS/ NA ESQUINA TEM A GALERIA SETUBAL CENTER,BOA VIAGEM,,,COLISÃO,ONIBUS E AUTO S/V,1,,,,,1,,,,0,,,,,,,,,,,,,,
2018-08-09,18:34:00,SEM VÍTIMA,FINALIZADA,ARRUDA,AV BEBERIBE,,,AUTO ESCOLA ARCO IRIS/DEPOIS DO BOMPREÇO DO ARRUDA/ST CIDADE SUBURBIO,AV BEBERIBE,,AUTO ESCOLA ARCO IRIS/DEPOIS DO BOMPREÇO DO ARRUDA/ST CIDADE SUBURBIO,ARRUDA,,,COLISÃO,ONIBUS E AUTO S/V,1,,,,,1,,,,0,,,,,,,,,,,,,,
2018-08-09,19:08:00,SEM VÍTIMA,FINALIZADA,CORDEIRO,AV CAXANGA,,,EM FRENTE AO BANCO DO BRASIL / SEMÁFORO 235,AV CAXANGA,,EM FRENTE AO BANCO DO BRASIL / SEMÁFORO 235,CORDEIRO,,,COLISÃO,DOIS AUTOS S/V,2,,,,,,,,,0,,,,,,,,,,,,,,
2018-08-09,19:10:00,SEM VÍTIMA,FINALIZADA,AFLITOS,RUA DO FUTURO,,RUA DO FUTURO,CRUZAMENTO DA RUA DO FUTURO COM A SANTOS DUMONT,RUA DO FUTURO,,CRUZAMENTO DA RUA DO FUTURO COM A SANTOS DUMONT,AFLITOS,,,COLISÃO,MOTO E AUTOS S/V,1,,1,,,,,,,0,,,,,,,,,,,,,,
2018-08-09,19:30:00,SEM VÍTIMA,FINALIZADA,CAMPO GRANDE,RUA PROFESSOR FRANCISCO DA TRINDADE,,,RUA DO CLUBE DAS PAZ,RUA PROFESSOR FRANCISCO DA TRINDADE,,RUA DO CLUBE DAS PAZ,CAMPO GRANDE,,,COLISÃO,MOTO E AUTO S/V,1,1,,,,,,,,0,,,,,,,,,,,,,,
2018-08-09,20:02:00,SEM VÍTIMA,FINALIZADA,BOA VIAGEM,RUA DOS NAVEGANTES,,,EM FRENTE AO PREDIO PALADIUM 3196,RUA DOS NAVEGANTES,,EM FRENTE AO PREDIO PALADIUM 3196,BOA VIAGEM,,,COLISÃO,MOTO E AUTO S/V,1,1,,,,,,,,0,,,,,,,,,,,,,,
2018-08-09,20:33:00,SEM VÍTIMA,FINALIZADA,JIQUIÁ,RUA SAO MIGUEL,,,EM FRENTE AO POSTO IPIRANGA E PROX DO COLEGIO VISAO,RUA SAO MIGUEL,,EM FRENTE AO POSTO IPIRANGA E PROX DO COLEGIO VISAO,JIQUIÁ,,,COLISÃO,MOTO E AUTO S/V,1,1,,,,,,,,0,,,,,,,,,,,,,,
2018-08-09,20:49:00,SEM VÍTIMA,FINALIZADA,AFLITOS,AV CONS ROSA E SILVA,,AV SANTOS DUMONT,E/F AO SHOPPING ETC / DE ESQUINA COM A AV SANTOS DUMONT,AV CONS ROSA E SILVA,,E/F AO SHOPPING ETC / DE ESQUINA COM A AV SANTOS DUMONT,AFLITOS,,,COLISÃO,ENTRE 2 AUTOS. S/V,2,,,,,,,,,0,,,,,,,,,,,,,,
2018-08-09,22:18:00,SEM VÍTIMA,FINALIZADA,IBURA,AV DOIS RIOS,,,E/F AO MERCADO MR / SEMÁFORO 325,AV DOIS RIOS,,E/F AO MERCADO MR / SEMÁFORO 325,IBURA,,,COLISÃO,ENTRE AUTO E CAMINHÃO. S/V,1,,,,,,1,,,0,,,,,,,,,,,,,,
2018-08-09,22:30:00,COM VÍTIMA,FINALIZADA,BOA VIAGEM,AV DOM JOAO VI,,,PROX SHOPING RECIFE E O BOMBREÇO WAL MARKINTIG(VIA MANGUE),AV DOM JOAO VI,,PROX SHOPING RECIFE E O BOMBREÇO WAL MARKINTIG(VIA MANGUE),BOA VIAGEM,,,COLISÃO,AUTO E MOTO C/V,1,1,,,,,,,,1,,,,,,,,,,,,,,
2018-08-09,23:33:00,SEM VÍTIMA,FINALIZADA,GUABIRABA,AV DA RECUPERACAO,,,AO LADO DA GARAGEM DA EMPRESA GLOBO / E/F AO ARMAZÉM ENILDO CONSTRUÇÕES,AV DA RECUPERACAO,,AO LADO DA GARAGEM DA EMPRESA GLOBO / E/F AO ARMAZÉM ENILDO CONSTRUÇÕES,GUABIRABA,,,COLISÃO,ENTRE ÔNIBUS E AUTO  S/V,1,,,,,1,,,,0,,,,,,,,,,,,,,
2018-08-10,00:32:00,SEM VÍTIMA,FINALIZADA,JORDÃO,RUA CATOLE DO ROCHA,,,PRÓX AO TERMINAL DE ÔNIBUS DO JORDÃO ALTO // APÓS A PRAÇA DO JORDÃO ALTO  SEGUNDA RUA À DIREITA // UMA RUA ANTES DA PANIFICADORA JANAINA,RUA CATOLE DO ROCHA,,PRÓX AO TERMINAL DE ÔNIBUS DO JORDÃO ALTO // APÓS A PRAÇA DO JORDÃO ALTO  SEGUNDA RUA À DIREITA // UMA RUA ANTES DA PANIFICADORA JANAINA,JORDÃO,,,COLISÃO,COLISÃO ENTRE TRÊS AUTOS S/V,3,,,,,,,,,0,,,,,,,,,,,,,,
2018-08-10,06:38:00,SEM VÍTIMA,FINALIZADA,SANTO AMARO,AV JOAO DE BARROS,800,,EM FRENTE A CENTRAL DE ALERGOLOGIA DA PREFEITURA DO RECIFE,AV JOAO DE BARROS,800,EM FRENTE A CENTRAL DE ALERGOLOGIA DA PREFEITURA DO RECIFE,SANTO AMARO,,,ACID. DE PERCURSO,QUEDA DE MOTOCICLETA ENVOLOVENDO BATEDOR CTTU,,1,,,,,,,,0,,,,,,,,,,,,,,
2018-08-10,07:22:00,SEM VÍTIMA,FINALIZADA,SANTO AMARO,AV GOVERNADOR AGAMENON MAGALHAES,,,SENTIDO JOANA BEZERRA EM FRENTE AO CREA,AV GOVERNADOR AGAMENON MAGALHAES,,SENTIDO JOANA BEZERRA EM FRENTE AO CREA,SANTO AMARO,,,COLISÃO,COLISÃO SEM VITIMAS,1,,,,,1,,,,0,,,,,,,,,,,,,,
2018-08-10,07:41:00,SEM VÍTIMA,FINALIZADA,TAMARINEIRA,AV NORTE,3989,,SENTIDO CIDADE DENTRO DO POSTO DE GASOLINA AUTO POSTO NORTE,AV NORTE,3989,SENTIDO CIDADE DENTRO DO POSTO DE GASOLINA AUTO POSTO NORTE,TAMARINEIRA,,,COLISÃO,COLISÃO SEM VITIMAS,1,1,,,,,,,,0,,,,,,,,,,,,,,
2018-08-10,08:02:00,COM VÍTIMA,FINALIZADA,IBURA,LAD DA COHAB,S/N,,LADEIRA DA UR - 1,LAD DA COHAB,S/N,LADEIRA DA UR - 1,IBURA,,,ATROPELAMENTO,,,1,,,1,,,,,1,,,,,,,,,,,,,,
2018-08-10,08:52:00,SEM VÍTIMA,CANCELADA,APIPUCOS,RUA DE APIPUCOS,,,APOS O 11° DE POLICIA MILITAR  SENT. CASA FORTE,RUA DE APIPUCOS,,APOS O 11° DE POLICIA MILITAR  SENT. CASA FORTE,APIPUCOS,,,COLISÃO,AUTO E MOTO,1,1,,,,,,,,0,,,,,,,,,,,,,,
2018-08-10,09:07:00,SEM VÍTIMA,FINALIZADA,BOA VIAGEM,RUA FELIX DE BRITO E MELO,168,,E/F AO BRADESCO,RUA FELIX DE BRITO E MELO,168,E/F AO BRADESCO,BOA VIAGEM,,,COLISÃO,COLISAO ENTRE DOIS AUTOS S/V,2,,,,,,,,,0,,,,,,,,,,,,,,
2018-08-10,09:57:00,SEM VÍTIMA,CANCELADA,BOA VIAGEM,AV DOM JOAO VI,,,BEIRA CANAL POR TRAS DO SHOPPING RECIFE PROX A LOMBADA ELETRONICA,AV DOM JOAO VI,,BEIRA CANAL POR TRAS DO SHOPPING RECIFE PROX A LOMBADA ELETRONICA,BOA VIAGEM,,,COLISÃO,COLISAO ENTRE DOIS AUTOS S/V,2,,,,,,,,,0,,,,,,,,,,,,,,
2018-08-10,10:05:00,SEM VÍTIMA,FINALIZADA,AFOGADOS,RUA MOTOCOLOMBO,,,E/F AO TROCÃO  SENTIDO LARGO DA PAZ. NA DESCIDA DA PONTE,RUA MOTOCOLOMBO,,E/F AO TROCÃO  SENTIDO LARGO DA PAZ. NA DESCIDA DA PONTE,AFOGADOS,,,COLISÃO,SEM VÍTIMAS,2,,,,,,,,,0,,,,,,,,,,,,,,