data,hora,natureza_acidente,situacao,bairro,endereco,numero,detalhe_endereco_acidente,complemento,endereco_cruzamento,numero_cruzamento,referencia_cruzamento,bairro_cruzamento,num_semaforo,sentido_via,tipo,descricao,auto,moto,ciclom,ciclista,pedestre,onibus,caminhao,viatura,outros,vitimas,vitimasfatais,acidente_verificado,tempo_clima,situacao_semaforo,sinalizacao,condicao_via,conservacao_via,ponto_controle,situacao_placa,velocidade_max_via,mao_direcao,divisao_via1,divisao_via2,divisao_via3
2018-08-12,15:40:00,SEM VÍTIMA,FINALIZADA,DERBY,AV GOVERNADOR AGAMENON MAGALHAES,,,PROXIMO AO BRADESCO SEGUROS/ SENTIDO OLINDA,AV GOVERNADOR AGAMENON MAGALHAES,,PROXIMO AO BRADESCO SEGUROS/ SENTIDO OLINDA,DERBY,,,ENGAVETAMENTO,COLISÃO SEM VÍTIMA,4,,,,,,,,,0,,,,,,,,,,,,,,
2018-08-12,17:03:00,SEM VÍTIMA,CANCELADA,NOVA DESCOBERTA,AV VEREADOR OTACILIO AZEVEDO,,,PROX. A UPA D NOVA DESCOBERTA   CLUBE DA FAZENDA,AV VEREADOR OTACILIO AZEVEDO,,PROX. A UPA D NOVA DESCOBERTA   CLUBE DA FAZENDA,NOVA DESCOBERTA,,,COLISÃO,COLISÃO SEM VITIMA,,1,1,,,,,,,0,,,,,,,,,,,,,,
2018-08-12,19:38:00,COM VÍTIMA,FINALIZADA,ALTO JOSÉ BONIFÁCIO,RUA ALTO JOSE BONIFACIO,,,QUADRA E AIGREJA BATISTA FILADELFHIA,RUA ALTO JOSE BONIFACIO,,QUADRA E AIGREJA BATISTA FILADELFHIA,ALTO JOSÉ BONIFÁCIO,,,COLISÃO,COLISÃO COM VITIMA,2,1,,,,,,,,2,,,,,,,,,,,,,,
2018-08-12,20:54:00,SEM VÍTIMA,FINALIZADA,IPUTINGA,EST DO BARBALHO,,,CRUZANDO A R MAURICIO DE NASSAU / SEMÁFORO 246,EST DO BARBALHO,,CRUZANDO A R MAURICIO DE NASSAU / SEMÁFORO 246,IPUTINGA,,,COLISÃO,ENTRE 2 AUTOS. S/V,2,,,,,,,,,0,,,,,,,,,,,,,,
2018-08-12,21:30:00,COM VÍTIMA,FINALIZADA,ROSARINHO,RUA DR JOSE MARIA,900,,E/F AO PORTAL DA PICANHA E EDF GRAN PARK,RUA DR JOSE MARIA,900,E/F AO PORTAL DA PICANHA E EDF GRAN PARK,ROSARINHO,,,COLISÃO,ENTRE AUTO E MOTO. C/V,1,1,,,,,,,,1,,,,,,,,,,,,,,
2018-08-13,07:02:00,SEM VÍTIMA,FINALIZADA,IMBIRIBEIRA,AV PINHEIROS,435,,EM FRENTE A COMERCIAL MEDICA LTDA,AV PINHEIROS,435,EM FRENTE A COMERCIAL MEDICA LTDA,IMBIRIBEIRA,,,COLISÃO,DOIS AUTOS,2,,,,,,,,,0,,,,,,,,,,,,,,
2018-08-13,07:51:00,SEM VÍTIMA,FINALIZADA,ENCRUZILHADA,AV NORTE,3003,,SENTIDO CIDADE EM FRENTE AO PREDIO PLEXOS,AV NORTE,3003,SENTIDO CIDADE EM FRENTE AO PREDIO PLEXOS,ENCRUZILHADA,,,COLISÃO,COLISÃO SEM VITIMAS,3,,,,,,,,,0,,,,,,,,,,,,,,
2018-08-13,08:00:00,COM VÍTIMA,FINALIZADA,TORRÕES,AV ENGENHEIRO ABDIAS DE CARVALHO,,,SEMÁFORO 271 - SENTIDO SUBÚRBIO,AV ENGENHEIRO ABDIAS DE CARVALHO,,SEMÁFORO 271 - SENTIDO SUBÚRBIO,TORRÕES,,,COLISÃO,COLISÃO ENTRE DUAS MOTOCICLETAS,,2,,,,,,,,1,,,,,,,,,,,,,,
2018-08-13,08:14:00,SEM VÍTIMA,CANCELADA,CORDEIRO,RUA EDUARDO FONSECA,270,AV MAURICIO DE NASSAU,RESIDENCIA CRUZ COM A RUA MAURICIO DE NASSAU,RUA EDUARDO FONSECA,270,RESIDENCIA CRUZ COM A RUA MAURICIO DE NASSAU,CORDEIRO,,,COLISÃO,COLISÃO SEM VITIMAS,1,1,,,,,,,,0,,,,,,,,,,,,,,
2018-08-13,08:17:00,SEM VÍTIMA,CANCELADA,AFOGADOS,RUA SAO MIGUEL,268,,E/F AO DEPATRI  SEMÁFORO 333,RUA SAO MIGUEL,268,E/F AO DEPATRI  SEMÁFORO 333,AFOGADOS,,,COLISÃO,SEM VÍTIMAS,,,,,,2,,,,0,,,,,,,,,,,,,,
2018-08-13,08:21:00,SEM VÍTIMA,FINALIZADA,DERBY,AV GOVERNADOR AGAMENON MAGALHAES,,,SENTIDO BOA VIAGEM EM FRENTE AO RESTAURANTE SPETTUS,AV GOVERNADOR AGAMENON MAGALHAES,,SENTIDO BOA VIAGEM EM FRENTE AO RESTAURANTE SPETTUS,DERBY,,,COLISÃO,COLISÃO SEM VITIMAS,3,,,,,,,,,0,,,,,,,,,,,,,,
2018-08-13,08:41:00,SEM VÍTIMA,FINALIZADA,ESPINHEIRO,RUA QUARENTA E OITO,760,,E/F A PADARIA ESPINHEIRO DELICATESSEN,RUA QUARENTA E OITO,760,E/F A PADARIA ESPINHEIRO DELICATESSEN,ESPINHEIRO,,,COLISÃO,SEM VÍTIMAS. BATEDORES NO LOCAL. MT 19 MT 27 NO LOCAL,1,,,,,1,,,,0,,,,,,,,,,,,,,
2018-08-13,08:42:00,SEM VÍTIMA,FINALIZADA,IMBIRIBEIRA,AV MARECHAL MASCARENHAS DE MORAES,,,SENTIDO CENTRO EM FRENTE A LOCALIZA,AV MARECHAL MASCARENHAS DE MORAES,,SENTIDO CENTRO EM FRENTE A LOCALIZA,IMBIRIBEIRA,,,COLISÃO,COLISÃO SEM VITIMAS BT ANDRE MANUEL QTH,1,,,,,,1,,,0,,,,,,,,,,,,,,
2018-08-13,09:21:00,SEM VÍTIMA,FINALIZADA,IBURA,AV DOIS RIOS,,,SOB O PONTILHÃO DO IBURA,AV DOIS RIOS,,SOB O PONTILHÃO DO IBURA,IBURA,,,COLISÃO,SEM VÍTIMA,2,,,,,,,,,0,,,,,,,,,,,,,,
2018-08-13,09:22:00,SEM VÍTIMA,FINALIZADA,AFOGADOS,EST DOS REMEDIOS,988,,EM FRENTE AO POSTO DE GASOLINA IPIRANGA,EST DOS REMEDIOS,988,EM FRENTE AO POSTO DE GASOLINA IPIRANGA,AFOGADOS,,,COLISÃO,COLISÃO SEM VITIMAS,,2,,,,,,,,0,,,,,,,,,,,,,,
2018-08-13,09:44:00,SEM VÍTIMA,FINALIZADA,AFOGADOS,AV SUL,,,EMBAIXO DO PONTILHÃO,AV SUL,,EMBAIXO DO PONTILHÃO,AFOGADOS,,,COLISÃO,DOIS AUTOS,2,,,,,,,,,0,,,,,,,,,,,,,,
2018-08-13,10:06:00,SEM VÍTIMA,FINALIZADA,IMBIRIBEIRA,AV MARECHAL MASCARENHAS DE MORAES,5803,,EM FRENTE AO IPIRANGA SENTIDO CENTRO,AV MARECHAL MASCARENHAS DE MORAES,5803,EM FRENTE AO IPIRANGA SENTIDO CENTRO,IMBIRIBEIRA,,,COLISÃO,COLISÃO SEM VITIMAS,3,,,,,,,,,0,,,,,,,,,,,,,,
2018-08-13,10:11:00,SEM VÍTIMA,FINALIZADA,BOA VISTA,AV MANOEL BORBA,738,,E/F AO EDF. VILLA LOBOS,AV MANOEL BORBA,738,E/F AO EDF. VILLA LOBOS,BOA VISTA,,,COLISÃO,SEM VÍTIMAS,2,,,,,,,,,0,,,,,,,,,,,,,,
2018-08-13,11:00:00,SEM VÍTIMA,FINALIZADA,BOA VIAGEM,AV CONSELHEIRO AGUIAR,2375,,EM FRENTE AO EMPRESARIAL JOÃO ROMA,AV CONSELHEIRO AGUIAR,2375,EM FRENTE AO EMPRESARIAL JOÃO ROMA,BOA VIAGEM,,,COLISÃO,COLISÃO SEM VITIMAS,2,,,,,,,,,0,,,,,,,,,,,,,,
2018-08-13,13:10:00,SEM VÍTIMA,FINALIZADA,PINA,AV ANTONIO DE GOES,,,EM FRENTE AO DNIT,AV ANTONIO DE GOES,,EM FRENTE AO DNIT,PINA,,,COLISÃO,COLISÃO SEM VÍTIMA,2,,,,,,,,,0,,,,,,,,,,,,,,
2018-08-13,11:27:00,SEM VÍTIMA,FINALIZADA,BOA VISTA,RUA PRINCESA IZABEL,,,AO LADO DA DELEGACIA DE POLICIA CIVIL. SEMÁFORO 167,RUA PRINCESA IZABEL,,AO LADO DA DELEGACIA DE POLICIA CIVIL. SEMÁFORO 167,BOA VISTA,,,COLISÃO,SEM VÍTIMAS,2,,,,,,,,,0,,,,,,,,,,,,,,
2018-08-13,11:46:00,SEM VÍTIMA,FINALIZADA,IMBIRIBEIRA,AV MARECHAL MASCARENHAS DE MORAES,,,EM FRENTE AO AEROPORTO/ SENTIDO PRAZERES,AV MARECHAL MASCARENHAS DE MORAES,,EM FRENTE AO AEROPORTO/ SENTIDO PRAZERES,IMBIRIBEIRA,,,COLISÃO,COLISÃO SEM VÍTIMA,1,,,,,,1,,,0,,,,,,,,,,,,,,
2018-08-13,12:07:00,SEM VÍTIMA,CANCELADA,IMBIRIBEIRA,AV MARECHAL MASCARENHAS DE MORAES,4537,,EM FRENTE A PHARMAPELE/ SENTIDO AEROPORTO,AV MARECHAL MASCARENHAS DE MORAES,4537,EM FRENTE A PHARMAPELE/ SENTIDO AEROPORTO,IMBIRIBEIRA,,,COLISÃO,COLISÃO SEM VÍTIMA,2,,,,,,,,,0,,,,,,,,,,,,,,
2018-08-13,12:55:00,SEM VÍTIMA,FINALIZADA,ESTÂNCIA,AV DR JOSE RUFINO,535,,EM FRENTE A GALERIA MARGARIDA,AV DR JOSE RUFINO,535,EM FRENTE A GALERIA MARGARIDA,ESTÂNCIA,,,COLISÃO,COLISÃO SEM VÍTIMA,2,,,,,,,,,0,,,,,,,,,,,,,,
2018-08-13,12:59:00,SEM VÍTIMA,FINALIZADA,MADALENA,AV VISCONDE DE ALBUQUERQUE,964,,EM FRENTE AO POSTO IPIRANGA,AV VISCONDE DE ALBUQUERQUE,964,EM FRENTE AO POSTO IPIRANGA,MADALENA,,,COLISÃO,COLISÃO SEM VÍTIMA,1,,,,,1,,,,0,,,,,,,,,,,,,,
2018-08-13,13:04:00,SEM VÍTIMA,FINALIZADA,BOA VISTA,RUA GENERAL JOSE SEMEAO,39,,AO LADO DA CATOLICA,RUA GENERAL JOSE SEMEAO,39,AO LADO DA CATOLICA,BOA VISTA,,,COLISÃO,COLISÃO SEM VÍTIMA,2,,,,,,,,,0,,,,,,,,,,,,,,
2018-08-13,13:38:00,COM VÍTIMA,FINALIZADA,PINA,AV ANTONIO DE GOES,,RUA NOGUEIRA DE SOUZA,COM A RUA NOGUEIRA DE SOUZA,AV ANTONIO DE GOES,,COM A RUA NOGUEIRA DE SOUZA,PINA,,,COLISÃO,COM UMA VITIMA  SAMU ACIONADO,1,1,,,,,,,,1,,,,,,,,,,,,,,
2018-08-13,14:09:00,COM VÍTIMA,FINALIZADA,SOLEDADE,RUA NUNES MACHADO,58,,EM FRENTE AO ESPECIAL INGLÊS,RUA NUNES MACHADO,58,EM FRENTE AO ESPECIAL INGLÊS,SOLEDADE,,,COLISÃO,COLISÃO COM VÍTIMA,1,1,,,,,,,,1,,,,,,,,,,,,,,
2018-08-13,14:27:00,SEM VÍTIMA,FINALIZADA,ESPINHEIRO,RUA QUARENTA E OITO,515,,EM FRENTE AO SESI CLINICA,RUA QUARENTA E OITO,515,EM FRENTE AO SESI CLINICA,ESPINHEIRO,,,COLISÃO,COLISÃO SEM VÍTIMA,1,,,,,1,,,,0,,,,,,,,,,,,,,
2018-08-13,15:42:00,SEM VÍTIMA,FINALIZADA,VÁRZEA,AV JOAQUIM RIBEIRO,1095,,BAR QUINTAL DA SOPA  SENTIDO CIDADE,AV JOAQUIM RIBEIRO,1095,BAR QUINTAL DA SOPA  SENTIDO CIDADE,VÁRZEA,,,COLISÃO,COLISÃO SEM VITIMA,2,,,,,,,,,0,,,,,,,,,,,,,,
2018-08-13,16:33:00,SEM VÍTIMA,FINALIZADA,JORDÃO,AV MARIA IRENE,1038,,EM FRENTE A A OFICINA CARLA MOTOS,AV MARIA IRENE,1038,EM FRENTE A A OFICINA CARLA MOTOS,JORDÃO,,,COLISÃO,SEM VITIMAS,1,,,,,1,,,,0,,,,,,,,,,,,,,
2018-08-13,18:18:00,SEM VÍTIMA,FINALIZADA,BOA VISTA,RUA DO HOSPICIO,,,ENF A FACULDADE DE DIREITO E TREZE DE MAIO,RUA DO HOSPICIO,,ENF A FACULDADE DE DIREITO E TREZE DE MAIO,BOA VISTA,,,COLISÃO,FOX X AUTO,2,,,,,,,,,0,,,,,,,,,,,,,,
2018-08-13,20:07:00,SEM VÍTIMA,FINALIZADA,BOA VIAGEM,RUA PROFESSOR EDUARDO WANDERLEY FILHO,,,NA RUA DO COLEGIO BOA VIAGEM ENF A PADARIA DN: ROSA,RUA PROFESSOR EDUARDO WANDERLEY FILHO,,NA RUA DO COLEGIO BOA VIAGEM ENF A PADARIA DN: ROSA,BOA VIAGEM,,,COLISÃO,GOL X SIENA,2,,,,,,,,,0,,,,,,,,,,,,,,
2018-08-13,20:14:00,SEM VÍTIMA,FINALIZADA,BONGI,RUA ISAAC MARKMAN,187,,NA RUA AO LADO DA ESCOLA ESTADUAL ONTHON PARAISO,RUA ISAAC MARKMAN,187,NA RUA AO LADO DA ESCOLA ESTADUAL ONTHON PARAISO,BONGI,,,COLISÃO,2 SIENAS X HB 20,3,,,,,,,,,0,,,,,,,,,,,,,,
2018-08-13,20:23:00,COM VÍTIMA,FINALIZADA,JARDIM SÃO PAULO,AV SAO PAULO,1900,,PRÓX AO POSTO SHELL DA JOSÉ RUFINO,AV SAO PAULO,1900,PRÓX AO POSTO SHELL DA JOSÉ RUFINO,JARDIM SÃO PAULO,,,COLISÃO,ENTRE AUTO E MOTO. C/V,1,1,,,,,,,,1,,,,,,,,,,,,,,
2018-08-14,00:57:00,SEM VÍTIMA,FINALIZADA,SANTO AMARO,AV CRUZ CABUGA,,AV MARIO MELO,CRUZAMENTO COM A AV MARIO MELO,AV CRUZ CABUGA,,CRUZAMENTO COM A AV MARIO MELO,SANTO AMARO,,,COLISÃO,COLISÃO ENTRE DOIS AUTOS S/V,2,,,,,,,,,0,,,,,,,,,,,,,,
2018-08-14,02:51:00,SEM VÍTIMA,FINALIZADA,APIPUCOS,RUA DOIS IRMAOS,,,EM BAIXO DO VIADUTO DOIS IRMÃOS  SENTIDO CIDADE/ SUBÚRBIO // SEMÁFORO 416,RUA DOIS IRMAOS,,EM BAIXO DO VIADUTO DOIS IRMÃOS  SENTIDO CIDADE/ SUBÚRBIO // SEMÁFORO 416,APIPUCOS,,,CHOQUE,CONDUTOR PERDEU O CONTROLE DO VEÍCULO E CHOCOU-SE CONTRA O POSTE DO SEMÁFORO,,,,,,,1,,,0,,,,,,,,,,,,,,
2018-08-14,07:52:00,SEM VÍTIMA,FINALIZADA,BOA VIAGEM,AV CONSELHEIRO AGUIAR,355,,GALERIA PORTO FINO/DEPOIS DA UNIDAS,AV CONSELHEIRO AGUIAR,355,GALERIA PORTO FINO/DEPOIS DA UNIDAS,BOA VIAGEM,,,COLISÃO,DOIS AUTOS S/V,2,,,,,,,,,0,,,,,,,,,,,,,,
2018-08-14,08:00:00,SEM VÍTIMA,FINALIZADA,CASA AMARELA,AV NORTE,,,ENTRADA DA MANGABEIRA,AV NORTE,,ENTRADA DA MANGABEIRA,CASA AMARELA,,,COLISÃO,CAMINHÃO E AUTO,1,,,,,,1,,,0,,,,,,,,,,,,,,
2018-08-14,08:10:00,SEM VÍTIMA,FINALIZADA,SANTO AMARO,RUA FREI CASSIMIRO,,AV GOV AGAMENON MAGALHAES,COM AGAMENON MAGALHAES  APOS A UPE SENT. OLINDA,RUA FREI CASSIMIRO,,COM AGAMENON MAGALHAES  APOS A UPE SENT. OLINDA,SANTO AMARO,,,COLISÃO,DOIS AUTOS S/V,2,,,,,,,,,0,,,,,,,,,,,,,,
2018-08-14,08:29:00,SEM VÍTIMA,CANCELADA,SANTO ANTÔNIO,RUA DO SOL,143,,AO LADO DOS CORREIOS,RUA DO SOL,143,AO LADO DOS CORREIOS,SANTO ANTÔNIO,,,COLISÃO,ONIBUS E AUTO,1,,,,,1,,,,0,,,,,,,,,,,,,,
2018-08-14,09:10:00,SEM VÍTIMA,FINALIZADA,ARRUDA,AV PROFESSOR JOSE DOS ANJOS,,,PROX. AO SESC E POSTO DE GASOLINA BR,AV PROFESSOR JOSE DOS ANJOS,,PROX. AO SESC E POSTO DE GASOLINA BR,ARRUDA,,,COLISÃO,AUTO E MOTO,1,1,,,,,,,,0,,,,,,,,,,,,,,
2018-08-14,09:12:00,SEM VÍTIMA,FINALIZADA,IMBIRIBEIRA,AV MARECHAL MASCARENHAS DE MORAES,,,E/F ANAC S/T PRAZERES NO SEMAFORO 625,AV MARECHAL MASCARENHAS DE MORAES,,E/F ANAC S/T PRAZERES NO SEMAFORO 625,IMBIRIBEIRA,,,COLISÃO,COLISAO ENTRE CAMINHAO E AUTO S/V,1,,,,,,,,,0,,,,,,,,,,,,,,
2018-08-14,10:24:00,SEM VÍTIMA,FINALIZADA,CASA AMARELA,AV NORTE,5246,,NA SUBIDA DO MORRO DA CONCEICAO,AV NORTE,5246,NA SUBIDA DO MORRO DA CONCEICAO,CASA AMARELA,,,COLISÃO,VEÍCULO CARACTERIZADO COM DOCUMENTO PARTICULAR E OUTRO AUTO.,2,,,,,,,,,0,,,,,,,,,,,,,,
2018-08-14,10:52:00,SEM VÍTIMA,FINALIZADA,PAISSANDU,AV GOVERNADOR AGAMENON MAGALHAES,,,EN FRENTE AO HOSPITAL DA RESTAURAÇÃO,AV GOVERNADOR AGAMENON MAGALHAES,,EN FRENTE AO HOSPITAL DA RESTAURAÇÃO,PAISSANDU,,,COLISÃO,COLISÃO SEM VITIMA,2,,,,,,,,,0,,,,,,,,,,,,,,
2018-08-14,11:39:00,SEM VÍTIMA,FINALIZADA,PAISSANDU,RUA PAISSANDU,,,E/F AO HOSPITAL SÃO MARCOS,RUA PAISSANDU,,E/F AO HOSPITAL SÃO MARCOS,PAISSANDU,,,COLISÃO,SEM VÍTIMAS,1,,,,,,1,,,0,,,,,,,,,,,,,,
2018-08-14,12:16:00,SEM VÍTIMA,FINALIZADA,SÃO JOSÉ,C SANTA RITA,,,NA FRENTE DO ARMAZÉM CORAL,C SANTA RITA,,NA FRENTE DO ARMAZÉM CORAL,SÃO JOSÉ,,,COLISÃO,COLISÃO SEM VITIMA,,,,,,,2,,,0,,,,,,,,,,,,,,
2018-08-14,12:25:00,COM VÍTIMA,FINALIZADA,IPUTINGA,AV CAXANGA,3302,,AO LADO DO ELEVADO (BRT) - SENTIDO SUBÚRBIO,AV CAXANGA,3302,AO LADO DO ELEVADO (BRT) - SENTIDO SUBÚRBIO,IPUTINGA,,,COLISÃO,COLISÃO COM VÍTIMA - AUTO PASSEIO EVADIU-SE DO LOCAL SEM PRESTAR O DEVIDO APOIO,1,1,,,,,,,,1,,,,,,,,,,,,,,
2018-08-14,12:50:00,SEM VÍTIMA,FINALIZADA,ENCRUZILHADA,RUA ANTONIO RANGEL,163,,EM FRENTE AO EDF SOLIMÕES,RUA ANTONIO RANGEL,163,EM FRENTE AO EDF SOLIMÕES,ENCRUZILHADA,,,COLISÃO,SEM VITIMAS,1,,,,,,1,,,0,,,,,,,,,,,,,,
2018-08-14,13:03:00,SEM VÍTIMA,CANCELADA,IMBIRIBEIRA,RUA JACANA,,AV MAL MASC MORAES,AO LADO SAM `S CLUB CRUZAMENTO COM A AV MARECHAL MASCARENHAS DE MORAES,RUA JACANA,,AO LADO SAM `S CLUB CRUZAMENTO COM A AV MARECHAL MASCARENHAS DE MORAES,IMBIRIBEIRA,,,COLISÃO,SEM VITIMAS,1,1,,,,,,,,0,,,,,,,,,,,,,,
2018-08-14,13:26:00,SEM VÍTIMA,FINALIZADA,SANTO AMARO,RUA FREI CASSIMIRO,,,EM FRENTE AO COMITE DO OSMAR RICARDO,RUA FREI CASSIMIRO,,EM FRENTE AO COMITE DO OSMAR RICARDO,SANTO AMARO,,,COLISÃO,COLISÃO SEM VITIMA,1,,,,,,,,,0,,,,,,,,,,,,,,
2018-08-14,15:11:00,SEM VÍTIMA,FINALIZADA,TORRE,RUA JOSE BONIFACIO,,RUA MARCOS ANDRE,ENFRENTE AO CARREFOR... JOSÉ BONIFÁCIO COM A MARCOS ANDRÉ,RUA JOSE BONIFACIO,,ENFRENTE AO CARREFOR... JOSÉ BONIFÁCIO COM A MARCOS ANDRÉ,TORRE,,,COLISÃO,COLISÃO SEM VITIMA,2,,,,,,,,,0,,,,,,,,,,,,,,
2018-08-14,15:12:00,SEM VÍTIMA,FINALIZADA,ILHA DO RETIRO,AV BEIRA RIO,,,APOS A BILHEITERIA DO SPORT / PROX A PONTE,AV BEIRA RIO,,APOS A BILHEITERIA DO SPORT / PROX A PONTE,ILHA DO RETIRO,,,COLISÃO,DOIS AUTOS,2,,,,,,,,,0,,,,,,,,,,,,,,
2018-08-14,15:25:00,SEM VÍTIMA,FINALIZADA,CASA AMARELA,RUA OSCAR DE BARROS,,,PROX. AO POSTO DE SAUDE DISTRITO III  SUPERMERCADO CANELA,RUA OSCAR DE BARROS,,PROX. AO POSTO DE SAUDE DISTRITO III  SUPERMERCADO CANELA,CASA AMARELA,,,COLISÃO,COLISÃO SEM VITIMA,2,,,,,,,,,0,,,,,,,,,,,,,,
2018-08-14,15:57:00,SEM VÍTIMA,FINALIZADA,CURADO,AV PREFEITO ANTONIO PEREIRA,231,,SAIDA DOS ONIBUS,AV PREFEITO ANTONIO PEREIRA,231,SAIDA DOS ONIBUS,CURADO,,,COLISÃO,ONIBUS E CAMINHAO,,,,,,1,1,,,0,,,,,,,,,,,,,,
2018-08-14,16:01:00,SEM VÍTIMA,FINALIZADA,ALTO DO MANDU,RUA MURICI,46,RUA JACARANDA,AO LADO DO COLEGIO VILA SÈSAMO CRUZAMENTO COM A RUA JACARANDÁ,RUA MURICI,46,AO LADO DO COLEGIO VILA SÈSAMO CRUZAMENTO COM A RUA JACARANDÁ,ALTO DO MANDU,,,COLISÃO,SEM VITIMAS,2,,,,,,,,,0,,,,,,,,,,,,,,
2018-08-14,16:28:00,COM VÍTIMA,FINALIZADA,BEBERIBE,RUA URIEL DE HOLANDA,,,RUA DO COLEGIO ESTADUAL PEDRO CELSO,RUA URIEL DE HOLANDA,,RUA DO COLEGIO ESTADUAL PEDRO CELSO,BEBERIBE,,,ATROPELAMENTO,COM DUAS VITIMAS,,1,,,2,,,,,2,,,,,,,,,,,,,,
2018-08-14,16:36:00,COM VÍTIMA,FINALIZADA,MACAXEIRA,AV NORTE,7696,,EM FRENTE A ESCOLA MUNICIPAL ABEL GUERREIROS / SENT SUB,AV NORTE,7696,EM FRENTE A ESCOLA MUNICIPAL ABEL GUERREIROS / SENT SUB,MACAXEIRA,,,COLISÃO,VAN E MOTO,1,1,,,,,,,,1,,,,,,,,,,,,,,
2018-08-14,16:43:00,SEM VÍTIMA,FINALIZADA,BOA VIAGEM,RUA SANTA LEONOR,17,,EM FRENTE AO PARQUE SANTOS DUMONT,RUA SANTA LEONOR,17,EM FRENTE AO PARQUE SANTOS DUMONT,BOA VIAGEM,,,COLISÃO,SEM VITIMAS,1,,,,,,1,,,0,,,,,,,,,,,,,,
2018-08-14,16:48:00,SEM VÍTIMA,FINALIZADA,GRAÇAS,AV GOVERNADOR AGAMENON MAGALHAES,,,ENFRENTE AO CLUB PORTUGUES,AV GOVERNADOR AGAMENON MAGALHAES,,ENFRENTE AO CLUB PORTUGUES,GRAÇAS,,,COLISÃO,COLISÃO SEM VITIMA,2,,,,,,,,,0,,,,,,,,,,,,,,
2018-08-14,16:57:00,SEM VÍTIMA,FINALIZADA,SAN MARTIN,AV GENERAL SAN MARTIN,,,AO LADO DA CAVALARIA,AV GENERAL SAN MARTIN,,AO LADO DA CAVALARIA,SAN MARTIN,,,COLISÃO,COLISÃO SEM VITIMA,1,,,,,,1,,,0,,,,,,,,,,,,,,
2018-08-14,17:03:00,COM VÍTIMA,FINALIZADA,TAMARINEIRA,AV PROFESSOR JOSE DOS ANJOS,,,AO LADO DO DNOCS,AV PROFESSOR JOSE DOS ANJOS,,AO LADO DO DNOCS,TAMARINEIRA,,,COLISÃO,COLISAO ENTRE AUTO E MOTO COM VITIMA,1,1,,,,,,,,1,,,,,,,,,,,,,,
2018-08-14,17:08:00,SEM VÍTIMA,CANCELADA,SANTO AMARO,AV CRUZ CABUGA,,,PROX. A ASSEMBLEIA DE DEUS,AV CRUZ CABUGA,,PROX. A ASSEMBLEIA DE DEUS,SANTO AMARO,,,COLISÃO,COLISÃO SEM VITIMA,1,,,,,1,,,,0,,,,,,,,,,,,,,
2018-08-14,17:22:00,SEM VÍTIMA,FINALIZADA,ARRUDA,RUA CORONEL URBANO RIBEIRO DE SENA,,,PROX. A ESCOLA NOSSO PARAISO  SENTIDO CENTRO,RUA CORONEL URBANO RIBEIRO DE SENA,,PROX. A ESCOLA NOSSO PARAISO  SENTIDO CENTRO,ARRUDA,,,COLISÃO,COLISÃO SEM VITIMA,2,,,,,,,,,0,,,,,,,,,,,,,,
2018-08-14,17:51:00,SEM VÍTIMA,FINALIZADA,MADALENA,EST DOS REMEDIOS,2416,,EM FRENTE AO POLICLINICA LESSA DE ANDRADE,EST DOS REMEDIOS,2416,EM FRENTE AO POLICLINICA LESSA DE ANDRADE,MADALENA,,,COLISÃO,SEM VITIMAS,2,,,,,,,,,0,,,,,,,,,,,,,,
2018-08-14,18:19:00,SEM VÍTIMA,FINALIZADA,ILHA DO RETIRO,RUA BENFICA,,,ENFRENTE A BILHETERIA DO SPORT,RUA BENFICA,,ENFRENTE A BILHETERIA DO SPORT,ILHA DO RETIRO,,,COLISÃO,FOX BRANCO X ONIX BRANCO,2,,,,,,,,,0,,,,,,,,,,,,,,
2018-08-14,18:44:00,SEM VÍTIMA,CANCELADA,BOA VIAGEM,AV VINTE DE JANEIRO,,RUA BARAO DE SOUZA LEAO,ESQUINA COM A BARÃO DE SOUZA LEÃO / E/F A VILA MILITAR DA AERONAUTICA,AV VINTE DE JANEIRO,,ESQUINA COM A BARÃO DE SOUZA LEÃO / E/F A VILA MILITAR DA AERONAUTICA,BOA VIAGEM,,,COLISÃO,ENTRE 2 AUTOS. S/V,2,,,,,,,,,0,,,,,,,,,,,,,,
2018-08-14,21:12:00,SEM VÍTIMA,FINALIZADA,CAJUEIRO,RUA ARAO BOTLER,36,,NA DESCIDA DO SUPERMERCADO VERDÃO / PRÓX A SORVETERIA ZECAS E O TERRAÇO,RUA ARAO BOTLER,36,NA DESCIDA DO SUPERMERCADO VERDÃO / PRÓX A SORVETERIA ZECAS E O TERRAÇO,CAJUEIRO,,,COLISÃO,ENTRE 2 AUTOS. S/V,2,,,,,,,,,0,,,,,,,,,,,,,,
2018-08-14,21:39:00,SEM VÍTIMA,FINALIZADA,PINA,AVENIDA CELSO FURTADO (VIA MANGUE),,,POR TRAS DO MERCADO EXTRA SENTIDO BOA VIAGEM,AVENIDA CELSO FURTADO (VIA MANGUE),,POR TRAS DO MERCADO EXTRA SENTIDO BOA VIAGEM,PINA,,,COLISÃO,GOL X CAMINHAO,1,,,,,,1,,,0,,,,,,,,,,,,,,
2018-08-15,07:11:00,COM VÍTIMA,FINALIZADA,IPSEP,AV RECIFE,2739,,EM FRENTE A PIZZARIA ATLANTICO,AV RECIFE,2739,EM FRENTE A PIZZARIA ATLANTICO,IPSEP,,,COLISÃO,MOTO E ONIBUS,,1,,,,1,,,,2,,,,,,,,,,,,,,
2018-08-15,08:27:00,SEM VÍTIMA,FINALIZADA,PINA,RUA MANOEL DE BRITO,207,,PROX AO TUNEL DO RIOMAR,RUA MANOEL DE BRITO,207,PROX AO TUNEL DO RIOMAR,PINA,,,COLISÃO,COLISAO ENTRE DOIS AUTOS S/V,2,,,,,,,,,0,,,,,,,,,,,,,,