data,hora,natureza_acidente,situacao,bairro,endereco,numero,detalhe_endereco_acidente,complemento,endereco_cruzamento,numero_cruzamento,referencia_cruzamento,bairro_cruzamento,num_semaforo,sentido_via,tipo,descricao,auto,moto,ciclom,ciclista,pedestre,onibus,caminhao,viatura,outros,vitimas,vitimasfatais,acidente_verificado,tempo_clima,situacao_semaforo,sinalizacao,condicao_via,conservacao_via,ponto_controle,situacao_placa,velocidade_max_via,mao_direcao,divisao_via1,divisao_via2,divisao_via3
2018-08-23,13:08:00,SEM VÍTIMA,CANCELADA,SANTO AMARO,AV CRUZ CABUGA,,AV VISCONDE DE SUASSUNA,CRUZEMENTO COM A VISCONDE DE SUASSUNA/ NO SEMÁFORO 032,AV CRUZ CABUGA,,CRUZEMENTO COM A VISCONDE DE SUASSUNA/ NO SEMÁFORO 032,SANTO AMARO,,,COLISÃO,COLISÃO SEM VÍTIMA,2,,,,,,,,,0,,,,,,,,,,,,,,
2018-08-23,13:39:00,SEM VÍTIMA,FINALIZADA,CORDEIRO,AV CAXANGA,1335,,AO LADO DO BRADESCO/ SENTIDO MADALENA,AV CAXANGA,1335,AO LADO DO BRADESCO/ SENTIDO MADALENA,CORDEIRO,,,COLISÃO,COLISÃO SEM VÍTIMA,2,,,,,,,,,0,,,,,,,,,,,,,,
2018-08-23,13:43:00,SEM VÍTIMA,FINALIZADA,BOA VIAGEM,RUA ANTONIO FALCAO,,RUA ITAJUBA,CRUZAMENTO COM RUA ITAJUBA APOS A ESTAÇAO DO METRO,RUA ANTONIO FALCAO,,CRUZAMENTO COM RUA ITAJUBA APOS A ESTAÇAO DO METRO,BOA VIAGEM,,,COLISÃO,COLISAO ENTRE DOIS AUTOS S/V,2,,,,,,,,,0,,,,,,,,,,,,,,
2018-08-23,14:21:00,SEM VÍTIMA,FINALIZADA,SÃO JOSÉ,RUA IMPERIAL,987,,PROX AO VIADUTO EA OFICINA PONTUAL NO SEMAFORO 510,RUA IMPERIAL,987,PROX AO VIADUTO EA OFICINA PONTUAL NO SEMAFORO 510,SÃO JOSÉ,,,COLISÃO,COLISAO ENTRE DOIS AUTOS S/V,2,,,,,,,,,0,,,,,,,,,,,,,,
2018-08-23,14:23:00,SEM VÍTIMA,FINALIZADA,ROSARINHO,AV NORTE,3029,,SENTIDO CIDADE  APÓS PASSAR A PADARIA ROSARINHO  NO POSTO SHELL,AV NORTE,3029,SENTIDO CIDADE  APÓS PASSAR A PADARIA ROSARINHO  NO POSTO SHELL,ROSARINHO,,,COLISÃO,SEM VITIMA,1,,,,,1,,,,0,,,,,,,,,,,,,,
2018-08-23,14:35:00,COM VÍTIMA,FINALIZADA,BOA VISTA,AV CONDE DA BOA VISTA,770,,EM FRENTE A LOJA LEADER,AV CONDE DA BOA VISTA,770,EM FRENTE A LOJA LEADER,BOA VISTA,,,COLISÃO,COLISÃO COM UMA VITIMA SOCORRIDA PELO SAMU GM NO LOCAL,1,1,,,,,,,,1,,,,,,,,,,,,,,
2018-08-23,15:28:00,SEM VÍTIMA,FINALIZADA,BOA VIAGEM,RUA BARAO DE SOUZA LEAO,400,,EM FRENTE AO HOTEL ESCLUSIVE IN,RUA BARAO DE SOUZA LEAO,400,EM FRENTE AO HOTEL ESCLUSIVE IN,BOA VIAGEM,,,COLISÃO,SEM VITIMAS,2,,,,,,,,,0,,,,,,,,,,,,,,
2018-08-23,15:59:00,SEM VÍTIMA,FINALIZADA,AFOGADOS,RUA DA PAZ,396,,EM FRENTE AO BANCO ITAU,RUA DA PAZ,396,EM FRENTE AO BANCO ITAU,AFOGADOS,,,COLISÃO,SEM VITIMAS,2,,,,,,1,,,0,,,,,,,,,,,,,,
2018-08-23,16:31:00,SEM VÍTIMA,FINALIZADA,VÁRZEA,RUA GASTAO VIDIGAL,,,E/F AO MOTEL COSTA AZUL,RUA GASTAO VIDIGAL,,E/F AO MOTEL COSTA AZUL,VÁRZEA,,,COLISÃO,COLISAO ENTRE AUTO E MOTO S/V,1,1,,,,,,,,0,,,,,,,,,,,,,,
2018-08-23,16:34:00,SEM VÍTIMA,CANCELADA,IPSEP,RUA JEAN EMILE FAVRE,,,NO SEMÁFORO 101,RUA JEAN EMILE FAVRE,,NO SEMÁFORO 101,IPSEP,,,COLISÃO,COLISÃO SEM VÍTIMA,1,1,,,,,,,,0,,,,,,,,,,,,,,
2018-08-23,16:52:00,SEM VÍTIMA,FINALIZADA,DOIS IRMÃOS,RUA MANOEL DE MORAIS,91,,A UNS 200M DO COLEGIO LIONS,RUA MANOEL DE MORAIS,91,A UNS 200M DO COLEGIO LIONS,DOIS IRMÃOS,,,COLISÃO,COLISÃO SEM VÍTIMA,3,,,,,,,,,0,,,,,,,,,,,,,,
2018-08-23,17:03:00,SEM VÍTIMA,FINALIZADA,DERBY,RUA JORNALISTA PAULO BITTENCOURT,147,,AO LADO DO HOSPITAL DA RESTAURAÇÃO,RUA JORNALISTA PAULO BITTENCOURT,147,AO LADO DO HOSPITAL DA RESTAURAÇÃO,DERBY,,,COLISÃO,SEM VITIMAS,2,,,,,,,,,0,,,,,,,,,,,,,,
2018-08-23,17:56:00,SEM VÍTIMA,CANCELADA,ENCRUZILHADA,AV NORTE,2215,,EM FRENTE A RENAULT/ SENTIDO SUBURBIO,AV NORTE,2215,EM FRENTE A RENAULT/ SENTIDO SUBURBIO,ENCRUZILHADA,,,COLISÃO,COLISÃO SEM VÍTIMA,1,1,,,,,,,,0,,,,,,,,,,,,,,
2018-08-23,18:16:00,COM VÍTIMA,FINALIZADA,JOANA BEZERRA,AV DES GUERRA BARRETO,,,ENF AO FORUM NA ENTRADA PRINCIPAL,AV DES GUERRA BARRETO,,ENF AO FORUM NA ENTRADA PRINCIPAL,JOANA BEZERRA,,,COLISÃO,VT DA POLICIA x MOTO,1,1,,,,,,,,1,,,,,,,,,,,,,,
2018-08-23,18:22:00,SEM VÍTIMA,FINALIZADA,MADALENA,AV BEIRA RIO,1313,RUA JOSE DE HOLANDA,BEIRANDO O CANAL DE´POIS DO SEMAFORO 630 ENF AO MARTELINHO DE OURO CRUZAMENTO COM A RUA JOSE DE HOLANDA,AV BEIRA RIO,1313,BEIRANDO O CANAL DE´POIS DO SEMAFORO 630 ENF AO MARTELINHO DE OURO CRUZAMENTO COM A RUA JOSE DE HOLANDA,MADALENA,,,COLISÃO,MOTO CAMINHAO,1,,,,,,1,,,0,,,,,,,,,,,,,,
2018-08-23,19:58:00,SEM VÍTIMA,FINALIZADA,SAN MARTIN,RUA BONIFACIO DE ANDRADE,,AV GAL SAN MARTIN,CRUZAMENTO COM A GENERAL SAN MARTIN // ENF AO POSTO DE SAUDE // ESCOLA ADVENTISTA,RUA BONIFACIO DE ANDRADE,,CRUZAMENTO COM A GENERAL SAN MARTIN // ENF AO POSTO DE SAUDE // ESCOLA ADVENTISTA,SAN MARTIN,,,COLISÃO,CITROEEN C3 X CINQUENTINHA,1,1,,,,,,,,0,,,,,,,,,,,,,,
2018-08-23,20:43:00,SEM VÍTIMA,FINALIZADA,BOA VIAGEM,AV CONSELHEIRO AGUIAR,,RUA JOSE DE VASCONCELOS,NA ESQUINA COM RUA PROF ALOISIO PESSOA DE ARAUJO,AV CONSELHEIRO AGUIAR,,NA ESQUINA COM RUA PROF ALOISIO PESSOA DE ARAUJO,BOA VIAGEM,,,COLISÃO,HONDA CIT X CELTA,2,,,,,,,,,0,,,,,,,,,,,,,,
2018-08-23,21:19:00,SEM VÍTIMA,FINALIZADA,TAMARINEIRA,EST VELHA DE AGUA FRIA,908,RUA JOSE DE VASCONCELOS,SENTIDO MADALENA // CRUZAMENTO COM A RUA JOSE DE VASCONCELOS,EST VELHA DE AGUA FRIA,908,SENTIDO MADALENA // CRUZAMENTO COM A RUA JOSE DE VASCONCELOS,TAMARINEIRA,,,COLISÃO,FORD K X CAMINHAO DA CELPE,1,,,,,,1,,,0,,,,,,,,,,,,,,
2018-08-23,22:35:00,SEM VÍTIMA,CANCELADA,SÃO JOSÉ,RUA IMPERIAL,107,,ENF A IGREJA MATRIZ,RUA IMPERIAL,107,ENF A IGREJA MATRIZ,SÃO JOSÉ,,,COLISÃO,DOIS AUTO,2,,,,,,,,,0,,,,,,,,,,,,,,
2018-08-24,04:23:00,SEM VÍTIMA,CANCELADA,BOA VIAGEM,RUA BARAO DE SOUZA LEAO,S/N,,PROXIMO AO POSTO BR,RUA BARAO DE SOUZA LEAO,S/N,PROXIMO AO POSTO BR,BOA VIAGEM,,,CHOQUE,CHOCOU-SE COM UM POSTER,1,,,,,,,,,0,,,,,,,,,,,,,,
2018-08-24,06:41:00,SEM VÍTIMA,FINALIZADA,BOA VIAGEM,RUA BARAO DE SOUZA LEAO,335,,RESTAURANTE BO OPIÇÃO. E/F AO HOSPITAL ALFA,RUA BARAO DE SOUZA LEAO,335,RESTAURANTE BO OPIÇÃO. E/F AO HOSPITAL ALFA,BOA VIAGEM,,,CHOQUE,SEM VÍTIMAS. VEÍCULO CHOCOU-SE CONTRA MURO DA LOJA.,1,,,,,,,,,0,,,,,,,,,,,,,,
2018-08-24,06:44:00,COM VÍTIMA,FINALIZADA,DOIS UNIDOS,AV HILDEBRANDO DE VASCONCELOS,348,,PROX. AO CT DO SANTA CRUZ,AV HILDEBRANDO DE VASCONCELOS,348,PROX. AO CT DO SANTA CRUZ,DOIS UNIDOS,,,COLISÃO,AUTO E MOTO,1,1,,,,,,,,1,,,,,,,,,,,,,,
2018-08-24,07:19:00,SEM VÍTIMA,FINALIZADA,DOIS IRMÃOS,RUA RIBEIRO PESSOA,,,SENTIDO UPA EM CIMA DA PONTE DO BREDO PROX A FABRICA PINTO FORMOSO,RUA RIBEIRO PESSOA,,SENTIDO UPA EM CIMA DA PONTE DO BREDO PROX A FABRICA PINTO FORMOSO,DOIS IRMÃOS,,,COLISÃO,COLISÃO SEM VITIMAS,2,,,,,1,,,,0,,,,,,,,,,,,,,
2018-08-24,07:57:00,SEM VÍTIMA,FINALIZADA,SANTO AMARO,AV NORTE,,,PROX AO CEMITERIO DOS INGLESES EM FRENTE AO QUARTEL DO EXERCITO,AV NORTE,,PROX AO CEMITERIO DOS INGLESES EM FRENTE AO QUARTEL DO EXERCITO,SANTO AMARO,,,COLISÃO,COLISÃO SEM VITIMAS,1,1,,,,,,,,0,,,,,,,,,,,,,,
2018-08-24,08:26:00,COM VÍTIMA,FINALIZADA,SANTO AMARO,RUA DO POMBAL,870,,AO LADO DA FARMACIA POPULAR DO TRABALHADOR,RUA DO POMBAL,870,AO LADO DA FARMACIA POPULAR DO TRABALHADOR,SANTO AMARO,,,COLISÃO,AUTO E MOTO,1,1,,,,,,,,1,,,,,,,,,,,,,,
2018-08-24,08:45:00,COM VÍTIMA,FINALIZADA,SANTO AMARO,RUA TREZE DE MAIO,,RUA FREI CASSIMIRO,COM FREI CASSIMIRO,RUA TREZE DE MAIO,,COM FREI CASSIMIRO,SANTO AMARO,,,COLISÃO,COLISÃO ENTRE AUTO E MOTO COM VÍTIMA,1,1,,,,,,,,1,,,,,,,,,,,,,,
2018-08-24,10:00:00,SEM VÍTIMA,FINALIZADA,ÁGUA FRIA,RUA DA REGENERACAO,670,RUA DO MACHADO,CRUZAMENTO COM A RUA DO MACHADO,RUA DA REGENERACAO,670,CRUZAMENTO COM A RUA DO MACHADO,ÁGUA FRIA,,,COLISÃO,COLISÃO SEM VÍTIMA,1,,,,,,,,1,0,,,,,,,,,,,,,,
2018-08-24,10:10:00,SEM VÍTIMA,CANCELADA,TEJIPIÓ,AV DR JOSE RUFINO,773,,RESIDENCIA PROX A IGREJA DE TEJIPIO,AV DR JOSE RUFINO,773,RESIDENCIA PROX A IGREJA DE TEJIPIO,TEJIPIÓ,,,COLISÃO,COLISÃO SEM VITIMAS,1,,,,,,1,,,0,,,,,,,,,,,,,,
2018-08-24,10:42:00,SEM VÍTIMA,FINALIZADA,SANTO ANTÔNIO,RUA NOVA,344,,EM FRENTE A ESPOSENDE,RUA NOVA,344,EM FRENTE A ESPOSENDE,SANTO ANTÔNIO,,,COLISÃO,CAMINHÃO E AUTO,1,,,,,,1,,,0,,,,,,,,,,,,,,
2018-08-24,10:52:00,COM VÍTIMA,FINALIZADA,ESPINHEIRO,RUA QUARENTA E OITO,760,RUA DO ESPINHEIRO,CRUZAMENTO - RUA QUARENTA E OITO X ESPINHEIRO,RUA QUARENTA E OITO,760,CRUZAMENTO - RUA QUARENTA E OITO X ESPINHEIRO,ESPINHEIRO,,,COLISÃO,AUTO E MOTO COM VÍTIMA,1,1,,,,,,,,1,,,,,,,,,,,,,,
2018-08-24,11:26:00,SEM VÍTIMA,FINALIZADA,SAN MARTIN,RUA BELMINO CORREIA,336,,EM FRENTE A CHESF,RUA BELMINO CORREIA,336,EM FRENTE A CHESF,SAN MARTIN,,,COLISÃO,COLISÃO SEM VITIMAS,1,,,,,,1,,,0,,,,,,,,,,,,,,
2018-08-24,12:02:00,SEM VÍTIMA,FINALIZADA,BAIRRO DO RECIFE,CAIS DO APOLO,,RUA MARQUES DE OLINDA,COM A MARQUÊS DE OLINDA  SEMÁFORO 165.,CAIS DO APOLO,,COM A MARQUÊS DE OLINDA  SEMÁFORO 165.,BAIRRO DO RECIFE,,,COLISÃO,ENGAVETAMENTO COM 3 VEÍCULOS  SEM VÍTIMA.,2,,,,,,1,,,0,,,,,,,,,,,,,,
2018-08-24,14:28:00,SEM VÍTIMA,CANCELADA,AREIAS,AV RECIFE,,,SENTIDO BOA VIAGEM EM FRENTE AO BOMPREÇO APÓS O SEMAFORO 494,AV RECIFE,,SENTIDO BOA VIAGEM EM FRENTE AO BOMPREÇO APÓS O SEMAFORO 494,AREIAS,,,COLISÃO,SEM VITIMAS,2,,,,,,,,,0,,,,,,,,,,,,,,
2018-08-24,15:35:00,SEM VÍTIMA,CANCELADA,BOA VIAGEM,AV DES JOSE NEVES,,,VIA MANGUE APOS O TUNEL  SENTIDO BOA VIAGEM ( DE ONDE ELE ESTA TEM UM POSTO IPIRANGA),AV DES JOSE NEVES,,VIA MANGUE APOS O TUNEL  SENTIDO BOA VIAGEM ( DE ONDE ELE ESTA TEM UM POSTO IPIRANGA),BOA VIAGEM,,,COLISÃO,COLISÃO SEM VITIMA,1,,,,,,1,,,0,,,,,,,,,,,,,,
2018-08-24,16:15:00,SEM VÍTIMA,FINALIZADA,IMBIRIBEIRA,AV MARECHAL MASCARENHAS DE MORAES,,,NA ENTRADA DO QUARTEL DA AERONAUTICA NO MURO DO AEROPORTO,AV MARECHAL MASCARENHAS DE MORAES,,NA ENTRADA DO QUARTEL DA AERONAUTICA NO MURO DO AEROPORTO,IMBIRIBEIRA,,,COLISÃO,COLISAO ENTRE DOIS AUTOS S/V,2,,,,,,,,,0,,,,,,,,,,,,,,
2018-08-24,16:20:00,SEM VÍTIMA,FINALIZADA,SÃO JOSÉ,AV SUL,,,EM BAIXO DO VIADUTO CAPITÃO TEMUDO,AV SUL,,EM BAIXO DO VIADUTO CAPITÃO TEMUDO,SÃO JOSÉ,,,COLISÃO,COLISÃO SEM VITIMAS,2,,,,,,,,,0,,,,,,,,,,,,,,
2018-08-24,17:09:00,SEM VÍTIMA,FINALIZADA,IMBIRIBEIRA,AV MARECHAL MASCARENHAS DE MORAES,5039,,SENT/AFOGADOS  EM FRENTE AO SABOR CHINES  NA VIA LOCAL,AV MARECHAL MASCARENHAS DE MORAES,5039,SENT/AFOGADOS  EM FRENTE AO SABOR CHINES  NA VIA LOCAL,IMBIRIBEIRA,,,COLISÃO,SEM VITIMAS,2,,,,,,,,,0,,,,,,,,,,,,,,
2018-08-24,18:08:00,SEM VÍTIMA,CANCELADA,ESPINHEIRO,AV CONS ROSA E SILVA,,,E/F AO HOSPITAL DOS SERVIDORES,AV CONS ROSA E SILVA,,E/F AO HOSPITAL DOS SERVIDORES,ESPINHEIRO,,,COLISÃO,ENTRE 2 AUTOS. S/V,2,,,,,,,,,0,,,,,,,,,,,,,,
2018-08-24,18:23:00,SEM VÍTIMA,FINALIZADA,IPSEP,RUA JEAN EMILE FAVRE,,,SMÁFORO 527,RUA JEAN EMILE FAVRE,,SMÁFORO 527,IPSEP,,,COLISÃO,ENTRE AUTO E MOTO. S/V,1,1,,,,,,,,0,,,,,,,,,,,,,,
2018-08-24,18:40:00,SEM VÍTIMA,FINALIZADA,ENCRUZILHADA,EST DE BELEM,40,,PROX AO EDF SAO PEDRO E ACADEMIA HI,EST DE BELEM,40,PROX AO EDF SAO PEDRO E ACADEMIA HI,ENCRUZILHADA,,,COLISÃO COM CICLISTA,VOYAGE X BICICLETA,1,,,1,,,,,,0,,,,,,,,,,,,,,
2018-08-24,18:55:00,SEM VÍTIMA,FINALIZADA,IPUTINGA,RUA MAURICEIA,,,CRUZANDO A AV. MÁRIO ÁLVARES PEREIRA DE LYRA - SEMÁFORO 652 / E/F AO BOM PASTOR,RUA MAURICEIA,,CRUZANDO A AV. MÁRIO ÁLVARES PEREIRA DE LYRA - SEMÁFORO 652 / E/F AO BOM PASTOR,IPUTINGA,,,COLISÃO,ENTRE 2 AUTOS. S/V,2,,,,,,,,,0,,,,,,,,,,,,,,
2018-08-24,20:42:00,SEM VÍTIMA,FINALIZADA,AREIAS,RUA SAO MIGUEL,,RUA DO TROLEY,NA ESQUINA DO BAR DO NO // SEMAFORO 392,RUA SAO MIGUEL,,NA ESQUINA DO BAR DO NO // SEMAFORO 392,AREIAS,,,COLISÃO,GOL X PALIO,2,,,,,,,,,0,,,,,,,,,,,,,,
2018-08-24,21:25:00,SEM VÍTIMA,FINALIZADA,DERBY,AV GOVERNADOR AGAMENON MAGALHAES,,,E/F AO HOSPITAL DA RESTAURAÇÃO,AV GOVERNADOR AGAMENON MAGALHAES,,E/F AO HOSPITAL DA RESTAURAÇÃO,DERBY,,,CHOQUE,AUTO SE CHOCOU CONTRA ÁRVORE NO LOCAL / VT 24 NO LOCAL,1,,,,,,,,,0,,,,,,,,,,,,,,
2018-08-24,21:50:00,SEM VÍTIMA,FINALIZADA,IPSEP,AV SALDANHA MARINHO,652,AV RECIFE,ESQUINA COM A AV RECIFE / E/F AO EDF VILA DA SUDENE,AV SALDANHA MARINHO,652,ESQUINA COM A AV RECIFE / E/F AO EDF VILA DA SUDENE,IPSEP,,,COLISÃO,ENTRE ÕNIBUS E AUTO PASSEIO. S/V,1,,,,,1,,,,0,,,,,,,,,,,,,,
2018-08-25,00:06:00,SEM VÍTIMA,FINALIZADA,MADALENA,AV VISCONDE DE ALBUQUERQUE,,,PRÓX AO HOSPITAL DE ÁVILA // PRÓX A GALERIA SKUKE // PRÓX AO BAR A MADALENA,AV VISCONDE DE ALBUQUERQUE,,PRÓX AO HOSPITAL DE ÁVILA // PRÓX A GALERIA SKUKE // PRÓX AO BAR A MADALENA,MADALENA,,,COLISÃO,COLISÃO ENTRE AUTO E MOTO SEM VÍTIMAS,1,1,,,,,,,,0,,,,,,,,,,,,,,
2018-08-25,00:48:00,SEM VÍTIMA,FINALIZADA,ESPINHEIRO,RUA QUARENTA E OITO,,AV CONS PORTELA,CRUZAMENTO COM AV CONSELHEIRO PORTELA // SEMÁFORO 011 // PRÓX AO ESTÁDIO DOS AFLITOS,RUA QUARENTA E OITO,,CRUZAMENTO COM AV CONSELHEIRO PORTELA // SEMÁFORO 011 // PRÓX AO ESTÁDIO DOS AFLITOS,ESPINHEIRO,,,COLISÃO,COLISÃO ENTRE DOIS AUTOS SEM VÍTIMAS,2,,,,,,,,,0,,,,,,,,,,,,,,
2018-08-25,05:11:00,SEM VÍTIMA,FINALIZADA,NOVA DESCOBERTA,RUA NOVA DESCOBERTA,,,PRÓX AO TERMINAL DO BREJO // EM FRENTE A SALGADARIA REI DAS MASSAS // EM FRENTE A FARMÁCIA PAGUE POUCO // PRÓX AS LUCAS MÓVEIS E ELETRO,RUA NOVA DESCOBERTA,,PRÓX AO TERMINAL DO BREJO // EM FRENTE A SALGADARIA REI DAS MASSAS // EM FRENTE A FARMÁCIA PAGUE POUCO // PRÓX AS LUCAS MÓVEIS E ELETRO,NOVA DESCOBERTA,,,COLISÃO,COLISÃO ENTRE ÔNIBUS E AUTO  SEM VÍTIMAS,1,,,,,1,,,,0,,,,,,,,,,,,,,
2018-08-25,07:26:00,SEM VÍTIMA,FINALIZADA,SANTO AMARO,AV CRUZ CABUGA,,AV MARIO MELO,CRUZ COM A AV MARIO MELO,AV CRUZ CABUGA,,CRUZ COM A AV MARIO MELO,SANTO AMARO,,,COLISÃO,COLISÃO SEM VITIMAS VT 31 QTH,1,,,,,,1,,,0,,,,,,,,,,,,,,
2018-08-25,07:42:00,SEM VÍTIMA,CANCELADA,IMBIRIBEIRA,AV MARECHAL MASCARENHAS DE MORAES,241,,E/F A CASA DE FARINHA  SENTIDO AEROPORTO.,AV MARECHAL MASCARENHAS DE MORAES,241,E/F A CASA DE FARINHA  SENTIDO AEROPORTO.,IMBIRIBEIRA,,,COLISÃO,SEM VÍTIMAS,2,,,,,,,,,0,,,,,,,,,,,,,,
2018-08-25,08:06:00,SEM VÍTIMA,FINALIZADA,ARRUDA,AV BEBERIBE,1584,,EM FRENTE A AUTO ESCOLA ARCO IRIS,AV BEBERIBE,1584,EM FRENTE A AUTO ESCOLA ARCO IRIS,ARRUDA,,,COLISÃO,MOTO E AUTO,1,1,,,,,,,,0,,,,,,,,,,,,,,
2018-08-25,09:14:00,SEM VÍTIMA,FINALIZADA,VASCO DA GAMA,RUA VASCO DA GAMA,987,,E/F A ASSEMBLEIA DE DEUS ABREU E LIMA,RUA VASCO DA GAMA,987,E/F A ASSEMBLEIA DE DEUS ABREU E LIMA,VASCO DA GAMA,,,COLISÃO,SEM VÍTIMAS,1,,,,,1,,,,0,,,,,,,,,,,,,,
2018-08-25,09:37:00,SEM VÍTIMA,FINALIZADA,TORRE,RUA CONS THEODORO,1255,,RESENDENCIA EM FRENTE A PRAÇA DA TORRE,RUA CONS THEODORO,1255,RESENDENCIA EM FRENTE A PRAÇA DA TORRE,TORRE,,,COLISÃO,COLISÃO SEM VITIMAS,2,,,,,,,,,0,,,,,,,,,,,,,,
2018-08-25,10:23:00,SEM VÍTIMA,FINALIZADA,SANTO AMARO,AV GOVERNADOR AGAMENON MAGALHAES,,,EM FRENTE AO MINISTERIO DO TRABALHO / SENT BOA VIAGEM/ SEMAFORO 108,AV GOVERNADOR AGAMENON MAGALHAES,,EM FRENTE AO MINISTERIO DO TRABALHO / SENT BOA VIAGEM/ SEMAFORO 108,SANTO AMARO,,,COLISÃO,ONIBUS E AUTO,1,,,,,1,,,,0,,,,,,,,,,,,,,
2018-08-25,10:37:00,,CANCELADA,SANTO AMARO,AV GOVERNADOR AGAMENON MAGALHAES,,,EM FRENTE AO MISTERIO DO TRABALHO,AV GOVERNADOR AGAMENON MAGALHAES,,EM FRENTE AO MISTERIO DO TRABALHO,SANTO AMARO,,,COLISÃO,COLISÃO SEM VITIMAS,1,,,,,1,,,,0,,,,,,,,,,,,,,
2018-08-25,10:39:00,SEM VÍTIMA,FINALIZADA,IMBIRIBEIRA,AV MARECHAL MASCARENHAS DE MORAES,2525,,NA FRENTE DA AEROVIA NISSAN  E A SETTA COMBUSTIVEL SENTIDO CIDADE,AV MARECHAL MASCARENHAS DE MORAES,2525,NA FRENTE DA AEROVIA NISSAN  E A SETTA COMBUSTIVEL SENTIDO CIDADE,IMBIRIBEIRA,,,COLISÃO,COLISÃO SEM VITIMAS,1,,,,,,1,,,0,,,,,,,,,,,,,,
2018-08-25,11:22:00,SEM VÍTIMA,FINALIZADA,IMBIRIBEIRA,AV MARECHAL MASCARENHAS DE MORAES,,,AO LADO DO EDIF. GARAGEM,AV MARECHAL MASCARENHAS DE MORAES,,AO LADO DO EDIF. GARAGEM,IMBIRIBEIRA,,,COLISÃO,COLISÃO SEM VITIMAS,2,,,,,,,,,0,,,,,,,,,,,,,,
2018-08-25,11:37:00,SEM VÍTIMA,CANCELADA,AFOGADOS,RUA SAO MIGUEL,1336,,PROX. AO BODE DO NÔ  SENTIDO JABOATAO,RUA SAO MIGUEL,1336,PROX. AO BODE DO NÔ  SENTIDO JABOATAO,AFOGADOS,,,COLISÃO,COLISÃO SEM VITIMAS,2,,,,,,,,,0,,,,,,,,,,,,,,
2018-08-25,12:24:00,SEM VÍTIMA,FINALIZADA,AFOGADOS,RUA MOTOCOLOMBO,256,,PROXIMO AO TROCÃO,RUA MOTOCOLOMBO,256,PROXIMO AO TROCÃO,AFOGADOS,,,COLISÃO,COLISÃO SEM VÍTIMA,2,,,,,,,,,0,,,,,,,,,,,,,,
2018-08-25,13:00:00,SEM VÍTIMA,FINALIZADA,CORDEIRO,RUA PROFESSOR JOAQUIM XAVIER DE BRITO,741,,ESQUINA A PADARIA FLOR DO CORDEIRO,RUA PROFESSOR JOAQUIM XAVIER DE BRITO,741,ESQUINA A PADARIA FLOR DO CORDEIRO,CORDEIRO,,,COLISÃO,COLISAO ENTRE AUTO E MOTO S/V,1,1,,,,,,,,0,,,,,,,,,,,,,,
2018-08-25,13:08:00,SEM VÍTIMA,CANCELADA,TAMARINEIRA,RUA PADRE ROMA,107,,EM FRENTE AO CORREIA PICANÇA,RUA PADRE ROMA,107,EM FRENTE AO CORREIA PICANÇA,TAMARINEIRA,,,COLISÃO,COLISÃO SEM VÍTIMA,2,,,,,,,,,0,,,,,,,,,,,,,,
2018-08-25,13:08:00,SEM VÍTIMA,FINALIZADA,AREIAS,AV TENENTE FELIPE BANDEIRA DE MELO,,,PERTO DO BOM PREÇO  SENTIDO SUBURBIO,AV TENENTE FELIPE BANDEIRA DE MELO,,PERTO DO BOM PREÇO  SENTIDO SUBURBIO,AREIAS,,,COLISÃO,COLISÃO SEM VITIMA,1,,,,,1,,,,0,,,,,,,,,,,,,,
2018-08-25,13:25:00,SEM VÍTIMA,CANCELADA,BARRO,AV PRESIDENTE MEDICI,680A,,PROXIMO A IGREJA BATISTA,AV PRESIDENTE MEDICI,680A,PROXIMO A IGREJA BATISTA,BARRO,,,COLISÃO,COLISÃO SEM VÍTIMA,1,,,,,1,,,,0,,,,,,,,,,,,,,
2018-08-25,17:18:00,COM VÍTIMA,FINALIZADA,TORRE,RUA JOSE BONIFACIO,611,,ANTES DO ATACADO DOS PRESENTES E/F A ANTIGA DOBRADINHA DO GORDO,RUA JOSE BONIFACIO,611,ANTES DO ATACADO DOS PRESENTES E/F A ANTIGA DOBRADINHA DO GORDO,TORRE,,,COLISÃO,COLISAO ENTRE AUTO E MOTO COM UMA VITIMA,1,1,,,,,,,,1,,,,,,,,,,,,,,
2018-08-25,17:56:00,SEM VÍTIMA,FINALIZADA,BOA VIAGEM,AV BOA VIAGEM,5030,,PROX A PRC DE BOA VIAGEM,AV BOA VIAGEM,5030,PROX A PRC DE BOA VIAGEM,BOA VIAGEM,,,COLISÃO,MOTO DA POLICIA X AUTO SE EVADIU DO LOCAL,1,,,,,,,1,,0,,,,,,,,,,,,,,
2018-08-25,18:14:00,SEM VÍTIMA,FINALIZADA,CAXANGÁ,AV JOAQUIM RIBEIRO,,,E/F AO CONDOMINIO MARCOS FREIRE,AV JOAQUIM RIBEIRO,,E/F AO CONDOMINIO MARCOS FREIRE,CAXANGÁ,,,COLISÃO,ENTRE AUTO E MOTO. S/V /// SUB NO LOCAL,1,1,,,,,,,,0,,,,,,,,,,,,,,
2018-08-25,18:21:00,SEM VÍTIMA,FINALIZADA,CORDEIRO,RUA SOUZA BANDEIRA,52,,E/F AO CENTRO DE PROFESSORES DE PE / PRÓX AO COLÉGIO LUBIENSKA,RUA SOUZA BANDEIRA,52,E/F AO CENTRO DE PROFESSORES DE PE / PRÓX AO COLÉGIO LUBIENSKA,CORDEIRO,,,ENGAVETAMENTO,ENTRE 3 AUTOS  S/V,3,,,,,,,,,0,,,,,,,,,,,,,,
2018-08-25,19:03:00,SEM VÍTIMA,FINALIZADA,NOVA DESCOBERTA,RUA CORREGO DO JOAQUIM,720,,E/F AO TERMINAL CORREGO DO JOAQUIM,RUA CORREGO DO JOAQUIM,720,E/F AO TERMINAL CORREGO DO JOAQUIM,NOVA DESCOBERTA,,,COLISÃO,ENTRE ÔNIBUS E AUTO. S/V,1,,,,,1,,,,0,,,,,,,,,,,,,,