data,hora,natureza_acidente,situacao,bairro,endereco,numero,detalhe_endereco_acidente,complemento,endereco_cruzamento,numero_cruzamento,referencia_cruzamento,bairro_cruzamento,num_semaforo,sentido_via,tipo,descricao,auto,moto,ciclom,ciclista,pedestre,onibus,caminhao,viatura,outros,vitimas,vitimasfatais,acidente_verificado,tempo_clima,situacao_semaforo,sinalizacao,condicao_via,conservacao_via,ponto_controle,situacao_placa,velocidade_max_via,mao_direcao,divisao_via1,divisao_via2,divisao_via3
2018-08-25,19:37:00,SEM VÍTIMA,CANCELADA,BOA VIAGEM,AV BOA VIAGEM,,,E/F AO PARQUE DONA LINDU / SNT PIEDADE-PINA,AV BOA VIAGEM,,E/F AO PARQUE DONA LINDU / SNT PIEDADE-PINA,BOA VIAGEM,,,COLISÃO,ENTRE 2 AUTOS. S/V,2,,,,,,,,,0,,,,,,,,,,,,,,
2018-08-25,21:37:00,SEM VÍTIMA,FINALIZADA,MANGUEIRA,RUA VINTE E UM DE ABRIL,1555,,E/F A CRECHE MARGARIDA,RUA VINTE E UM DE ABRIL,1555,E/F A CRECHE MARGARIDA,MANGUEIRA,,,COLISÃO,ENTRE ÔNIBUS E VT. S/V,,,,,,1,,1,,0,,,,,,,,,,,,,,
2018-08-25,23:07:00,SEM VÍTIMA,CANCELADA,ROSARINHO,RUA COUTO MAGALHAES,559,,E/F AO COLÉGIO FAZER CRESCER E NAS PROXIMIDADES DO EDF ROSARINHO RESIDENCE,RUA COUTO MAGALHAES,559,E/F AO COLÉGIO FAZER CRESCER E NAS PROXIMIDADES DO EDF ROSARINHO RESIDENCE,ROSARINHO,,,COLISÃO,ENTRE 2 AUTOS. S/V,2,,,,,,,,,0,,,,,,,,,,,,,,
2018-08-26,00:36:00,SEM VÍTIMA,FINALIZADA,BAIRRO DO RECIFE,AV ALFREDO LISBOA,S/N,,PRÓXIMO AO TERMINAL MARÍTIMO,AV ALFREDO LISBOA,S/N,PRÓXIMO AO TERMINAL MARÍTIMO,BAIRRO DO RECIFE,,,COLISÃO,XX,,,,,,,,,,0,,,,,,,,,,,,,,
2018-08-26,04:59:00,COM VÍTIMA,FINALIZADA,IPSEP,AV RECIFE,,,PRÓXIMO AO SAL E BRASA,AV RECIFE,,PRÓXIMO AO SAL E BRASA,IPSEP,,,COLISÃO,ENTRE AUTO E MOTO,,,,,,,,,,1,,,,,,,,,,,,,,
2018-08-26,06:10:00,COM VÍTIMA,FINALIZADA,PINA,AV HERCULANO BANDEIRA,S/N,,PROXIMO AO ATACADO DOS PRESENTES,AV HERCULANO BANDEIRA,S/N,PROXIMO AO ATACADO DOS PRESENTES,PINA,,,COLISÃO,MOTO E AUTO,1,1,,,,,,,,1,,,,,,,,,,,,,,
2018-08-26,07:28:00,SEM VÍTIMA,FINALIZADA,CORDEIRO,AV CAXANGA,,,EM FRENTE A EXPOSIÇAO DE ANIMAIS / SENT CIDADE,AV CAXANGA,,EM FRENTE A EXPOSIÇAO DE ANIMAIS / SENT CIDADE,CORDEIRO,,,COLISÃO,DUAS MOTOS,,2,,,,,,,,0,,,,,,,,,,,,,,
2018-08-26,08:22:00,SEM VÍTIMA,FINALIZADA,IPUTINGA,AV CAXANGA,,,EMBAIXO DO VIADUTO DA CAXANGA SENT/CAMARAGIBE,AV CAXANGA,,EMBAIXO DO VIADUTO DA CAXANGA SENT/CAMARAGIBE,IPUTINGA,,,COLISÃO,SEM VITIMAS,1,,,,,,1,,,0,,,,,,,,,,,,,,
2018-08-26,14:56:00,SEM VÍTIMA,FINALIZADA,PINA,AV ENGENHEIRO DOMINGOS FERREIRA,,,NA FRENTE DA UNIFAVIPE  ANTES DA CLINICAL CENTER  SENTIDO BOA VIAGEM,AV ENGENHEIRO DOMINGOS FERREIRA,,NA FRENTE DA UNIFAVIPE  ANTES DA CLINICAL CENTER  SENTIDO BOA VIAGEM,PINA,,,COLISÃO,COLISÃO SEM VITIMA,1,,,,,1,,,,0,,,,,,,,,,,,,,
2018-08-26,15:46:00,SEM VÍTIMA,FINALIZADA,MADALENA,RUA BENFICA,,,NA FRENTE DO CLUB INTERNACIONAL,RUA BENFICA,,NA FRENTE DO CLUB INTERNACIONAL,MADALENA,,,COLISÃO,COLISÃO SEM VITIMA,2,,,,,,,,,0,,,,,,,,,,,,,,
2018-08-26,16:30:00,SEM VÍTIMA,FINALIZADA,VASCO DA GAMA,RUA VASCO DA GAMA,1520,,PROX.A SUCATA DO GENERSIO,RUA VASCO DA GAMA,1520,PROX.A SUCATA DO GENERSIO,VASCO DA GAMA,,,COLISÃO,COLISÃO SEM VITIMA,1,,,,,1,,,,0,,,,,,,,,,,,,,
2018-08-26,16:53:00,SEM VÍTIMA,EQUIPE EM DESLOCAMENTO,AFOGADOS,EST DOS REMEDIOS,,,NAFRENTE DO TODO DIA,EST DOS REMEDIOS,,NAFRENTE DO TODO DIA,AFOGADOS,,,COLISÃO,COLISÃO COM VITIMA,,1,,,,,,1,,0,,,,,,,,,,,,,,
2018-08-26,17:00:00,SEM VÍTIMA,EQUIPE EM DESLOCAMENTO,CIDADE UNIVERSITÁRIA,AV PROFESSOR LUIZ FREIRE,,,PROX.A APASSARELA DO COLEGIO MILITAR  NA RUA DA ESCOLA TECNICA,AV PROFESSOR LUIZ FREIRE,,PROX.A APASSARELA DO COLEGIO MILITAR  NA RUA DA ESCOLA TECNICA,CIDADE UNIVERSITÁRIA,,,COLISÃO,COLISÃO SEM VITIMA,2,,,,,,,,,0,,,,,,,,,,,,,,
2018-08-26,17:51:00,SEM VÍTIMA,FINALIZADA,BOA VIAGEM,RUA DR NYLO DORNELLAS CAMARA,90,,E/F AO EDF CANÁRIAS / POR TRÁS DA IGREJA DE BV / PRÓX A PRC DE BOA VIAGEM,RUA DR NYLO DORNELLAS CAMARA,90,E/F AO EDF CANÁRIAS / POR TRÁS DA IGREJA DE BV / PRÓX A PRC DE BOA VIAGEM,BOA VIAGEM,,,COLISÃO,ENTRE 2 AUTOS. S/V,2,,,,,,,,,0,,,,,,,,,,,,,,
2018-08-26,17:51:00,COM VÍTIMA,FINALIZADA,VÁRZEA,RUA VALE DO SIRIJI,,,PRAÇA DOS POLICIAIS,RUA VALE DO SIRIJI,,PRAÇA DOS POLICIAIS,VÁRZEA,,,ATROPELAMENTO,AUTO INVADIU A PRAÇA ATINGINDO VARIAS PESSOAS  O CONDUTOR APRESENTA CARACTERISTICAS DE EMBRIAGUEZ,1,,,,1,,,,,3,,,,,,,,,,,,,,
2018-08-26,17:59:00,,CANCELADA,BOA VIAGEM,RUA DR NYLO DORNELLAS CAMARA,,,POR TRAZ DA IGREJA DE BOA VIAGEM NOSSA SENHORA DA BOA VIAGEM,RUA DR NYLO DORNELLAS CAMARA,,POR TRAZ DA IGREJA DE BOA VIAGEM NOSSA SENHORA DA BOA VIAGEM,BOA VIAGEM,,,COLISÃO,COLISÃO SEM VITIMA,2,,,,,,,,,0,,,,,,,,,,,,,,
2018-08-26,18:13:00,SEM VÍTIMA,FINALIZADA,VÁRZEA,AV AFONSO OLINDENSE,176,,APÓS A SECRETARIA DE EDUCAÇÃO / E/F A OFICINA MARCO DA MOTO,AV AFONSO OLINDENSE,176,APÓS A SECRETARIA DE EDUCAÇÃO / E/F A OFICINA MARCO DA MOTO,VÁRZEA,,,COLISÃO,ENTRE 2 AUTOS. S/V,2,,,,,,,,,0,,,,,,,,,,,,,,
2018-08-26,18:44:00,SEM VÍTIMA,FINALIZADA,BOA VIAGEM,RUA TENENTE DOMINGOS DE BRITO,,RUA ERNESTO DE PAULA SANTOS,CRUZAMENTO COM A RUA ERNESTO DE PAULA SANTOS,RUA TENENTE DOMINGOS DE BRITO,,CRUZAMENTO COM A RUA ERNESTO DE PAULA SANTOS,BOA VIAGEM,,,COLISÃO,FIAT IDEIA X PALIO,2,,,,,,,,,0,,,,,,,,,,,,,,
2018-08-26,20:00:00,COM VÍTIMA,CANCELADA,,AV JOAQUIM RIBEIRO,,,E/F AO POSTO DISLUB / SNT CAMARAGIBE-CID / PROXIMIDADES DO HOSPITAL SANTA TERESINHA,,,E/F AO POSTO DISLUB / SNT CAMARAGIBE-CID / PROXIMIDADES DO HOSPITAL SANTA TERESINHA,,,,COLISÃO,ENTRE AUTO E MOTO. C/V,1,,1,,,,,,,1,,,,,,,,,,,,,,
2018-08-26,20:47:00,SEM VÍTIMA,FINALIZADA,SAN MARTIN,AV GENERAL SAN MARTIN,,RUA DELMIRO GOUVEIA,SEMÁFORO 326 - CRUZ COM A RUA DELMIRO GOUVEIA / DE ESQUINA COM A CAVALARIA,AV GENERAL SAN MARTIN,,SEMÁFORO 326 - CRUZ COM A RUA DELMIRO GOUVEIA / DE ESQUINA COM A CAVALARIA,SAN MARTIN,,,COLISÃO,ENTRE 2 AUTOS. S/V,2,,,,,,,,,0,,,,,,,,,,,,,,
2018-08-26,21:34:00,SEM VÍTIMA,FINALIZADA,BOA VISTA,AV CONDE DA BOA VISTA,,RUA DA SOLEDADE,CRUZAMENTO COM SOLEDADE,AV CONDE DA BOA VISTA,,CRUZAMENTO COM SOLEDADE,BOA VISTA,,,COLISÃO,ONIBUS X ONIX,,,,,,,,,,0,,,,,,,,,,,,,,
2018-08-26,23:20:00,COM VÍTIMA,FINALIZADA,BOA VIAGEM,RUA VISCONDE DE JEQUITINHONHA,2938,,PROX AO PARQUE DONA LINDU // ENF A PADARIA PAN JOVEM,RUA VISCONDE DE JEQUITINHONHA,2938,PROX AO PARQUE DONA LINDU // ENF A PADARIA PAN JOVEM,BOA VIAGEM,,,COLISÃO,CORSA X RENAULT VERMELHO,2,,,,,,,,,1,,,,,,,,,,,,,,
2018-08-27,07:01:00,SEM VÍTIMA,FINALIZADA,IPSEP,RUA JEAN EMILE FAVRE,1636,,E/F A DELTA AUTO PEÇAS  SEMÁFORO 135,RUA JEAN EMILE FAVRE,1636,E/F A DELTA AUTO PEÇAS  SEMÁFORO 135,IPSEP,,,COLISÃO,SEM VÍTIMAS,1,,,,,,1,,,0,,,,,,,,,,,,,,
2018-08-27,07:25:00,SEM VÍTIMA,FINALIZADA,BOA VIAGEM,AV CONSELHEIRO AGUIAR,,RUA RIBEIRO DE BRITO,COM RUA RIBEIRO DE BRITO,AV CONSELHEIRO AGUIAR,,COM RUA RIBEIRO DE BRITO,BOA VIAGEM,,,COLISÃO,COLISAO ENTRE ONIBUS E AUTO S/V GM NO LOCAL,2,,,,,,,,,0,,,,,,,,,,,,,,
2018-08-27,07:32:00,SEM VÍTIMA,FINALIZADA,TEJIPIÓ,AV DR JOSE RUFINO,3726,,E/F AO LAVA JATO POINT DA AVENIDA,AV DR JOSE RUFINO,3726,E/F AO LAVA JATO POINT DA AVENIDA,TEJIPIÓ,,,COLISÃO,SEM VÍTIMAS,3,,,,,,,,,0,,,,,,,,,,,,,,
2018-08-27,08:06:00,SEM VÍTIMA,CANCELADA,TORRE,AV BEIRA RIO,,,SEMAFORO 630 EM FRENTE AO EDIFICIO DUAS NAÇÕES,AV BEIRA RIO,,SEMAFORO 630 EM FRENTE AO EDIFICIO DUAS NAÇÕES,TORRE,,,COLISÃO,COLISÃO SEM VITIMAS,1,,,,,,1,,,0,,,,,,,,,,,,,,
2018-08-27,08:17:00,SEM VÍTIMA,CANCELADA,ESPINHEIRO,RUA AMELIA,,AV CONS ROSA E SILVA,CRUZ COM A CONSELHEIRO ROSA E SILVA EM FRENTE A EXTRA FARMA,RUA AMELIA,,CRUZ COM A CONSELHEIRO ROSA E SILVA EM FRENTE A EXTRA FARMA,ESPINHEIRO,,,COLISÃO,COLISÃO SEM VITIMAS,,,,,,1,,,1,0,,,,,,,,,,,,,,
2018-08-27,09:16:00,SEM VÍTIMA,FINALIZADA,ESPINHEIRO,RUA DA HORA,,,EM FRENTE AO HOSPITAL DO SERVIDOR,RUA DA HORA,,EM FRENTE AO HOSPITAL DO SERVIDOR,ESPINHEIRO,,,COLISÃO,CAMINHAO E AUTO,1,,,,,,1,,,0,,,,,,,,,,,,,,
2018-08-27,09:21:00,SEM VÍTIMA,FINALIZADA,IPSEP,AV RECIFE,3069,,NA ENTRADA NA JEAN EMILE FAVRE E/F A ORTHONOBRE,AV RECIFE,3069,NA ENTRADA NA JEAN EMILE FAVRE E/F A ORTHONOBRE,IPSEP,,,COLISÃO,COLISAO ENTRE ONIBUS E DOIS AUTOS S/V,2,,,,,1,,,,0,,,,,,,,,,,,,,
2018-08-27,09:39:00,SEM VÍTIMA,FINALIZADA,BONGI,RUA QUINZE DE MARCO,,,EM FRENTE CHESF / SENT ABDIAS,RUA QUINZE DE MARCO,,EM FRENTE CHESF / SENT ABDIAS,BONGI,,,COLISÃO,CAMINHAO E TAXI,1,,,,,,1,,,0,,,,,,,,,,,,,,
2018-08-27,09:49:00,SEM VÍTIMA,FINALIZADA,AFOGADOS,RUA SAO MIGUEL,,,AO LADO DO COLEGIO AMARY DE MEDEIROS E/F AO CARTORIO DE AFOGADOS,RUA SAO MIGUEL,,AO LADO DO COLEGIO AMARY DE MEDEIROS E/F AO CARTORIO DE AFOGADOS,AFOGADOS,,,COLISÃO,COLISAO ENTRE CAMINHAO E AUTO S/V,2,,,,,,1,,,0,,,,,,,,,,,,,,
2018-08-27,09:55:00,,CANCELADA,SAN MARTIN,RUA QUINZE DE MARCO,,,SENTIDO ABDIAS DE CARVALHO EM FRENTE A CHESF,RUA QUINZE DE MARCO,,SENTIDO ABDIAS DE CARVALHO EM FRENTE A CHESF,SAN MARTIN,,,COLISÃO,COLISÃO SEM VITIMAS,1,,,,,1,,,,0,,,,,,,,,,,,,,
2018-08-27,11:03:00,SEM VÍTIMA,FINALIZADA,AFOGADOS,RUA SAO MIGUEL,,,AO LADO DO COLEGIO AMARY DE MEDEIROS E/F AO CARTORIO DE AFOGADOS,RUA SAO MIGUEL,,AO LADO DO COLEGIO AMARY DE MEDEIROS E/F AO CARTORIO DE AFOGADOS,AFOGADOS,,,CHOQUE,COLISAO ENTRE CAMINHAO E AUTO S/V,2,,,,,,1,,,0,,,,,,,,,,,,,,
2018-08-27,12:06:00,SEM VÍTIMA,FINALIZADA,JIQUIÁ,RUA JOAO TEIXEIRA,375,,E/F A PADARIA E DELICATESSEN RIBEIRO,RUA JOAO TEIXEIRA,375,E/F A PADARIA E DELICATESSEN RIBEIRO,JIQUIÁ,,,COLISÃO,COLISAO ENTRE AUTO E CARRO DO LIXO,1,,,,,,1,,,0,,,,,,,,,,,,,,
2018-08-27,12:25:00,SEM VÍTIMA,FINALIZADA,CAMPO GRANDE,AV CORREIA DE BRITO,595,RUA FRANKLIN TAVORA,ESQUINA DA RUA FRAKILIN TAVORA,AV CORREIA DE BRITO,595,ESQUINA DA RUA FRAKILIN TAVORA,CAMPO GRANDE,,,COLISÃO,COLISO ENTRE DOIS AUTOS S/V,2,,,,,,,,,0,,,,,,,,,,,,,,
2018-08-27,12:45:00,SEM VÍTIMA,FINALIZADA,CIDADE UNIVERSITÁRIA,RUA EMILIANO BRAGA,,AV CAXANGA,RESTAURANTE BOI E BRASA  NO CRUZAMENTO DA CAXANGA,RUA EMILIANO BRAGA,,RESTAURANTE BOI E BRASA  NO CRUZAMENTO DA CAXANGA,CIDADE UNIVERSITÁRIA,,,COLISÃO,COLISÃO SEM VITIMA,2,,,,,,,,,0,,,,,,,,,,,,,,
2018-08-27,14:19:00,COM VÍTIMA,FINALIZADA,IBURA,AV RIO SAO FRANCISCO,256,,PROX. A PANIFICADORA IBURA,AV RIO SAO FRANCISCO,256,PROX. A PANIFICADORA IBURA,IBURA,,,COLISÃO,AUTO E MOTO BATEDORES NO LOCAL,1,1,,,,,,,,2,,,,,,,,,,,,,,
2018-08-27,14:24:00,SEM VÍTIMA,FINALIZADA,BEBERIBE,RUA DR EDUARDO WANDERLEY,,,AO LADO DA FERREIRA PINTO,RUA DR EDUARDO WANDERLEY,,AO LADO DA FERREIRA PINTO,BEBERIBE,,,COLISÃO,COLISÃO SEM VITIMA,2,,,,,,,,,0,,,,,,,,,,,,,,
2018-08-27,14:35:00,SEM VÍTIMA,FINALIZADA,CASA FORTE,RUA LEONARDO BEZERRA CAVALCANTE,,,E/F AO SHOPPNG PLAZA,RUA LEONARDO BEZERRA CAVALCANTE,,E/F AO SHOPPNG PLAZA,CASA FORTE,,,ENGAVETAMENTO,ENTRE TRES AUTOS S/V,3,,,,,,,,,0,,,,,,,,,,,,,,
2018-08-27,15:08:00,SEM VÍTIMA,FINALIZADA,BOA VIAGEM,AV BOA VIAGEM,6576,,ANTES DO DONA LINDU,AV BOA VIAGEM,6576,ANTES DO DONA LINDU,BOA VIAGEM,,,COLISÃO,COLISO ENTRE ONIBUS E AUTO S/V,1,,,,,1,,,,0,,,,,,,,,,,,,,
2018-08-27,15:18:00,SEM VÍTIMA,FINALIZADA,IPUTINGA,AV CAXANGA,,,E/F AO BANCO SANTANDER S/T SUB VT 24 NO LOCAL,AV CAXANGA,,E/F AO BANCO SANTANDER S/T SUB VT 24 NO LOCAL,IPUTINGA,,,COLISÃO,COLISAO ENTRE DOIS AUTOS S/V,2,,,,,,,,,0,,,,,,,,,,,,,,
2018-08-27,16:46:00,SEM VÍTIMA,FINALIZADA,MADALENA,RUA CARLOS GOMES,50,,EM FRENTE AO POSTO DA CELPE,RUA CARLOS GOMES,50,EM FRENTE AO POSTO DA CELPE,MADALENA,,,COLISÃO,SEM VITIMAS,3,,,,,,,,,0,,,,,,,,,,,,,,
2018-08-27,17:10:00,SEM VÍTIMA,FINALIZADA,BOA VIAGEM,AV BOA VIAGEM,,,NO SEMAFORO 105,AV BOA VIAGEM,,NO SEMAFORO 105,BOA VIAGEM,,,COLISÃO,COLISAO E AUTO E CAMINHAO S/V,1,,,,,,1,,,0,,,,,,,,,,,,,,
2018-08-27,18:08:00,SEM VÍTIMA,FINALIZADA,DERBY,AV GOVERNADOR AGAMENON MAGALHAES,,,PROX. A RESTAURAÇÃO  SENTIDO BOA VIAGEM,AV GOVERNADOR AGAMENON MAGALHAES,,PROX. A RESTAURAÇÃO  SENTIDO BOA VIAGEM,DERBY,,,COLISÃO,COLISÃO SEM VITIMA,2,,,,,,,,,0,,,,,,,,,,,,,,
2018-08-27,18:10:00,SEM VÍTIMA,CANCELADA,BOA VISTA,RUA DA AURORA,,,EM FRENTE AO GINÁSIO PERNAMBUCANO,RUA DA AURORA,,EM FRENTE AO GINÁSIO PERNAMBUCANO,BOA VISTA,,,COLISÃO,DUAS MOTOS,,2,,,,,,,,0,,,,,,,,,,,,,,
2018-08-27,18:18:00,SEM VÍTIMA,FINALIZADA,CORDEIRO,AV MARIO ALVARES PEREIRA DE LYRA,,RUA MAURICEA,SEMÁFORO 652 - CRUZ COM A R MAURICÉA / E/F AO CANAL DO CAVOUCO,AV MARIO ALVARES PEREIRA DE LYRA,,SEMÁFORO 652 - CRUZ COM A R MAURICÉA / E/F AO CANAL DO CAVOUCO,CORDEIRO,,,COLISÃO,ENTRE AUTO E CAMINHÃO. S/V,1,,,,,,1,,,0,,,,,,,,,,,,,,
2018-08-27,19:10:00,SEM VÍTIMA,FINALIZADA,SAN MARTIN,RUA DELMIRO GOUVEIA,,,E/F A CHESF GERAL,RUA DELMIRO GOUVEIA,,E/F A CHESF GERAL,SAN MARTIN,,,COLISÃO,ENTRE 2 AUTOS,2,,,,,,,,,0,,,,,,,,,,,,,,
2018-08-27,19:16:00,SEM VÍTIMA,FINALIZADA,BARRO,AV DR JOSE RUFINO,,,NA FRENTE DO COLEGIO IMACULADA CONCEIÇÃO  SENTIDO CIDADE,AV DR JOSE RUFINO,,NA FRENTE DO COLEGIO IMACULADA CONCEIÇÃO  SENTIDO CIDADE,BARRO,,,COLISÃO,COLISÃO SEM VITIMA,1,,,,,1,,,,0,,,,,,,,,,,,,,
2018-08-27,19:24:00,SEM VÍTIMA,FINALIZADA,BOA VIAGEM,RUA SETUBAL,638,,E/F AO EDF AMALHA RODRIGUEZ,RUA SETUBAL,638,E/F AO EDF AMALHA RODRIGUEZ,BOA VIAGEM,,,COLISÃO,ENTRE 2 AUTOS. S/V,2,,,,,,,,,0,,,,,,,,,,,,,,
2018-08-27,19:29:00,SEM VÍTIMA,FINALIZADA,MANGUEIRA,RUA MANDARI,222,RUA JOAO LEITE,TRANSVERSAL COM A JOÃO LEITE,RUA MANDARI,222,TRANSVERSAL COM A JOÃO LEITE,MANGUEIRA,,,COLISÃO,COLISÃO SEM VITIMA,,1,,,,,1,,,0,,,,,,,,,,,,,,
2018-08-27,19:49:00,SEM VÍTIMA,CANCELADA,GRAÇAS,AV CONS ROSA E SILVA,,,E/F AO CLUBE PORTUGUÊS,AV CONS ROSA E SILVA,,E/F AO CLUBE PORTUGUÊS,GRAÇAS,,,COLISÃO,ENTRE 2 AUTOS. S/V,2,,,,,,,,,0,,,,,,,,,,,,,,
2018-08-27,22:46:00,SEM VÍTIMA,FINALIZADA,MADALENA,RUA BENFICA,,,AO LADO DO CLUB INTERNACIONAL,RUA BENFICA,,AO LADO DO CLUB INTERNACIONAL,MADALENA,,,COLISÃO,,1,,,,,,1,,,0,,,,,,,,,,,,,,
2018-08-28,04:08:00,SEM VÍTIMA,FINALIZADA,SÃO JOSÉ,C SANTA RITA,S/N,,EM PRENTE A TORRE GÉMEAS,C SANTA RITA,S/N,EM PRENTE A TORRE GÉMEAS,SÃO JOSÉ,,,CHOQUE,CHOQUE ENTRE AUTO E POSTE,1,,,,,,,,,0,,,,,,,,,,,,,,
2018-08-28,04:08:00,SEM VÍTIMA,FINALIZADA,MACAXEIRA,AV NORTE,,,EM FRENTE A ANTIGA FABRICA DA MACAXEIRA  SENTIDO MACAXEIRA,AV NORTE,,EM FRENTE A ANTIGA FABRICA DA MACAXEIRA  SENTIDO MACAXEIRA,MACAXEIRA,,,CHOQUE,VEÍCULO CHOCOU-SE COM UM POSTE SV   VEÍCULO ENCONTRA-SE ATRAVESSADO NA VIA,,,,,,1,,,,0,,,,,,,,,,,,,,
2018-08-28,05:20:00,COM VÍTIMA,FINALIZADA,JAQUEIRA,AV RUI BARBOSA,,,EM FRENTE AO PARQUE DA JAQUEIRA,AV RUI BARBOSA,,EM FRENTE AO PARQUE DA JAQUEIRA,JAQUEIRA,,,CHOQUE,VEÍCULO CHOCOU-SE COM UMA ARVORE C/V,1,,,,,,,,,1,,,,,,,,,,,,,,
2018-08-28,08:07:00,SEM VÍTIMA,FINALIZADA,ESTÂNCIA,RUA MORAIS E SILVA,43,,PROX A ESTAÇAO DO METRO,RUA MORAIS E SILVA,43,PROX A ESTAÇAO DO METRO,ESTÂNCIA,,,COLISÃO,MOTO E AUTO,1,1,,,,,,,,0,,,,,,,,,,,,,,
2018-08-28,08:39:00,SEM VÍTIMA,FINALIZADA,IPUTINGA,RUA EMILIANO BRAGA,186,,PROX. AO PARAIBANOS BAR,RUA EMILIANO BRAGA,186,PROX. AO PARAIBANOS BAR,IPUTINGA,,,COLISÃO,DOIS AUTOS,2,,,,,,,,,0,,,,,,,,,,,,,,
2018-08-28,08:42:00,SEM VÍTIMA,FINALIZADA,SAN MARTIN,AV GENERAL SAN MARTIN,134,,EM FRENTE A ESCOLA ADVENTISTA,AV GENERAL SAN MARTIN,134,EM FRENTE A ESCOLA ADVENTISTA,SAN MARTIN,,,COLISÃO,CAMINHAO E AUTO,1,,,,,,1,,,0,,,,,,,,,,,,,,
2018-08-28,08:42:00,COM VÍTIMA,FINALIZADA,ESPINHEIRO,AV GOVERNADOR AGAMENON MAGALHAES,,,EM FRENTE AO CREA SENTIDO BOA VIAGEM,AV GOVERNADOR AGAMENON MAGALHAES,,EM FRENTE AO CREA SENTIDO BOA VIAGEM,ESPINHEIRO,,,COLISÃO,COLISÃO COM VITIMA A ESPERA DO SAMU,1,1,,,,,,,,1,,,,,,,,,,,,,,
2018-08-28,09:32:00,SEM VÍTIMA,CANCELADA,GRAÇAS,RUA SERGIO MAGALHAES,,,MUSEU DO ESTADO,RUA SERGIO MAGALHAES,,MUSEU DO ESTADO,GRAÇAS,,,COLISÃO,COLISÃO SEM VÍTIMA  ENVOLVENDO UMA AMBULÂNCIA DO SAMU (GAMELEIRA) E UM AUTO.,1,,,,,,,1,,0,,,,,,,,,,,,,,
2018-08-28,09:33:00,SEM VÍTIMA,FINALIZADA,PINA,AV ANTONIO DE GOES,,AV CONS AGUIAR,COM A CONSELHEIRO AGUIAR,AV ANTONIO DE GOES,,COM A CONSELHEIRO AGUIAR,PINA,,,COLISÃO,COLISÃO SEM VITIMA,2,,,,,,,,,0,,,,,,,,,,,,,,
2018-08-28,09:35:00,SEM VÍTIMA,FINALIZADA,AFOGADOS,RUA COSME VIANA,,,EM FRENTE A TUPAN,RUA COSME VIANA,,EM FRENTE A TUPAN,AFOGADOS,,,COLISÃO,DOIS AUTOS,2,,,,,,,,,0,,,,,,,,,,,,,,
2018-08-28,10:16:00,SEM VÍTIMA,FINALIZADA,DERBY,RUA JENER DE SOUZA,,,AO LADO DO CAMPO DA PMPE,RUA JENER DE SOUZA,,AO LADO DO CAMPO DA PMPE,DERBY,,,COLISÃO,ONIBUS E AUTO PASSEIO,1,,,,,1,,,,0,,,,,,,,,,,,,,
2018-08-28,10:35:00,COM VÍTIMA,FINALIZADA,BOA VIAGEM,AV ANTONIO DE GOES,,RUA JOSE MARIANO FILHO,COM RUA JOSÉ MARIANO FILHO. NO SEMAFORO 538,AV ANTONIO DE GOES,,COM RUA JOSÉ MARIANO FILHO. NO SEMAFORO 538,BOA VIAGEM,,,COLISÃO,COLISAO ENTRE ONIBUS E MOTO COM UMA VITIMA BATEDOR NO LOCAL,,1,,,,1,,,,1,,,,,,,,,,,,,,
2018-08-28,11:18:00,SEM VÍTIMA,FINALIZADA,DERBY,RUA JOAQUIM NABUCO,,,AO LADO DO HOSPITAL SANTA JOANA,RUA JOAQUIM NABUCO,,AO LADO DO HOSPITAL SANTA JOANA,DERBY,,,COLISÃO,COLISAO ENTRE ONIBUS E AUTO S/V,1,,,,,1,,,,0,,,,,,,,,,,,,,
2018-08-28,11:25:00,COM VÍTIMA,FINALIZADA,BOA VIAGEM,RUA ERNESTO DE PAULA SANTOS,1638,,EM FRENTE AO POSTO DE GASOLINA BR,RUA ERNESTO DE PAULA SANTOS,1638,EM FRENTE AO POSTO DE GASOLINA BR,BOA VIAGEM,,,COLISÃO,COLISÃO COM VITIMA A ESPERA DO SAMU,1,1,,,,,1,,,1,,,,,,,,,,,,,,
2018-08-28,11:48:00,SEM VÍTIMA,FINALIZADA,SÃO JOSÉ,AV SUL,1149,,EM FRENTE AO GALPÃO COPERATIVA ESPERANÇA,AV SUL,1149,EM FRENTE AO GALPÃO COPERATIVA ESPERANÇA,SÃO JOSÉ,,,COLISÃO,COLISÃO SEM VITIMAS,1,,,,,,1,,,0,,,,,,,,,,,,,,
2018-08-28,12:18:00,SEM VÍTIMA,FINALIZADA,SANTO ANTÔNIO,RUA NOVA,,,SEMAFORO 013,RUA NOVA,,SEMAFORO 013,SANTO ANTÔNIO,,,COLISÃO,SEM VITIMAS CTTU NO LOCAL ,2,,,,,,,,,0,,,,,,,,,,,,,,
2018-08-28,13:41:00,SEM VÍTIMA,FINALIZADA,PARNAMIRIM,AV PARNAMIRIM,,,PROX. AO SEMAFORO 010,AV PARNAMIRIM,,PROX. AO SEMAFORO 010,PARNAMIRIM,,,COLISÃO,COLISÃO SEM VITIMAS,1,,,,,,1,,,0,,,,,,,,,,,,,,
2018-08-28,13:50:00,SEM VÍTIMA,CANCELADA,JARDIM SÃO PAULO,AV LIBERDADE,,,EM FRENTE A PIZZARIA MANÁ,AV LIBERDADE,,EM FRENTE A PIZZARIA MANÁ,JARDIM SÃO PAULO,,,COLISÃO,SEM VITIMAS.,1,1,,,,,,,,0,,,,,,,,,,,,,,
2018-08-28,14:18:00,SEM VÍTIMA,CANCELADA,ESPINHEIRO,AV JOAO DE BARROS,1690,,EM FRENTE A CONCESSIONARIA AMERICA VEÍCULOS,AV JOAO DE BARROS,1690,EM FRENTE A CONCESSIONARIA AMERICA VEÍCULOS,ESPINHEIRO,,,COLISÃO,SEM VITIMAS,1,,,,,,1,,,0,,,,,,,,,,,,,,
2018-08-28,14:44:00,SEM VÍTIMA,FINALIZADA,SANTO ANTÔNIO,AV GUARARAPES,,,PRAÇA DO DIARIO,AV GUARARAPES,,PRAÇA DO DIARIO,SANTO ANTÔNIO,,,COLISÃO,COLISÃO SEM VITIMA,,1,,,,1,,,,0,,,,,,,,,,,,,,