data,hora,natureza_acidente,situacao,bairro,endereco,numero,detalhe_endereco_acidente,complemento,endereco_cruzamento,numero_cruzamento,referencia_cruzamento,bairro_cruzamento,num_semaforo,sentido_via,tipo,descricao,auto,moto,ciclom,ciclista,pedestre,onibus,caminhao,viatura,outros,vitimas,vitimasfatais,acidente_verificado,tempo_clima,situacao_semaforo,sinalizacao,condicao_via,conservacao_via,ponto_controle,situacao_placa,velocidade_max_via,mao_direcao,divisao_via1,divisao_via2,divisao_via3
2018-08-28,14:46:00,COM VÍTIMA,FINALIZADA,CASA FORTE,AV FLOR DE SANTANA,,,AO LADO DO BURGER KING,AV FLOR DE SANTANA,,AO LADO DO BURGER KING,CASA FORTE,,,COLISÃO,COLISAO ENTRE AUTO E MOTO COM VITIMA,1,1,,,,,,,,1,,,,,,,,,,,,,,
2018-08-28,14:55:00,SEM VÍTIMA,CANCELADA,TEJIPIÓ,AV LIBERDADE,1477,,EM FRENTE A IGREJA BATISTA GETSEMANI,AV LIBERDADE,1477,EM FRENTE A IGREJA BATISTA GETSEMANI,TEJIPIÓ,,,COLISÃO,SEM VITIMAS,2,,,,,,,,,0,,,,,,,,,,,,,,
2018-08-28,16:24:00,SEM VÍTIMA,FINALIZADA,AFOGADOS,RUA NICOLAU PEREIRA,,,EM FRENTE A FABRICA DA ASA /NO SEMÁFORO 073,RUA NICOLAU PEREIRA,,EM FRENTE A FABRICA DA ASA /NO SEMÁFORO 073,AFOGADOS,,,COLISÃO,COLISÃO SEM VÍTIMA,1,,,,,1,,,,0,,,,,,,,,,,,,,
2018-08-28,16:28:00,SEM VÍTIMA,FINALIZADA,SÃO JOSÉ,RUA SAO JOAO,,,LADO OPOSTO AO FORTE CINCO PONTAS,RUA SAO JOAO,,LADO OPOSTO AO FORTE CINCO PONTAS,SÃO JOSÉ,,,COLISÃO COM CICLISTA,CICLISTA E MOTO,,1,,1,,,,,,0,,,,,,,,,,,,,,
2018-08-28,17:03:00,SEM VÍTIMA,FINALIZADA,GUABIRABA,AV DA RECUPERACAO,600,,EM FRENTE AO MOTEL SENZALA,AV DA RECUPERACAO,600,EM FRENTE AO MOTEL SENZALA,GUABIRABA,,,COLISÃO,SEM VITIMAS,1,,,,,,,,1,0,,,,,,,,,,,,,,
2018-08-28,17:19:00,SEM VÍTIMA,FINALIZADA,ENCRUZILHADA,AV NORTE,,,EM FRENTE A JACAÚNA,AV NORTE,,EM FRENTE A JACAÚNA,ENCRUZILHADA,,,COLISÃO,SEM VITIMAS,2,,,,,,,,,0,,,,,,,,,,,,,,
2018-08-28,18:15:00,SEM VÍTIMA,FINALIZADA,AFOGADOS,RUA BOM GOSTO,135,,ENF A DIRCON,RUA BOM GOSTO,135,ENF A DIRCON,AFOGADOS,,,COLISÃO,SANDERO BRANCO X MOTO,1,1,,,,,,,,0,,,,,,,,,,,,,,
2018-08-28,18:23:00,SEM VÍTIMA,FINALIZADA,AFOGADOS,RUA SANTOS ARAUJO,,,PROX. A SEMAFÓRO 333,RUA SANTOS ARAUJO,,PROX. A SEMAFÓRO 333,AFOGADOS,,,COLISÃO,COLISÃO SEM VITIMA,1,,,,,1,,,,0,,,,,,,,,,,,,,
2018-08-28,18:33:00,SEM VÍTIMA,FINALIZADA,IPSEP,RUA SAO NICOLAU,426,,NO RETORNO QUE VAI PARA O IBURA // POR TRAS DA HONDA DA AV RECIFE,RUA SAO NICOLAU,426,NO RETORNO QUE VAI PARA O IBURA // POR TRAS DA HONDA DA AV RECIFE,IPSEP,,,COLISÃO,ONIBUS X I 30,1,,,,,1,,,,0,,,,,,,,,,,,,,
2018-08-28,20:37:00,SEM VÍTIMA,FINALIZADA,IPSEP,AV RECIFE,S/N,,ANTES DO MARTELINHO DE OURO APOPIS A RUA JEAN EMILE FAVRE NO MURO DO AEROPORTO SENTIDO BOA VIAGEM,AV RECIFE,S/N,ANTES DO MARTELINHO DE OURO APOPIS A RUA JEAN EMILE FAVRE NO MURO DO AEROPORTO SENTIDO BOA VIAGEM,IPSEP,,,COLISÃO,HONDA CIVIC X GOL,2,,,,,,,,,0,,,,,,,,,,,,,,
2018-08-29,06:46:00,SEM VÍTIMA,FINALIZADA,AFOGADOS,AV SUL,,,SENTIDO SUBURBIO CIDADE EM FRENTE A IGREJA GRANDE ORIENTE DO ESTADO PERNAMBUCO,AV SUL,,SENTIDO SUBURBIO CIDADE EM FRENTE A IGREJA GRANDE ORIENTE DO ESTADO PERNAMBUCO,AFOGADOS,,,COLISÃO,COLISÃO SEM VITIMAS,2,,,,,,,,,0,,,,,,,,,,,,,,
2018-08-29,07:59:00,SEM VÍTIMA,FINALIZADA,IMBIRIBEIRA,AV MARECHAL MASCARENHAS DE MORAES,392,,EM FRENTE A EXATA / SENT SUB,AV MARECHAL MASCARENHAS DE MORAES,392,EM FRENTE A EXATA / SENT SUB,IMBIRIBEIRA,,,COLISÃO,MOTO E AUTO,1,1,,,,,,,,0,,,,,,,,,,,,,,
2018-08-29,08:07:00,SEM VÍTIMA,CANCELADA,CORDEIRO,RUA GOMES TABORDA,1144,,EM FRENTE AO LOJÃO DA CONSTRUÇÃO,RUA GOMES TABORDA,1144,EM FRENTE AO LOJÃO DA CONSTRUÇÃO,CORDEIRO,,,COLISÃO,COLISÃO SEM VITIMAS,1,,1,,,,,,,0,,,,,,,,,,,,,,
2018-08-29,09:22:00,SEM VÍTIMA,CANCELADA,CAMPO GRANDE,EST DE BELEM,1858,,EM FRENTE AO POSTO DE GASOLINA TOTAL E A IGREJA BATISTA,EST DE BELEM,1858,EM FRENTE AO POSTO DE GASOLINA TOTAL E A IGREJA BATISTA,CAMPO GRANDE,,,COLISÃO,COLISÃO SEM VITIMAS,2,,,,,,,,,0,,,,,,,,,,,,,,
2018-08-29,09:40:00,SEM VÍTIMA,FINALIZADA,BOA VIAGEM,RUA ERNESTO DE PAULA SANTOS,187,AV CONS AGUIAR,COM A CONSELHEIRO AGUIAR,RUA ERNESTO DE PAULA SANTOS,187,COM A CONSELHEIRO AGUIAR,BOA VIAGEM,,,COLISÃO,DOIS AUTOS,2,,,,,,,,,0,,,,,,,,,,,,,,
2018-08-29,10:02:00,SEM VÍTIMA,FINALIZADA,CASA AMARELA,AV NORTE,,,E/F AO COLÉGIO CLOTILDE DE OLIVEIRA  SENTIDO TI MACAXEIRA.,AV NORTE,,E/F AO COLÉGIO CLOTILDE DE OLIVEIRA  SENTIDO TI MACAXEIRA.,CASA AMARELA,,,COLISÃO,SEM VÍTIMAS,1,,,,,,1,,,0,,,,,,,,,,,,,,
2018-08-29,10:33:00,SEM VÍTIMA,FINALIZADA,PARNAMIRIM,RUA VIRGINIA LORETO,187,,EM FRENTE AO LAVA-JATO CAR BOX,RUA VIRGINIA LORETO,187,EM FRENTE AO LAVA-JATO CAR BOX,PARNAMIRIM,,,COLISÃO,DOIS AUTOS,2,,,,,,,,,0,,,,,,,,,,,,,,
2018-08-29,10:38:00,SEM VÍTIMA,FINALIZADA,MANGABEIRA,RUA DA MANGABEIRA,55,,RESIDENCIA EM FRENTE A PIZZARIA CLONES PIZZA,RUA DA MANGABEIRA,55,RESIDENCIA EM FRENTE A PIZZARIA CLONES PIZZA,MANGABEIRA,,,COLISÃO,COLISÃO SEM VITIMAS,1,,,,,,1,,,0,,,,,,,,,,,,,,
2018-08-29,11:00:00,SEM VÍTIMA,FINALIZADA,CAMPO GRANDE,EST DE BELEM,836,,EM FRENTE AO POSTO DE GASOLINA TOTAL,EST DE BELEM,836,EM FRENTE AO POSTO DE GASOLINA TOTAL,CAMPO GRANDE,,,COLISÃO,MOTO E AUTO,1,1,,,,,,,,0,,,,,,,,,,,,,,
2018-08-29,11:46:00,SEM VÍTIMA,FINALIZADA,PINA,AV ANTONIO DE GOES,195,,SENTIDO  CIDADE E/F A MICHELINE PNEUS,AV ANTONIO DE GOES,195,SENTIDO  CIDADE E/F A MICHELINE PNEUS,PINA,,,COLISÃO,SEM VÍTIMAS. GM NO LOCAL(PONTO FIXO),2,,,,,,,,,0,,,,,,,,,,,,,,
2018-08-29,12:05:00,SEM VÍTIMA,FINALIZADA,SÃO JOSÉ,RUA DO FORTE,,,E/F AO MUSEU DO FORTE DAS CINCO PONTAS AO LADO DO VIADUTO,RUA DO FORTE,,E/F AO MUSEU DO FORTE DAS CINCO PONTAS AO LADO DO VIADUTO,SÃO JOSÉ,,,COLISÃO,COLISAO ENTRE CAMINHAO E AUTO S/V,1,,,,,,1,,,0,,,,,,,,,,,,,,
2018-08-29,12:15:00,SEM VÍTIMA,FINALIZADA,DERBY,RUA JOAQUIM NABUCO,,,AO LADO DA RESTAURAÇÃO,RUA JOAQUIM NABUCO,,AO LADO DA RESTAURAÇÃO,DERBY,,,COLISÃO,COLISÃO SEM VÍTIMA,2,,,,,,,,,0,,,,,,,,,,,,,,
2018-08-29,14:34:00,SEM VÍTIMA,FINALIZADA,SAN MARTIN,RUA DR TELESPHORO FRAGOSO,849,,PROXIMO A IGREJA CATOLICA NOSSA SENHORA DE FATIMA,RUA DR TELESPHORO FRAGOSO,849,PROXIMO A IGREJA CATOLICA NOSSA SENHORA DE FATIMA,SAN MARTIN,,,COLISÃO,COLISÃO SEM VÍTIMA,1,,,,,,,,1,0,,,,,,,,,,,,,,
2018-08-29,14:41:00,SEM VÍTIMA,FINALIZADA,PINA,AVENIDA CELSO FURTADO (VIA MANGUE),,,PROX. AO AEROCLUB  SENTIDO RIO MAR,AVENIDA CELSO FURTADO (VIA MANGUE),,PROX. AO AEROCLUB  SENTIDO RIO MAR,PINA,,,COLISÃO,AUTO E MOTO,1,1,,,,,,,,0,,,,,,,,,,,,,,
2018-08-29,15:08:00,SEM VÍTIMA,FINALIZADA,NOVA DESCOBERTA,SUB DO MERERE,153,,NA DESCIDA DA LADEIRA,SUB DO MERERE,153,NA DESCIDA DA LADEIRA,NOVA DESCOBERTA,,,COLISÃO,COLISAO ENTRE VAN E AUTO S/V,1,,,,,1,,,,0,,,,,,,,,,,,,,
2018-08-29,15:55:00,SEM VÍTIMA,FINALIZADA,BOA VIAGEM,RUA VISCONDE DE JEQUITINHONHA,,,PROX AO RESTAURANTE ENTRE AMIGOS AO LADO DA DELICATESSEN,RUA VISCONDE DE JEQUITINHONHA,,PROX AO RESTAURANTE ENTRE AMIGOS AO LADO DA DELICATESSEN,BOA VIAGEM,,,COLISÃO,COLISAO ENTE DOIS AUTOS S/V,2,,,,,,,,,0,,,,,,,,,,,,,,
2018-08-29,19:04:00,COM VÍTIMA,FINALIZADA,BOA VIAGEM,RUA SA E SOUZA,128,,DROGASIL  SENTIDO BARÃO DE SOUZA LEÃO,RUA SA E SOUZA,128,DROGASIL  SENTIDO BARÃO DE SOUZA LEÃO,BOA VIAGEM,,,COLISÃO,COLISÃO COM VITIMA,3,1,,,,,,,,1,,,,,,,,,,,,,,
2018-08-29,20:55:00,SEM VÍTIMA,FINALIZADA,MADALENA,RUA JOAQUIM NABUCO,,,ENF A FACULDADE MAURICIO NASSAU ANTES DA PONTE DA CAPUNGA SENTIDO JOSE OSORIO,RUA JOAQUIM NABUCO,,ENF A FACULDADE MAURICIO NASSAU ANTES DA PONTE DA CAPUNGA SENTIDO JOSE OSORIO,MADALENA,,,COLISÃO,ONIBUS X AUTO,1,,,,,1,,,,0,,,,,,,,,,,,,,
2018-08-29,21:55:00,COM VÍTIMA,FINALIZADA,ENGENHO DO MEIO,RUA ANTONIO CURADO,,,,RUA ANTONIO CURADO,, ,ENGENHO DO MEIO,,,COLISÃO,COLISÃO COM VITIMA,1,,1,,,,,,,1,,,,,,,,,,,,,,
2018-08-29,22:57:00,SEM VÍTIMA,FINALIZADA,IMBIRIBEIRA,VIADUTO TANCREDO NEVES,,,NA DECIDA DO VIADUTO TRANQUEDO NEVES SENTIDO AV RECIFE BOA VIAGEM DECENDO PARA PEGAR A MASCARENHA DE MORAS,VIADUTO TANCREDO NEVES,,NA DECIDA DO VIADUTO TRANQUEDO NEVES SENTIDO AV RECIFE BOA VIAGEM DECENDO PARA PEGAR A MASCARENHA DE MORAS,IMBIRIBEIRA,,,CHOQUE,HONDA CIVIV X GELO-BAIANO,1,,,,,,,,,0,,,,,,,,,,,,,,
2018-08-29,23:46:00,COM VÍTIMA,FINALIZADA,JARDIM SÃO PAULO,RUA LEANDRO BARRETO,,,ENF A PADARIA LA ROQUE,RUA LEANDRO BARRETO,,ENF A PADARIA LA ROQUE,JARDIM SÃO PAULO,,,COLISÃO,DUAS MOTOS,,2,,,,,,,,2,,,,,,,,,,,,,,
2018-08-30,00:11:00,SEM VÍTIMA,FINALIZADA,JARDIM SÃO PAULO,AV SAO PAULO,,,EM BAIXO DO PONTILHÃO  NA ENTRADA DA ESTAÇÃO WERNECK,AV SAO PAULO,,EM BAIXO DO PONTILHÃO  NA ENTRADA DA ESTAÇÃO WERNECK,JARDIM SÃO PAULO,,,COLISÃO,COLISÃO ENTRE DOIS AUTOS S/V,2,,,,,,,,,0,,,,,,,,,,,,,,
2018-08-30,06:37:00,SEM VÍTIMA,FINALIZADA,DERBY,AV GOVERNADOR AGAMENON MAGALHAES,4264,,SENT. BOA VIAGEM  EM FRENTE FACEIMAGEM,AV GOVERNADOR AGAMENON MAGALHAES,4264,SENT. BOA VIAGEM  EM FRENTE FACEIMAGEM,DERBY,,,COLISÃO,DOIS AUTOS,2,,,,,,,,,0,,,,,,,,,,,,,,
2018-08-30,07:06:00,SEM VÍTIMA,FINALIZADA,FUNDÃO,AV BEBERIBE,3182,,E/F A IGREJA QUADRANGULAR  SENTIDO ENCRUZILHADA,AV BEBERIBE,3182,E/F A IGREJA QUADRANGULAR  SENTIDO ENCRUZILHADA,FUNDÃO,,,COLISÃO,SEM VÍTIMAS,3,,,,,,,,,0,,,,,,,,,,,,,,
2018-08-30,07:46:00,SEM VÍTIMA,FINALIZADA,SANTO AMARO,AV NORTE,,RUA TREZE DE MAIO,COM A RUA TREZE DE MAI  EM FRENTE DA OFICINA TATY KAR,AV NORTE,,COM A RUA TREZE DE MAI  EM FRENTE DA OFICINA TATY KAR,SANTO AMARO,,,COLISÃO,DOIS AUTOS,2,,,,,,,,,0,,,,,,,,,,,,,,
2018-08-30,08:52:00,SEM VÍTIMA,CANCELADA,AFOGADOS,AV SUL,,,NO SEMÁFORO 320,AV SUL,,NO SEMÁFORO 320,AFOGADOS,,,COLISÃO,COLISÃO SEM VÍTIMA,1,,,,,,1,,,0,,,,,,,,,,,,,,
2018-08-30,08:36:00,SEM VÍTIMA,FINALIZADA,IPUTINGA,AV MARIO ALVARES PEREIRA DE LYRA,323,,EM FRENTE AO CANAL DO CAVOUCO,AV MARIO ALVARES PEREIRA DE LYRA,323,EM FRENTE AO CANAL DO CAVOUCO,IPUTINGA,,,COLISÃO,COLISÃO SEM VÍTIMA,2,,,,,,,,,0,,,,,,,,,,,,,,
2018-08-30,08:58:00,SEM VÍTIMA,FINALIZADA,JARDIM SÃO PAULO,AV RECIFE,5583,,SENTIDO BOA VIAGEM EM FRENTE AO POSTO BR,AV RECIFE,5583,SENTIDO BOA VIAGEM EM FRENTE AO POSTO BR,JARDIM SÃO PAULO,,,COLISÃO,COLISÃO SEM VITIMAS,1,,,,,,1,,,0,,,,,,,,,,,,,,
2018-08-30,09:11:00,COM VÍTIMA,FINALIZADA,IPUTINGA,EST DO BARBALHO,,AV MAURICIO DE NASSAU,COM A AV. MAURÍCIO DE NASSAU  SEMÁFORO 246,EST DO BARBALHO,,COM A AV. MAURÍCIO DE NASSAU  SEMÁFORO 246,IPUTINGA,,,COLISÃO,COLISÃO COM VÍTIMA  AUTO E MOTO.,1,1,,,,,,,,1,,,,,,,,,,,,,,
2018-08-30,09:27:00,SEM VÍTIMA,FINALIZADA,ILHA DO LEITE,AV GOVERNADOR AGAMENON MAGALHAES,4775,,EM FRENTE AO EMPRESARIAL ISAAC NEWTON / SENTIDO OLINDA,AV GOVERNADOR AGAMENON MAGALHAES,4775,EM FRENTE AO EMPRESARIAL ISAAC NEWTON / SENTIDO OLINDA,ILHA DO LEITE,,,COLISÃO,COLISÃO SEM VÍTIMA,2,,,,,,,,,0,,,,,,,,,,,,,,
2018-08-30,09:52:00,SEM VÍTIMA,FINALIZADA,JOANA BEZERRA,VIADUTO CAPITAO TEMUDO,,,EM CIMA DO VIADUTO/ SENTIDO CIDADE,VIADUTO CAPITAO TEMUDO,,EM CIMA DO VIADUTO/ SENTIDO CIDADE,JOANA BEZERRA,,,COLISÃO,COLISÃO SEM VÍTIMA,2,,,,,,,,,0,,,,,,,,,,,,,,
2018-08-30,10:00:00,SEM VÍTIMA,FINALIZADA,IMBIRIBEIRA,RUA LE PARC,100,,EM FRENTE AO CONDOMINIO LE PARC,RUA LE PARC,100,EM FRENTE AO CONDOMINIO LE PARC,IMBIRIBEIRA,,,COLISÃO,COLISÃO SEM VÍTIMA,2,,,,,,,,,0,,,,,,,,,,,,,,
2018-08-30,10:29:00,SEM VÍTIMA,FINALIZADA,PINA,PTE AGAMENON MAGALHAES,,,SOBRE A PONTE,PTE AGAMENON MAGALHAES,,SOBRE A PONTE,PINA,,,COLISÃO,COLISÃO ENTRE DOIS AUTOS SEM VÍTIMAS,2,,,,,,,,,0,,,,,,,,,,,,,,
2018-08-30,11:58:00,SEM VÍTIMA,CANCELADA,PORTO DA MADEIRA,RUA DR TRINDADE HENRIQUE,204,,RUA EM FRENTE AO POSTO PETROX DA AV BEBERIBE,RUA DR TRINDADE HENRIQUE,204,RUA EM FRENTE AO POSTO PETROX DA AV BEBERIBE,PORTO DA MADEIRA,,,COLISÃO,SEM VITIMAS,2,,,,,,,,,0,,,,,,,,,,,,,,
2018-08-30,12:23:00,SEM VÍTIMA,FINALIZADA,BOA VIAGEM,RUA PROFESSOR RUI BATISTA,2352,AV ENG DOMINGOS FERREIRA,NA ESQUINA DO BRADESCO DA AV ENG DOMINGOS FERREIRA,RUA PROFESSOR RUI BATISTA,2352,NA ESQUINA DO BRADESCO DA AV ENG DOMINGOS FERREIRA,BOA VIAGEM,,,COLISÃO,SEM VITIMAS,2,,,,,,,,,0,,,,,,,,,,,,,,
2018-08-30,12:25:00,SEM VÍTIMA,CANCELADA,AFOGADOS,AV SUL,,,E/F AO SENMAFORO 205 PROX AO FEIRAO DE CARRO,AV SUL,,E/F AO SENMAFORO 205 PROX AO FEIRAO DE CARRO,AFOGADOS,,,COLISÃO,COLISAO ENTRE DOIS AUTOS S/V,2,,,,,,,,,0,,,,,,,,,,,,,,
2018-08-30,12:42:00,SEM VÍTIMA,CANCELADA,CASA AMARELA,RUA CASA AMARELA,,,EM FRENTE AO MERCADO MUNICIPAL DE CASA AMARELA,RUA CASA AMARELA,,EM FRENTE AO MERCADO MUNICIPAL DE CASA AMARELA,CASA AMARELA,,,COLISÃO,SEM VITIMAS,2,,,,,,,,,0,,,,,,,,,,,,,,
2018-08-30,12:50:00,SEM VÍTIMA,CANCELADA,BONGI,RUA PROFESSOR MARIO RAMOS,138,RUA ANALANDIA,CRUZAMENTO COM RUA ANALANDIA  PROX. AO TROCAO DA ABDIAS DE CARVALHO,RUA PROFESSOR MARIO RAMOS,138,CRUZAMENTO COM RUA ANALANDIA  PROX. AO TROCAO DA ABDIAS DE CARVALHO,BONGI,,,COLISÃO,DOIS AUTOS,2,,,,,,,,,0,,,,,,,,,,,,,,
2018-08-30,13:32:00,SEM VÍTIMA,FINALIZADA,ARRUDA,AV BEBERIBE,,,EM FRENTE AO CAMPO DO ARRUDA,AV BEBERIBE,,EM FRENTE AO CAMPO DO ARRUDA,ARRUDA,,,COLISÃO,DOIS AUTOS E UMA MOTO S/V,2,1,,,,,,,,0,,,,,,,,,,,,,,
2018-08-30,14:28:00,SEM VÍTIMA,CANCELADA,CASA AMARELA,RUA SENADOR SOARES MEIRELES,34,,PROX. AO BRAS CARNES,RUA SENADOR SOARES MEIRELES,34,PROX. AO BRAS CARNES,CASA AMARELA,,,COLISÃO,DOIS AUTOS S/V,2,,,,,,,,,0,,,,,,,,,,,,,,
2018-08-30,14:37:00,SEM VÍTIMA,FINALIZADA,TEJIPIÓ,AV LIBERDADE,,,EM FRENTE AO CEMITERIO PARQUE DAS FLORES,AV LIBERDADE,,EM FRENTE AO CEMITERIO PARQUE DAS FLORES,TEJIPIÓ,,,COLISÃO,AUTO E ONIBUS ,1,,,,,1,,,,0,,,,,,,,,,,,,,
2018-08-30,14:49:00,SEM VÍTIMA,FINALIZADA,ILHA DO LEITE,AV GOVERNADOR AGAMENON MAGALHAES,,,EM FRENTE AO EMPRESARIAL ISAAC NEWTON,AV GOVERNADOR AGAMENON MAGALHAES,,EM FRENTE AO EMPRESARIAL ISAAC NEWTON,ILHA DO LEITE,,,COLISÃO,COLISÃO SEM VITIMA,1,,,,,,1,,,0,,,,,,,,,,,,,,
2018-08-30,16:43:00,SEM VÍTIMA,FINALIZADA,IMBIRIBEIRA,AV MARECHAL MASCARENHAS DE MORAES,6133,,EM FRENTE A LOCADORA FOCO ALUGUEL DE CARROS SENT/PRAZERES,AV MARECHAL MASCARENHAS DE MORAES,6133,EM FRENTE A LOCADORA FOCO ALUGUEL DE CARROS SENT/PRAZERES,IMBIRIBEIRA,,,COLISÃO,SEM VITMAS,2,,,,,,,,,0,,,,,,,,,,,,,,
2018-08-30,17:51:00,SEM VÍTIMA,FINALIZADA,BARRO,AV DR JOSE RUFINO,,,APÓS A ENTRADA DO BARRO / E/F A IGREJA MUNDIAL DE JESUS CRISTO / PROXIMIDADES DA CRECHE ESCOLA RECIFE PRESIDENTE TANC NEVES,AV DR JOSE RUFINO,,APÓS A ENTRADA DO BARRO / E/F A IGREJA MUNDIAL DE JESUS CRISTO / PROXIMIDADES DA CRECHE ESCOLA RECIFE PRESIDENTE TANC NEVES,BARRO,,,COLISÃO,ENTRE AUTO E ÔNIBUS. S/V,1,,,,,1,,,,0,,,,,,,,,,,,,,
2018-08-30,17:51:00,SEM VÍTIMA,FINALIZADA,PAISSANDU,AV GOVERNADOR AGAMENON MAGALHAES,,,ENF AO HOSPITAL PORTUGUES SENTIDO BOA VIAGEM // VIA LOCAL,AV GOVERNADOR AGAMENON MAGALHAES,,ENF AO HOSPITAL PORTUGUES SENTIDO BOA VIAGEM // VIA LOCAL,PAISSANDU,,,COLISÃO,PRISNA X HILUX,2,,,,,,,,,0,,,,,,,,,,,,,,
2018-08-30,17:52:00,SEM VÍTIMA,CANCELADA,DERBY,RUA HENRIQUE DIAS,,,EM FRENTE A FUNDAÇÃO JOAQUIM NAMBUCO,RUA HENRIQUE DIAS,,EM FRENTE A FUNDAÇÃO JOAQUIM NAMBUCO,DERBY,,,COLISÃO,COLISAO ENTRE DOIS AUTOS SEM VITIMA,2,,,,,,,,,0,,,,,,,,,,,,,,
2018-08-30,18:14:00,SEM VÍTIMA,FINALIZADA,BOA VIAGEM,AV ENGENHEIRO DOMINGOS FERREIRA,,,SEMÁFORO 155 - CRUZANDO A RUA RIBEIRO DE BRITO / E/F A FAMÍLIA JULIANO,AV ENGENHEIRO DOMINGOS FERREIRA,,SEMÁFORO 155 - CRUZANDO A RUA RIBEIRO DE BRITO / E/F A FAMÍLIA JULIANO,BOA VIAGEM,,,COLISÃO,ENTRE AUTO E ÔNIBUS. S/V,1,,,,,1,,,,0,,,,,,,,,,,,,,
2018-08-30,18:20:00,COM VÍTIMA,FINALIZADA,BOA VIAGEM,RUA ERNESTO DE PAULA SANTOS,,,POSTO SHELL,RUA ERNESTO DE PAULA SANTOS,,POSTO SHELL,BOA VIAGEM,,,COLISÃO,COLISÃO COM VITIA,1,1,,,,,,,,1,,,,,,,,,,,,,,
2018-08-30,22:55:00,SEM VÍTIMA,FINALIZADA,CAXANGÁ,AV CAXANGA,,,E/F A GL VEÍCULOS E PROVEL VISTORIA // SNT SUB,AV CAXANGA,,E/F A GL VEÍCULOS E PROVEL VISTORIA // SNT SUB,CAXANGÁ,,,COLISÃO,ENTRE 2 AUTOS. S/V,2,,,,,,,,,0,,,,,,,,,,,,,,
2018-08-30,23:59:00,SEM VÍTIMA,FINALIZADA,SANTO AMARO,RUA TREZE DE MAIO,,RUA BARROS BARRETO,CRUZ COM A R BARROS BARRETO / E/F AO COLÉGIO JOSÉ MARIA E PRÓX AO CEMITÉRIO DOS INGLESES,RUA TREZE DE MAIO,,CRUZ COM A R BARROS BARRETO / E/F AO COLÉGIO JOSÉ MARIA E PRÓX AO CEMITÉRIO DOS INGLESES,SANTO AMARO,,,COLISÃO,ENTRE AUTO E ÔNIBUS. S/V,2,,,,,,,,,0,,,,,,,,,,,,,,
2018-08-31,07:03:00,COM VÍTIMA,FINALIZADA,IBURA,AV RIO SAO FRANCISCO,,,EM FRENTE A ESCOLA POLIVALENTE,AV RIO SAO FRANCISCO,,EM FRENTE A ESCOLA POLIVALENTE,IBURA,,,COLISÃO,moto e auto,1,1,,,,,,,,1,,,,,,,,,,,,,,
2018-08-31,07:22:00,SEM VÍTIMA,FINALIZADA,DERBY,RUA JENER DE SOUZA,,,EM FRENTE AO QUARTEL DO DERBY / SENT,RUA JENER DE SOUZA,,EM FRENTE AO QUARTEL DO DERBY / SENT,DERBY,,,COLISÃO,DOIS AUTOS,2,,,,,,,,,0,,,,,,,,,,,,,,
2018-08-31,07:25:00,SEM VÍTIMA,FINALIZADA,HIPÓDROMO,RUA DONA ELVIRA,316,EST BELEM,CRUZ COM ESTRADA DE BELEM EM FRENTE A QUITANDARIA,RUA DONA ELVIRA,316,CRUZ COM ESTRADA DE BELEM EM FRENTE A QUITANDARIA,HIPÓDROMO,,,COLISÃO,COLISÃO SEM VITIMAS,2,,,,,,,,,0,,,,,,,,,,,,,,
2018-08-31,07:50:00,SEM VÍTIMA,FINALIZADA,BARRO,AV DR JOSE RUFINO,2393,,APOS A IGREJA DO BARRO,AV DR JOSE RUFINO,2393,APOS A IGREJA DO BARRO,BARRO,,,COLISÃO,COLISAO ENTRE ONIBUS E AUTO S/V,1,,,,,1,,,,0,,,,,,,,,,,,,,
2018-08-31,09:19:00,SEM VÍTIMA,FINALIZADA,MADALENA,RUA REAL DA TORRE,,,ESQUINA DO CURSO DE INGLES WIZARD,RUA REAL DA TORRE,,ESQUINA DO CURSO DE INGLES WIZARD,MADALENA,,,COLISÃO,,2,,,,,,,,,0,,,,,,,,,,,,,,
2018-08-31,09:24:00,SEM VÍTIMA,FINALIZADA,PRADO,RUA GOMES TABORDA,318,,AO LADO DO MURO JOCKEY,RUA GOMES TABORDA,318,AO LADO DO MURO JOCKEY,PRADO,,,COLISÃO,CAMINHAO E AUTO,1,,,,,,1,,,0,,,,,,,,,,,,,,
2018-08-31,09:27:00,SEM VÍTIMA,FINALIZADA,BOA VISTA,RUA PRINCESA IZABEL,,RUA DA UNIAO,CRUZ COM ARUA DA UNIÃO EM FRENTE A CASA LOTERICA PRINCESA IZABEL,RUA PRINCESA IZABEL,,CRUZ COM ARUA DA UNIÃO EM FRENTE A CASA LOTERICA PRINCESA IZABEL,BOA VISTA,,,COLISÃO,COLISÃO SEM VITIMAS,2,,,,,,,,,0,,,,,,,,,,,,,,
2018-08-31,09:54:00,SEM VÍTIMA,FINALIZADA,SANTO ANTÔNIO,C SANTA RITA,,,SENTIDO CENTRO EM FRENTE AO PREDIO DA GRANDE RECIFE,C SANTA RITA,,SENTIDO CENTRO EM FRENTE AO PREDIO DA GRANDE RECIFE,SANTO ANTÔNIO,,,COLISÃO,COLISÃO SEM VITIMAS,,,,,,1,1,,,0,,,,,,,,,,,,,,
2018-08-31,10:04:00,SEM VÍTIMA,FINALIZADA,AFLITOS,RUA PAULINO GOMES DE SOUZA,,,RUA BELARDO,RUA PAULINO GOMES DE SOUZA,,RUA BELARDO,AFLITOS,,,COLISÃO,SEM VÍTIMA,1,,,,,,,1,,0,,,,,,,,,,,,,,
2018-08-31,10:07:00,SEM VÍTIMA,FINALIZADA,JARDIM SÃO PAULO,AV RECIFE,,,NA SAIDA DE JARDIM SAO PAULO NO SEMAFORO 261,AV RECIFE,,NA SAIDA DE JARDIM SAO PAULO NO SEMAFORO 261,JARDIM SÃO PAULO,,,COLISÃO,CLISAO ENTRE ONIBUS E AUTO S/V,1,,,,,1,,,,0,,,,,,,,,,,,,,