data,hora,natureza_acidente,situacao,bairro,endereco,numero,detalhe_endereco_acidente,complemento,endereco_cruzamento,numero_cruzamento,referencia_cruzamento,bairro_cruzamento,num_semaforo,sentido_via,tipo,descricao,auto,moto,ciclom,ciclista,pedestre,onibus,caminhao,viatura,outros,vitimas,vitimasfatais,acidente_verificado,tempo_clima,situacao_semaforo,sinalizacao,condicao_via,conservacao_via,ponto_controle,situacao_placa,velocidade_max_via,mao_direcao,divisao_via1,divisao_via2,divisao_via3
2018-09-02,19:00:00,SEM VÍTIMA,FINALIZADA,MADALENA,RUA BENFICA,,,AO LADO DO MARTELINHO DE OURO E E/F A DPCA,RUA BENFICA,,AO LADO DO MARTELINHO DE OURO E E/F A DPCA,MADALENA,,,COLISÃO,ENTRE 2 AUTOS. S/V,2,,,,,,,,,0,,,,,,,,,,,,,,
2018-09-03,03:33:00,SEM VÍTIMA,CANCELADA,BOMBA DO HEMETÉRIO,RUA BOMBA DO HEMETERIO,136,,EM FRENTE AO DEPOSITO DE EDVALDO BEBIDAS  EM FRENTE AO BOMBA BURG  EM FRENTE AO POINT DO AÇAI,RUA BOMBA DO HEMETERIO,136,EM FRENTE AO DEPOSITO DE EDVALDO BEBIDAS  EM FRENTE AO BOMBA BURG  EM FRENTE AO POINT DO AÇAI,BOMBA DO HEMETÉRIO,,,COLISÃO,COLISÃO ENTRE DOIS AUTOS S/V,2,,,,,,,,,0,,,,,,,,,,,,,,
2018-09-03,04:55:00,SEM VÍTIMA,FINALIZADA,BEBERIBE,AV BEBERIBE,,,EM FRENTE AO PAGODE DA PRESSÃO  PRÓX AO POSTO BR,AV BEBERIBE,,EM FRENTE AO PAGODE DA PRESSÃO  PRÓX AO POSTO BR,BEBERIBE,,,COLISÃO,COLISÃO ENTRE ÔNIBUS E CARRO S/V,1,,,,,1,,,,0,,,,,,,,,,,,,,
2018-09-03,05:50:00,COM VÍTIMA,FINALIZADA,SANTO AMARO,AV CRUZ CABUGA,XX,,PROXIMO A RUA FREI CASSEMIRO,AV CRUZ CABUGA,XX,PROXIMO A RUA FREI CASSEMIRO,SANTO AMARO,,,COLISÃO,COLISÃO AUTO E MOTO COM VITIMAS,1,1,,,,,,,,2,,,,,,,,,,,,,,
2018-09-03,07:23:00,SEM VÍTIMA,FINALIZADA,BOA VIAGEM,RUA ANTONIO PAES BARRETO,240,,EM FRENTE A EMPRESA SANTISTA,RUA ANTONIO PAES BARRETO,240,EM FRENTE A EMPRESA SANTISTA,BOA VIAGEM,,,COLISÃO,COLISÃO SEM VITIMAS,3,,,,,,,,,0,,,,,,,,,,,,,,
2018-09-03,07:24:00,SEM VÍTIMA,CANCELADA,BOA VIAGEM,AV BOA VIAGEM,5526,,EM FRENTE AO EDF MARIA ALICE,AV BOA VIAGEM,5526,EM FRENTE AO EDF MARIA ALICE,BOA VIAGEM,,,COLISÃO,DOIS AUTOS,2,,,,,,,,,0,,,,,,,,,,,,,,
2018-09-03,07:58:00,SEM VÍTIMA,FINALIZADA,BOA VIAGEM,AV BOA VIAGEM,296,,EM FRENTE AO EDIFICIO MARIA VITORIA,AV BOA VIAGEM,296,EM FRENTE AO EDIFICIO MARIA VITORIA,BOA VIAGEM,,,COLISÃO,COLISÃO SEM VÍTIMA,1,1,,,,,,,,0,,,,,,,,,,,,,,
2018-09-03,08:10:00,SEM VÍTIMA,CANCELADA,MADALENA,RUA GOMES FREIRE,85,RUA ANTONIO VIEIRA,RESIDENCIA CRUZ COM A RUA ANTONIO VIEIRA,RUA GOMES FREIRE,85,RESIDENCIA CRUZ COM A RUA ANTONIO VIEIRA,MADALENA,,,COLISÃO,COLISÃO SEM VITIMAS,1,,,,,,,,,0,,,,,,,,,,,,,,
2018-09-03,08:34:00,SEM VÍTIMA,FINALIZADA,ENCRUZILHADA,AV NORTE,,,EM FRENTE AO SUPERMERCADO EXTRA  NO SEMAFORO 045,AV NORTE,,EM FRENTE AO SUPERMERCADO EXTRA  NO SEMAFORO 045,ENCRUZILHADA,,,COLISÃO,CAMINHÃO E AUTO,1,,,,,,1,,,0,,,,,,,,,,,,,,
2018-09-03,08:52:00,SEM VÍTIMA,FINALIZADA,BOA VIAGEM,AVENIDA CELSO FURTADO (VIA MANGUE),,RUA PROF EDUARDO WANDERLEY FILHO,ESQ COM A RUA PROF EDUARDO WANDERLEY FILHO,AVENIDA CELSO FURTADO (VIA MANGUE),,ESQ COM A RUA PROF EDUARDO WANDERLEY FILHO,BOA VIAGEM,,,COLISÃO,DOIS AUTOS,2,,,,,,,,,0,,,,,,,,,,,,,,
2018-09-03,08:59:00,SEM VÍTIMA,FINALIZADA,AFOGADOS,RUA PROFESSOR AUGUSTO WANDERLEY FILHO,124,,EM FRENTE A CENTRAL DE ATENDIMENTO AO CIDADÃO,RUA PROFESSOR AUGUSTO WANDERLEY FILHO,124,EM FRENTE A CENTRAL DE ATENDIMENTO AO CIDADÃO,AFOGADOS,,,COLISÃO,COLISÃO SEM VITIMAS,2,,,,,,,,,0,,,,,,,,,,,,,,
2018-09-03,09:08:00,SEM VÍTIMA,FINALIZADA,SAN MARTIN,RUA QUINZE DE MARCO,,,EM FRENTE A CHESF,RUA QUINZE DE MARCO,,EM FRENTE A CHESF,SAN MARTIN,,,COLISÃO,COLISÃO SEM VÍTIMA,1,,,,,,1,,,0,,,,,,,,,,,,,,
2018-09-03,09:16:00,SEM VÍTIMA,FINALIZADA,SANTO AMARO,AV GOVERNADOR AGAMENON MAGALHAES,501,,SENTIDO TACARUNA EM FRENTE A BORRACHARIA NOSSA SENHORA DA CONCEIÇÃO,AV GOVERNADOR AGAMENON MAGALHAES,501,SENTIDO TACARUNA EM FRENTE A BORRACHARIA NOSSA SENHORA DA CONCEIÇÃO,SANTO AMARO,,,COLISÃO,COLISÃO SEM VITIMAS,2,,,,,,,,,0,,,,,,,,,,,,,,
2018-09-03,09:53:00,SEM VÍTIMA,FINALIZADA,ARRUDA,AV BEBERIBE,,,EM FRENTE AO CAMPO DO ARRUDA / SENT SUB / SEMAF 492,AV BEBERIBE,,EM FRENTE AO CAMPO DO ARRUDA / SENT SUB / SEMAF 492,ARRUDA,,,COLISÃO,ONIBUS E AUTO,,,,,,1,1,,,0,,,,,,,,,,,,,,
2018-09-03,10:31:00,SEM VÍTIMA,FINALIZADA,AREIAS,RUA ORLEANS,76,,EM FRENTE AO LAVA JATO,RUA ORLEANS,76,EM FRENTE AO LAVA JATO,AREIAS,,,COLISÃO,TRES AUTOS,2,,,,,,,1,,0,,,,,,,,,,,,,,
2018-09-03,10:41:00,SEM VÍTIMA,CANCELADA,CASA AMARELA,AV PROFESSOR JOSE DOS ANJOS,,AV NORTE,EM FRENTE AO POSTO BR/ PROXIMO AO SEMÁFORO 364,AV PROFESSOR JOSE DOS ANJOS,,EM FRENTE AO POSTO BR/ PROXIMO AO SEMÁFORO 364,CASA AMARELA,,,COLISÃO,COLISÃO SEM VÍTIMA,2,,,,,,,,,0,,,,,,,,,,,,,,
2018-09-03,11:04:00,SEM VÍTIMA,FINALIZADA,IBURA,AV RIO SAO FRANCISCO,150,,PROX. AO MERCADINHO MINIPREÇO,AV RIO SAO FRANCISCO,150,PROX. AO MERCADINHO MINIPREÇO,IBURA,,,COLISÃO,CAMINHÃO E ONIBUS BATEDORES NO LOCAL MILTON SILVA E ROCHA CAVALCANTE,,,,,,1,1,,,0,,,,,,,,,,,,,,
2018-09-03,11:24:00,SEM VÍTIMA,FINALIZADA,GRAÇAS,AV GOVERNADOR AGAMENON MAGALHAES,,,SEMAFORO 173 / SENT BOA VIAGEM,AV GOVERNADOR AGAMENON MAGALHAES,,SEMAFORO 173 / SENT BOA VIAGEM,GRAÇAS,,,COLISÃO,DOIS AUTOS,2,,,,,,,,,0,,,,,,,,,,,,,,
2018-09-03,11:44:00,SEM VÍTIMA,FINALIZADA,ÁGUA FRIA,AV BEBERIBE,,,EM FRENTE AO SUPERMECADO SOBERANO / SENT SUB,AV BEBERIBE,,EM FRENTE AO SUPERMECADO SOBERANO / SENT SUB,ÁGUA FRIA,,,COLISÃO,ONIBUS E AUTO,1,,,,,1,,,,0,,,,,,,,,,,,,,
2018-09-03,11:55:00,SEM VÍTIMA,FINALIZADA,JAQUEIRA,RUA DO FUTURO,1309,,EM FRENTE A VERDE FRUT,RUA DO FUTURO,1309,EM FRENTE A VERDE FRUT,JAQUEIRA,,,COLISÃO,COLISÃO SEM VÍTIMA,,,,,,,,,,0,,,,,,,,,,,,,,
2018-09-03,12:44:00,SEM VÍTIMA,FINALIZADA,IPUTINGA,AV CAXANGA,4360,,EM FRENTE AO HOSPITAL SANTA TERESINHA/ SENTIDO CAMARAGIBE,AV CAXANGA,4360,EM FRENTE AO HOSPITAL SANTA TERESINHA/ SENTIDO CAMARAGIBE,IPUTINGA,,,COLISÃO,COLISÃO SEM VÍTIMA,,,,,,,,,,0,,,,,,,,,,,,,,
2018-09-03,12:49:00,COM VÍTIMA,FINALIZADA,SANTO AMARO,RUA GOUVEIA DE BARROS,105,,EM FRENTE AO DIRETORIO DO PT,RUA GOUVEIA DE BARROS,105,EM FRENTE AO DIRETORIO DO PT,SANTO AMARO,,,COLISÃO,SERM VITIMAS,1,,,,,1,,,,1,,,,,,,,,,,,,,
2018-09-03,14:23:00,SEM VÍTIMA,FINALIZADA,BAIRRO DO RECIFE,RUA PRINCESA IZABEL,,,PROX A FAC DE DIREITO,RUA PRINCESA IZABEL,,PROX A FAC DE DIREITO,BAIRRO DO RECIFE,,,COLISÃO,COLISÃO SEM VITIMAS,1,,,,,1,,,,0,,,,,,,,,,,,,,
2018-09-03,14:45:00,SEM VÍTIMA,FINALIZADA,IMBIRIBEIRA,AV MARECHAL MASCARENHAS DE MORAES,,,EM FRENTE A LOCALIZA/ SENTIDO CIDADE,AV MARECHAL MASCARENHAS DE MORAES,,EM FRENTE A LOCALIZA/ SENTIDO CIDADE,IMBIRIBEIRA,,,COLISÃO,COLISÃO SEM VÍTIMA,1,,,,,1,,,,0,,,,,,,,,,,,,,
2018-09-03,14:45:00,COM VÍTIMA,FINALIZADA,SANTO ANTÔNIO,AV MARTINS DE BARROS,,,AO LADO DO BANCO SANTANDER,AV MARTINS DE BARROS,,AO LADO DO BANCO SANTANDER,SANTO ANTÔNIO,,,COLISÃO,COM UMA VITIMA AGUARDANDO SAMU INSPETOR CTTU NO LOCAL  DANDO O APOIO E NO AGUARDO DE UMA EQUIPE DE ÁREA.,,1,,,,1,,,,1,,,,,,,,,,,,,,
2018-09-03,14:46:00,SEM VÍTIMA,FINALIZADA,AFOGADOS,RUA SAO MIGUEL,670,,OFICINA O PORTUGUES,RUA SAO MIGUEL,670,OFICINA O PORTUGUES,AFOGADOS,,,COLISÃO,COLISÃO SEM VITIMAS,1,,,,,,1,,,0,,,,,,,,,,,,,,
2018-09-03,15:00:00,COM VÍTIMA,FINALIZADA,TORRÕES,RUA PROFESSOR JOAQUIM XAVIER DE BRITO,166,,EM FRENTE AO ARMAZEM JC CONSTRUÇÕES,RUA PROFESSOR JOAQUIM XAVIER DE BRITO,166,EM FRENTE AO ARMAZEM JC CONSTRUÇÕES,TORRÕES,,,COLISÃO,COM UMA VITIMA AGUARDANDO SAMU CTTU NO LOCAL,1,1,,,,,,,,1,,,,,,,,,,,,,,
2018-09-03,15:06:00,SEM VÍTIMA,FINALIZADA,IPUTINGA,RUA MANOEL ESTEVAO DA COSTA,229,,PROXIMO A LOTERICA,RUA MANOEL ESTEVAO DA COSTA,229,PROXIMO A LOTERICA,IPUTINGA,,,COLISÃO,COLISÃO SEM VÍTIMA,1,1,,,,,,,,0,,,,,,,,,,,,,,
2018-09-03,17:17:00,SEM VÍTIMA,FINALIZADA,IMBIRIBEIRA,RUA JACANA,,,AO LADO SAMS CLUB AV MARECHAL MASCARENHAS DE MORAES,RUA JACANA,,AO LADO SAMS CLUB AV MARECHAL MASCARENHAS DE MORAES,IMBIRIBEIRA,,,COLISÃO,SEM VITIMAS,2,,,,,,,,,0,,,,,,,,,,,,,,
2018-09-03,18:00:00,SEM VÍTIMA,FINALIZADA,BOA VIAGEM,RUA BALTAZAR PASSOS,548,RUA COSMORAMA,CROZAMENTO COM A RUA COSMORANA // ENF AO POSTO DA PETROBRAS,RUA BALTAZAR PASSOS,548,CROZAMENTO COM A RUA COSMORANA // ENF AO POSTO DA PETROBRAS,BOA VIAGEM,,,COLISÃO,DOIS AUTO,2,,,,,,,,,0,,,,,,,,,,,,,,
2018-09-03,19:06:00,SEM VÍTIMA,FINALIZADA,PAISSANDU,AV GOVERNADOR AGAMENON MAGALHAES,,,PROX A SAFRA,AV GOVERNADOR AGAMENON MAGALHAES,,PROX A SAFRA,PAISSANDU,,,COLISÃO,COLISÃO SEM VITIMAS,2,,,,,,,,,0,,,,,,,,,,,,,,
2018-09-03,21:30:00,SEM VÍTIMA,FINALIZADA,IMBIRIBEIRA,AV MARECHAL MASCARENHAS DE MORAES,,,ENF AO AEROPORTO AV PRINCIPAL SENTIDO AFOGADOS,AV MARECHAL MASCARENHAS DE MORAES,,ENF AO AEROPORTO AV PRINCIPAL SENTIDO AFOGADOS,IMBIRIBEIRA,,,COLISÃO,CAMINHAO BAU X FAIT UNO,1,,,,,,1,,,0,,,,,,,,,,,,,,
2018-09-04,01:52:00,SEM VÍTIMA,FINALIZADA,AFOGADOS,RUA NICOLAU PEREIRA,,RUA DA PAZ,CRUZAMENTO COM A RUA DA PAZ  EM FRENTE A CAIXA ECONÔMICA,RUA NICOLAU PEREIRA,,CRUZAMENTO COM A RUA DA PAZ  EM FRENTE A CAIXA ECONÔMICA,AFOGADOS,,,COLISÃO,COLISÃO SEM VÍTIMAS,2,,,,,,,,,0,,,,,,,,,,,,,,
2018-09-04,06:07:00,COM VÍTIMA,FINALIZADA,TOTÓ,AV LIBERDADE,,,EM FRENTE AO PARQUE DAS FLORES,AV LIBERDADE,,EM FRENTE AO PARQUE DAS FLORES,TOTÓ,,,COLISÃO COM CICLISTA,COLISÃO ENTRE CICLISTA E ONIBUS VITIMA A ESPERA DO SAMU,,,,1,,1,,,,1,,,,,,,,,,,,,,
2018-09-04,06:32:00,SEM VÍTIMA,FINALIZADA,SÃO JOSÉ,RUA IMPERIAL,,,SOB O PONTILHÃO. SEMÁFORO 352.,RUA IMPERIAL,,SOB O PONTILHÃO. SEMÁFORO 352.,SÃO JOSÉ,,,COLISÃO,SEM VÍTIMAS,2,,,,,,,,,0,,,,,,,,,,,,,,
2018-09-04,07:09:00,SEM VÍTIMA,FINALIZADA,PAISSANDU,AV GOVERNADOR AGAMENON MAGALHAES,,,SENTIDO BOA VIAGEM. SEMÁFORO 069  AO LADO DO HOSPITAL PORTUGUES,AV GOVERNADOR AGAMENON MAGALHAES,,SENTIDO BOA VIAGEM. SEMÁFORO 069  AO LADO DO HOSPITAL PORTUGUES,PAISSANDU,,,COLISÃO,SEM VÍTIMAS,2,,,,,,,,,0,,,,,,,,,,,,,,
2018-09-04,07:23:00,SEM VÍTIMA,FINALIZADA,MADALENA,RUA JOAQUIM NABUCO,729,,EM FRENTE A GRAÇAS ODONTOLOGIA,RUA JOAQUIM NABUCO,729,EM FRENTE A GRAÇAS ODONTOLOGIA,MADALENA,,,COLISÃO,QUATRO AUTOS,4,,,,,,,,,0,,,,,,,,,,,,,,
2018-09-04,07:38:00,SEM VÍTIMA,FINALIZADA,JARDIM SÃO PAULO,RUA LEOBINA PEREIRA,323,,ESQ DO RESTAURANTE DO GEMEOS,RUA LEOBINA PEREIRA,323,ESQ DO RESTAURANTE DO GEMEOS,JARDIM SÃO PAULO,,,COLISÃO,MOTO E AUTO,1,1,,,,,,,,0,,,,,,,,,,,,,,
2018-09-04,08:08:00,COM VÍTIMA,FINALIZADA,IMBIRIBEIRA,AV MARECHAL MASCARENHAS DE MORAES,1818,,EM FRENTE A HONDA  SENT. PRAZERES,AV MARECHAL MASCARENHAS DE MORAES,1818,EM FRENTE A HONDA  SENT. PRAZERES,IMBIRIBEIRA,,,COLISÃO,AUTO E MOTO,1,1,,,,,,,,1,,,,,,,,,,,,,,
2018-09-04,08:19:00,COM VÍTIMA,FINALIZADA,IMBIRIBEIRA,RUA BARAO DE AGUA BRANCA,115,RUA DUQUE ESTRADA,CRUZ COM A RUA DUQUE ESTRADA,RUA BARAO DE AGUA BRANCA,115,CRUZ COM A RUA DUQUE ESTRADA,IMBIRIBEIRA,,,COLISÃO,MOTO E AUTO,1,1,,,,,,,,1,,,,,,,,,,,,,,
2018-09-04,08:47:00,COM VÍTIMA,FINALIZADA,AFLITOS,RUA SAMUEL CAMPELO,380,,EM FRENTE AO EDF RIO TICIANO,RUA SAMUEL CAMPELO,380,EM FRENTE AO EDF RIO TICIANO,AFLITOS,,,COLISÃO,MOTO E AUTO,1,1,,,,,,,,1,,,,,,,,,,,,,,
2018-09-04,09:32:00,SEM VÍTIMA,CANCELADA,ENCRUZILHADA,RUA FERNANDO CESAR,,,E/F A SECRETARIA DO MEIO AMBIENTE  SENTIDO AV. NORTE. SEMÁFORO 045,RUA FERNANDO CESAR,,E/F A SECRETARIA DO MEIO AMBIENTE  SENTIDO AV. NORTE. SEMÁFORO 045,ENCRUZILHADA,,,COLISÃO,SEM VÍTIMAS,3,,,,,,,,,0,,,,,,,,,,,,,,
2018-09-04,10:13:00,SEM VÍTIMA,FINALIZADA,BONGI,EST DO BONGI,931,,EM FRENTE A IGREJA BATISTA DO BONGI,EST DO BONGI,931,EM FRENTE A IGREJA BATISTA DO BONGI,BONGI,,,COLISÃO,DOIS AUTOS,2,,,,,,,,,0,,,,,,,,,,,,,,
2018-09-04,10:38:00,SEM VÍTIMA,FINALIZADA,BAIRRO DO RECIFE,AV ALFREDO LISBOA,,,AO LADO DO ARMAZEM DO SERTÃO,AV ALFREDO LISBOA,,AO LADO DO ARMAZEM DO SERTÃO,BAIRRO DO RECIFE,,,COLISÃO,COLISÃO SEM VITIMAS,1,,,,,,,1,,0,,,,,,,,,,,,,,
2018-09-04,10:58:00,SEM VÍTIMA,FINALIZADA,IMBIRIBEIRA,RUA PINTOR LULA CARDOSO AYRES,4779,,EM FRENTE A OFICINA INACAR,RUA PINTOR LULA CARDOSO AYRES,4779,EM FRENTE A OFICINA INACAR,IMBIRIBEIRA,,,COLISÃO,CAMINHAO E AUTO PASSEIO,1,,,,,,1,,,0,,,,,,,,,,,,,,
2018-09-04,12:23:00,SEM VÍTIMA,FINALIZADA,DERBY,RUA JENER DE SOUZA,,,E/F AO COLEGIO DA POLICIA MILITAR,RUA JENER DE SOUZA,,E/F AO COLEGIO DA POLICIA MILITAR,DERBY,,,COLISÃO,COLISAO ENTRE DOIS AUTOS S/V BATEDOR DA MOTO 24/ 16 ESTA NO LOCAL,2,,,,,,,,,0,,,,,,,,,,,,,,
2018-09-04,12:34:00,SEM VÍTIMA,FINALIZADA,BOA VISTA,AV MONTEVIDEU,172,,POR TRÁS DO BRADESCO,AV MONTEVIDEU,172,POR TRÁS DO BRADESCO,BOA VISTA,,,COLISÃO,COLISÃO SEM VÍTIMA,2,,,,,,,,,0,,,,,,,,,,,,,,
2018-09-04,13:18:00,SEM VÍTIMA,FINALIZADA,CASA FORTE,RUA LEONARDO BEZERRA CAVALCANTE,340,,EM FRENTE AO EDF PORTAL DO CAPIBARIBE,RUA LEONARDO BEZERRA CAVALCANTE,340,EM FRENTE AO EDF PORTAL DO CAPIBARIBE,CASA FORTE,,,COLISÃO,SEM VITIMAS,1,,,,,1,,,,0,,,,,,,,,,,,,,
2018-09-04,13:38:00,SEM VÍTIMA,CANCELADA,TORRÕES,AV ENGENHEIRO ABDIAS DE CARVALHO,,,EM FRENTE A PRAÇA DA CHESF/ SENTIDO CIDADE,AV ENGENHEIRO ABDIAS DE CARVALHO,,EM FRENTE A PRAÇA DA CHESF/ SENTIDO CIDADE,TORRÕES,,,COLISÃO,COLISÃO SEM VÍTIMA,2,,,,,,,,,0,,,,,,,,,,,,,,
2018-09-04,13:53:00,COM VÍTIMA,FINALIZADA,SANCHO,AV LIBERDADE,792,,NA ENTRADA DA DESCIDA DO SOBE DESCE EM FRENTE A CAPOTARIA SL,AV LIBERDADE,792,NA ENTRADA DA DESCIDA DO SOBE DESCE EM FRENTE A CAPOTARIA SL,SANCHO,,,COLISÃO COM CICLISTA,COM UMA VITIMA SAMU ACIONADO,,,,1,,1,,,,1,,,,,,,,,,,,,,
2018-09-04,14:24:00,SEM VÍTIMA,FINALIZADA,NOVA DESCOBERTA,RUA SANTA TEREZA,11,,E/F AO ARMAZEM AM CONTRUÇOES NO TERMINAL DE ONIBUS DE NOVA DESCOBERTA CABUGA,RUA SANTA TEREZA,11,E/F AO ARMAZEM AM CONTRUÇOES NO TERMINAL DE ONIBUS DE NOVA DESCOBERTA CABUGA,NOVA DESCOBERTA,,,COLISÃO,COLISAO ENTRE ONIBUS E CAMINHAO S/V,,,,,,1,1,,,0,,,,,,,,,,,,,,
2018-09-04,14:32:00,SEM VÍTIMA,FINALIZADA,ARRUDA,AV BEBERIBE,1468,,EM FRENTE AO MISTURA SHOW,AV BEBERIBE,1468,EM FRENTE AO MISTURA SHOW,ARRUDA,,,COLISÃO,COLISÃO SEM VÍTIMA,1,,,,,1,,,,0,,,,,,,,,,,,,,
2018-09-04,15:21:00,SEM VÍTIMA,FINALIZADA,SÃO JOSÉ,AV SUL,899,RUA PADRE AZEVEDO,NO CRUZAMENTO COM A RUA PADRE AZEVEDO NA ENTRADA DO IMIP ESQUINA DA MONTE CARLOS,AV SUL,899,NO CRUZAMENTO COM A RUA PADRE AZEVEDO NA ENTRADA DO IMIP ESQUINA DA MONTE CARLOS,SÃO JOSÉ,,,COLISÃO,COLISAO ENTRE CAMINHAO E AUTO S/V,1,,,,,,1,,,0,,,,,,,,,,,,,,
2018-09-04,15:29:00,SEM VÍTIMA,FINALIZADA,BOA VIAGEM,RUA CORONEL BENEDITO CHAVES,,,ESQUINA DO ASSAI,RUA CORONEL BENEDITO CHAVES,,ESQUINA DO ASSAI,BOA VIAGEM,,,COLISÃO,COLISAO ENTRE AUTO E MOTO S/V VT 06/05 NO LOCAL GM,1,1,,,,,,,,0,,,,,,,,,,,,,,
2018-09-04,15:45:00,COM VÍTIMA,FINALIZADA,VÁRZEA,RUA GENERAL POLIDORO,192,,EM FRENTE AO SALÃO SALONÉ.,RUA GENERAL POLIDORO,192,EM FRENTE AO SALÃO SALONÉ.,VÁRZEA,,,COLISÃO,,1,,,,,1,,,,1,,,,,,,,,,,,,,
2018-09-04,16:59:00,SEM VÍTIMA,CANCELADA,BOA VIAGEM,AV ENGENHEIRO DOMINGOS FERREIRA,3920,,E/F AO RESTAURANTE FAMILIA GIULIANO,AV ENGENHEIRO DOMINGOS FERREIRA,3920,E/F AO RESTAURANTE FAMILIA GIULIANO,BOA VIAGEM,,,COLISÃO,COLISAO ENTRE TRES AUTOS S/V,3,,,,,,,,,0,,,,,,,,,,,,,,
2018-09-04,17:31:00,SEM VÍTIMA,FINALIZADA,SANTO ANTÔNIO,RUA DR JOSE MARIANO,308,,SEMAFORO 209 - RUA VELHA,RUA DR JOSE MARIANO,308,SEMAFORO 209 - RUA VELHA,SANTO ANTÔNIO,,,COLISÃO,SEM VITIIMAS,2,,,,,,,,,0,,,,,,,,,,,,,,
2018-09-04,17:38:00,SEM VÍTIMA,FINALIZADA,MADALENA,RUA BENFICA,,,E/F AO CLUBE INTERNACIONAL,RUA BENFICA,,E/F AO CLUBE INTERNACIONAL,MADALENA,,,COLISÃO,COLISAO ENTRE AUTO E CAMINHAO,1,,,,,,1,,,0,,,,,,,,,,,,,,
2018-09-04,18:41:00,SEM VÍTIMA,FINALIZADA,SOLEDADE,RUA BARAO DE SAO BORJA,321,,ENF AO EDF SAO BORJA // PROX A BIFURCAÇAO DA RUA DA SOLEDADE,RUA BARAO DE SAO BORJA,321,ENF AO EDF SAO BORJA // PROX A BIFURCAÇAO DA RUA DA SOLEDADE,SOLEDADE,,,COLISÃO,FIESTA X NISSAN,2,,,,,,,,,0,,,,,,,,,,,,,,
2018-09-04,19:14:00,SEM VÍTIMA,FINALIZADA,BARRO,AV DR JOSE RUFINO,,,PROX A IGREJA DO BARRO  CATOLICA...SENTIDO JABOATÃO,AV DR JOSE RUFINO,,PROX A IGREJA DO BARRO  CATOLICA...SENTIDO JABOATÃO,BARRO,,,COLISÃO,COLISÃO SEM VITIMAS,1,,,,,,1,,,0,,,,,,,,,,,,,,
2018-09-04,19:20:00,SEM VÍTIMA,FINALIZADA,AFOGADOS,EST DOS REMEDIOS,377,,PROX AO ARMAZEM CORAL // ENF AO POSTO DESATIVADO,EST DOS REMEDIOS,377,PROX AO ARMAZEM CORAL // ENF AO POSTO DESATIVADO,AFOGADOS,,,COLISÃO,CAMINHAO REBOQUE X FAIT,1,,,,,,1,,,0,,,,,,,,,,,,,,
2018-09-04,19:34:00,COM VÍTIMA,FINALIZADA,JORDÃO,RUA EMILIO MONTEIRO FONSECA,,,ASSEMBLEIA DE DEUS DE ABREU E LIMA E O TERMINAL DE JORDÃO BAIXO,RUA EMILIO MONTEIRO FONSECA,,ASSEMBLEIA DE DEUS DE ABREU E LIMA E O TERMINAL DE JORDÃO BAIXO,JORDÃO,,,COLISÃO,COLISÃO COM VITIMA/ SAMU NO LOCAL,1,1,,,,,,,,1,,,,,,,,,,,,,,
2018-09-04,19:39:00,COM VÍTIMA,FINALIZADA,IPSEP,RUA HELIO BRANDAO,,RUA ADERBAL DE MELO,CRUZAMENTO COM A RUA ADERBAL DE MELO // ENF AO CHAMBARIL E FEIJOADA DO JAOA,RUA HELIO BRANDAO,,CRUZAMENTO COM A RUA ADERBAL DE MELO // ENF AO CHAMBARIL E FEIJOADA DO JAOA,IPSEP,,,COLISÃO,AUTO E MOTO,1,1,,,,,,,,1,,,,,,,,,,,,,,
2018-09-04,20:20:00,SEM VÍTIMA,FINALIZADA,PARNAMIRIM,RUA PADRE ROMA,489,,NA FRENTE DO RESTAURANTE FACA,RUA PADRE ROMA,489,NA FRENTE DO RESTAURANTE FACA,PARNAMIRIM,,,COLISÃO,COLISÃO SEM VITIMAS,2,,,,,,,,,0,,,,,,,,,,,,,,
2018-09-04,20:42:00,SEM VÍTIMA,CANCELADA,MUSTARDINHA,AV MANOEL GONCALVES DA LUZ,,,PROX. DO SESI,AV MANOEL GONCALVES DA LUZ,,PROX. DO SESI,MUSTARDINHA,,,COLISÃO,COLISÃO SEM VITIMAS,,2,,,,,,,,0,,,,,,,,,,,,,,
2018-09-05,07:01:00,SEM VÍTIMA,CANCELADA,SANTO AMARO,AV GOVERNADOR AGAMENON MAGALHAES,,,E/F A ECOESTAÇÃO DA AGAMENON,AV GOVERNADOR AGAMENON MAGALHAES,,E/F A ECOESTAÇÃO DA AGAMENON,SANTO AMARO,,,COLISÃO,SEM VÍTIMAS,,,,,,,,,,0,,,,,,,,,,,,,,
2018-09-05,08:01:00,SEM VÍTIMA,FINALIZADA,IMBIRIBEIRA,AV MARECHAL MASCARENHAS DE MORAES,,,E/F AEROPORTO S/T CID,AV MARECHAL MASCARENHAS DE MORAES,,E/F AEROPORTO S/T CID,IMBIRIBEIRA,,,COLISÃO COM CICLISTA,CAMINHAO COLIDIU COM UM CILCLISTA S/V,,,,1,,,1,,,0,,,,,,,,,,,,,,
2018-09-05,08:14:00,SEM VÍTIMA,CANCELADA,ILHA DO LEITE,AV FREI MATIAS TEVES,,,EM FRENTE AO EMPRESARIAL ALFRED NOBEL,AV FREI MATIAS TEVES,,EM FRENTE AO EMPRESARIAL ALFRED NOBEL,ILHA DO LEITE,,,COLISÃO,COLISÃO SEM VITIMAS,2,,,,,,,,,0,,,,,,,,,,,,,,
2018-09-05,08:16:00,SEM VÍTIMA,FINALIZADA,BAIRRO DO RECIFE,AV MARQUES DE OLINDA,,,E/F AO DELTA CAFE ANTES DO PAÇO DA ALFANDEGA,AV MARQUES DE OLINDA,,E/F AO DELTA CAFE ANTES DO PAÇO DA ALFANDEGA,BAIRRO DO RECIFE,,,COLISÃO,COLISAO ENTRE DOIS AUTOS S/V,2,,,,,,,,,0,,,,,,,,,,,,,,