data,hora,natureza_acidente,situacao,bairro,endereco,numero,detalhe_endereco_acidente,complemento,endereco_cruzamento,numero_cruzamento,referencia_cruzamento,bairro_cruzamento,num_semaforo,sentido_via,tipo,descricao,auto,moto,ciclom,ciclista,pedestre,onibus,caminhao,viatura,outros,vitimas,vitimasfatais,acidente_verificado,tempo_clima,situacao_semaforo,sinalizacao,condicao_via,conservacao_via,ponto_controle,situacao_placa,velocidade_max_via,mao_direcao,divisao_via1,divisao_via2,divisao_via3
2018-09-05,08:41:00,SEM VÍTIMA,FINALIZADA,TORRE,RUA EMANOEL BEZERRA DOS SANTOS,39,RUA REAL DA TORRE,COM A REAL DA TORRE E/F AO LAVAJATO SA,RUA EMANOEL BEZERRA DOS SANTOS,39,COM A REAL DA TORRE E/F AO LAVAJATO SA,TORRE,,,COLISÃO,COLISAO ENTRE DOIS AUTOS S/V,2,,,,,,,,,0,,,,,,,,,,,,,,
2018-09-05,08:53:00,SEM VÍTIMA,FINALIZADA,CORDEIRO,RUA VISCONDE DE ITABORAI,356,,E/F A RESIDENCIA. PROX A FEIRA DA BOMBA GRNADE,RUA VISCONDE DE ITABORAI,356,E/F A RESIDENCIA. PROX A FEIRA DA BOMBA GRNADE,CORDEIRO,,,COLISÃO,SEM VÍTIMAS,2,,,,,,,,,0,,,,,,,,,,,,,,
2018-09-05,09:03:00,SEM VÍTIMA,FINALIZADA,TORRE,RUA REAL DA TORRE,246/255,,,RUA REAL DA TORRE,246/255,,TORRE,,,COLISÃO,COLISÃO ENTRE DOIS AUTOS SEM VÍTIMAS ENVOLVENDO UMA VT CTTU,2,,,,,,,,,0,,,,,,,,,,,,,,
2018-09-05,09:20:00,,CANCELADA,CORDEIRO,RUA VISCONDE DE ITABORAI,356,,RESIDENCIA DE ESQUINA COM O SUPERMERCADO TUDO DE BOM,RUA VISCONDE DE ITABORAI,356,RESIDENCIA DE ESQUINA COM O SUPERMERCADO TUDO DE BOM,CORDEIRO,,,COLISÃO,COLISÃO SEM VITIMAS,2,,,,,,,,,0,,,,,,,,,,,,,,
2018-09-05,09:31:00,SEM VÍTIMA,FINALIZADA,ESPINHEIRO,RUA BUENOS AYRES,2125,,E/F AO BANCO SANTANDER,RUA BUENOS AYRES,2125,E/F AO BANCO SANTANDER,ESPINHEIRO,,,COLISÃO,SEM VÍTIMAS,2,,,,,,,,,0,,,,,,,,,,,,,,
2018-09-05,09:34:00,SEM VÍTIMA,FINALIZADA,BOA VISTA,AV CONDE DA BOA VISTA,,RUA OSWALDO CRUZ,DE ESQUINA COM A RUA OSWALDO CRUZ,AV CONDE DA BOA VISTA,,DE ESQUINA COM A RUA OSWALDO CRUZ,BOA VISTA,,,COLISÃO,COLISÃO SEM VITIMAS VT 03 QTH,2,,,,,,,,,0,,,,,,,,,,,,,,
2018-09-05,10:10:00,SEM VÍTIMA,FINALIZADA,BOA VIAGEM,RUA CAPITAO ZUZINHA,,RUA SA E SOUZA,CRUZ COM A RUA SÁ E SOUZA EM FRENTE A LOJA TIM TV,RUA CAPITAO ZUZINHA,,CRUZ COM A RUA SÁ E SOUZA EM FRENTE A LOJA TIM TV,BOA VIAGEM,,,COLISÃO,COLISÃO SEM VITIMAS,2,,,,,,,,,0,,,,,,,,,,,,,,
2018-09-05,10:20:00,SEM VÍTIMA,CANCELADA,BONGI,RUA PADRE TEOFILO TWORZ,97,,E/F A IGREJA PRESBITERIANA DO PRADO,RUA PADRE TEOFILO TWORZ,97,E/F A IGREJA PRESBITERIANA DO PRADO,BONGI,,,COLISÃO,COLISAO ENTRE DOIS AUTOS S/V,2,,,,,,,,,0,,,,,,,,,,,,,,
2018-09-05,10:21:00,SEM VÍTIMA,FINALIZADA,ILHA DO LEITE,RUA ANTONIO GOMES DE FREITAS,147,,RESIDENCIA PROX AO HOSPITAL ALBERT SABIM EM FRENTE A GALERIA POETA GERALDINO BRASIL,RUA ANTONIO GOMES DE FREITAS,147,RESIDENCIA PROX AO HOSPITAL ALBERT SABIM EM FRENTE A GALERIA POETA GERALDINO BRASIL,ILHA DO LEITE,,,COLISÃO,COLISÃO SEM VITIMAS,1,1,,,,,,,,0,,,,,,,,,,,,,,
2018-09-05,10:34:00,SEM VÍTIMA,FINALIZADA,PINA,AV REPUBLICA DO LIBANO,97,,EM FRENTE A BORRACHARIA BEIRA RIO,AV REPUBLICA DO LIBANO,97,EM FRENTE A BORRACHARIA BEIRA RIO,PINA,,,COLISÃO,COLISÃO SEM VITIMAS,2,,,,,,,,,0,,,,,,,,,,,,,,
2018-09-05,10:46:00,SEM VÍTIMA,FINALIZADA,IMBIRIBEIRA,AV MARECHAL MASCARENHAS DE MORAES,2713,,AO LADO DA TROLLER S/T AFOGADOS,AV MARECHAL MASCARENHAS DE MORAES,2713,AO LADO DA TROLLER S/T AFOGADOS,IMBIRIBEIRA,,,COLISÃO,COLISAO ENTRE DOIS AUTOS S/V,2,,,,,,,,,0,,,,,,,,,,,,,,
2018-09-05,10:49:00,SEM VÍTIMA,FINALIZADA,BOA VISTA,AV MANOEL BORBA,504,,EM FRENTE AO SINDICATO DOS BANCARIOS,AV MANOEL BORBA,504,EM FRENTE AO SINDICATO DOS BANCARIOS,BOA VISTA,,,COLISÃO,DOIS AUTOS,2,,,,,,,,,0,,,,,,,,,,,,,,
2018-09-05,11:19:00,SEM VÍTIMA,FINALIZADA,TAMARINEIRA,RUA FLORIANOPOLIS,129,,EM FRENTE AO SALÃO LEVISAGEM CABELEREIRO,RUA FLORIANOPOLIS,129,EM FRENTE AO SALÃO LEVISAGEM CABELEREIRO,TAMARINEIRA,,,COLISÃO,COLISÃO SEM VITIMAS,2,,,,,1,,,,0,,,,,,,,,,,,,,
2018-09-05,11:32:00,SEM VÍTIMA,CANCELADA,ESTÂNCIA,AV DR JOSE RUFINO,446,,NA SAIDA DE SANTA LUZIA E/F A PADARIA SITIENCE,AV DR JOSE RUFINO,446,NA SAIDA DE SANTA LUZIA E/F A PADARIA SITIENCE,ESTÂNCIA,,,COLISÃO,COLISAO ENTRE TRES AUTOS S/V,3,,,,,,,,,0,,,,,,,,,,,,,,
2018-09-05,11:40:00,SEM VÍTIMA,FINALIZADA,AREIAS,RUA DONA ANA AURORA,80,,NA RUA DA LINHA DO TREM AO LADO DO ARMAZEM CORAL,RUA DONA ANA AURORA,80,NA RUA DA LINHA DO TREM AO LADO DO ARMAZEM CORAL,AREIAS,,,COLISÃO,COLISAO ENTRE AUTO E MOT S/V,1,1,,,,,,,,0,,,,,,,,,,,,,,
2018-09-05,12:55:00,SEM VÍTIMA,FINALIZADA,MANGABEIRA,AV NORTE,,AV PROFESSOR JOSE DOS ANJOS,COM A AV PROFESSOR JOSE DOS ANJOS,AV NORTE,,COM A AV PROFESSOR JOSE DOS ANJOS,MANGABEIRA,,,COLISÃO,COLISÃO SEM VITIMA,2,,,,,,,,,0,,,,,,,,,,,,,,
2018-09-05,12:04:00,SEM VÍTIMA,FINALIZADA,SANTO AMARO,AV CRUZ CABUGA,165,,EM FRENTE A IGREJA INTERNACIONAL DA GRAÇA,AV CRUZ CABUGA,165,EM FRENTE A IGREJA INTERNACIONAL DA GRAÇA,SANTO AMARO,,,COLISÃO,ONIBUS E AUTO,1,,,,,1,,,,0,,,,,,,,,,,,,,
2018-09-05,12:46:00,SEM VÍTIMA,FINALIZADA,TORRE,RUA JOSE BONIFACIO,621,,EM FRENTE A DOBRADINHA DO GORDO,RUA JOSE BONIFACIO,621,EM FRENTE A DOBRADINHA DO GORDO,TORRE,,,COLISÃO,COLISÃO SEM VÍTIMA,2,,,,,,,,,0,,,,,,,,,,,,,,
2018-09-05,12:49:00,SEM VÍTIMA,CANCELADA,IPUTINGA,AV CAXANGA,,,ESQUINA COM O CANAL DO CAVOCO SENT/ CIDADE,AV CAXANGA,,ESQUINA COM O CANAL DO CAVOCO SENT/ CIDADE,IPUTINGA,,,COLISÃO COM CICLISTA,SEM VITIMAS,1,,,1,,,,,,0,,,,,,,,,,,,,,
2018-09-05,13:05:00,SEM VÍTIMA,FINALIZADA,IPSEP,AV SENADOR ROBERT KENNEDY,559,AV RECIFE,CRUZAMENTO COM A AV RECIFE/ SENTIDO AEROPORTO,AV SENADOR ROBERT KENNEDY,559,CRUZAMENTO COM A AV RECIFE/ SENTIDO AEROPORTO,IPSEP,,,COLISÃO,COLISÃO SEM VÍTIMA,3,,,,,,,,,0,,,,,,,,,,,,,,
2018-09-05,13:15:00,SEM VÍTIMA,FINALIZADA,GRAÇAS,AV CONS ROSA E SILVA,,,EM FRENTE AO CLUBE PORTUGUES,AV CONS ROSA E SILVA,,EM FRENTE AO CLUBE PORTUGUES,GRAÇAS,,,COLISÃO,COLISÃO SEM VÍTIMA,1,,,,,1,,,,0,,,,,,,,,,,,,,
2018-09-05,13:19:00,SEM VÍTIMA,FINALIZADA,BOA VIAGEM,RUA ERNESTO DE PAULA SANTOS,1368,,EM FRENTE AO EMPRESARIAL ERNESTO DE PAULA SANTOS,RUA ERNESTO DE PAULA SANTOS,1368,EM FRENTE AO EMPRESARIAL ERNESTO DE PAULA SANTOS,BOA VIAGEM,,,COLISÃO,SEM VITIMAS,2,,,,,,,,,0,,,,,,,,,,,,,,
2018-09-05,13:22:00,SEM VÍTIMA,FINALIZADA,SANTO AMARO,AV CRUZ CABUGA,,,EM FRENTE À CASA DA INDUSTRIA,AV CRUZ CABUGA,,EM FRENTE À CASA DA INDUSTRIA,SANTO AMARO,,,COLISÃO,COLISÃO ENTRE AUTO E MOTO SEM VÍTIMA,,,,,,,,,,0,,,,,,,,,,,,,,
2018-09-05,13:22:00,SEM VÍTIMA,CANCELADA,TORRE,RUA CONDE DE IRAJA,108,,EM FRENTE AO CENTRO DE INTEGRAÇÃO EXÉRCITO DE SALVAÇÃO,RUA CONDE DE IRAJA,108,EM FRENTE AO CENTRO DE INTEGRAÇÃO EXÉRCITO DE SALVAÇÃO,TORRE,,,COLISÃO,COLISÃO SEM VÍTIMA,2,,,,,,,,,0,,,,,,,,,,,,,,
2018-09-05,13:30:00,SEM VÍTIMA,FINALIZADA,CAMPO GRANDE,RUA SEBASTIAO GALVAO,283,,APOS O CLUBE DAS PAS  PRIMEIRA A ESQUERDA,RUA SEBASTIAO GALVAO,283,APOS O CLUBE DAS PAS  PRIMEIRA A ESQUERDA,CAMPO GRANDE,,,COLISÃO,DOIS AUTOS S/V,2,,,,,,,,,0,,,,,,,,,,,,,,
2018-09-05,13:58:00,SEM VÍTIMA,FINALIZADA,CASA FORTE,AV DEZESSETE DE AGOSTO,S/N,,EM FRENTE AO COLÉGIO MOTIVO,AV DEZESSETE DE AGOSTO,S/N,EM FRENTE AO COLÉGIO MOTIVO,CASA FORTE,,,COLISÃO,AUTO E CAMINHÃO  SEM VÍTIMA.,1,,,,,,1,,,0,,,,,,,,,,,,,,
2018-09-05,14:26:00,SEM VÍTIMA,CANCELADA,CORDEIRO,RUA MAURICIO DE NASSAU,,,EM FRENTE AO GOE,RUA MAURICIO DE NASSAU,,EM FRENTE AO GOE,CORDEIRO,,,COLISÃO,COLISÃO SEM VÍTIMA,2,,,,,,,,,0,,,,,,,,,,,,,,
2018-09-05,15:05:00,COM VÍTIMA,FINALIZADA,TORRÕES,RUA OCIDENTAL,41,RUA INACIO MONTEIRO,CRUZAMENTO COM A RUA INACIO MONTEIRO,RUA OCIDENTAL,41,CRUZAMENTO COM A RUA INACIO MONTEIRO,TORRÕES,,,COLISÃO,COLISÃO COM VÍTIMA,2,,,,,,,,,1,,,,,,,,,,,,,,
2018-09-05,15:39:00,SEM VÍTIMA,FINALIZADA,AFOGADOS,RUA NICOLAU PEREIRA,,,EM FRENTE A ASA,RUA NICOLAU PEREIRA,,EM FRENTE A ASA,AFOGADOS,,,COLISÃO,SEM VITIMAS,2,,,,,,,,,0,,,,,,,,,,,,,,
2018-09-05,15:52:00,COM VÍTIMA,FINALIZADA,MADALENA,AV CAXANGA,,,EM FRENTE AO MUSEU DA ABOLIÇÃO  SENTIDO CIDADE.,AV CAXANGA,,EM FRENTE AO MUSEU DA ABOLIÇÃO  SENTIDO CIDADE.,MADALENA,,,COLISÃO,COLISÃO COM VÍTIMA,1,1,,,,,,,,1,,,,,,,,,,,,,,
2018-09-05,16:06:00,COM VÍTIMA,FINALIZADA,PAISSANDU,AV GOVERNADOR AGAMENON MAGALHAES,,,UMA PARADA ANTES DO HOSPITAL PORTUGUES  SENTIDO JOANA BEZERRA,AV GOVERNADOR AGAMENON MAGALHAES,,UMA PARADA ANTES DO HOSPITAL PORTUGUES  SENTIDO JOANA BEZERRA,PAISSANDU,,,ATROPELAMENTO,ONIBUS E PEDESTRE,,,,,1,1,,,,1,,,,,,,,,,,,,,
2018-09-05,16:25:00,SEM VÍTIMA,FINALIZADA,SOLEDADE,AV CONDE DA BOA VISTA,,RUA DA SOLEDADE,COM RUA DA SOLEDADE  SEMÁFORO 025 SENT/DERBY,AV CONDE DA BOA VISTA,,COM RUA DA SOLEDADE  SEMÁFORO 025 SENT/DERBY,SOLEDADE,,,COLISÃO,SEM VITIMA ,2,,,,,,,,,0,,,,,,,,,,,,,,
2018-09-05,16:47:00,SEM VÍTIMA,FINALIZADA,SANTO AMARO,AV NORTE,4,,NO INICIO DA PONTE LIMOEIRO/ SEMAFORO 243/ SENTIDO PREFEITURA,AV NORTE,4,NO INICIO DA PONTE LIMOEIRO/ SEMAFORO 243/ SENTIDO PREFEITURA,SANTO AMARO,,,ENGAVETAMENTO,TRES AUTOS S/V,3,,,,,,,,,0,,,,,,,,,,,,,,
2018-09-05,17:21:00,SEM VÍTIMA,FINALIZADA,BOA VIAGEM,RUA SA E SOUZA,225,,PROX. AO COLEGIO AMERICANO  EM FRENTE A GILSON CIDRIM,RUA SA E SOUZA,225,PROX. AO COLEGIO AMERICANO  EM FRENTE A GILSON CIDRIM,BOA VIAGEM,,,COLISÃO,AUTO E ONIBUS ,1,,,,,1,,,,0,,,,,,,,,,,,,,
2018-09-05,17:39:00,SEM VÍTIMA,FINALIZADA,SANTO AMARO,RUA DOS PALMARES,,RUA DO POMBAL,ESQUINA COM A RUA DO POMBAL,RUA DOS PALMARES,,ESQUINA COM A RUA DO POMBAL,SANTO AMARO,,,COLISÃO,DOIS AUTOS S/V,2,,,,,,,,,0,,,,,,,,,,,,,,
2018-09-05,18:47:00,SEM VÍTIMA,FINALIZADA,BOA VIAGEM,RUA BARAO DE SOUZA LEAO,,,ENF A ESCOLA SANTOS DUMONT,RUA BARAO DE SOUZA LEAO,,ENF A ESCOLA SANTOS DUMONT,BOA VIAGEM,,,COLISÃO,ONIBUS X SANDERO BATEDORES DA CTTU NO LOCAL,1,,,,,1,,,,0,,,,,,,,,,,,,,
2018-09-05,19:04:00,SEM VÍTIMA,,GRAÇAS,RUA DA AMIZADE,34,,ENF AO HOSPITAL JAIME DA FONTE,RUA DA AMIZADE,34,ENF AO HOSPITAL JAIME DA FONTE,GRAÇAS,,,COLISÃO,HB 20 X VOYAGE TAXI,2,,,,,,,,,0,,,,,,,,,,,,,,
2018-09-05,19:19:00,COM VÍTIMA,FINALIZADA,CAXANGÁ,AV CAXANGA,,,E/F AO TÚNEL DA ABOLIÇÃO  SNT CIDADE / SEMÁFORO 257,AV CAXANGA,,E/F AO TÚNEL DA ABOLIÇÃO  SNT CIDADE / SEMÁFORO 257,CAXANGÁ,,,COLISÃO COM CICLISTA,AUTO PASSEIO ENTRE CICLISTA. C/V ** VT 12 NO LOCAL,1,,,1,,,,,,1,,,,,,,,,,,,,,
2018-09-05,19:24:00,SEM VÍTIMA,FINALIZADA,JORDÃO,AV MARIA IRENE,,,TRAVESSA DA RUA ANTONIO ROCHA,AV MARIA IRENE,,TRAVESSA DA RUA ANTONIO ROCHA,JORDÃO,,,COLISÃO,PRISMA X GOL,2,,,,,,,,,0,,,,,,,,,,,,,,
2018-09-05,20:21:00,SEM VÍTIMA,FINALIZADA,BOA VIAGEM,RUA PEDRO PAES MENDONCA,120,,NA LATERAL DO WALLMART / SUBIDA DA VIA MANGUE / PRÓX AO POSTO BR,RUA PEDRO PAES MENDONCA,120,NA LATERAL DO WALLMART / SUBIDA DA VIA MANGUE / PRÓX AO POSTO BR,BOA VIAGEM,,,ENGAVETAMENTO,ENTRE 3 AUTOS. S/V,3,,,,,,,,,0,,,,,,,,,,,,,,
2018-09-05,21:14:00,SEM VÍTIMA,FINALIZADA,CORDEIRO,AV MARIO ALVARES PEREIRA DE LYRA,,AV CAMARAO,CRUZAMENTO COM AV CAMARAO,AV MARIO ALVARES PEREIRA DE LYRA,,CRUZAMENTO COM AV CAMARAO,CORDEIRO,,,COLISÃO,VECTRA X PRISMA,2,,,,,,,,,0,,,,,,,,,,,,,,
2018-09-06,02:06:00,SEM VÍTIMA,FINALIZADA,BOA VIAGEM,RUA DEZ DE JULHO,,RUA WALDEMAR NERY C. MONTEIRO,PRÓX AO AEROPORTO E A CBN / SEMÁFORO 573 - CRUZ COM A RUA WALDEMAR NERY C. MONTEIRO,RUA DEZ DE JULHO,,PRÓX AO AEROPORTO E A CBN / SEMÁFORO 573 - CRUZ COM A RUA WALDEMAR NERY C. MONTEIRO,BOA VIAGEM,,,COLISÃO,ENTRE 2 AUTOS. S/V,2,,,,,,,,,0,,,,,,,,,,,,,,
2018-09-06,07:22:00,COM VÍTIMA,FINALIZADA,CASA AMARELA,RUA PADRE LEMOS,,,AO LADO DA LOJA CASA PIO,RUA PADRE LEMOS,,AO LADO DA LOJA CASA PIO,CASA AMARELA,,,COLISÃO,COM UMA VÍTIMA,1,1,,,,,,,,1,,,,,,,,,,,,,,
2018-09-06,07:33:00,SEM VÍTIMA,FINALIZADA,MADALENA,AV VISCONDE DE ALBUQUERQUE,400,RUA LOPES DE CARVALHO,PROX AO BOMPREÇO / COM A RUA LOPES DE CARVALHO,AV VISCONDE DE ALBUQUERQUE,400,PROX AO BOMPREÇO / COM A RUA LOPES DE CARVALHO,MADALENA,,,COLISÃO,ONIBUS E AUTO,1,,,,,1,,,,0,,,,,,,,,,,,,,
2018-09-06,07:47:00,SEM VÍTIMA,FINALIZADA,BOA VIAGEM,RUA DOS NAVEGANTES,119,,EDF GUADALAJARA,RUA DOS NAVEGANTES,119,EDF GUADALAJARA,BOA VIAGEM,,,COLISÃO,SUB NO LOCAL COLISAO ENTRE DOIS AUTO S/V,2,,,,,,,,,0,,,,,,,,,,,,,,
2018-09-06,08:20:00,SEM VÍTIMA,FINALIZADA,DERBY,AV GOVERNADOR AGAMENON MAGALHAES,,,SEMAFORO 174 / SENT MADALENA,AV GOVERNADOR AGAMENON MAGALHAES,,SEMAFORO 174 / SENT MADALENA,DERBY,,,COLISÃO,COLISÃO SEM VITIMAS,2,,,,,,,,,0,,,,,,,,,,,,,,
2018-09-06,08:25:00,COM VÍTIMA,FINALIZADA,CASA FORTE,EST DAS UBAIAS ,,AV DEZESSETE DE AGOSTO,COM AV DEZESSETE DE AGOSTO,EST DAS UBAIAS ,,COM AV DEZESSETE DE AGOSTO,CASA FORTE,,,COLISÃO COM CICLISTA,VEÍCULO PLACA,1,,,1,,,,,,1,,,,,,,,,,,,,,
2018-09-06,08:52:00,SEM VÍTIMA,FINALIZADA,AREIAS,AV DR JOSE RUFINO,,,E/F AO TODO DIA  SENTIDO ESTANCIA.,AV DR JOSE RUFINO,,E/F AO TODO DIA  SENTIDO ESTANCIA.,AREIAS,,,COLISÃO,SEM VÍTIMAS. VT 21 NO LOCAL,1,1,,,,,,,,0,,,,,,,,,,,,,,
2018-09-06,09:11:00,SEM VÍTIMA,CANCELADA,ESPINHEIRO,AV CONS ROSA E SILVA,471,,DE ESQUINA COM O HOSPITAL DO SERVIDOR,AV CONS ROSA E SILVA,471,DE ESQUINA COM O HOSPITAL DO SERVIDOR,ESPINHEIRO,,,COLISÃO,COLISÃO SEM VITIMAS,1,,,,,,1,,,0,,,,,,,,,,,,,,
2018-09-06,09:06:00,COM VÍTIMA,FINALIZADA,BONGI,AV ENGENHEIRO ABDIAS DE CARVALHO,,,EM FRENTE A FARMÁCIA BONGI  SENTIDO CIDADE,AV ENGENHEIRO ABDIAS DE CARVALHO,,EM FRENTE A FARMÁCIA BONGI  SENTIDO CIDADE,BONGI,,,COLISÃO,COM VÍTIMA,,1,,,,,,,,1,,,,,,,,,,,,,,
2018-09-06,09:21:00,COM VÍTIMA,FINALIZADA,MADALENA,AV JOSE GONCALVES DE MEDEIROS,,RUA COMENDADOR BENTO AGUIAR,COM RUA COMENDADOR BENTO AGUIAR E/F A FARMACIA PAGUE MENOS PROX AO CLUBE DO SPORT,AV JOSE GONCALVES DE MEDEIROS,,COM RUA COMENDADOR BENTO AGUIAR E/F A FARMACIA PAGUE MENOS PROX AO CLUBE DO SPORT,MADALENA,,,COLISÃO,COLISAO ENTRE AUTO E MOTO COM UMA VITIMA SENDO QUE FOI DESCARICTERIZADO O LOCAL GM NO LOCAL DANDO APOIO AGUARDADO A VT NO LOCAL E PARENTES DA VITIMA,1,1,,,,,,,,1,,,,,,,,,,,,,,
2018-09-06,09:28:00,SEM VÍTIMA,CANCELADA,ESTÂNCIA,AV RECIFE,5388,,SENT CAXANGA / EM FRENTE A JS VEICULOS,AV RECIFE,5388,SENT CAXANGA / EM FRENTE A JS VEICULOS,ESTÂNCIA,,,COLISÃO,,2,,,,,,,,,0,,,,,,,,,,,,,,
2018-09-06,09:37:00,SEM VÍTIMA,FINALIZADA,MADALENA,RUA JOSE OSORIO,326,,E/F A ALDO CAR AO LADO DA RM EXPRESS. SENTIDO SUBURBIO,RUA JOSE OSORIO,326,E/F A ALDO CAR AO LADO DA RM EXPRESS. SENTIDO SUBURBIO,MADALENA,,,COLISÃO,SEM VÍTIMAS,1,1,,,,,,,,0,,,,,,,,,,,,,,
2018-09-06,09:42:00,SEM VÍTIMA,FINALIZADA,AREIAS,AV DR JOSE RUFINO,1099,,E/F AO SENAI,AV DR JOSE RUFINO,1099,E/F AO SENAI,AREIAS,,,COLISÃO,SEM VÍTIMAS. VT 21 NO LOCAL,2,,,,,,,,,0,,,,,,,,,,,,,,
2018-09-06,09:46:00,SEM VÍTIMA,FINALIZADA,BOA VIAGEM,RUA PROFESSOR MARIO CASTRO,638,RUA SETUBAL,CRUZ COM A RUA SETUBAL EM FRENTE AO EDIFICIO AMALIA RODRIGUES,RUA PROFESSOR MARIO CASTRO,638,CRUZ COM A RUA SETUBAL EM FRENTE AO EDIFICIO AMALIA RODRIGUES,BOA VIAGEM,,,COLISÃO,COLISÃO SEM VITIMAS,2,,,,,,,,,0,,,,,,,,,,,,,,
2018-09-06,10:03:00,SEM VÍTIMA,FINALIZADA,IMBIRIBEIRA,RUA IZABEL DE SOUZA,270,,RUA PORTAS AO BANCO ITAU DA MASCARENHAS,RUA IZABEL DE SOUZA,270,RUA PORTAS AO BANCO ITAU DA MASCARENHAS,IMBIRIBEIRA,,,COLISÃO,COLISAO ENTRE DOIS AUTOA S-/V,2,,,,,,,,,0,,,,,,,,,,,,,,
2018-09-06,10:12:00,SEM VÍTIMA,FINALIZADA,CORDEIRO,RUA HONORIO CORREIA,,,AO LADO DO MERCADO PUBLICO EM FRENTE AO HOSPITAL GETULIO VARGAS,RUA HONORIO CORREIA,,AO LADO DO MERCADO PUBLICO EM FRENTE AO HOSPITAL GETULIO VARGAS,CORDEIRO,,,COLISÃO,COLISÃO SEM VITIMAS,1,,,,,,1,,,0,,,,,,,,,,,,,,
2018-09-06,10:47:00,SEM VÍTIMA,FINALIZADA,CAXANGÁ,RUA JOSE OSORIO,,,E/F A FARMACIA INDEPENDENTE. VT 07 NO LOCAL.,RUA JOSE OSORIO,,E/F A FARMACIA INDEPENDENTE. VT 07 NO LOCAL.,CAXANGÁ,,,COLISÃO,SEM VÍTIMAS,5,,,,,,,,,0,,,,,,,,,,,,,,
2018-09-06,10:48:00,SEM VÍTIMA,FINALIZADA,CORDEIRO,RUA DO FORTE,444,,EM FRENTE A ACADEMIA FIA FIT,RUA DO FORTE,444,EM FRENTE A ACADEMIA FIA FIT,CORDEIRO,,,COLISÃO,MOTO E AUTO,1,1,,,,,,,,0,,,,,,,,,,,,,,
2018-09-06,11:16:00,SEM VÍTIMA,FINALIZADA,ROSARINHO,RUA DR JOSE MARIA,658,,EM FRENTE AO EDIFICIO CASA ROSADA,RUA DR JOSE MARIA,658,EM FRENTE AO EDIFICIO CASA ROSADA,ROSARINHO,,,COLISÃO,COLISÃO COM VITIMA A ESPERA DO SAMU,3,,,,,,,,,0,,,,,,,,,,,,,,
2018-09-06,12:05:00,SEM VÍTIMA,CANCELADA,JARDIM SÃO PAULO,AV RECIFE,5421,,EM FRENTE AO POSTO TOTAL,AV RECIFE,5421,EM FRENTE AO POSTO TOTAL,JARDIM SÃO PAULO,,,COLISÃO,SEM VITIMAS,1,,,,,,1,,,0,,,,,,,,,,,,,,
2018-09-06,12:34:00,COM VÍTIMA,FINALIZADA,ARRUDA,AV BEBERIBE,1478,,EM FRENTE AO CANAL DA CONSTRUÇÃO SENT/SUB,AV BEBERIBE,1478,EM FRENTE AO CANAL DA CONSTRUÇÃO SENT/SUB,ARRUDA,,,COLISÃO,UMA VITIMA AGUARDANDO SAMU,1,1,,,,,,,,1,,,,,,,,,,,,,,
2018-09-06,12:41:00,SEM VÍTIMA,FINALIZADA,ILHA DO RETIRO,RUA SPORT CLUBE DO RECIFE,,,EM FRENTE AO CLUBE DO SPORT SENT/ SUB,RUA SPORT CLUBE DO RECIFE,,EM FRENTE AO CLUBE DO SPORT SENT/ SUB,ILHA DO RETIRO,,,COLISÃO,SEM VITIMAS,1,,,,,,1,,,0,,,,,,,,,,,,,,
2018-09-06,13:07:00,SEM VÍTIMA,FINALIZADA,MADALENA,EST DOS REMEDIOS,2044,,EM FRENTE A VENEZA PISCINAS,EST DOS REMEDIOS,2044,EM FRENTE A VENEZA PISCINAS,MADALENA,,,COLISÃO,SEM VITIMAS CTTU NO LOCAL GM VAI FAZER O B.O,2,,,,,,,,,0,,,,,,,,,,,,,,
2018-09-06,13:25:00,,CANCELADA,ARRUDA,AV BEBERIBE,1478,,AO LADO DO CANAL DA CONSTRUÇAO,AV BEBERIBE,1478,AO LADO DO CANAL DA CONSTRUÇAO,ARRUDA,,,COLISÃO,COLISAO ENTRE MOTO E AUTO COM UMA VITIMA,1,1,,,,,,,,1,,,,,,,,,,,,,,
2018-09-06,13:42:00,SEM VÍTIMA,FINALIZADA,DERBY,PRC PARQUE AMORIM,,,E/F AO COLEGIO MERICANO BATISTA PROX AO WALMART,PRC PARQUE AMORIM,,E/F AO COLEGIO MERICANO BATISTA PROX AO WALMART,DERBY,,,COLISÃO,COLISAO ENTRE DOIS AUTOS S/V,2,,,,,,,,,0,,,,,,,,,,,,,,
2018-09-06,14:08:00,SEM VÍTIMA,FINALIZADA,TAMARINEIRA,EST DO ARRAIAL,,,EM FRENTE A FARMACIA SÃO PAULO,EST DO ARRAIAL,,EM FRENTE A FARMACIA SÃO PAULO,TAMARINEIRA,,,COLISÃO,SEM VITIMAS,1,,,,,1,,,,0,,,,,,,,,,,,,,
2018-09-06,14:12:00,SEM VÍTIMA,FINALIZADA,IMBIRIBEIRA,RUA JOAQUIM BANDEIRA,268,,EM FRENTE ESCRITORIO DE ADVOCACIA MICHELE PEDROZA,RUA JOAQUIM BANDEIRA,268,EM FRENTE ESCRITORIO DE ADVOCACIA MICHELE PEDROZA,IMBIRIBEIRA,,,COLISÃO,SEM VITIMA,1,1,,,,,,,,0,,,,,,,,,,,,,,
2018-09-06,14:36:00,SEM VÍTIMA,FINALIZADA,IMBIRIBEIRA,RUA DONA ALDA DE ANDRADE,405,,ESQUINA DA UNIFERRO CONTRUÇÃO,RUA DONA ALDA DE ANDRADE,405,ESQUINA DA UNIFERRO CONTRUÇÃO,IMBIRIBEIRA,,,COLISÃO,COLISAO DE CAMINHAO COM MURO DE RESIDENCIA FIO DE ALTA TENSAO EXPOSTA NA VIA,,,,,,,1,,,0,,,,,,,,,,,,,,
2018-09-06,14:42:00,SEM VÍTIMA,FINALIZADA,TORRE,AV BEIRA RIO,,,HA 30 METROS DA PONTE DA TORRE,AV BEIRA RIO,,HA 30 METROS DA PONTE DA TORRE,TORRE,,,COLISÃO,COM UMA VITIMA AGUARDANDO SAMU,1,1,,,,,,,,0,,,,,,,,,,,,,,