data,hora,natureza_acidente,situacao,bairro,endereco,numero,detalhe_endereco_acidente,complemento,endereco_cruzamento,numero_cruzamento,referencia_cruzamento,bairro_cruzamento,num_semaforo,sentido_via,tipo,descricao,auto,moto,ciclom,ciclista,pedestre,onibus,caminhao,viatura,outros,vitimas,vitimasfatais,acidente_verificado,tempo_clima,situacao_semaforo,sinalizacao,condicao_via,conservacao_via,ponto_controle,situacao_placa,velocidade_max_via,mao_direcao,divisao_via1,divisao_via2,divisao_via3
2018-09-11,14:49:00,SEM VÍTIMA,FINALIZADA,BOA VISTA,RUA DA SOLEDADE,,,EM FRENTE AO POSTO DE ATENDIMENTO DO VEM,RUA DA SOLEDADE,,EM FRENTE AO POSTO DE ATENDIMENTO DO VEM,BOA VISTA,,,COLISÃO,AUTO E MOTO S/V,1,1,,,,,,,,0,,,,,,,,,,,,,,
2018-09-11,15:04:00,SEM VÍTIMA,CANCELADA,ESTÂNCIA,RUA MORAIS E SILVA,460A,,PROX. A ESTAÇAO SANTA LUZIA,RUA MORAIS E SILVA,460A,PROX. A ESTAÇAO SANTA LUZIA,ESTÂNCIA,,,COLISÃO,AUTO E MOTO S/V,1,1,,,,,,,,0,,,,,,,,,,,,,,
2018-09-11,16:14:00,SEM VÍTIMA,CANCELADA,BOA VISTA,RUA JOAO FERNANDES VIEIRA,644,,EM FRENTE AO HOSPITAL DE FRATURAS,RUA JOAO FERNANDES VIEIRA,644,EM FRENTE AO HOSPITAL DE FRATURAS,BOA VISTA,,,COLISÃO,AUTO E MOTO S/V,1,1,,,,,,,,0,,,,,,,,,,,,,,
2018-09-11,16:51:00,SEM VÍTIMA,FINALIZADA,BOA VIAGEM,AV BOA VIAGEM,3778,,COLISÃO ENTRE DOIS AUTOS SEM VÍTIMAS,AV BOA VIAGEM,3778,COLISÃO ENTRE DOIS AUTOS SEM VÍTIMAS,BOA VIAGEM,,,COLISÃO,,,,,,,,,,,0,,,,,,,,,,,,,,
2018-09-11,18:33:00,SEM VÍTIMA,FINALIZADA,PARNAMIRIM,AV PARNAMIRIM,448,,NA SAÍDA DA PRAÇA DR LULA CABRAL DE MELO / E/F A LIVRARIA IDEIA FIXA / PROXIMIDADES DA DROGASIL E BANCO SANTANDER,AV PARNAMIRIM,448,NA SAÍDA DA PRAÇA DR LULA CABRAL DE MELO / E/F A LIVRARIA IDEIA FIXA / PROXIMIDADES DA DROGASIL E BANCO SANTANDER,PARNAMIRIM,,,COLISÃO,ENTRE AUTO PASSEIO E CAMINHÃO. S/V,1,,,,,,1,,,0,,,,,,,,,,,,,,
2018-09-11,19:57:00,SEM VÍTIMA,FINALIZADA,BOA VISTA,PTE DUARTE COELHO,,,PROXIMIDADES DO HOTEL PALACE E CINEMA SÃO LUIZ / POR CIMA DA PTE,PTE DUARTE COELHO,,PROXIMIDADES DO HOTEL PALACE E CINEMA SÃO LUIZ / POR CIMA DA PTE,BOA VISTA,,,COLISÃO,ENTRE ÔNIBUS E AUTO PASSEIO. S/V,1,,,,,1,,,,0,,,,,,,,,,,,,,
2018-09-11,21:26:00,SEM VÍTIMA,FINALIZADA,ESPINHEIRO,RUA DA HORA,797,RUA BUENOS AYRES,PROX AO ENTRE AMIGOS // CRUZANDO COM A RUA BUENOS AYRES,RUA DA HORA,797,PROX AO ENTRE AMIGOS // CRUZANDO COM A RUA BUENOS AYRES,ESPINHEIRO,,,COLISÃO,FOX X AUTO,2,,,,,,,,,0,,,,,,,,,,,,,,
2018-09-11,22:32:00,SEM VÍTIMA,CANCELADA,CAXANGÁ,AV CAXANGA,,,AO LADO DO RESIDENCIAL CAXANGÁ  SNT CAMARAGIBE / E/F A LANCHONETE COXINHA DE BATATA,AV CAXANGA,,AO LADO DO RESIDENCIAL CAXANGÁ  SNT CAMARAGIBE / E/F A LANCHONETE COXINHA DE BATATA,CAXANGÁ,,,COLISÃO,ENTRE 2 AUTOS. S/V,2,,,,,,,,,0,,,,,,,,,,,,,,
2018-09-11,22:38:00,COM VÍTIMA,FINALIZADA,ILHA DO RETIRO,RUA TABAIARES,403,,ENFR AO GINASIO MARCELINO LOPES (CLUBE DO SPORT) // BEIRANDO O CANAL,RUA TABAIARES,403,ENFR AO GINASIO MARCELINO LOPES (CLUBE DO SPORT) // BEIRANDO O CANAL,ILHA DO RETIRO,,,COLISÃO,MOTO E AMBULANCIA,,1,,,,,1,,,1,,,,,,,,,,,,,,
2018-09-12,07:32:00,SEM VÍTIMA,FINALIZADA,BOA VIAGEM,RUA JOAO CARDOSO AIRES,647,,EM FRENTE AO COLEGIO MADRE DE DEUS,RUA JOAO CARDOSO AIRES,647,EM FRENTE AO COLEGIO MADRE DE DEUS,BOA VIAGEM,,,COLISÃO,DOIS AUTOS,2,,,,,,,,,0,,,,,,,,,,,,,,
2018-09-12,07:34:00,SEM VÍTIMA,CANCELADA,CAMPO GRANDE,EST DE BELEM,580,,PROX. A EDITORA FABRICA DE IDEIAS,EST DE BELEM,580,PROX. A EDITORA FABRICA DE IDEIAS,CAMPO GRANDE,,,COLISÃO,AUTO E MOTO,1,1,,,,,,,,0,,,,,,,,,,,,,,
2018-09-12,07:35:00,COM VÍTIMA,CANCELADA,BEBERIBE,AV BEBERIBE,2009,,PROXIMO A IGREJA BATISTA EM AGUA FRIA E A LOJA MAGAZINE LUIZA,AV BEBERIBE,2009,PROXIMO A IGREJA BATISTA EM AGUA FRIA E A LOJA MAGAZINE LUIZA,BEBERIBE,,,COLISÃO,AUTO E MOTO.,1,1,,,,,,,,1,,,,,,,,,,,,,,
2018-09-12,07:38:00,SEM VÍTIMA,CANCELADA,BONGI,RUA ISAAC MARKMAN,,,EM FRENTE A SECRETARIA DA SAUDE,RUA ISAAC MARKMAN,,EM FRENTE A SECRETARIA DA SAUDE,BONGI,,,COLISÃO,DOIS AUTOS,2,,,,,,,,,0,,,,,,,,,,,,,,
2018-09-12,07:51:00,COM VÍTIMA,FINALIZADA,VÁRZEA,AV CAXANGA,,,APOS O CAXANGÁ GOLF CLUBE (CENTIDO CAMARAGIBE),AV CAXANGA,,APOS O CAXANGÁ GOLF CLUBE (CENTIDO CAMARAGIBE),VÁRZEA,,,COLISÃO,AUTO E MOTO - SENTIDO SUBÚRBIO,1,1,,,,,,,,1,,,,,,,,,,,,,,
2018-09-12,09:01:00,SEM VÍTIMA,FINALIZADA,DERBY,AV GOVERNADOR AGAMENON MAGALHAES,,,NO SEMAFORO 069 E/F AO HOSPITAL PORTUGUES S/T OLINDA,AV GOVERNADOR AGAMENON MAGALHAES,,NO SEMAFORO 069 E/F AO HOSPITAL PORTUGUES S/T OLINDA,DERBY,,,COLISÃO,COLISAO ENTRE DOIS AUTOS S/V GM NO LOCAL,2,,,,,,,,,0,,,,,,,,,,,,,,
2018-09-12,09:07:00,SEM VÍTIMA,FINALIZADA,BOMBA DO HEMETÉRIO,RUA PADRE OLIVEIRA,609,,NA FEIRA FEIRA DA RODINHA NO GIRADOURO E/F A PADARIA SAO BARLOMEU,RUA PADRE OLIVEIRA,609,NA FEIRA FEIRA DA RODINHA NO GIRADOURO E/F A PADARIA SAO BARLOMEU,BOMBA DO HEMETÉRIO,,,COLISÃO,COLISAO ENTRE ONIBUS E TAXI S/V,1,,,,,1,,,,0,,,,,,,,,,,,,,
2018-09-12,09:14:00,COM VÍTIMA,FINALIZADA,BOA VISTA,AV CONDE DA BOA VISTA,,,E/F A LOJA CATAN  SENTIDO AV. GUARARAPES. SEMÁFORO 023,AV CONDE DA BOA VISTA,,E/F A LOJA CATAN  SENTIDO AV. GUARARAPES. SEMÁFORO 023,BOA VISTA,,,COLISÃO,COM UMA VÍTIMA SENDO ATENDIDA PELO SAMU NO LOCAL.,1,1,,,,,,,,1,,,,,,,,,,,,,,
2018-09-12,09:30:00,SEM VÍTIMA,FINALIZADA,PINA,RUA CONSUL JOSEPH NOUJAIM,146,,NA ENTRADA DO SHOPPING RIOMAR,RUA CONSUL JOSEPH NOUJAIM,146,NA ENTRADA DO SHOPPING RIOMAR,PINA,,,COLISÃO,COLISAO ENTRE DOIS AUTOS S/V,2,,,,,,,,,0,,,,,,,,,,,,,,
2018-09-12,09:32:00,SEM VÍTIMA,FINALIZADA,ARRUDA,AV BEBERIBE,1359,,EM FRENTE A FARMA ROCHA,AV BEBERIBE,1359,EM FRENTE A FARMA ROCHA,ARRUDA,,,COLISÃO,MOTO E AUTO VT- 05 NO LOCAL,1,1,,,,,,,,0,,,,,,,,,,,,,,
2018-09-12,09:45:00,SEM VÍTIMA,CANCELADA,ENCRUZILHADA,AV NORTE,2283,,E/F AO BANCO DO BRASIL,AV NORTE,2283,E/F AO BANCO DO BRASIL,ENCRUZILHADA,,,COLISÃO,COLISAO ENTRE DOIS AUTOS S/V,2,,,,,,,,,0,,,,,,,,,,,,,,
2018-09-12,10:05:00,COM VÍTIMA,FINALIZADA,IMBIRIBEIRA,RUA ITAJAI,,RUA ITACARI,COM RUA ITACARI,RUA ITAJAI,,COM RUA ITACARI,IMBIRIBEIRA,,,COLISÃO,COLISAO ENTRE AUTO E MOTO COM UMA VITIMA BATEDOR NO LOCAL,1,1,,,,,,,,1,,,,,,,,,,,,,,
2018-09-12,10:22:00,SEM VÍTIMA,FINALIZADA,BOA VIAGEM,AV ENGENHEIRO DOMINGOS FERREIRA,2600,,APOS O SEMAFORO 550 AO LADO DA FARMACIA INDEPENDENTE,AV ENGENHEIRO DOMINGOS FERREIRA,2600,APOS O SEMAFORO 550 AO LADO DA FARMACIA INDEPENDENTE,BOA VIAGEM,,,COLISÃO,,3,,,,,,,,,0,,,,,,,,,,,,,,
2018-09-12,11:16:00,SEM VÍTIMA,FINALIZADA,APIPUCOS,RUA CAETES,887,,RUA CRECHE NS DAS DORES,RUA CAETES,887,RUA CRECHE NS DAS DORES,APIPUCOS,,,COLISÃO,DOIS AUTOS,2,,,,,,,,,0,,,,,,,,,,,,,,
2018-09-12,11:29:00,SEM VÍTIMA,FINALIZADA,PORTO DA MADEIRA,RUA MARAJO,78,,PROX A PIZZARIA HUT,RUA MARAJO,78,PROX A PIZZARIA HUT,PORTO DA MADEIRA,,,CHOQUE,CAMINHAO CHOCOU COM UM MURO DE UMA RESIDENCIA,,,,,,,1,,,0,,,,,,,,,,,,,,
2018-09-12,12:06:00,SEM VÍTIMA,FINALIZADA,SÃO JOSÉ,AV SUL,,,EM BAIXO DO VIADUTO CAPITÃO TEMUDO/ SENTIDO CIDADE,AV SUL,,EM BAIXO DO VIADUTO CAPITÃO TEMUDO/ SENTIDO CIDADE,SÃO JOSÉ,,,COLISÃO,COLISÃO SEM VÍTIMA,2,,,,,,,,,0,,,,,,,,,,,,,,
2018-09-12,12:07:00,SEM VÍTIMA,FINALIZADA,DERBY,RUA HENRIQUE DIAS,609,,EM FRENTE A FUNDAÇÃO JOAQUIM NABUCO,RUA HENRIQUE DIAS,609,EM FRENTE A FUNDAÇÃO JOAQUIM NABUCO,DERBY,,,ENGAVETAMENTO,SEM VITIMAS/GM PONTO FIXO NO LOCAL,4,,,,,,,,,0,,,,,,,,,,,,,,
2018-09-12,12:39:00,COM VÍTIMA,FINALIZADA,IMBIRIBEIRA,AV MARECHAL MASCARENHAS DE MORAES,,,NA ALÇA QUE DAR NO AEROPORTO,AV MARECHAL MASCARENHAS DE MORAES,,NA ALÇA QUE DAR NO AEROPORTO,IMBIRIBEIRA,,,COLISÃO COM CICLISTA,O VEÍCULO SE EVADIU E NÃO CONSEGUIRAM PEGAR A PLACA DO AUTOMÓVEL. O ESTADO DO CICLISTA: POSSÍVEL FRATURA DOS MEMBROS INFERIORES.- SAMU E BOMBEIROS ACIONADOS,1,,,1,,,,,,1,,,,,,,,,,,,,,
2018-09-12,12:41:00,SEM VÍTIMA,FINALIZADA,BOA VIAGEM,RUA ANTONIO FALCAO,1013,,EM FRENTE AO EDIFICIO MARIA EMILIA,RUA ANTONIO FALCAO,1013,EM FRENTE AO EDIFICIO MARIA EMILIA,BOA VIAGEM,,,COLISÃO,COLISÃO SEM VÍTIMA,2,,,,,,,,,0,,,,,,,,,,,,,,
2018-09-12,12:41:00,SEM VÍTIMA,FINALIZADA,MADALENA,RUA BENFICA,326,,EM FRENTE AO COLEGIO GGE,RUA BENFICA,326,EM FRENTE AO COLEGIO GGE,MADALENA,,,COLISÃO,SEM VITIMAS,2,,,,,,,,,0,,,,,,,,,,,,,,
2018-09-12,12:59:00,SEM VÍTIMA,FINALIZADA,MADALENA,AV BEIRA RIO,,,NO SEMÁFORO 387,AV BEIRA RIO,,NO SEMÁFORO 387,MADALENA,,,COLISÃO,COLISÃO SEM VÍTIMA,1,,,,,,,,1,0,,,,,,,,,,,,,,
2018-09-12,13:01:00,SEM VÍTIMA,FINALIZADA,TORRÕES,AV ENGENHEIRO ABDIAS DE CARVALHO,,,EM FRENTE A PRAÇA DA CHESF,AV ENGENHEIRO ABDIAS DE CARVALHO,,EM FRENTE A PRAÇA DA CHESF,TORRÕES,,,COLISÃO,AUTO E CAMINHAO,1,,,,,,1,,,0,,,,,,,,,,,,,,
2018-09-12,14:03:00,SEM VÍTIMA,FINALIZADA,ESPINHEIRO,RUA MARQUES DO PARANA,214,RUA ALFREDO DE CARVALHO,CRUZAMENTONTO COM A RUA ALFREDO DE CARVALHO/EM FRENTE AO MARTELINHO DE OURO.,RUA MARQUES DO PARANA,214,CRUZAMENTONTO COM A RUA ALFREDO DE CARVALHO/EM FRENTE AO MARTELINHO DE OURO.,ESPINHEIRO,,,COLISÃO,SEM VITIMAS,2,,,,,,,,,0,,,,,,,,,,,,,,
2018-09-12,14:04:00,SEM VÍTIMA,FINALIZADA,SANTO AMARO,AV GOVERNADOR AGAMENON MAGALHAES,,,EM FRENTE AO MINISTERIO DO TRABALHO/ SENTIDO BOA VIAGEM,AV GOVERNADOR AGAMENON MAGALHAES,,EM FRENTE AO MINISTERIO DO TRABALHO/ SENTIDO BOA VIAGEM,SANTO AMARO,,,COLISÃO,COLISÃO SEM VÍTIMA,1,,,,,,1,,,0,,,,,,,,,,,,,,
2018-09-12,14:16:00,SEM VÍTIMA,FINALIZADA,TORRE,RUA FLORIANO FRANCISCO DE OLIVEIRA,,,AO LADO DO GALLETO´S DELIVERY/ POR TRÁS DO ATACADO DOS PRESENTES,RUA FLORIANO FRANCISCO DE OLIVEIRA,,AO LADO DO GALLETO´S DELIVERY/ POR TRÁS DO ATACADO DOS PRESENTES,TORRE,,,COLISÃO COM CICLISTA,COLISÃO SEM VÍTIMA,1,,,2,,,,,,0,,,,,,,,,,,,,,
2018-09-12,14:48:00,SEM VÍTIMA,FINALIZADA,ALTO JOSÉ BONIFÁCIO,RUA ALTO JOSE BONIFACIO,818,,EM FRENTE AO COLEGIO ESTADUAL CAIO PEREIRA,RUA ALTO JOSE BONIFACIO,818,EM FRENTE AO COLEGIO ESTADUAL CAIO PEREIRA,ALTO JOSÉ BONIFÁCIO,,,COLISÃO,SEM VITIMAS,1,,,,,1,,,,0,,,,,,,,,,,,,,
2018-09-12,15:39:00,SEM VÍTIMA,FINALIZADA,CAXANGÁ,AV CAXANGA,,,EM FRENTE AO POSTO BR  SEMAFORO 533  SENTIDO CAMARAGIBE,AV CAXANGA,,EM FRENTE AO POSTO BR  SEMAFORO 533  SENTIDO CAMARAGIBE,CAXANGÁ,,,COLISÃO,DOIS AUTOS S/V,2,,,,,,,,,0,,,,,,,,,,,,,,
2018-09-12,16:22:00,SEM VÍTIMA,FINALIZADA,COELHOS,RUA PADRE VENANCIO,77,,EM FRENTE AO IMIP,RUA PADRE VENANCIO,77,EM FRENTE AO IMIP,COELHOS,,,COLISÃO,COLISÃO SEM VÍTIMA,1,,,,,2,,,,0,,,,,,,,,,,,,,
2018-09-12,16:47:00,COM VÍTIMA,FINALIZADA,CIDADE UNIVERSITÁRIA,AV PROFESSOR LUIZ FREIRE,1000,,EM FRENTE AO DEPARTAMENTO DE ENERGIA NUCLEAR E AO LADO DO IPEM,AV PROFESSOR LUIZ FREIRE,1000,EM FRENTE AO DEPARTAMENTO DE ENERGIA NUCLEAR E AO LADO DO IPEM,CIDADE UNIVERSITÁRIA,,,COLISÃO,COM UMA VITIMA AGUARDANDO SAMU,1,1,,,,,,,,1,,,,,,,,,,,,,,
2018-09-12,17:56:00,SEM VÍTIMA,FINALIZADA,AREIAS,AV DR JOSE RUFINO,,,E/F AO ARMAZÉM CORAL / POR BAIXO DO VIADUTO  SNT AFOGADOS,AV DR JOSE RUFINO,,E/F AO ARMAZÉM CORAL / POR BAIXO DO VIADUTO  SNT AFOGADOS,AREIAS,,,COLISÃO,ENTRE 2 AUTOS. S/V,2,,,,,,,,,0,,,,,,,,,,,,,,
2018-09-12,18:02:00,SEM VÍTIMA,FINALIZADA,CASA AMARELA,AV NORTE,5956,,E/F AOS IRMÃOS FERRAGENS  SNT MACAXEIRA / PRÓX A ESCOLA PROF DOM BOSCO,AV NORTE,5956,E/F AOS IRMÃOS FERRAGENS  SNT MACAXEIRA / PRÓX A ESCOLA PROF DOM BOSCO,CASA AMARELA,,,COLISÃO,ENTRE CAMINHÃO E AUTO. S/V,1,,,,,,1,,,0,,,,,,,,,,,,,,
2018-09-12,18:27:00,SEM VÍTIMA,FINALIZADA,GRAÇAS,AV CONS ROSA E SILVA,,AV SANTOS DUMONT,CRUZ COM A AV. SANTOS DUMONT - SEMÁFORO 047,AV CONS ROSA E SILVA,,CRUZ COM A AV. SANTOS DUMONT - SEMÁFORO 047,GRAÇAS,,,COLISÃO,ENTRE TÁXI E ÔNIBUS S/V,1,,,,,1,,,,0,,,,,,,,,,,,,,
2018-09-12,18:39:00,SEM VÍTIMA,FINALIZADA,DERBY,RUA JOAQUIM NABUCO,,,AO LADO DO HOSPITAL DA RESTAURAÇÃO / CRUZANDO A AV AGAMENON MAG,RUA JOAQUIM NABUCO,,AO LADO DO HOSPITAL DA RESTAURAÇÃO / CRUZANDO A AV AGAMENON MAG,DERBY,,,COLISÃO,ENTRE CAMINHÃO E AUTO. S/V,1,,,,,,1,,,0,,,,,,,,,,,,,,
2018-09-12,18:56:00,SEM VÍTIMA,CANCELADA,BOA VIAGEM,RUA COSMORAMA,,RUA BALTAZAR PASSOS,CRUZAMENTO COM A RUA BALTAZAR PASSOS // POSTO COSMORAMA,RUA COSMORAMA,,CRUZAMENTO COM A RUA BALTAZAR PASSOS // POSTO COSMORAMA,BOA VIAGEM,,,COLISÃO,CELTA X MOTO,1,1,,,,,,,,0,,,,,,,,,,,,,,
2018-09-12,19:42:00,SEM VÍTIMA,FINALIZADA,IPSEP,AV RECIFE,,RUA RAIMUNDO DINIZ,SEMAFORO 247 CRUZAMENTO COM A RUA RAIMUNDO DINIZ,AV RECIFE,,SEMAFORO 247 CRUZAMENTO COM A RUA RAIMUNDO DINIZ,IPSEP,,,ENGAVETAMENTO,TRES AUTOS,3,,,,,,,,,0,,,,,,,,,,,,,,
2018-09-12,19:59:00,SEM VÍTIMA,CANCELADA,PINA,RUA AMAZONAS,154,RUA TOME GIBSON,CRUZAMENTO COM A RUA TOME GIBSON // ENF AO EDF. ENCANTA MOÇA,RUA AMAZONAS,154,CRUZAMENTO COM A RUA TOME GIBSON // ENF AO EDF. ENCANTA MOÇA,PINA,,,COLISÃO,HONDA CIVIC X MOTO,1,1,,,,,,,,0,,,,,,,,,,,,,,
2018-09-12,20:08:00,SEM VÍTIMA,FINALIZADA,TEJIPIÓ,AV DR JOSE RUFINO,2642,,PROX A ENTRADA DA BR // ANTES DA PONTE SENTIDO TEJIPIO BARRO,AV DR JOSE RUFINO,2642,PROX A ENTRADA DA BR // ANTES DA PONTE SENTIDO TEJIPIO BARRO,TEJIPIÓ,,,COLISÃO,DOIS AUTOS OBS::: VEICULOS COLIDIU EM UMA TENTATIVA DE ASALTO VT DA PM NO LOCAL,2,,,,,,,,,0,,,,,,,,,,,,,,
2018-09-12,20:21:00,SEM VÍTIMA,FINALIZADA,IPSEP,AV RECIFE,,,ENF A PIZZARIA ATLANTICO E FARMACIA PAGUE MENOS SENTIDO BOA VIAGEM,AV RECIFE,,ENF A PIZZARIA ATLANTICO E FARMACIA PAGUE MENOS SENTIDO BOA VIAGEM,IPSEP,,,ENGAVETAMENTO,TRES AUTOS,3,,,,,,,,,0,,,,,,,,,,,,,,
2018-09-12,22:53:00,COM VÍTIMA,CANCELADA,IBURA,AV SERRA DA MANTIQUEIRA,,,POR CIMA DA LADEIRA MONTE VERDE / E/F GRANJA FRANGO BRILHANTE,AV SERRA DA MANTIQUEIRA,,POR CIMA DA LADEIRA MONTE VERDE / E/F GRANJA FRANGO BRILHANTE,IBURA,,,COLISÃO,ENTRE MOTO E AUTO. C/V,1,1,,,,,,,,1,,,,,,,,,,,,,,
2018-09-12,22:56:00,SEM VÍTIMA,FINALIZADA,CABANGA,RUA BITURI,,,ENF A COMPESA PROX A UMA REFORMA NA VIA,RUA BITURI,,ENF A COMPESA PROX A UMA REFORMA NA VIA,CABANGA,,,CHOQUE,VT DA PM X FERRO DE PROTEÇAO DE CALÇADA,,,,,,,,1,,0,,,,,,,,,,,,,,
2018-09-13,06:40:00,SEM VÍTIMA,FINALIZADA,AFOGADOS,LARGO DA PAZ,,,EM FRENTE A LOJA NARCISO E AO BANCO ITAU,LARGO DA PAZ,,EM FRENTE A LOJA NARCISO E AO BANCO ITAU,AFOGADOS,,,COLISÃO,COLISÃO SEM VITIMAS,1,,,,,1,,,,0,,,,,,,,,,,,,,
2018-09-13,08:05:00,SEM VÍTIMA,FINALIZADA,BOA VIAGEM,AV BOA VIAGEM,3312,,EM FRENTE AO EDF MICHELANGELO,AV BOA VIAGEM,3312,EM FRENTE AO EDF MICHELANGELO,BOA VIAGEM,,,COLISÃO,AUTO E CAMINHAO,2,,,,,,,,,0,,,,,,,,,,,,,,
2018-09-13,08:16:00,SEM VÍTIMA,FINALIZADA,BOA VIAGEM,RUA VISCONDE DE JEQUITINHONHA,1874,,ANTES DO PARQU DONA LINDU,RUA VISCONDE DE JEQUITINHONHA,1874,ANTES DO PARQU DONA LINDU,BOA VIAGEM,,,CHOQUE,VEICULO SE CHOCOU COM UMA ARVORE S/V,1,,,,,,,,,0,,,,,,,,,,,,,,
2018-09-13,08:22:00,COM VÍTIMA,FINALIZADA,VASCO DA GAMA,AV VEREADOR OTACILIO AZEVEDO,3333,,SERRALHARIA JC - AQUI TEM,AV VEREADOR OTACILIO AZEVEDO,3333,SERRALHARIA JC - AQUI TEM,VASCO DA GAMA,,,ATROPELAMENTO,COLISÃO ENVOLVENDO MOTOCICLETA E PEDESTRE,,1,,,1,,,,,1,,,,,,,,,,,,,,
2018-09-13,08:28:00,COM VÍTIMA,CANCELADA,CASA AMARELA,EST DO ARRAIAL,3140,RUA FERREIRA LOPES,ESQUINA COM RUA FERREIRA LOPES  PROX. AO SITIO DA TRINDADE,EST DO ARRAIAL,3140,ESQUINA COM RUA FERREIRA LOPES  PROX. AO SITIO DA TRINDADE,CASA AMARELA,,,COLISÃO COM CICLISTA,AUTO E CICLISTA,1,,,1,,,,,,1,,,,,,,,,,,,,,
2018-09-13,08:29:00,COM VÍTIMA,FINALIZADA,IPSEP,AV RECIFE,,AV DOM HELDER CAMARA,COM DOM HÉLDER CÂMARA  EM FRENTE À CASA DAS BATERIAS.,AV RECIFE,,COM DOM HÉLDER CÂMARA  EM FRENTE À CASA DAS BATERIAS.,IPSEP,,,COLISÃO,COLISÃO COM VÍTIMA  ENVOLVENDO 2 MOTOCICLETAS- SENDO UMA VIATURA DA CTTU.,,2,,,,,,,,1,,,,,,,,,,,,,,
2018-09-13,08:34:00,SEM VÍTIMA,FINALIZADA,ESPINHEIRO,RUA DR VICENTE MEIRA,28,,PROX. AO IOR,RUA DR VICENTE MEIRA,28,PROX. AO IOR,ESPINHEIRO,,,COLISÃO,DOIS AUTOS S/V,2,,,,,,,,,0,,,,,,,,,,,,,,
2018-09-13,08:48:00,SEM VÍTIMA,FINALIZADA,ESPINHEIRO,RUA DO ESPINHEIRO,334,,E/F A ACADEMIA VIKINGS. NO LADO DIREITO DA VIA  SEMÁFORO 195,RUA DO ESPINHEIRO,334,E/F A ACADEMIA VIKINGS. NO LADO DIREITO DA VIA  SEMÁFORO 195,ESPINHEIRO,,,COLISÃO,SEM VÍTIMAS,1,,,,,1,,,,0,,,,,,,,,,,,,,
2018-09-13,09:03:00,SEM VÍTIMA,FINALIZADA,CASA AMARELA,RUA SEBASTIAO ALVES,144,,E/F A ACADEMIA OK AGYM,RUA SEBASTIAO ALVES,144,E/F A ACADEMIA OK AGYM,CASA AMARELA,,,COLISÃO,SEM VÍTIMAS,2,,,,,,,,,0,,,,,,,,,,,,,,
2018-09-13,09:28:00,SEM VÍTIMA,CANCELADA,IMBIRIBEIRA,RUA CORONEL FABRICIANO,1,,RUA AO LADO DO ATACADO DOS PRESENTES / E/F COM A LINHA DO TREM,RUA CORONEL FABRICIANO,1,RUA AO LADO DO ATACADO DOS PRESENTES / E/F COM A LINHA DO TREM,IMBIRIBEIRA,,,COLISÃO,CARRETA E AUTO PASSEIO,1,,,,,,1,,,0,,,,,,,,,,,,,,
2018-09-13,09:28:00,SEM VÍTIMA,FINALIZADA,IPSEP,AV RECIFE,,,AO LADO DO POSTO SHELL  SENTIDO BR  SEMAFORO 055,AV RECIFE,,AO LADO DO POSTO SHELL  SENTIDO BR  SEMAFORO 055,IPSEP,,,COLISÃO,DOIS AUTOS S/V,2,,,,,,,,,0,,,,,,,,,,,,,,
2018-09-13,10:11:00,SEM VÍTIMA,FINALIZADA,BOA VIAGEM,AV BOA VIAGEM,3906,,C/ RUA RIBEIRO DE BRITO,AV BOA VIAGEM,3906,C/ RUA RIBEIRO DE BRITO,BOA VIAGEM,,,COLISÃO,COLISÃO ENTRE DOIS AUTOS E UMA MOTOCICLETA SEM VÍTIMAS,2,1,,,,,,,,0,,,,,,,,,,,,,,
2018-09-13,11:12:00,SEM VÍTIMA,FINALIZADA,SANTO AMARO,AV NORTE,,,SEMAFORO 097 / SENT SUB,AV NORTE,,SEMAFORO 097 / SENT SUB,SANTO AMARO,,,COLISÃO,DOIS AUTOS // PONTO FIXO DUVALE NO QTH,2,,,,,,,,,0,,,,,,,,,,,,,,
2018-09-13,11:21:00,SEM VÍTIMA,FINALIZADA,CAMPO GRANDE,1TR MARQUES DE BAIPENDI,364,,E/F A UNIÃO BEBIDAS,1TR MARQUES DE BAIPENDI,364,E/F A UNIÃO BEBIDAS,CAMPO GRANDE,,,COLISÃO,SEM VÍTIMAS,1,,,,,1,,,,0,,,,,,,,,,,,,,
2018-09-13,11:47:00,SEM VÍTIMA,FINALIZADA,BOA VIAGEM,AV ENGENHEIRO DOMINGOS FERREIRA,107,RUA BRUNO VELOSO,CRUZAMENTO COM A RUA BRUNO VELOSO SENTIDO BOA VIAGEM // ENF AO LAÇA BURGUE,AV ENGENHEIRO DOMINGOS FERREIRA,107,CRUZAMENTO COM A RUA BRUNO VELOSO SENTIDO BOA VIAGEM // ENF AO LAÇA BURGUE,BOA VIAGEM,,,COLISÃO,4 AUTOS,4,,,,,,,,,0,,,,,,,,,,,,,,
2018-09-13,13:02:00,SEM VÍTIMA,FINALIZADA,BARRO,AV DR JOSE RUFINO,2916,,E/F AO COLEGIO ALBERTO TORRES,AV DR JOSE RUFINO,2916,E/F AO COLEGIO ALBERTO TORRES,BARRO,,,COLISÃO,COLISAO ENTRE ONIBUS E AUTO S/V,1,,,,,1,,,,0,,,,,,,,,,,,,,
2018-09-13,13:20:00,SEM VÍTIMA,FINALIZADA,CAXANGÁ,AV CAXANGA,1018,,ENF A LOCALIZA SENTIDO CAMARAGIBE,AV CAXANGA,1018,ENF A LOCALIZA SENTIDO CAMARAGIBE,CAXANGÁ,,,COLISÃO,DOIS AUTOS OBS::: VT 17 DA CTTU ESTA NO LOCAL,2,,,,,,,,,0,,,,,,,,,,,,,,
2018-09-13,13:32:00,SEM VÍTIMA,FINALIZADA,SAN MARTIN,AV GENERAL SAN MARTIN,,,E/F AOS CORREIOS,AV GENERAL SAN MARTIN,,E/F AOS CORREIOS,SAN MARTIN,,,COLISÃO,COLISAO ENTRE TRES AUTOS S/V,3,,,,,,,,,0,,,,,,,,,,,,,,