data,hora,natureza_acidente,situacao,bairro,endereco,numero,detalhe_endereco_acidente,complemento,endereco_cruzamento,numero_cruzamento,referencia_cruzamento,bairro_cruzamento,num_semaforo,sentido_via,tipo,descricao,auto,moto,ciclom,ciclista,pedestre,onibus,caminhao,viatura,outros,vitimas,vitimasfatais,acidente_verificado,tempo_clima,situacao_semaforo,sinalizacao,condicao_via,conservacao_via,ponto_controle,situacao_placa,velocidade_max_via,mao_direcao,divisao_via1,divisao_via2,divisao_via3
2018-09-19,09:20:00,COM VÍTIMA,CANCELADA,CASA AMARELA,RUA SEMPRE VIVA,146,,RUA DA CAIXA ECONOMICA DE CASA AMARELA,RUA SEMPRE VIVA,146,RUA DA CAIXA ECONOMICA DE CASA AMARELA,CASA AMARELA,,,COLISÃO COM CICLISTA,COM UMA VITIMA JÁ SOCORRIDA,1,,,1,,,,,,1,,,,,,,,,,,,,,
2018-09-19,10:27:00,SEM VÍTIMA,FINALIZADA,TEJIPIÓ,RUA ITANHENGA,53,,AO LADO DA DELEGACIA DE CAPTURAS,RUA ITANHENGA,53,AO LADO DA DELEGACIA DE CAPTURAS,TEJIPIÓ,,,COLISÃO,SEM VITIMAS,1,1,,,,,,,,0,,,,,,,,,,,,,,
2018-09-19,11:01:00,SEM VÍTIMA,FINALIZADA,BAIRRO DO RECIFE,CAIS DO APOLO,,,EM FRENTE A PREFEITURA / SEMAFORO 436,CAIS DO APOLO,,EM FRENTE A PREFEITURA / SEMAFORO 436,BAIRRO DO RECIFE,,,COLISÃO,DOIS AUTOS,2,,,,,,,,,0,,,,,,,,,,,,,,
2018-09-19,12:04:00,SEM VÍTIMA,CANCELADA,SANTO AMARO,RUA FREI CASSIMIRO,,,NA FRENTE DA DELEGACIA,RUA FREI CASSIMIRO,,NA FRENTE DA DELEGACIA,SANTO AMARO,,,COLISÃO,COLISÃO SEM VITIMA,2,,,,,,,,,0,,,,,,,,,,,,,,
2018-09-19,12:13:00,COM VÍTIMA,FINALIZADA,PINA,AVENIDA CELSO FURTADO (VIA MANGUE),,,NA VIA MANGUE S/T BOA VIAGEM,AVENIDA CELSO FURTADO (VIA MANGUE),,NA VIA MANGUE S/T BOA VIAGEM,PINA,,,COLISÃO,COLISAO ENTRE DOIS AUTOS S/V,1,1,,,,,,,,1,,,,,,,,,,,,,,
2018-09-19,13:15:00,SEM VÍTIMA,FINALIZADA,ENCRUZILHADA,AV NORTE,,,EM FRENTE AO EXTRABOM  SENTIDO SUB/CID,AV NORTE,,EM FRENTE AO EXTRABOM  SENTIDO SUB/CID,ENCRUZILHADA,,,COLISÃO,CAMINHAO E ONIBUS ,,,,,,1,1,,,0,,,,,,,,,,,,,,
2018-09-19,13:19:00,SEM VÍTIMA,FINALIZADA,PINA,AV ANTONIO DE GOES,,,APOS O JCP  NA FRENTE DA SUL ANERICA,AV ANTONIO DE GOES,,APOS O JCP  NA FRENTE DA SUL ANERICA,PINA,,,COLISÃO,COLISÃO SEM VITIMA,2,,,,,,,,,0,,,,,,,,,,,,,,
2018-09-19,14:04:00,COM VÍTIMA,FINALIZADA,MACAXEIRA,AV NORTE,,,FINAL DA AVENIDA NORTE  A 300METROS DA BR 101,AV NORTE,,FINAL DA AVENIDA NORTE  A 300METROS DA BR 101,MACAXEIRA,,,COLISÃO,COLISÃO COM VITIMA,1,1,,,,,,,,1,,,,,,,,,,,,,,
2018-09-19,14:17:00,SEM VÍTIMA,FINALIZADA,CIDADE UNIVERSITÁRIA,RUA ACADEMICO HELIO RAMOS,,,E/F AGRE RECIFE SUL,RUA ACADEMICO HELIO RAMOS,,E/F AGRE RECIFE SUL,CIDADE UNIVERSITÁRIA,,,COLISÃO,COLISAO ENTRE ONIBUS E AUTO S/V,1,,,,,1,,,,0,,,,,,,,,,,,,,
2018-09-19,14:22:00,SEM VÍTIMA,FINALIZADA,ESTÂNCIA,AV RECIFE,5536,,EM FRENTE A SN DISTRIBUIDORA  AO LADO DO POSTO BR  SENTIDO SUB.,AV RECIFE,5536,EM FRENTE A SN DISTRIBUIDORA  AO LADO DO POSTO BR  SENTIDO SUB.,ESTÂNCIA,,,COLISÃO,AUTO E CAMINHAO,1,,,,,,1,,,0,,,,,,,,,,,,,,
2018-09-19,14:53:00,SEM VÍTIMA,FINALIZADA,SANTO AMARO,AV CRUZ CABUGA,,,AO LADO DA PRAÇA NA ENTRADA DO HOSPITAL DO CANCER,AV CRUZ CABUGA,,AO LADO DA PRAÇA NA ENTRADA DO HOSPITAL DO CANCER,SANTO AMARO,,,COLISÃO,COLISAO ENTRE VT DA POLICIA E AUTO S/V,2,,,,,,,,,0,,,,,,,,,,,,,,
2018-09-19,15:04:00,SEM VÍTIMA,FINALIZADA,MACAXEIRA,RUA MARIA CANDIDA,,,AO LADO DA ANTIGA INTEGRAÇAO DA MACAXEIRA,RUA MARIA CANDIDA,,AO LADO DA ANTIGA INTEGRAÇAO DA MACAXEIRA,MACAXEIRA,,,COLISÃO,COLISAO ENTRE DOIS AUTOS S/V,2,,,,,,,,,0,,,,,,,,,,,,,,
2018-09-19,15:21:00,SEM VÍTIMA,FINALIZADA,DERBY,AV GOVERNADOR AGAMENON MAGALHAES,,RUA HENRIQUE DIAS,COM RUA HENRIQUE DIAS NO SEMAFORO 068 GM SADRAQUE NO LOCAL,AV GOVERNADOR AGAMENON MAGALHAES,,COM RUA HENRIQUE DIAS NO SEMAFORO 068 GM SADRAQUE NO LOCAL,DERBY,,,COLISÃO,COLISAO ENTRE DOIS AUTOS S/V,2,,,,,,,,,0,,,,,,,,,,,,,,
2018-09-19,15:39:00,SEM VÍTIMA,FINALIZADA,PRADO,RUA GOMES TABORDA,,,CORREIOS DA ABDIAS / NO SEMAFORO 067,RUA GOMES TABORDA,,CORREIOS DA ABDIAS / NO SEMAFORO 067,PRADO,,,COLISÃO,COLISÃO SEM VITIMA,1,,,,,1,,,,0,,,,,,,,,,,,,,
2018-09-19,16:05:00,VÍTIMA FATAL,FINALIZADA,VÁRZEA,AV CAXANGA,S/N,,EM FRENTE AO CAXANGÁ GOLFE CLUBE,AV CAXANGA,S/N,EM FRENTE AO CAXANGÁ GOLFE CLUBE,VÁRZEA,,,COLISÃO,COLISÃO ENTRE DUAS MOTOS. COM DUAS VÍTIMAS SENDO UMA FATAL.,,2,,,,,,,,1,1,,,,,,,,,,,,,
2018-09-19,16:11:00,SEM VÍTIMA,FINALIZADA,IMBIRIBEIRA,AV MARECHAL MASCARENHAS DE MORAES,6133,,EM FRENTE A FOCO ALUGUEL DE CARROS  SENTIDO RECIFE,AV MARECHAL MASCARENHAS DE MORAES,6133,EM FRENTE A FOCO ALUGUEL DE CARROS  SENTIDO RECIFE,IMBIRIBEIRA,,,COLISÃO,AUTO E MOTO,1,1,,,,,,,,0,,,,,,,,,,,,,,
2018-09-19,16:42:00,SEM VÍTIMA,FINALIZADA,AREIAS,AV DR JOSE RUFINO,1384,,EM FRENTE AO BRADESCO  SENTIDO BARRO,AV DR JOSE RUFINO,1384,EM FRENTE AO BRADESCO  SENTIDO BARRO,AREIAS,,,COLISÃO,DOIS AUTOS S/V,2,,,,,,,,,0,,,,,,,,,,,,,,
2018-09-19,16:50:00,SEM VÍTIMA,FINALIZADA,IMBIRIBEIRA,RUA OLIVIA MENELAU,245,,APOS O COLEGIO PINHEIROS AO LADO DO LAVAJATO PRIME CAR,RUA OLIVIA MENELAU,245,APOS O COLEGIO PINHEIROS AO LADO DO LAVAJATO PRIME CAR,IMBIRIBEIRA,,,COLISÃO,COLISAO ENTRE DOS AUTOS S/V,2,,,,,,,,,0,,,,,,,,,,,,,,
2018-09-19,16:55:00,SEM VÍTIMA,FINALIZADA,DERBY,AV GOVERNADOR AGAMENON MAGALHAES,,,E/F AO RESTAURANTE SPETTUS S/T BOA VIAGEM,AV GOVERNADOR AGAMENON MAGALHAES,,E/F AO RESTAURANTE SPETTUS S/T BOA VIAGEM,DERBY,,,COLISÃO,COLISAO ENTRE ONIBUS E AUTO S/V,1,,,,,1,,,,0,,,,,,,,,,,,,,
2018-09-19,17:39:00,COM VÍTIMA,FINALIZADA,SANTO AMARO,AV MARIO MELO,,RUA DA AURORA,E/F A ESCOLA DO TRIBUNAL DE CONTAS / SEMÁFORO 090 - CRUZ COM A R DA AURORA,AV MARIO MELO,,E/F A ESCOLA DO TRIBUNAL DE CONTAS / SEMÁFORO 090 - CRUZ COM A R DA AURORA,SANTO AMARO,,,ATROPELAMENTO,MOTO X PEDESTRE . C/V,,1,,,1,,,,,1,,,,,,,,,,,,,,
2018-09-19,17:43:00,COM VÍTIMA,FINALIZADA,GRAÇAS,RUA DA HORA,,RUA BARAO DE ITAMARACA,EM FRENTE AO ESPAÇO 285 SALÃO DE BELEZA (RUA DA HORA COM RUA BARÃO DE ITAMARACÁ),RUA DA HORA,,EM FRENTE AO ESPAÇO 285 SALÃO DE BELEZA (RUA DA HORA COM RUA BARÃO DE ITAMARACÁ),GRAÇAS,,,COLISÃO,CARRO E MOTO,1,1,,,,,,,,1,,,,,,,,,,,,,,
2018-09-19,17:51:00,SEM VÍTIMA,FINALIZADA,ALTO SANTA TERESINHA,AV ANIBAL BENEVOLO,1014,,E/F A COQUEIRAL FRIOS / PRÓX A MERCADO SUPERBOM,AV ANIBAL BENEVOLO,1014,E/F A COQUEIRAL FRIOS / PRÓX A MERCADO SUPERBOM,ALTO SANTA TERESINHA,,,COLISÃO,ENTRE ÕNIBUS E VAN ESCOLAR. S/V,1,,,,,1,,,,0,,,,,,,,,,,,,,
2018-09-19,18:09:00,SEM VÍTIMA,FINALIZADA,MADALENA,RUA BENFICA,,,ENF AO POSTO DE GASOLINA BR // PROX A RUA ARLINDO GOUVEIA,RUA BENFICA,,ENF AO POSTO DE GASOLINA BR // PROX A RUA ARLINDO GOUVEIA,MADALENA,,,COLISÃO,ONIBUS X AUTO,1,,,,,1,,,,0,,,,,,,,,,,,,,
2018-09-19,18:12:00,SEM VÍTIMA,CANCELADA,MADALENA,RUA BENFICA,,,E/F AO POSTO BR E AO CLUBE INTERNACIONAL,RUA BENFICA,,E/F AO POSTO BR E AO CLUBE INTERNACIONAL,MADALENA,,,COLISÃO,ENTRE 2 AUTOS. S/V,2,,,,,,,,,0,,,,,,,,,,,,,,
2018-09-19,18:34:00,SEM VÍTIMA,FINALIZADA,BOA VIAGEM,RUA CAPITAO ZUZINHA,152,RUA DONA UZINHA NUNES,ENF A COMIDA CHINESA CHING LING // CRUZAMENTO COM A RUA DONA UZINHA NUNES,RUA CAPITAO ZUZINHA,152,ENF A COMIDA CHINESA CHING LING // CRUZAMENTO COM A RUA DONA UZINHA NUNES,BOA VIAGEM,,,COLISÃO,ONIX X JAC T6,2,,,,,,,,,0,,,,,,,,,,,,,,
2018-09-19,18:40:00,SEM VÍTIMA,CANCELADA,AREIAS,AV RECIFE,,,E/F AO POSTO TOTAL / AO LADO DO HOTEL ESTORIL / SNT BV,AV RECIFE,,E/F AO POSTO TOTAL / AO LADO DO HOTEL ESTORIL / SNT BV,AREIAS,,,ENGAVETAMENTO,ENTRE 3 AUTOS ( UM DOS ENVOLVIDOS SE EVADIU DO LOCAL,3,,,,,,,,,0,,,,,,,,,,,,,,
2018-09-19,19:18:00,SEM VÍTIMA,FINALIZADA,BOA VISTA,AV CONDE DA BOA VISTA,385,,ENFR AO ATACADO DOS PRESENTES SENTIDO DERBY,AV CONDE DA BOA VISTA,385,ENFR AO ATACADO DOS PRESENTES SENTIDO DERBY,BOA VISTA,,,COLISÃO,BRT X MICRO-ONIBUS,,,,,,2,,,,0,,,,,,,,,,,,,,
2018-09-19,19:47:00,SEM VÍTIMA,FINALIZADA,IMBIRIBEIRA,AV MARECHAL MASCARENHAS DE MORAES,,,AO LADO DA BASE AÉREA / E/F A ERAMICA E CIA / PRÓX A DIAMANOR  SNT PRAZERES,AV MARECHAL MASCARENHAS DE MORAES,,AO LADO DA BASE AÉREA / E/F A ERAMICA E CIA / PRÓX A DIAMANOR  SNT PRAZERES,IMBIRIBEIRA,,,COLISÃO,ENTRE ÔNIBUS E AUTO. S/V,1,,,,,1,,,,0,,,,,,,,,,,,,,
2018-09-19,20:32:00,SEM VÍTIMA,FINALIZADA,JIQUIÁ,RUA ANTONIO FIGUEIREDO,378,,PROX AO CRUZAMENTO DA AV DR JOSE RUFINO // PROX AO COLEGIO DECISAO,RUA ANTONIO FIGUEIREDO,378,PROX AO CRUZAMENTO DA AV DR JOSE RUFINO // PROX AO COLEGIO DECISAO,JIQUIÁ,,,COLISÃO,MOTO XRE 300 X PRISMA PRETO,1,1,,,,,,,,0,,,,,,,,,,,,,,
2018-09-19,21:05:00,SEM VÍTIMA,FINALIZADA,ALTO SANTA TERESINHA,RUA TAMBOARA,622,,NA METADE DA LADEIRA SEGUNDA PARADA DE ONIBUS,RUA TAMBOARA,622,NA METADE DA LADEIRA SEGUNDA PARADA DE ONIBUS,ALTO SANTA TERESINHA,,,COLISÃO,ONIBUS X ONIX,1,,,,,1,,,,0,,,,,,,,,,,,,,
2018-09-19,21:14:00,SEM VÍTIMA,FINALIZADA,BOA VIAGEM,RUA PADRE BERNADINO PESSOA,,RUA FRANCISCO DA CUNHA,PROXIMO AO CRUZAMENTO COM A RUA FRANCISCO DA CUNHA,RUA PADRE BERNADINO PESSOA,,PROXIMO AO CRUZAMENTO COM A RUA FRANCISCO DA CUNHA,BOA VIAGEM,,,COLISÃO,COLISÃO VIATURA CTTU X AUTO PASSEIO S/VITIMA,1,,,,,,,1,,0,,,,,,,,,,,,,,
2018-09-20,05:49:00,SEM VÍTIMA,FINALIZADA,NOVA DESCOBERTA,AV VEREADOR OTACILIO AZEVEDO,4557,,AO LADO DE JAIRO MOTO PEÇAS SENT/NOVA DESCOBERTA,AV VEREADOR OTACILIO AZEVEDO,4557,AO LADO DE JAIRO MOTO PEÇAS SENT/NOVA DESCOBERTA,NOVA DESCOBERTA,,,COLISÃO,SEM VITIMAS,1,,,,,1,,,,0,,,,,,,,,,,,,,
2018-09-20,07:26:00,SEM VÍTIMA,FINALIZADA,TORRE,RUA PADRE ANCHIETA,,RUA AGUAS BELAS,CRUZ COM A RUA AGUAS BELAS AO LADO DA PADARIA MASSA NOBRE,RUA PADRE ANCHIETA,,CRUZ COM A RUA AGUAS BELAS AO LADO DA PADARIA MASSA NOBRE,TORRE,,,COLISÃO,COLISÃO SEM VITIMAS,1,,,,,1,,,,0,,,,,,,,,,,,,,
2018-09-20,07:50:00,SEM VÍTIMA,FINALIZADA,GRAÇAS,RUA SOUZA DE ANDRADE,,,EM FRENTE AO EDIFICIO VILLAGE DA FONTE,RUA SOUZA DE ANDRADE,,EM FRENTE AO EDIFICIO VILLAGE DA FONTE,GRAÇAS,,,COLISÃO,COLISÃO SEM VITIMAS,2,,,,,,,,,0,,,,,,,,,,,,,,
2018-09-20,07:59:00,SEM VÍTIMA,CANCELADA,MANGUEIRA,AV DR JOSE RUFINO,1758,,EM FRENTE AO ATACAREJO SENT/AFOGADOS,AV DR JOSE RUFINO,1758,EM FRENTE AO ATACAREJO SENT/AFOGADOS,MANGUEIRA,,,COLISÃO,SEM VITIMAS,2,,,,,,,,,0,,,,,,,,,,,,,,
2018-09-20,08:08:00,SEM VÍTIMA,CANCELADA,AFOGADOS,AV SUL,2282,,EM FRENTE A ESTAÇÃO DE METRO LARGO DA PAZ,AV SUL,2282,EM FRENTE A ESTAÇÃO DE METRO LARGO DA PAZ,AFOGADOS,,,COLISÃO,SEM VITIMAS,2,,,,,,,,,0,,,,,,,,,,,,,,
2018-09-20,09:26:00,COM VÍTIMA,FINALIZADA,NOVA DESCOBERTA,AV VEREADOR OTACILIO AZEVEDO,,,EM FRENTE A UPA DE NOVA DESCOBERTA,AV VEREADOR OTACILIO AZEVEDO,,EM FRENTE A UPA DE NOVA DESCOBERTA,NOVA DESCOBERTA,,,COLISÃO COM CICLISTA,COLISÃO COM VITIMA A ESPERA DO SAMU,,,,1,,1,,,,1,,,,,,,,,,,,,,
2018-09-20,09:29:00,SEM VÍTIMA,FINALIZADA,CASA FORTE,RUA JERONIMO DE ALBUQUERQUE,635,,E/F A ACADEMIA TOP FIT,RUA JERONIMO DE ALBUQUERQUE,635,E/F A ACADEMIA TOP FIT,CASA FORTE,,,COLISÃO,SEM VÍTIMAS,2,,,,,,,,,0,,,,,,,,,,,,,,
2018-09-20,09:38:00,SEM VÍTIMA,FINALIZADA,MADALENA,AV JOSE GONCALVES DE MEDEIROS,,,E/F AO EXTRA  SENTIDO CIDADE.,AV JOSE GONCALVES DE MEDEIROS,,E/F AO EXTRA  SENTIDO CIDADE.,MADALENA,,,COLISÃO,SEM VÍTIMAS,2,,,,,,,,,0,,,,,,,,,,,,,,
2018-09-20,10:11:00,SEM VÍTIMA,FINALIZADA,BOA VIAGEM,AV VINTE DE JANEIRO,,,AO LADO DA CAIXA ECONOMICA NA ENTRADA DA INTEGRAÇÃO AEROPORTO,AV VINTE DE JANEIRO,,AO LADO DA CAIXA ECONOMICA NA ENTRADA DA INTEGRAÇÃO AEROPORTO,BOA VIAGEM,,,COLISÃO,COLISÃO SEM VITIMAS,1,,,,,1,,,,0,,,,,,,,,,,,,,
2018-09-20,10:40:00,SEM VÍTIMA,FINALIZADA,DERBY,AV GOVERNADOR AGAMENON MAGALHAES,,,SEMÁFORO 173  E/F AO TRE  SENTIDO BOA VIAGEM,AV GOVERNADOR AGAMENON MAGALHAES,,SEMÁFORO 173  E/F AO TRE  SENTIDO BOA VIAGEM,DERBY,,,COLISÃO,SEM VÍTIMAS. BATEDORES NO LOCAL,2,,,,,,,,,0,,,,,,,,,,,,,,
2018-09-20,10:55:00,SEM VÍTIMA,CANCELADA,PINA,AV ANTONIO DE GOES,195,,E/F AO MICHELIN LOJA DE PNEU.,AV ANTONIO DE GOES,195,E/F AO MICHELIN LOJA DE PNEU.,PINA,,,COLISÃO,SEM VÍTIMAS. GM NO LOCAL,2,,,,,,,,,0,,,,,,,,,,,,,,
2018-09-20,11:37:00,COM VÍTIMA,FINALIZADA,ESTÂNCIA,AV DR JOSE RUFINO,539,,EM FRENTE A GALERIA MARGARIDA,AV DR JOSE RUFINO,539,EM FRENTE A GALERIA MARGARIDA,ESTÂNCIA,,,COLISÃO,MOTO E AUTO,1,1,,,,,,,,1,,,,,,,,,,,,,,
2018-09-20,12:22:00,COM VÍTIMA,FINALIZADA,CAXANGÁ,AV CAXANGA,,,PROX. AO CARTORIO DA VARZEA,AV CAXANGA,,PROX. AO CARTORIO DA VARZEA,CAXANGÁ,,,COLISÃO,AUTO E MOTO VT-24 NO LOCAL GM,1,1,,,,,,,,1,,,,,,,,,,,,,,
2018-09-20,12:29:00,SEM VÍTIMA,CANCELADA,VÁRZEA,AV AFONSO OLINDENSE,,AV CAXANGA,COM AV CAXANGA  SEMAFORO 568,AV AFONSO OLINDENSE,,COM AV CAXANGA  SEMAFORO 568,VÁRZEA,,,COLISÃO,DOIS AUTO E MOTO,2,1,,,,,,,,0,,,,,,,,,,,,,,
2018-09-20,12:40:00,COM VÍTIMA,FINALIZADA,JORDÃO,AV MARIA IRENE,,,EM FRENTE AO SINDACTA,AV MARIA IRENE,,EM FRENTE AO SINDACTA,JORDÃO,,,COLISÃO,,,,,,,,,,,1,,,,,,,,,,,,,,
2018-09-20,13:01:00,SEM VÍTIMA,FINALIZADA,MACAXEIRA,AV NORTE,,,EM FRENTE A INTEGRAÇÃO DA MACAXEIRA,AV NORTE,,EM FRENTE A INTEGRAÇÃO DA MACAXEIRA,MACAXEIRA,,,COLISÃO,ONIBUS E AUTO,1,,,,,1,,,,0,,,,,,,,,,,,,,
2018-09-20,13:06:00,COM VÍTIMA,FINALIZADA,SÃO JOSÉ,RUA IMPERIAL,,,EM FRENTE PERNAMBUCO ALUMINIO,RUA IMPERIAL,,EM FRENTE PERNAMBUCO ALUMINIO,SÃO JOSÉ,,,CHOQUE,MOTO E POSTE,,,,,,,,,,1,,,,,,,,,,,,,,
2018-09-20,13:53:00,SEM VÍTIMA,FINALIZADA,BOA VISTA,RUA DA CONCEICAO,,,EM FRENTE AO COLÉGIO BANDEIRA,RUA DA CONCEICAO,,EM FRENTE AO COLÉGIO BANDEIRA,BOA VISTA,,,ATROPELAMENTO,GM ONIX 1.0,1,,,,1,,,,,0,,,,,,,,,,,,,,
2018-09-20,14:07:00,SEM VÍTIMA,FINALIZADA,BOA VIAGEM,RUA ERNESTO DE PAULA SANTOS,525,,EM FRENTE AO POSTO SHELL,RUA ERNESTO DE PAULA SANTOS,525,EM FRENTE AO POSTO SHELL,BOA VIAGEM,,,COLISÃO,COLISÃO SEM VÍTIMA,2,,,,,,,,,0,,,,,,,,,,,,,,
2018-09-20,14:27:00,SEM VÍTIMA,FINALIZADA,IMBIRIBEIRA,AV MARECHAL MASCARENHAS DE MORAES,4052,,EM FRENTE AO SHOPPING DO AUTOMOVEL  SENTIDO RECIFE,AV MARECHAL MASCARENHAS DE MORAES,4052,EM FRENTE AO SHOPPING DO AUTOMOVEL  SENTIDO RECIFE,IMBIRIBEIRA,,,COLISÃO,AUTO E CAMINHAO,1,,,,,,1,,,0,,,,,,,,,,,,,,
2018-09-20,14:53:00,SEM VÍTIMA,FINALIZADA,BARRO,AV DR JOSE RUFINO,2278,,E/F A IGREJA DO BARRO,AV DR JOSE RUFINO,2278,E/F A IGREJA DO BARRO,BARRO,,,COLISÃO,COLISAO ENTRE DOIS AUTOS S/V,2,,,,,,,,,0,,,,,,,,,,,,,,
2018-09-20,15:00:00,SEM VÍTIMA,FINALIZADA,SÃO JOSÉ,AV SUL,1374,,EM FRENTE A PORTELA INDUSTRIA,AV SUL,1374,EM FRENTE A PORTELA INDUSTRIA,SÃO JOSÉ,,,COLISÃO,COLISÃO SEM VÍTIMA,2,,,,,,,,,0,,,,,,,,,,,,,,
2018-09-20,15:00:00,SEM VÍTIMA,FINALIZADA,CABANGA,PTE GOVERNADOR PAULO GUERRA,,,E/F A COMPESA S/T RIOMAR,PTE GOVERNADOR PAULO GUERRA,,E/F A COMPESA S/T RIOMAR,CABANGA,,,COLISÃO,COLISAO ENTRE DOIS AUTOS S/V,2,,,,,,,,,0,,,,,,,,,,,,,,
2018-09-20,15:06:00,SEM VÍTIMA,FINALIZADA,ESPINHEIRO,AV JOAO DE BARROS,1187,,EM FRENTE AO ESPAÇO VIE,AV JOAO DE BARROS,1187,EM FRENTE AO ESPAÇO VIE,ESPINHEIRO,,,COLISÃO,COLISÃO SEM VÍTIMA,2,,,,,,,,,0,,,,,,,,,,,,,,
2018-09-20,15:52:00,SEM VÍTIMA,FINALIZADA,AFLITOS,AV CONS ROSA E SILVA,,,500 METROS DO SEMAFORO ANTES DO NAUTICO,AV CONS ROSA E SILVA,,500 METROS DO SEMAFORO ANTES DO NAUTICO,AFLITOS,,,COLISÃO,DOIS AUTOS,2,,,,,,,,,0,,,,,,,,,,,,,,
2018-09-20,16:11:00,SEM VÍTIMA,FINALIZADA,AFOGADOS,LARGO DA PAZ,230,,E/F A CAIXA ECONOMICA,LARGO DA PAZ,230,E/F A CAIXA ECONOMICA,AFOGADOS,,,COLISÃO,COLISAO ENTRE CAMINHAO E AUTO S/V,2,,,,,,,,,0,,,,,,,,,,,,,,
2018-09-20,16:24:00,SEM VÍTIMA,FINALIZADA,MACAXEIRA,AV NORTE,,,E/F A ESCOLA MUNICIPAL NADIR COLAÇO LADO OPOSTO  S/T CENTRO,AV NORTE,,E/F A ESCOLA MUNICIPAL NADIR COLAÇO LADO OPOSTO  S/T CENTRO,MACAXEIRA,,,COLISÃO,COLISAO ENTRE AUTO E CINQUENTINHA S/V,1,,1,,,,,,,0,,,,,,,,,,,,,,
2018-09-20,16:28:00,SEM VÍTIMA,FINALIZADA,DERBY,AV GOVERNADOR AGAMENON MAGALHAES,,,EM FRENTE A WIZARD,AV GOVERNADOR AGAMENON MAGALHAES,,EM FRENTE A WIZARD,DERBY,,,COLISÃO,COLISAO ENVOLVENDO DOIS AUTOS SEM VITIMA,2,,,,,,,,,0,,,,,,,,,,,,,,
2018-09-20,16:27:00,SEM VÍTIMA,FINALIZADA,IMBIRIBEIRA,AV MARECHAL MASCARENHAS DE MORAES,4555,,EM FRENTE A TOYOLEX  SENT. AEROPORTO,AV MARECHAL MASCARENHAS DE MORAES,4555,EM FRENTE A TOYOLEX  SENT. AEROPORTO,IMBIRIBEIRA,,,COLISÃO,DOIS AUTOS,2,,,,,,,,,0,,,,,,,,,,,,,,
2018-09-20,16:32:00,SEM VÍTIMA,FINALIZADA,CORDEIRO,EST DO FORTE DO ARRAIAL N. DO B. JESUS,657,,EM A HDR VITAL,EST DO FORTE DO ARRAIAL N. DO B. JESUS,657,EM A HDR VITAL,CORDEIRO,,,COLISÃO,DOIS AUTOS,2,,,,,,,,,0,,,,,,,,,,,,,,
2018-09-20,17:07:00,SEM VÍTIMA,FINALIZADA,MADALENA,RUA DR SEVERINO PINHEIRO,52,,APOS A PONTE ESTACIO COIMBRA,RUA DR SEVERINO PINHEIRO,52,APOS A PONTE ESTACIO COIMBRA,MADALENA,,,COLISÃO,TRES AUTOS,3,,,,,,,,,0,,,,,,,,,,,,,,
2018-09-20,17:25:00,COM VÍTIMA,FINALIZADA,CASA FORTE,AV DEZESSETE DE AGOSTO,,,AO LADO DO MUSEU DO HOMEM DO NORDESTE PROX A PAGUE MENOS,AV DEZESSETE DE AGOSTO,,AO LADO DO MUSEU DO HOMEM DO NORDESTE PROX A PAGUE MENOS,CASA FORTE,,,COLISÃO,COLISAO ENTRE MOTO E AUTO S/V,1,1,,,,,,,,1,,,,,,,,,,,,,,
2018-09-20,17:52:00,SEM VÍTIMA,FINALIZADA,BOA VIAGEM,AV BOA VIAGEM,5426,,EM FRENTE AO HOTEL ATLANTI PLAZA,AV BOA VIAGEM,5426,EM FRENTE AO HOTEL ATLANTI PLAZA,BOA VIAGEM,,,COLISÃO,TRÊS VEÍCULOS - NISSAN LIVINA   RENAUKTO TANGO   FIAT PUNTO,3,,,,,,,,,0,,,,,,,,,,,,,,
2018-09-20,18:44:00,SEM VÍTIMA,FINALIZADA,SÃO JOSÉ,RUA IMPERIAL,,,PRÓX AO QUARTEL E CABANGA / E/F A LOJA PORTELLA,RUA IMPERIAL,,PRÓX AO QUARTEL E CABANGA / E/F A LOJA PORTELLA,SÃO JOSÉ,,,COLISÃO,ENTRE AUTO E CARRETA. S/V,1,,,,,,1,,,0,,,,,,,,,,,,,,
2018-09-20,19:14:00,SEM VÍTIMA,FINALIZADA,SÃO JOSÉ,RUA DA CONCORDIA,874,RUA DO PEIXOTO,E/F AO CAMPOS FRIO / DE ESQUINA COM A R DO PEIXOTO,RUA DA CONCORDIA,874,E/F AO CAMPOS FRIO / DE ESQUINA COM A R DO PEIXOTO,SÃO JOSÉ,,,COLISÃO,ENTRE AUTO PASSEIO E ÕNIBUS. S/V,1,,,,,1,,,,0,,,,,,,,,,,,,,
2018-09-20,20:10:00,SEM VÍTIMA,FINALIZADA,CORDEIRO,RUA DR MIGUEL VIEIRA FERREIRA,,,SEMÁFORO 541,RUA DR MIGUEL VIEIRA FERREIRA,,SEMÁFORO 541,CORDEIRO,,,COLISÃO,ENTRE 2 AUTOS.S/V,2,,,,,,,,,0,,,,,,,,,,,,,,
2018-09-20,20:24:00,COM VÍTIMA,FINALIZADA,SAN MARTIN,AV GENERAL SAN MARTIN,,,PRÓX A CAVALARIA / ENTRE A R JOSÉ VELOSO / E/F A DOCE SABOR PADARIA,AV GENERAL SAN MARTIN,,PRÓX A CAVALARIA / ENTRE A R JOSÉ VELOSO / E/F A DOCE SABOR PADARIA,SAN MARTIN,,,COLISÃO,ENTRE 2 MOTOS. C/V,,2,,,,,,,,1,,,,,,,,,,,,,,
2018-09-20,20:49:00,SEM VÍTIMA,CANCELADA,CASA AMARELA,AV NORTE,,,NA FRENTE DA FARMACIA PAGUE MENOS  SENTIDO MACAXEIRA,AV NORTE,,NA FRENTE DA FARMACIA PAGUE MENOS  SENTIDO MACAXEIRA,CASA AMARELA,,,COLISÃO,COLISÃO SEM VÍTIMAS,2,,,,,,,,,0,,,,,,,,,,,,,,