data,hora,natureza_acidente,situacao,bairro,endereco,numero,detalhe_endereco_acidente,complemento,endereco_cruzamento,numero_cruzamento,referencia_cruzamento,bairro_cruzamento,num_semaforo,sentido_via,tipo,descricao,auto,moto,ciclom,ciclista,pedestre,onibus,caminhao,viatura,outros,vitimas,vitimasfatais,acidente_verificado,tempo_clima,situacao_semaforo,sinalizacao,condicao_via,conservacao_via,ponto_controle,situacao_placa,velocidade_max_via,mao_direcao,divisao_via1,divisao_via2,divisao_via3
2018-09-22,12:42:00,SEM VÍTIMA,FINALIZADA,PINA,RUA PAULO MAFRA,,,EM FRENTE AO COLEGIO SOLANO MAGALHAES,RUA PAULO MAFRA,,EM FRENTE AO COLEGIO SOLANO MAGALHAES,PINA,,,COLISÃO,CAMINHAO E AUTO,1,,,,,,1,,,0,,,,,,,,,,,,,,
2018-09-22,12:52:00,SEM VÍTIMA,FINALIZADA,SÃO JOSÉ,AV SUL,,,AO LADO DO FORTE DAS CINCO PONTAS  E EMBAIXO DO VIADUTO DO RETORNO DAS CINCO PONTAS SENT/CAIS DE SANTA RITA,AV SUL,,AO LADO DO FORTE DAS CINCO PONTAS  E EMBAIXO DO VIADUTO DO RETORNO DAS CINCO PONTAS SENT/CAIS DE SANTA RITA,SÃO JOSÉ,,,COLISÃO,COLISÃO SEM VITIMAS,1,,,,,,1,,,0,,,,,,,,,,,,,,
2018-09-22,13:06:00,COM VÍTIMA,FINALIZADA,GRAÇAS,RUA JOAQUIM NABUCO,,,AO LADO DO HOSPITAL DA RESTAURACAO,RUA JOAQUIM NABUCO,,AO LADO DO HOSPITAL DA RESTAURACAO,GRAÇAS,,,ATROPELAMENTO,ATROPELAMENTO DE DEFICIENTE FÍSICO,1,,,,1,,,,,1,,,,,,,,,,,,,,
2018-09-22,13:41:00,SEM VÍTIMA,CANCELADA,DERBY,RUA BENFICA,,,EM FRENTE AO POSTO BR SENT/CIDADE SUBURBIO,RUA BENFICA,,EM FRENTE AO POSTO BR SENT/CIDADE SUBURBIO,DERBY,,,COLISÃO,SEM VITIMAS,,1,,,,1,,,,0,,,,,,,,,,,,,,
2018-09-22,13:52:00,SEM VÍTIMA,FINALIZADA,CIDADE UNIVERSITÁRIA,RUA GENERAL VARGAS,345,,EM FRENTE DO EDF BAUGAINNILLE,RUA GENERAL VARGAS,345,EM FRENTE DO EDF BAUGAINNILLE,CIDADE UNIVERSITÁRIA,,,COLISÃO,CAMINHAO E AUTO,1,,,,,,1,,,0,,,,,,,,,,,,,,
2018-09-22,14:01:00,SEM VÍTIMA,FINALIZADA,JARDIM SÃO PAULO,RUA PROFESSOR NELSON CASTRO E SILVA,73B,,EM FRENTE A TEMAKERIA CASUI,RUA PROFESSOR NELSON CASTRO E SILVA,73B,EM FRENTE A TEMAKERIA CASUI,JARDIM SÃO PAULO,,,COLISÃO,COLISÃO SEM VÍTIMA,1,1,,,,,,,,0,,,,,,,,,,,,,,
2018-09-22,14:05:00,SEM VÍTIMA,FINALIZADA,IPUTINGA,RUA MAURICIO DE NASSAU,122,,,RUA MAURICIO DE NASSAU,122,,IPUTINGA,,,COLISÃO,SEM VITIMAS,2,,,,,,,,,0,,,,,,,,,,,,,,
2018-09-22,14:42:00,COM VÍTIMA,FINALIZADA,TORREÃO,AV GOVERNADOR AGAMENON MAGALHAES,X,,EM FRENTE AO POSTO BR DA UNICORDIS,AV GOVERNADOR AGAMENON MAGALHAES,X,EM FRENTE AO POSTO BR DA UNICORDIS,TORREÃO,,,COLISÃO,ACIDENTE CARRO E MOTO COM VÍTIMA,1,1,,,,,,,,1,,,,,,,,,,,,,,
2018-09-22,14:56:00,SEM VÍTIMA,FINALIZADA,TORRE,RUA REAL DA TORRE,139,,EM FRENTE AO MARTELINHO DE OURO,RUA REAL DA TORRE,139,EM FRENTE AO MARTELINHO DE OURO,TORRE,,,COLISÃO,COLISÃO SEM VÍTIMA,3,,,,,,,,,0,,,,,,,,,,,,,,
2018-09-22,16:18:00,SEM VÍTIMA,FINALIZADA,CORDEIRO,RUA ANTERO MOTA,187,,RUA DELEGACIA DO CORDEIRO,RUA ANTERO MOTA,187,RUA DELEGACIA DO CORDEIRO,CORDEIRO,,,COLISÃO,SEM VITIMAS,2,,,,,,,,,0,,,,,,,,,,,,,,
2018-09-22,16:32:00,COM VÍTIMA,FINALIZADA,SANTO AMARO,AV GOVERNADOR AGAMENON MAGALHAES,,,EM FRENTE AO UNICORDIS/ SENTIDO BOA VIEGEM,AV GOVERNADOR AGAMENON MAGALHAES,,EM FRENTE AO UNICORDIS/ SENTIDO BOA VIEGEM,SANTO AMARO,,,COLISÃO,COLISÃO COM VÍTIMA,1,1,,,,,,,,2,,,,,,,,,,,,,,
2018-09-22,16:34:00,COM VÍTIMA,FINALIZADA,ENCRUZILHADA,AV NORTE,,,EM FRENTE AO SANTANDER SEMAFORO 043,AV NORTE,,EM FRENTE AO SANTANDER SEMAFORO 043,ENCRUZILHADA,,,COLISÃO,COM DUAS VITIMAS,1,1,,,,,,,,2,,,,,,,,,,,,,,
2018-09-22,18:35:00,,CANCELADA,IPUTINGA,RUA CELESTINO NEVES,,,ENFRENTE AO POSTO BR,RUA CELESTINO NEVES,,ENFRENTE AO POSTO BR,IPUTINGA,,,COLISÃO,COLISÃO SEM VITIMAS,2,,,,,,,,,0,,,,,,,,,,,,,,
2018-09-22,18:53:00,SEM VÍTIMA,FINALIZADA,ENCRUZILHADA,EST DE BELEM,,,NA FRENTE A PRAÇA LARGO DA ENCRUZILHADA,EST DE BELEM,,NA FRENTE A PRAÇA LARGO DA ENCRUZILHADA,ENCRUZILHADA,,,COLISÃO,COLISÃO SEM VITIMAS,1,,,,,1,,,,0,,,,,,,,,,,,,,
2018-09-22,19:08:00,SEM VÍTIMA,FINALIZADA,IPUTINGA,RUA CELESTINO NEVES,176,,PROX AO RESTAURANTE GOTA SERENA,RUA CELESTINO NEVES,176,PROX AO RESTAURANTE GOTA SERENA,IPUTINGA,,,COLISÃO,F 1000 X GOL,1,,,,,,1,,,0,,,,,,,,,,,,,,
2018-09-22,20:04:00,SEM VÍTIMA,FINALIZADA,BOA VIAGEM,AV CONSELHEIRO AGUIAR,4270,,ENF A HABIB´´S,AV CONSELHEIRO AGUIAR,4270,ENF A HABIB´´S,BOA VIAGEM,,,COLISÃO,FAIT MILE X HONDA CIT,2,,,,,,,,,0,,,,,,,,,,,,,,
2018-09-22,20:22:00,SEM VÍTIMA,FINALIZADA,GRAÇAS,RUA DO FUTURO,74,,POR TRAS DA HABIB´´S,RUA DO FUTURO,74,POR TRAS DA HABIB´´S,GRAÇAS,,,COLISÃO,HONDA CIT X AUTO,2,,,,,,,,,0,,,,,,,,,,,,,,
2018-09-22,20:57:00,SEM VÍTIMA,FINALIZADA,ENGENHO DO MEIO,RUA MANOEL ESTEVAO DA COSTA,145,RUA MUCIO UCHOA CAVALCANTE,CRUZAMENTO COM A MUCIO UCHOA CAVALCANTE,RUA MANOEL ESTEVAO DA COSTA,145,CRUZAMENTO COM A MUCIO UCHOA CAVALCANTE,ENGENHO DO MEIO,,,COLISÃO,GOL X TOYOTA,2,,,,,,,,,0,,,,,,,,,,,,,,
2018-09-22,21:11:00,SEM VÍTIMA,FINALIZADA,ÁGUA FRIA,RUA SAO SEBASTIAO,,,,RUA SAO SEBASTIAO,,,ÁGUA FRIA,,,COLISÃO,COLISÃO SEM VITIMAS,2,,,,,,,,,0,,,,,,,,,,,,,,
2018-09-22,22:00:00,COM VÍTIMA,FINALIZADA,CORDEIRO,RUA GOMES TABORDA,1100,RUA GREGORIO JUNIOR,ENF A JUNIO DA BATERIA // CRUZAMENTO COM A RUA GREGORIO JUNIOR,RUA GOMES TABORDA,1100,ENF A JUNIO DA BATERIA // CRUZAMENTO COM A RUA GREGORIO JUNIOR,CORDEIRO,,,COLISÃO,GROSSFOX X MOTO,1,1,,,,,,,,1,,,,,,,,,,,,,,
2018-09-22,23:17:00,SEM VÍTIMA,FINALIZADA,SANTO AMARO,AV GOVERNADOR AGAMENON MAGALHAES,,,NA DESCIDA DO VIADUTO APOS O TACARUNA  SENTIDO OLINDA,AV GOVERNADOR AGAMENON MAGALHAES,,NA DESCIDA DO VIADUTO APOS O TACARUNA  SENTIDO OLINDA,SANTO AMARO,,,COLISÃO,COLISÃO SEM VITIMAS,2,,,,,,,,,0,,,,,,,,,,,,,,
2018-09-22,23:26:00,SEM VÍTIMA,FINALIZADA,BOA VIAGEM,RUA PROFESSOR JOAO MEDEIROS,,RUA RIBEIRO DE BRITO,COM A RIBEIRO DE BRITO  JUNTO AO SEMÁFORO 332,RUA PROFESSOR JOAO MEDEIROS,,COM A RIBEIRO DE BRITO  JUNTO AO SEMÁFORO 332,BOA VIAGEM,,,COLISÃO,COLISÃO SEM VITIMAS,2,,,,,,,,,0,,,,,,,,,,,,,,
2018-09-23,00:15:00,COM VÍTIMA,FINALIZADA,CASA FORTE,AV DEZESSETE DE AGOSTO,1893,,EM FRENTE AO BAR CHEF,AV DEZESSETE DE AGOSTO,1893,EM FRENTE AO BAR CHEF,CASA FORTE,,,CHOQUE,AUTO CHOCOU-SE EM ALGUNS VEÍCULOS QUE E ESTAVAM PARADO E DEPOIS CHOCOU-SE EM UM MURO,1,,,,,,,,,1,,,,,,,,,,,,,,
2018-09-23,08:36:00,SEM VÍTIMA,FINALIZADA,ESPINHEIRO,RUA DO ESPINHEIRO,,RUA QUARENTA E OITO,CRUZ COM A RUA 48 EM BAIXO DO SEMAFORO 166,RUA DO ESPINHEIRO,,CRUZ COM A RUA 48 EM BAIXO DO SEMAFORO 166,ESPINHEIRO,,,COLISÃO,COLISÃO SEM VITIMAS,,1,,,,1,,,,0,,,,,,,,,,,,,,
2018-09-23,08:47:00,SEM VÍTIMA,FINALIZADA,BOA VISTA,RUA DO RIACHUELO,455,RUA GERVASIO PIRES,CRUZAMENTO COM A RUA GERVASIO PIRES/,RUA DO RIACHUELO,455,CRUZAMENTO COM A RUA GERVASIO PIRES/,BOA VISTA,,,COLISÃO,SEM VITIMAS,2,,,,,,,,,0,,,,,,,,,,,,,,
2018-09-23,09:27:00,SEM VÍTIMA,FINALIZADA,SANTO AMARO,RUA PRINCESA IZABEL,,,EM FRENTE A FACULDADE DE DIREITO/SEMAFORO 031,RUA PRINCESA IZABEL,,EM FRENTE A FACULDADE DE DIREITO/SEMAFORO 031,SANTO AMARO,,,COLISÃO,SEM VITIMAS,,1,,,,1,,,,0,,,,,,,,,,,,,,
2018-09-23,09:33:00,SEM VÍTIMA,FINALIZADA,TORRE,RUA DOM MANOEL DA COSTA,178,,APOS A IGREJA DA TORRE PROX AO BAR DO AGENOR,RUA DOM MANOEL DA COSTA,178,APOS A IGREJA DA TORRE PROX AO BAR DO AGENOR,TORRE,,,COLISÃO,COLISÃO SEM VITIMAS,2,,,,,,,,,0,,,,,,,,,,,,,,
2018-09-23,12:20:00,SEM VÍTIMA,FINALIZADA,CORDEIRO,AV CAXANGA,,,NO SEMÁFORO 080/ SENTIDO CIDADE,AV CAXANGA,,NO SEMÁFORO 080/ SENTIDO CIDADE,CORDEIRO,,,COLISÃO,COLISÃO SEM VÍTIMA,3,,,,,,,,,0,,,,,,,,,,,,,,
2018-09-23,13:01:00,,CANCELADA,PINA,AV ANTONIO DE GOES,,,EM FRENTE AO BARGAÇO,AV ANTONIO DE GOES,,EM FRENTE AO BARGAÇO,PINA,,,COLISÃO,COLISÃO SEM VITIMAS,2,,,,,,,,,0,,,,,,,,,,,,,,
2018-09-23,13:10:00,SEM VÍTIMA,FINALIZADA,PINA,AV ANTONIO DE GOES,,,EM FRENTE A PRF,AV ANTONIO DE GOES,,EM FRENTE A PRF,PINA,,,COLISÃO,COLISÃO SEM VÍTIMA,2,,,,,,,,,0,,,,,,,,,,,,,,
2018-09-23,15:06:00,COM VÍTIMA,FINALIZADA,AREIAS,AV CAPITAO GREGORIO DE CALDAS,307,,PROX. AO HIPER  DA AV. RECIFE  EM FRENTE A FARMAVIDA,AV CAPITAO GREGORIO DE CALDAS,307,PROX. AO HIPER  DA AV. RECIFE  EM FRENTE A FARMAVIDA,AREIAS,,,COLISÃO,AUTO E MOTO,1,1,,,,,,,,1,,,,,,,,,,,,,,
2018-09-23,15:50:00,SEM VÍTIMA,FINALIZADA,IMBIRIBEIRA,RUA ITAJAI,,RUA ITACARI,CRUZAMENTO COM RUA ITACARI  CRUZANDO A MASCARENHAS  SENTIDO IPSEP  PROX. A PRAÇA DA MAURICEA,RUA ITAJAI,,CRUZAMENTO COM RUA ITACARI  CRUZANDO A MASCARENHAS  SENTIDO IPSEP  PROX. A PRAÇA DA MAURICEA,IMBIRIBEIRA,,,COLISÃO,DOIS AUTOS S/V,2,,,,,,,,,0,,,,,,,,,,,,,,
2018-09-23,16:39:00,SEM VÍTIMA,FINALIZADA,TAMARINEIRA,AV CONS ROSA E SILVA,,,EM FRENTE A PAGUE MENOS  SEMAFORO 253,AV CONS ROSA E SILVA,,EM FRENTE A PAGUE MENOS  SEMAFORO 253,TAMARINEIRA,,,COLISÃO,AUTO E ONIBUS,1,,,,,1,,,,0,,,,,,,,,,,,,,
2018-09-23,18:19:00,COM VÍTIMA,FINALIZADA,ÁGUA FRIA,AV BEBERIBE,,,EM FRENTE AO MERCADO DE AGUA FRIA,AV BEBERIBE,,EM FRENTE AO MERCADO DE AGUA FRIA,ÁGUA FRIA,,,ATROPELAMENTO,ONIBUS E PEDESTRE,,,,,1,1,,,,1,,,,,,,,,,,,,,
2018-09-23,18:33:00,SEM VÍTIMA,FINALIZADA,PRADO,RUA SANTA EDWIRGES,131,RUA PADRE TEOFILO TWORZ,CRUZAMENTO COM A RUA PADRE TEOFILO TWORZ,RUA SANTA EDWIRGES,131,CRUZAMENTO COM A RUA PADRE TEOFILO TWORZ,PRADO,,,COLISÃO,ONIBUS DE TURISMO X VOYAGE,1,,,,,1,,,,0,,,,,,,,,,,,,,
2018-09-23,20:26:00,SEM VÍTIMA,FINALIZADA,IPSEP,RUA BLUMENAU,473,RUA ITANAGE,E/F A PANIFICADORA BLUMENAU / ESQUINA COM A R ITANAGÉ,RUA BLUMENAU,473,E/F A PANIFICADORA BLUMENAU / ESQUINA COM A R ITANAGÉ,IPSEP,,,COLISÃO,ENTRE AUTO E MOTO ( MOTOQUEIRO APRESENTA EMBRIGAGUEZ  SEGUNDO AS INFO DO USUÁRIO ) S/V,1,1,,,,,,,,0,,,,,,,,,,,,,,
2018-09-23,22:20:00,SEM VÍTIMA,FINALIZADA,DERBY,AV GOVERNADOR AGAMENON MAGALHAES,,,E/F A ESCOLA ESTADUAL GOV BARBOSA LIMA / AO LADO DO HOSPITAL DA RESTAURAÇÃO  SNT BV,AV GOVERNADOR AGAMENON MAGALHAES,,E/F A ESCOLA ESTADUAL GOV BARBOSA LIMA / AO LADO DO HOSPITAL DA RESTAURAÇÃO  SNT BV,DERBY,,,COLISÃO,ENTRE AUTO PASSEIO E VT DA POLÍCIA. S/V,1,,,,,,,1,,0,,,,,,,,,,,,,,
2018-09-24,00:55:00,SEM VÍTIMA,CANCELADA,DOIS UNIDOS,AV HILDEBRANDO DE VASCONCELOS,,,E/F AO MURO DA CIP CÃES,AV HILDEBRANDO DE VASCONCELOS,,E/F AO MURO DA CIP CÃES,DOIS UNIDOS,,,COLISÃO,ENTRE AUTO E MOTO. S/V,1,1,,,,,,,,0,,,,,,,,,,,,,,
2018-09-24,06:43:00,SEM VÍTIMA,FINALIZADA,DERBY,AV GOVERNADOR AGAMENON MAGALHAES,,,EM FRENTE AO COLEGIO AMERICANO BATISTA,AV GOVERNADOR AGAMENON MAGALHAES,,EM FRENTE AO COLEGIO AMERICANO BATISTA,DERBY,,,COLISÃO,COLISÃO SEM VITIMAS,2,,,,,,,,,0,,,,,,,,,,,,,,
2018-09-24,07:15:00,SEM VÍTIMA,FINALIZADA,DOIS IRMÃOS,RUA DOIS IRMAOS,,,E/F AO LAFEPE  SENTIDO CAXANGÁ,RUA DOIS IRMAOS,,E/F AO LAFEPE  SENTIDO CAXANGÁ,DOIS IRMÃOS,,,COLISÃO,SEM VÍTIMAS,2,,,,,,,,,0,,,,,,,,,,,,,,
2018-09-24,08:18:00,SEM VÍTIMA,FINALIZADA,ESPINHEIRO,RUA CONS PORTELA,602,,EDF ORTENSIA EM FRENTE AO SALÃO DE BELEZA LA BELLE,RUA CONS PORTELA,602,EDF ORTENSIA EM FRENTE AO SALÃO DE BELEZA LA BELLE,ESPINHEIRO,,,COLISÃO,SEM VITIMAS,1,,,,,1,,,,0,,,,,,,,,,,,,,
2018-09-24,08:37:00,SEM VÍTIMA,FINALIZADA,SÃO JOSÉ,RUA IMPERIAL,1217,,E/F A RESIDENCIA E A PANIFICADORA PÃO PÃO,RUA IMPERIAL,1217,E/F A RESIDENCIA E A PANIFICADORA PÃO PÃO,SÃO JOSÉ,,,COLISÃO,SEM VÍTIMAS,2,,,,,,,,,0,,,,,,,,,,,,,,
2018-09-24,08:45:00,SEM VÍTIMA,FINALIZADA,IBURA,RUA RIO TAPADO,30,,RESIDENCIA IBURA DO BAIXO NO SENTIDO BR EM FRENTE AO POSTO DE GASOLINA BR,RUA RIO TAPADO,30,RESIDENCIA IBURA DO BAIXO NO SENTIDO BR EM FRENTE AO POSTO DE GASOLINA BR,IBURA,,,COLISÃO,COLISÃO SEM VITIMAS,1,,,,,1,,,,0,,,,,,,,,,,,,,
2018-09-24,08:56:00,COM VÍTIMA,FINALIZADA,MADALENA,RUA BENFICA,412,,EM FRENTE A PRAÇA DO CLUBE INTERNACIONAL  SENT/CAXANGA,RUA BENFICA,412,EM FRENTE A PRAÇA DO CLUBE INTERNACIONAL  SENT/CAXANGA,MADALENA,,,COLISÃO,COM UMA VITIMA AGUARDANDO SAMU LOCAL DESCARACTERIZADO,2,,,,,,,,,1,,,,,,,,,,,,,,
2018-09-24,08:59:00,COM VÍTIMA,FINALIZADA,DOIS IRMÃOS,RUA DOIS IRMAOS,,,SENTIDO SUBURBIO  E/F A EXTENÇÃO DA PRÓ-REITORIA DA UFRPE. PORTARIA G2 A,RUA DOIS IRMAOS,,SENTIDO SUBURBIO  E/F A EXTENÇÃO DA PRÓ-REITORIA DA UFRPE. PORTARIA G2 A,DOIS IRMÃOS,,,COLISÃO,COM UMA VÍTIMA A ESPERA DO SAMU,1,1,,,,,,,,1,,,,,,,,,,,,,,
2018-09-24,09:08:00,SEM VÍTIMA,FINALIZADA,MADALENA,RUA JOAO IVO DA SILVA,,,SENTIDO AFOGADOS PROX A CONCESSIONARIA FIORI,RUA JOAO IVO DA SILVA,,SENTIDO AFOGADOS PROX A CONCESSIONARIA FIORI,MADALENA,,,COLISÃO,COLISÃO SEM VITIMAS,1,,,,,1,,,,0,,,,,,,,,,,,,,
2018-09-24,09:20:00,SEM VÍTIMA,FINALIZADA,BOA VISTA,RUA DO PRINCIPE,,,EM FRENTE CELPE E A UNIVERSIDADE CATOLICA,RUA DO PRINCIPE,,EM FRENTE CELPE E A UNIVERSIDADE CATOLICA,BOA VISTA,,,COLISÃO,COLISÃO SEM VITIMAS,1,,,,,1,,,,0,,,,,,,,,,,,,,
2018-09-24,09:59:00,SEM VÍTIMA,FINALIZADA,IMBIRIBEIRA,AV MARECHAL MASCARENHAS DE MORAES,2931,,EM FRENTE AO POSTO BR SENT/AEROPORTO,AV MARECHAL MASCARENHAS DE MORAES,2931,EM FRENTE AO POSTO BR SENT/AEROPORTO,IMBIRIBEIRA,,,COLISÃO,SEM VITIMAS,2,,,,,,,,,0,,,,,,,,,,,,,,
2018-09-24,10:31:00,COM VÍTIMA,FINALIZADA,BOA VISTA,RUA DO HOSPICIO,,RUA PRINCESA ISABEL,COM A RUA PRINCESA ISABEL. EM FRENTE A CAMARA.,RUA DO HOSPICIO,,COM A RUA PRINCESA ISABEL. EM FRENTE A CAMARA.,BOA VISTA,,,COLISÃO,,2,1,,,,,,,,1,,,,,,,,,,,,,,
2018-09-24,11:23:00,SEM VÍTIMA,FINALIZADA,PINA,AV ANTONIO DE GOES,,,EM BAIXO DO SEMAFORO 656,AV ANTONIO DE GOES,,EM BAIXO DO SEMAFORO 656,PINA,,,COLISÃO,COLISÃO SEM VITIMAS,2,,,,,,,,,0,,,,,,,,,,,,,,
2018-09-24,12:50:00,SEM VÍTIMA,FINALIZADA,BOA VIAGEM,RUA DEZ DE JULHO,,AV VINTE DE JANEIRO,CRUZAMENTO COM A AV. VINTE DE JANEIRO/ NO SEMÁFORO 572,RUA DEZ DE JULHO,,CRUZAMENTO COM A AV. VINTE DE JANEIRO/ NO SEMÁFORO 572,BOA VIAGEM,,,COLISÃO,COLISÃO SEM VÍTIMA,2,,,,,1,,,,0,,,,,,,,,,,,,,
2018-09-24,13:19:00,SEM VÍTIMA,FINALIZADA,MUSTARDINHA,AV MANOEL GONCALVES DA LUZ,800,,EM FRENTE AO CENTRO COMUNITARIO,AV MANOEL GONCALVES DA LUZ,800,EM FRENTE AO CENTRO COMUNITARIO,MUSTARDINHA,,,COLISÃO,DOIS AUTOS,2,,,,,,,,,0,,,,,,,,,,,,,,
2018-09-24,14:36:00,SEM VÍTIMA,FINALIZADA,JORDÃO,AV MARIA IRENE,,,POSTO TOTAL  PRÓXIMO A BASE DA AERONÁUTICA,AV MARIA IRENE,,POSTO TOTAL  PRÓXIMO A BASE DA AERONÁUTICA,JORDÃO,,,COLISÃO COM CICLISTA,,,1,,,,,,,,0,,,,,,,,,,,,,,
2018-09-24,15:57:00,SEM VÍTIMA,FINALIZADA,PINA,AV ANTONIO DE GOES,275,,E/F AO CENTO DIAGNOSTICO LUCILO AVILA S/T CID,AV ANTONIO DE GOES,275,E/F AO CENTO DIAGNOSTICO LUCILO AVILA S/T CID,PINA,,,COLISÃO,COLISAO ENTRE ONIBUS E AUTO S/V,1,,,,,1,,,,0,,,,,,,,,,,,,,
2018-09-24,16:19:00,SEM VÍTIMA,FINALIZADA,HIPÓDROMO,RUA CARLOS FERNANDES,,,EM FRENTE A PRAÇA DO HIPODROMO,RUA CARLOS FERNANDES,,EM FRENTE A PRAÇA DO HIPODROMO,HIPÓDROMO,,,COLISÃO,COLISÃO SEM VÍTIMA,1,1,,,,,,,,0,,,,,,,,,,,,,,
2018-09-24,16:22:00,SEM VÍTIMA,FINALIZADA,MANGUEIRA,RUA SAO MIGUEL,2055,,,RUA SAO MIGUEL,2055,,MANGUEIRA,,,COLISÃO,VW GOL X FIAT FIORINO,2,,,,,,,,,0,,,,,,,,,,,,,,
2018-09-24,17:27:00,SEM VÍTIMA,CANCELADA,CAMPO GRANDE,RUA ODORICO MENDES,,,EM FRENTE AO MERCADO STYLLO,RUA ODORICO MENDES,,EM FRENTE AO MERCADO STYLLO,CAMPO GRANDE,,,COLISÃO,DOIS AUTOS S/V,2,,,,,,,,,0,,,,,,,,,,,,,,
2018-09-24,17:59:00,SEM VÍTIMA,FINALIZADA,SANTO AMARO,AV CRUZ CABUGA,,,ANTES DO SHOPPING TACARUNA  SNT OLINDA / AO LADO DO MURO DA MARINHA / SEMÁFORO 344 X BECO DO TRAMWAYS_x000D_,AV CRUZ CABUGA,,ANTES DO SHOPPING TACARUNA  SNT OLINDA / AO LADO DO MURO DA MARINHA / SEMÁFORO 344 X BECO DO TRAMWAYS_x000D_,SANTO AMARO,,,COLISÃO,ENTRE AUTO E ÔNIBUS. S/V,1,,,,,1,,,,0,,,,,,,,,,,,,,
2018-09-24,18:16:00,COM VÍTIMA,FINALIZADA,ENCRUZILHADA,AV NORTE,,,LADO OPOSTO DO HOSPITAL JORGE DE MEDEIROS  SNT SUB / PRÓX AO POSTO SHELL E MERCADO DA ENCRUZILHADA,AV NORTE,,LADO OPOSTO DO HOSPITAL JORGE DE MEDEIROS  SNT SUB / PRÓX AO POSTO SHELL E MERCADO DA ENCRUZILHADA,ENCRUZILHADA,,,COLISÃO,ENTRE AUTO E MOTO  C/V,1,1,,,,,,,,1,,,,,,,,,,,,,,
2018-09-24,19:10:00,SEM VÍTIMA,FINALIZADA,IMBIRIBEIRA,AV MARECHAL MASCARENHAS DE MORAES,,,DENTRO DA AREA DO AEROPORTO PORTAO A5,AV MARECHAL MASCARENHAS DE MORAES,,DENTRO DA AREA DO AEROPORTO PORTAO A5,IMBIRIBEIRA,,,COLISÃO,VAN X COBALT AZUL,2,,,,,,,,,0,,,,,,,,,,,,,,
2018-09-24,19:56:00,SEM VÍTIMA,FINALIZADA,JARDIM SÃO PAULO,RUA LEANDRO BARRETO,1361,,ENF A PIZZARIA DOS GEMEOS,RUA LEANDRO BARRETO,1361,ENF A PIZZARIA DOS GEMEOS,JARDIM SÃO PAULO,,,COLISÃO,ONIBUS X AUTO,1,,,,,1,,,,0,,,,,,,,,,,,,,
2018-09-24,21:52:00,COM VÍTIMA,FINALIZADA,BONGI,AV ENGENHEIRO ABDIAS DE CARVALHO,,,ENF A FACULDADE ESTACIO E POSTO DISLUB// SENTIDO CIDADE,AV ENGENHEIRO ABDIAS DE CARVALHO,,ENF A FACULDADE ESTACIO E POSTO DISLUB// SENTIDO CIDADE,BONGI,,,COLISÃO,CLASSIC X ONIBUS ,1,,,,,1,,,,1,,,,,,,,,,,,,,
2018-09-25,00:23:00,SEM VÍTIMA,CANCELADA,ESPINHEIRO,RUA DO ESPINHEIRO,347,RUA QUARENTA E OITO,COM A RUA 48 // SEMÁFORO 166 // PRÓX AO EDIFÍCIO MARIA TEREZA.,RUA DO ESPINHEIRO,347,COM A RUA 48 // SEMÁFORO 166 // PRÓX AO EDIFÍCIO MARIA TEREZA.,ESPINHEIRO,,,COLISÃO,COLISÃO ENTRE AUTO E ÔNIBUS S/V.,1,,,,,1,,,,0,,,,,,,,,,,,,,
2018-09-25,06:21:00,SEM VÍTIMA,CANCELADA,AFOGADOS,RUA PEDRO CABRAL DE OLIVEIRA,113,,EM FRENTE AO CARTORIO DE AFOGADOS,RUA PEDRO CABRAL DE OLIVEIRA,113,EM FRENTE AO CARTORIO DE AFOGADOS,AFOGADOS,,,COLISÃO,SEM VITIMAS,1,,,,,1,,,,0,,,,,,,,,,,,,,
2018-09-25,06:56:00,SEM VÍTIMA,FINALIZADA,DERBY,AV GOVERNADOR AGAMENON MAGALHAES,,,E/F AO HR  SENTIDO BOA VIAGEM. SEMÁFORO 650,AV GOVERNADOR AGAMENON MAGALHAES,,E/F AO HR  SENTIDO BOA VIAGEM. SEMÁFORO 650,DERBY,,,COLISÃO,SEM VÍTIMAS,1,,,,,1,,,,0,,,,,,,,,,,,,,
2018-09-25,07:03:00,SEM VÍTIMA,FINALIZADA,CORDEIRO,AV CAXANGA,,,EM FRENTE AO SEMAFORO 080/E AO TERMINAL DE INTEGRAÇÃO DA CAXANGA SENT /CIDADE,AV CAXANGA,,EM FRENTE AO SEMAFORO 080/E AO TERMINAL DE INTEGRAÇÃO DA CAXANGA SENT /CIDADE,CORDEIRO,,,COLISÃO,COM A VIATURA DA PM E AUTO PASSEIO SEM VITIMAS,1,,,,,,,1,,0,,,,,,,,,,,,,,
2018-09-25,07:24:00,SEM VÍTIMA,FINALIZADA,BOA VIAGEM,RUA VISCONDE DE JEQUITINHONHA,,AV ARMINDO MOURA,CRUZAMENTO COM A RUA ARMINDO MOURA/SEMAFORO 258,RUA VISCONDE DE JEQUITINHONHA,,CRUZAMENTO COM A RUA ARMINDO MOURA/SEMAFORO 258,BOA VIAGEM,,,COLISÃO,SEM VITIMAS,2,,,,,,,,,0,,,,,,,,,,,,,,
2018-09-25,07:31:00,SEM VÍTIMA,FINALIZADA,GUABIRABA,AV VEREADOR OTACILIO AZEVEDO,S/N,,E/F A ESCOLA TOME GIBSON,AV VEREADOR OTACILIO AZEVEDO,S/N,E/F A ESCOLA TOME GIBSON,GUABIRABA,,,COLISÃO,COLOISAO ENTRE DOIS AUTOS S/V,2,,,,,,,,,0,,,,,,,,,,,,,,
2018-09-25,07:28:00,COM VÍTIMA,FINALIZADA,CAMPO GRANDE,RUA PROFESSOR FRANCISCO DA TRINDADE,290,RUA SÃO CAETANO,E/F A RESIDENCIA. CRIZAMENTO COM A RUA SÃO CAETANO,RUA PROFESSOR FRANCISCO DA TRINDADE,290,E/F A RESIDENCIA. CRIZAMENTO COM A RUA SÃO CAETANO,CAMPO GRANDE,,,COLISÃO,COM UMA VÍTIMA.,1,1,,,,,,,,1,,,,,,,,,,,,,,