data,hora,natureza_acidente,situacao,bairro,endereco,numero,detalhe_endereco_acidente,complemento,endereco_cruzamento,numero_cruzamento,referencia_cruzamento,bairro_cruzamento,num_semaforo,sentido_via,tipo,descricao,auto,moto,ciclom,ciclista,pedestre,onibus,caminhao,viatura,outros,vitimas,vitimasfatais,acidente_verificado,tempo_clima,situacao_semaforo,sinalizacao,condicao_via,conservacao_via,ponto_controle,situacao_placa,velocidade_max_via,mao_direcao,divisao_via1,divisao_via2,divisao_via3
2018-10-01,11:37:00,,CANCELADA,IPSEP,RUA JEAN EMILE FAVRE,,,SEMAFORO 564 /,RUA JEAN EMILE FAVRE,,SEMAFORO 564 /,IPSEP,,,COLISÃO,DOIS AUTOS,,,,,,,,,,0,,,,,,,,,,,,,,
2018-10-01,12:30:00,SEM VÍTIMA,FINALIZADA,BOA VIAGEM,RUA COSMORAMA,262,,POR TRAS DA VILA DO SARGENTO DA AERONAUTICA,RUA COSMORAMA,262,POR TRAS DA VILA DO SARGENTO DA AERONAUTICA,BOA VIAGEM,,,COLISÃO,COLISAO ENTRE QUATRO AUTOS S/V,4,,,,,,,,,0,,,,,,,,,,,,,,
2018-10-01,13:00:00,SEM VÍTIMA,FINALIZADA,ESPINHEIRO,RUA DA HORA,295,AV CONS ROSA E SILVA,COM ROSA E SIVA ESQUINA DA LOJA ALBERICO NOIVAS,RUA DA HORA,295,COM ROSA E SIVA ESQUINA DA LOJA ALBERICO NOIVAS,ESPINHEIRO,,,COLISÃO,COLISAO ENTRE AUTO E ONIBUS,1,,,,,1,,,,0,,,,,,,,,,,,,,
2018-10-01,13:01:00,SEM VÍTIMA,FINALIZADA,MADALENA,RUA JOAQUIM NABUCO,778,,NA FRENTE A GALERIA CAPUNGA,RUA JOAQUIM NABUCO,778,NA FRENTE A GALERIA CAPUNGA,MADALENA,,,COLISÃO,COLISÃO SEM VITIMAS,2,,,,,,,,,0,,,,,,,,,,,,,,
2018-10-01,13:16:00,COM VÍTIMA,FINALIZADA,PRADO,AV ENGENHEIRO ABDIAS DE CARVALHO,,,E/F A DROGASIL NO SEMAFORO 052,AV ENGENHEIRO ABDIAS DE CARVALHO,,E/F A DROGASIL NO SEMAFORO 052,PRADO,,,COLISÃO,COLISAO ENTRE AUTO E MOTO S/V,1,1,,,,,,,,1,,,,,,,,,,,,,,
2018-10-01,13:28:00,SEM VÍTIMA,FINALIZADA,ÁGUA FRIA,RUA DA REGENERACAO,,AV BEBERIBE,COM AV BEBERIBE E/F AO POSTO PEDRO MEGA,RUA DA REGENERACAO,,COM AV BEBERIBE E/F AO POSTO PEDRO MEGA,ÁGUA FRIA,,,COLISÃO,COLISAO ENTRE AUTO E CARRETA S/V,1,,,,,,1,,,0,,,,,,,,,,,,,,
2018-10-01,13:51:00,COM VÍTIMA,FINALIZADA,ENCRUZILHADA,RUA INACIO GALVAO DOS SANTOS,465,RUA PROFESSOR OTAVIO DE FREITAS,COM A RUA PROFESSOR OTÁVIO DE FREITAS/ PROX. A PRAÇA DA ENCRUZILHADA,RUA INACIO GALVAO DOS SANTOS,465,COM A RUA PROFESSOR OTÁVIO DE FREITAS/ PROX. A PRAÇA DA ENCRUZILHADA,ENCRUZILHADA,,,COLISÃO,COLISÃO COM VITIMA,2,,,,,,,,,1,,,,,,,,,,,,,,
2018-10-01,14:32:00,SEM VÍTIMA,FINALIZADA,BOA VISTA,RUA PRINCESA IZABEL,,,E/F A FACULDADE DE DIREITO,RUA PRINCESA IZABEL,,E/F A FACULDADE DE DIREITO,BOA VISTA,,,COLISÃO,COLISAO ENTRE ONIBUS E AUTO S/V,1,,,,,1,,,,0,,,,,,,,,,,,,,
2018-10-01,14:37:00,SEM VÍTIMA,CANCELADA,CASA AMARELA,EST DO ARRAIAL,3720,,APOS O SITIO DA TRINDADE,EST DO ARRAIAL,3720,APOS O SITIO DA TRINDADE,CASA AMARELA,,,COLISÃO,COLISAO ENTRE AUTO E MOTO S/V,1,1,,,,,,,,0,,,,,,,,,,,,,,
2018-10-01,15:04:00,SEM VÍTIMA,FINALIZADA,DERBY,RUA DR JOSE DE BARROS,55,,RUA POR TRÁS DA RESTAURAÇÃO / NA RUA DO COLEGIO MARIA AUXILIADORA,RUA DR JOSE DE BARROS,55,RUA POR TRÁS DA RESTAURAÇÃO / NA RUA DO COLEGIO MARIA AUXILIADORA,DERBY,,,COLISÃO,COLISÃO SEM VITIMA,2,,,,,,,,,0,,,,,,,,,,,,,,
2018-10-01,15:14:00,SEM VÍTIMA,FINALIZADA,BOA VIAGEM,RUA ANTONIO FALCAO,235,,PROX AO CARREFOUR,RUA ANTONIO FALCAO,235,PROX AO CARREFOUR,BOA VIAGEM,,,COLISÃO,COLISAO ENTRE CAMINHAO E AUTO S/V,1,,,,,,1,,,0,,,,,,,,,,,,,,
2018-10-01,16:00:00,COM VÍTIMA,FINALIZADA,PINA,AV ANTONIO DE GOES,,,EM FRENTE AO DENIT,AV ANTONIO DE GOES,,EM FRENTE AO DENIT,PINA,,,COLISÃO,COLISÃO COM VITIMA,,1,,,,1,,,,1,,,,,,,,,,,,,,
2018-10-01,16:04:00,COM VÍTIMA,FINALIZADA,CAXANGÁ,AV CAXANGA,2368,,APOS O PARQUE DE EXPOSIÇÕES,AV CAXANGA,2368,APOS O PARQUE DE EXPOSIÇÕES,CAXANGÁ,,,ACID. DE PERCURSO,QUEDA DE CICLISTA NA VIA- PASSOU MAL,,,,1,,,,,,1,,,,,,,,,,,,,,
2018-10-01,16:39:00,SEM VÍTIMA,FINALIZADA,BOA VIAGEM,RUA DONA UZINHA NUNES,66,,ENTRE AO EDF EMILIA LOPES E O EDF ATLANTA PROX AO POSTO IPIRANGA RUA ANTES DO POSTO... ANTES DA PLACA DO COLEGIO ELLO,RUA DONA UZINHA NUNES,66,ENTRE AO EDF EMILIA LOPES E O EDF ATLANTA PROX AO POSTO IPIRANGA RUA ANTES DO POSTO... ANTES DA PLACA DO COLEGIO ELLO,BOA VIAGEM,,,COLISÃO,COLISAO ENTRE CAMINHAO E AUTO S/V,1,,,,,,1,,,0,,,,,,,,,,,,,,
2018-10-01,17:23:00,SEM VÍTIMA,FINALIZADA,CABANGA,AV ENGENHEIRO JOSE ESTELITA,,,PROX. AO CLUB CABANGA,AV ENGENHEIRO JOSE ESTELITA,,PROX. AO CLUB CABANGA,CABANGA,,,COLISÃO,COLISÃO SEM VITIMA,1,,,,,1,,,,0,,,,,,,,,,,,,,
2018-10-01,17:30:00,SEM VÍTIMA,FINALIZADA,BOA VIAGEM,RUA FREI LEANDRO,,,GALERIA CENTRO SUL  NA RUA ENFRENTE A GALERIA,RUA FREI LEANDRO,,GALERIA CENTRO SUL  NA RUA ENFRENTE A GALERIA,BOA VIAGEM,,,COLISÃO,COLISÃO SEM VITIMA,2,,,,,,,,,0,,,,,,,,,,,,,,
2018-10-01,18:50:00,COM VÍTIMA,CANCELADA,CASA FORTE,EST DO ENCANAMENTO,S/N,RUA DA HARMONIA,SEMAFORO 435 // CRUZAMENTO COM RUA DA HARMONIA,EST DO ENCANAMENTO,S/N,SEMAFORO 435 // CRUZAMENTO COM RUA DA HARMONIA,CASA FORTE,,,COLISÃO,ONIX X MOTO 160 CG,1,1,,,,,,,,1,,,,,,,,,,,,,,
2018-10-01,20:04:00,SEM VÍTIMA,FINALIZADA,BARRO,AV DR JOSE RUFINO,,,E/F A IGREJA DO BARRO E POSTO SHELL,AV DR JOSE RUFINO,,E/F A IGREJA DO BARRO E POSTO SHELL,BARRO,,,COLISÃO,ENTRE 2 AUTOS. S/V,2,,,,,,,,,0,,,,,,,,,,,,,,
2018-10-02,06:43:00,SEM VÍTIMA,CANCELADA,JARDIM SÃO PAULO,AV LIBERDADE,280,,E/F AO RESIDENCIAL LIBERDADE,AV LIBERDADE,280,E/F AO RESIDENCIAL LIBERDADE,JARDIM SÃO PAULO,,,COLISÃO,SEM VÍTIMAS,2,,,,,,,,,0,,,,,,,,,,,,,,
2018-10-02,07:53:00,COM VÍTIMA,FINALIZADA,ESPINHEIRO,RUA DR GERALDO DE ANDRADE,100,,E/F A RESIDENCIA. PROX AO COLÉGIO NOVO MILÊNIO.,RUA DR GERALDO DE ANDRADE,100,E/F A RESIDENCIA. PROX AO COLÉGIO NOVO MILÊNIO.,ESPINHEIRO,,,COLISÃO,COM UMA VÍTIMA EM ATENDIMENTO PELO SAMU NO LOCAL.,2,,,,,,,,,1,,,,,,,,,,,,,,
2018-10-02,08:28:00,COM VÍTIMA,FINALIZADA,ÁGUA FRIA,EST VELHA DE AGUA FRIA,,AV PROFESSOR JOSE DOS ANJOS,COM AV PROFESSOR JOSÉ DOS ANJOS,EST VELHA DE AGUA FRIA,,COM AV PROFESSOR JOSÉ DOS ANJOS,ÁGUA FRIA,,,COLISÃO,,,,,,,,,,,1,,,,,,,,,,,,,,
2018-10-02,09:10:00,COM VÍTIMA,FINALIZADA,BOA VIAGEM,RUA WALDEMAR NERY CARNEIRO MONTEIRO,391,,TERMINAL DOS ONIBUS SETIUBAL/EM FRENTE A PADARIA SETUBAL,RUA WALDEMAR NERY CARNEIRO MONTEIRO,391,TERMINAL DOS ONIBUS SETIUBAL/EM FRENTE A PADARIA SETUBAL,BOA VIAGEM,,,COLISÃO,COLISÃO COM DUAS VITIMAS /SOCORRIDAS PELO SAMU,1,1,,,,,,,,2,,,,,,,,,,,,,,
2018-10-02,08:20:00,SEM VÍTIMA,FINALIZADA,DERBY,AV GOVERNADOR AGAMENON MAGALHAES,,RUA DR LEOPOLDO LINS,CRUZAMENTO COM A RUA LEOPOLDO LINS  SEMÁFORO 078. E/F A CAIXA ECONOMICA.,AV GOVERNADOR AGAMENON MAGALHAES,,CRUZAMENTO COM A RUA LEOPOLDO LINS  SEMÁFORO 078. E/F A CAIXA ECONOMICA.,DERBY,,,COLISÃO,SEM VÍTIMAS,1,,,,,1,,,,0,,,,,,,,,,,,,,
2018-10-02,08:37:00,SEM VÍTIMA,FINALIZADA,AFOGADOS,PTE DO MOTOCOLOMBO,,,SENT/AFOGADOS,PTE DO MOTOCOLOMBO,,SENT/AFOGADOS,AFOGADOS,,,COLISÃO,SEM VITIMAS,3,,,,,,,,,0,,,,,,,,,,,,,,
2018-10-02,08:52:00,SEM VÍTIMA,FINALIZADA,SANTO AMARO,1BE DONA BENVINDA DE FARIAS,233,RUA TREZE DE MAIO,CRUZAMENTO COM A RUA 13 DE MAio,1BE DONA BENVINDA DE FARIAS,233,CRUZAMENTO COM A RUA 13 DE MAio,SANTO AMARO,,,COLISÃO,SEM VITIMAS,1,1,,,,,,,,0,,,,,,,,,,,,,,
2018-10-02,09:25:00,SEM VÍTIMA,FINALIZADA,BOA VIAGEM,AV CONSELHEIRO AGUIAR,1360,,EM FRENTE A GALERIA CENTRO SUL/SEMAFORO 240,AV CONSELHEIRO AGUIAR,1360,EM FRENTE A GALERIA CENTRO SUL/SEMAFORO 240,BOA VIAGEM,,,COLISÃO,SEM VITIMAS,2,,,,,,,,,0,,,,,,,,,,,,,,
2018-10-02,10:01:00,SEM VÍTIMA,FINALIZADA,SÃO JOSÉ,C SANTA RITA,,,HA 50 METROS DAS TORRES GEMEAS SENT/RECIFE ANTIGO,C SANTA RITA,,HA 50 METROS DAS TORRES GEMEAS SENT/RECIFE ANTIGO,SÃO JOSÉ,,,COLISÃO,SEM VITIMAS,1,,,,,1,,,,0,,,,,,,,,,,,,,
2018-10-02,10:12:00,SEM VÍTIMA,FINALIZADA,CIDADE UNIVERSITÁRIA,AV PROFESSOR ARTUR DE SA,1180,,AO LADO DO HOSPITAL DAS CLINICAS,AV PROFESSOR ARTUR DE SA,1180,AO LADO DO HOSPITAL DAS CLINICAS,CIDADE UNIVERSITÁRIA,,,COLISÃO,COLISÃO SEM VÍTIMA,2,,,,,,,,,0,,,,,,,,,,,,,,
2018-10-02,10:19:00,COM VÍTIMA,FINALIZADA,AFOGADOS,RUA SAO MIGUEL,,RUA SANTOS ARAUJO,COM SANTOS ARAÚJO,RUA SAO MIGUEL,,COM SANTOS ARAÚJO,AFOGADOS,,,COLISÃO,,1,,1,,,,,,,1,,,,,,,,,,,,,,
2018-10-02,10:20:00,COM VÍTIMA,FINALIZADA,CABANGA,RUA BITURI,281,,RUA EM FRENTE A COMPESA DO CABANGA,RUA BITURI,281,RUA EM FRENTE A COMPESA DO CABANGA,CABANGA,,,COLISÃO,SEM VITIMAS,,1,,,,,,1,,1,,,,,,,,,,,,,,
2018-10-02,10:21:00,COM VÍTIMA,FINALIZADA,BOA VIAGEM,AVENIDA CELSO FURTADO (VIA MANGUE),,,SENTIDO AV BOA VIAGEM,AVENIDA CELSO FURTADO (VIA MANGUE),,SENTIDO AV BOA VIAGEM,BOA VIAGEM,,,COLISÃO,COM UMA VÍTIMA EM ATENDIMENTO PELO SAMU NO LCAL.,1,1,,,,,,,,1,,,,,,,,,,,,,,
2018-10-02,10:28:00,SEM VÍTIMA,FINALIZADA,TORRE,RUA TOMAZ GONZAGA,S/N,,,RUA TOMAZ GONZAGA,S/N,,TORRE,,,COLISÃO,DOIS AUTOS,2,,,,,,,,,0,,,,,,,,,,,,,,
2018-10-02,10:44:00,SEM VÍTIMA,CANCELADA,ILHA JOANA BEZERRA,PTE JOSE DE BARROS LIMA,,,SOBRE A PONTE / SENT OLINDA,PTE JOSE DE BARROS LIMA,,SOBRE A PONTE / SENT OLINDA,ILHA JOANA BEZERRA,,,COLISÃO,DOIS AUTOS,2,,,,,,,,,0,,,,,,,,,,,,,,
2018-10-02,11:05:00,SEM VÍTIMA,FINALIZADA,BOA VISTA,RUA AURORA,,,EM FRENTE AO INSTITUTO TAVARES BURIL/ SENTIDO OLINDA,RUA AURORA,,EM FRENTE AO INSTITUTO TAVARES BURIL/ SENTIDO OLINDA,BOA VISTA,,,COLISÃO,COLISÃO SEM VÍTIMA,,2,,,,,,,,0,,,,,,,,,,,,,,
2018-10-02,11:39:00,SEM VÍTIMA,FINALIZADA,BOA VIAGEM,AV ANTONIO DE GOES,656,,,AV ANTONIO DE GOES,656,,BOA VIAGEM,,,COLISÃO,COLISÃO ENTRE DOIS VEÍCULOS,2,,,,,,,,,0,,,,,,,,,,,,,,
2018-10-02,11:45:00,SEM VÍTIMA,FINALIZADA,SANTO ANTÔNIO,AV MARTINS DE BARROS,,,E/F AO FORUM TOMAS DE AQUINO GM RODRIGO LINS E WESLEY FERRARI,AV MARTINS DE BARROS,,E/F AO FORUM TOMAS DE AQUINO GM RODRIGO LINS E WESLEY FERRARI,SANTO ANTÔNIO,,,COLISÃO,COLISAO ENTRE DOI AUTOS S/V,2,,,,,,,,,0,,,,,,,,,,,,,,
2018-10-02,12:02:00,SEM VÍTIMA,CANCELADA,JIQUIÁ,AV RECIFE,,,EM FRENTE A JUSTIÇA FEDERAL FORUM ARTUR MARINHO/ SENTIDO CAXANGA,AV RECIFE,,EM FRENTE A JUSTIÇA FEDERAL FORUM ARTUR MARINHO/ SENTIDO CAXANGA,JIQUIÁ,,,COLISÃO,COLISÃO SEM VÍTIMA,1,,,,,,1,,,0,,,,,,,,,,,,,,
2018-10-02,12:05:00,SEM VÍTIMA,FINALIZADA,DERBY,AV GOVERNADOR AGAMENON MAGALHAES,,,EM FRENTE AO HR  SENTIDO OLINDA,AV GOVERNADOR AGAMENON MAGALHAES,,EM FRENTE AO HR  SENTIDO OLINDA,DERBY,,,COLISÃO,DOIS AUTOS S/V,2,,,,,,,,,0,,,,,,,,,,,,,,
2018-10-02,12:27:00,SEM VÍTIMA,FINALIZADA,PINA,AV ANTONIO DE GOES,,,SEMAFORO 656,AV ANTONIO DE GOES,,SEMAFORO 656,PINA,,,COLISÃO,DOIS AUTOS,2,,,,,,,,,0,,,,,,,,,,,,,,
2018-10-02,12:18:00,SEM VÍTIMA,FINALIZADA,ESTÂNCIA,AV RECIFE,,,E/F AO MAKRO S/T BR,AV RECIFE,,E/F AO MAKRO S/T BR,ESTÂNCIA,,,COLISÃO,COLISAO ENTRE CARRETA E AUTO S/V,1,,,,,,1,,,0,,,,,,,,,,,,,,
2018-10-02,13:26:00,SEM VÍTIMA,FINALIZADA,PINA,AV HERCULANO BANDEIRA,1001,,EM FRENTE AO ATACADO DA CONSTRUÇAO,AV HERCULANO BANDEIRA,1001,EM FRENTE AO ATACADO DA CONSTRUÇAO,PINA,,,COLISÃO,TRES AUTOS S/V,3,,,,,,,,,0,,,,,,,,,,,,,,
2018-10-02,13:32:00,SEM VÍTIMA,FINALIZADA,IPSEP,RUA JEAN EMILE FAVRE,1301,,APÓS A ACADEMIA YESFIT,RUA JEAN EMILE FAVRE,1301,APÓS A ACADEMIA YESFIT,IPSEP,,,COLISÃO,COLISÃO ENTRE VIATURA BPTRAN E CARRO PASSEIO S/V.,2,,,,,,,,,0,,,,,,,,,,,,,,
2018-10-02,13:39:00,SEM VÍTIMA,FINALIZADA,BOA VIAGEM,AV ENGENHEIRO DOMINGOS FERREIRA,,RUA PROFESSOR EDUARDO WANDERLEY FILHO,PROF EDUARDO WANDERLEY FILHO,AV ENGENHEIRO DOMINGOS FERREIRA,,PROF EDUARDO WANDERLEY FILHO,BOA VIAGEM,,,COLISÃO,DOIS AUTO,2,,,,,,,,,0,,,,,,,,,,,,,,
2018-10-02,13:52:00,SEM VÍTIMA,FINALIZADA,DOIS IRMÃOS,RUA MANUEL DE MEDEIROS,,,APOS AO ZOOLOGICO DOIS IRMAOS E/F A RURAL,RUA MANUEL DE MEDEIROS,,APOS AO ZOOLOGICO DOIS IRMAOS E/F A RURAL,DOIS IRMÃOS,,,COLISÃO,COLISAO ENTE AUTO E MOTO S/V,1,1,,,,,,,,0,,,,,,,,,,,,,,
2018-10-02,14:03:00,SEM VÍTIMA,CANCELADA,CAXANGÁ,RUA RIBEIRO PESSOA,40,,AO LADO DA UPA,RUA RIBEIRO PESSOA,40,AO LADO DA UPA,CAXANGÁ,,,COLISÃO,DOIS AUTOS S/V,2,,,,,,,,,0,,,,,,,,,,,,,,
2018-10-02,14:21:00,SEM VÍTIMA,FINALIZADA,DOIS IRMÃOS,RUA DOIS IRMAOS,,,EM FRENTE AO MOTEL SENZALA,RUA DOIS IRMAOS,,EM FRENTE AO MOTEL SENZALA,DOIS IRMÃOS,,,COLISÃO,COLISÃO S/V,1,,,,,,1,,,0,,,,,,,,,,,,,,
2018-10-02,14:26:00,SEM VÍTIMA,FINALIZADA,CASA AMARELA,RUA PADRE LEMOS,,,EM FRENTE A FERREIRA PINTOS,RUA PADRE LEMOS,,EM FRENTE A FERREIRA PINTOS,CASA AMARELA,,,COLISÃO,AUTO E MOTO,1,1,,,,,,,,0,,,,,,,,,,,,,,
2018-10-02,15:02:00,SEM VÍTIMA,FINALIZADA,AFOGADOS,RUA FRANCISCO SILVEIRA,24,AV SUL,EM FRENTE À CLIMAR // COM A AV. SUL // PRÓX AO TI LARGO DA PAZ,RUA FRANCISCO SILVEIRA,24,EM FRENTE À CLIMAR // COM A AV. SUL // PRÓX AO TI LARGO DA PAZ,AFOGADOS,,,ENGAVETAMENTO,ENTRE TRÊS AUTOS,3,,,,,,,,,0,,,,,,,,,,,,,,
2018-10-02,15:17:00,SEM VÍTIMA,FINALIZADA,CASA FORTE,RUA LEONARDO BEZERRA CAVALCANTE,,,COLISAO ENTRE A FARMACIA DE MANIPULAÇÃO E A PRAÇA FRANCISCO PESSOA DE QUEIROZ,RUA LEONARDO BEZERRA CAVALCANTE,,COLISAO ENTRE A FARMACIA DE MANIPULAÇÃO E A PRAÇA FRANCISCO PESSOA DE QUEIROZ,CASA FORTE,,,COLISÃO,COLISAO ENTRE DOIS AUTOS S/V,2,,,,,,,,,0,,,,,,,,,,,,,,
2018-10-02,15:56:00,SEM VÍTIMA,FINALIZADA,ÁGUA FRIA,RUA CORONEL URBANO RIBEIRO DE SENA,667,,EM FRENTE AO FRIGORÍFICO DO ZECA // APÓS A SECRETARIA DE EDUCAÇÃO,RUA CORONEL URBANO RIBEIRO DE SENA,667,EM FRENTE AO FRIGORÍFICO DO ZECA // APÓS A SECRETARIA DE EDUCAÇÃO,ÁGUA FRIA,,,COLISÃO,COLISÃO ENTRE AUTOS S/V,2,,,,,,,,,0,,,,,,,,,,,,,,
2018-10-02,15:56:00,SEM VÍTIMA,FINALIZADA,SANTO AMARO,AV JOAO DE BARROS,762,,EM FRENTE A CENTRAL DE ARLEGOLOGIA/ SENTIDO CIDADE,AV JOAO DE BARROS,762,EM FRENTE A CENTRAL DE ARLEGOLOGIA/ SENTIDO CIDADE,SANTO AMARO,,,COLISÃO,COLISÃO SEM VÍTIMA,2,,,,,,,,,0,,,,,,,,,,,,,,
2018-10-02,15:57:00,SEM VÍTIMA,FINALIZADA,DOIS IRMÃOS,RUA DOIS IRMAOS,,,EM FRENTE AO MOTEL SENZALA,RUA DOIS IRMAOS,,EM FRENTE AO MOTEL SENZALA,DOIS IRMÃOS,,,COLISÃO,COLISÃO S/V - SEMÁFORO 416,1,,,,,,1,,,0,,,,,,,,,,,,,,
2018-10-02,16:05:00,SEM VÍTIMA,FINALIZADA,BOA VIAGEM,AV DES JOSE NEVES,,,NA SAIDA DO TUNEL S/T VIA MANGUE NO SEMAFORO 580,AV DES JOSE NEVES,,NA SAIDA DO TUNEL S/T VIA MANGUE NO SEMAFORO 580,BOA VIAGEM,,,COLISÃO,COLISAO ENTRE CAMINHAO E AUTO S/V,1,,,,,,1,,,0,,,,,,,,,,,,,,
2018-10-02,17:06:00,SEM VÍTIMA,CANCELADA,CAMPO GRANDE,EST DE BELEM,599,,PRÓX À ACADEMIA HI // EM FRENTE À CASA DE BOLOS // SENTIDO ENCRUZILHADA,EST DE BELEM,599,PRÓX À ACADEMIA HI // EM FRENTE À CASA DE BOLOS // SENTIDO ENCRUZILHADA,CAMPO GRANDE,,,COLISÃO,COLISÃO ENTRE AUTO E ÔNIBUS S/V.,1,,,,,1,,,,0,,,,,,,,,,,,,,
2018-10-02,17:31:00,COM VÍTIMA,FINALIZADA,CAMPO GRANDE,AV ENGENHEIRO AGAMENON DE MAGALHAES MELO,,RUA ODORICO MENDES,COM A ODORICO MENDES // EM FRENTE AO INSTITUTO DE CRIMINALÍSTICA,AV ENGENHEIRO AGAMENON DE MAGALHAES MELO,,COM A ODORICO MENDES // EM FRENTE AO INSTITUTO DE CRIMINALÍSTICA,CAMPO GRANDE,,,COLISÃO,COLISÃO ENTRE AUTOS E MOTO C/V,2,1,,,,,,,,1,,,,,,,,,,,,,,
2018-10-02,17:49:00,SEM VÍTIMA,FINALIZADA,BOA VIAGEM,RUA BISPO CARDOSO AYRES,705,RUA COSMORAMA,E/F AO COLÉGIO MADRE DE DEUS / CRUZ COM A R COSMORAMA,RUA BISPO CARDOSO AYRES,705,E/F AO COLÉGIO MADRE DE DEUS / CRUZ COM A R COSMORAMA,BOA VIAGEM,,,COLISÃO,ENTRE 2 AUTOS. S/V,2,,,,,,,,,0,,,,,,,,,,,,,,
2018-10-02,18:33:00,SEM VÍTIMA,FINALIZADA,CAMPO GRANDE,EST DE BELEM,190,RUA DONA JULIETA,NA FRENTE DA IGREJA DE BELEM/ NO CRUZAMENTO DA EST. DE BELÉM COM DONA JULIETA,EST DE BELEM,190,NA FRENTE DA IGREJA DE BELEM/ NO CRUZAMENTO DA EST. DE BELÉM COM DONA JULIETA,CAMPO GRANDE,,,COLISÃO,COLISÃO SEM VITIMA,1,1,,,,,,,,0,,,,,,,,,,,,,,
2018-10-02,18:42:00,SEM VÍTIMA,FINALIZADA,ARRUDA,AV PROFESSOR JOSE DOS ANJOS,,,E/F AO POSTO BR / PRÓX AO SESC,AV PROFESSOR JOSE DOS ANJOS,,E/F AO POSTO BR / PRÓX AO SESC,ARRUDA,,,ENGAVETAMENTO,ENTRE 4 AUTOS. S/V,4,,,,,,,,,0,,,,,,,,,,,,,,
2018-10-02,18:52:00,SEM VÍTIMA,FINALIZADA,BOA VIAGEM,RUA TENENTE JOAO CICERO,2700,AV ENGENHEIRO DOMINGOS FERREIRA,E/F A DROGASIL / ESQUINA COM A AV DOMINGOS FERREIRA,RUA TENENTE JOAO CICERO,2700,E/F A DROGASIL / ESQUINA COM A AV DOMINGOS FERREIRA,BOA VIAGEM,,,ENGAVETAMENTO,ENTRE 3 AUTOS. S/V,3,,,,,,,,,0,,,,,,,,,,,,,,
2018-10-02,19:07:00,COM VÍTIMA,FINALIZADA,PINA,AV ANTONIO DE GOES,,,E/F AO SEMAFORO 277,AV ANTONIO DE GOES,,E/F AO SEMAFORO 277,PINA,,,ATROPELAMENTO,ATTOPELAMENTO PEDESTRE,,1,,,1,,,,,1,,,,,,,,,,,,,,
2018-10-02,19:33:00,SEM VÍTIMA,FINALIZADA,AREIAS,AV DR JOSE RUFINO,,,PROX.AO ARCO MIX,AV DR JOSE RUFINO,,PROX.AO ARCO MIX,AREIAS,,,COLISÃO,COLISÃO SEM VITIMA,1,1,,,,,,,,0,,,,,,,,,,,,,,
2018-10-02,20:16:00,SEM VÍTIMA,CANCELADA,BEBERIBE,AV BEBERIBE,484,,CASA DE ESQUINA/ JUNTO KLAUBER MAR,AV BEBERIBE,484,CASA DE ESQUINA/ JUNTO KLAUBER MAR,BEBERIBE,,,COLISÃO,COLISÃO SEM VITIMA,1,,,,,,1,,,0,,,,,,,,,,,,,,
2018-10-02,20:43:00,SEM VÍTIMA,CANCELADA,LINHA DO TIRO,RUA URIEL DE HOLANDA,847,,PROX. A ASSEMBLEIA DE DEUS,RUA URIEL DE HOLANDA,847,PROX. A ASSEMBLEIA DE DEUS,LINHA DO TIRO,,,COLISÃO,COLISÃO SEM VITMAS,1,,,,,1,,,,0,,,,,,,,,,,,,,
2018-10-02,23:09:00,SEM VÍTIMA,FINALIZADA,DERBY,AV GOVERNADOR AGAMENON MAGALHAES,,,APOS O AMERICANO BATISTA  NA FRENTE DO PREDIO DA EMBRATEL  SENTIDO OLINDA .,AV GOVERNADOR AGAMENON MAGALHAES,,APOS O AMERICANO BATISTA  NA FRENTE DO PREDIO DA EMBRATEL  SENTIDO OLINDA .,DERBY,,,COLISÃO,COLISÃO SEM VITIMAS,1,1,,,,,,,,0,,,,,,,,,,,,,,
2018-10-03,06:45:00,SEM VÍTIMA,FINALIZADA,BONGI,EST DO BONGI,,,DE ESQUINA COM O POSTO DE GASOLINA TOTAL EM FRENTE A IGREJA DO BONGI,EST DO BONGI,,DE ESQUINA COM O POSTO DE GASOLINA TOTAL EM FRENTE A IGREJA DO BONGI,BONGI,,,COLISÃO,COLISÃO SEM VITIMAS,2,,,,,,,,,0,,,,,,,,,,,,,,
2018-10-03,07:04:00,SEM VÍTIMA,FINALIZADA,BOA VISTA,RUA DOM BOSCO,596,,EM FRENTE AO COLÉGIO SALESIANO,RUA DOM BOSCO,596,EM FRENTE AO COLÉGIO SALESIANO,BOA VISTA,,,COLISÃO,COLISÃO ENTRE AUTOS S/V.,3,,,,,,,,,0,,,,,,,,,,,,,,
2018-10-03,07:45:00,SEM VÍTIMA,FINALIZADA,PINA,AV HERCULANO BANDEIRA,,,EM BAIXO DO SEMAFORO 657,AV HERCULANO BANDEIRA,,EM BAIXO DO SEMAFORO 657,PINA,,,COLISÃO,COLISÃO SEM VITIMAS GM QTH,,1,,,,,1,,,0,,,,,,,,,,,,,,
2018-10-03,08:11:00,COM VÍTIMA,FINALIZADA,MADALENA,RUA LOPES DE CARVALHO,123,,APOS O BOM PREÇO EM FRENTE A GALERIA MADALENA CENTER,RUA LOPES DE CARVALHO,123,APOS O BOM PREÇO EM FRENTE A GALERIA MADALENA CENTER,MADALENA,,,COLISÃO,COLISÃO COM VITIMA A ESPERA DO SAMU,,1,,,,1,,,,1,,,,,,,,,,,,,,
2018-10-03,08:39:00,SEM VÍTIMA,FINALIZADA,SANTO AMARO,RUA DOS PALMARES,,RUA DO POMBAL,COM RUA DO POMBAL,RUA DOS PALMARES,,COM RUA DO POMBAL,SANTO AMARO,,,COLISÃO,COLISÃO SEM VITMAS,,,,,,,,,,0,,,,,,,,,,,,,,