data,hora,natureza_acidente,situacao,bairro,endereco,numero,detalhe_endereco_acidente,complemento,endereco_cruzamento,numero_cruzamento,referencia_cruzamento,bairro_cruzamento,num_semaforo,sentido_via,tipo,descricao,auto,moto,ciclom,ciclista,pedestre,onibus,caminhao,viatura,outros,vitimas,vitimasfatais,acidente_verificado,tempo_clima,situacao_semaforo,sinalizacao,condicao_via,conservacao_via,ponto_controle,situacao_placa,velocidade_max_via,mao_direcao,divisao_via1,divisao_via2,divisao_via3
2018-10-09,14:27:00,COM VÍTIMA,FINALIZADA,SANTO AMARO,AV NORTE,,,EM FRENTE A IGREJA SAO SEBASTIAO,AV NORTE,,EM FRENTE A IGREJA SAO SEBASTIAO,SANTO AMARO,,,COLISÃO COM CICLISTA,AUTO E CICLISTA,1,,,1,,,,,,1,,,,,,,,,,,,,,
2018-10-09,14:32:00,SEM VÍTIMA,FINALIZADA,BAIRRO DO RECIFE,AV ALFREDO LISBOA,,,NO MARCO ZERO,AV ALFREDO LISBOA,,NO MARCO ZERO,BAIRRO DO RECIFE,,,COLISÃO,COLISAO ENTRE DOIS AUTOS S/V,2,,,,,,,,,0,,,,,,,,,,,,,,
2018-10-09,14:44:00,SEM VÍTIMA,FINALIZADA,SANTO AMARO,AV GOVERNADOR AGAMENON MAGALHAES,,,EM FRENTE A UPE/ SENTIDO OLINDA,AV GOVERNADOR AGAMENON MAGALHAES,,EM FRENTE A UPE/ SENTIDO OLINDA,SANTO AMARO,,,COLISÃO,COLISÃO SEM VÍTIMA,2,,,,,,,,,0,,,,,,,,,,,,,,
2018-10-09,16:00:00,SEM VÍTIMA,FINALIZADA,PASSARINHO,RUA PEREIRA BARRETO,,,PROX. AO TERMINAL DE PASSARINHO,RUA PEREIRA BARRETO,,PROX. AO TERMINAL DE PASSARINHO,PASSARINHO,,,COLISÃO,COLISÃO SEM VITIMAS,1,,,,,1,,,,0,,,,,,,,,,,,,,
2018-10-09,16:18:00,SEM VÍTIMA,FINALIZADA,BOA VIAGEM,AV VINTE DE JANEIRO,159,RUA DEZ DE JULHO,CRUZAMENTO COM A RUA DEZ DE JULHO,AV VINTE DE JANEIRO,159,CRUZAMENTO COM A RUA DEZ DE JULHO,BOA VIAGEM,,,COLISÃO,COLISÃO SEM VÍTIMA,2,,,,,,,,,0,,,,,,,,,,,,,,
2018-10-09,17:21:00,SEM VÍTIMA,FINALIZADA,AFOGADOS,RUA COSME VIANA,,RUA PADRE TEOFILO TWORZ,CRUZAMENTO COM A RUA PADRE TEOFILO TWORZ,RUA COSME VIANA,,CRUZAMENTO COM A RUA PADRE TEOFILO TWORZ,AFOGADOS,,,COLISÃO,COLISÃO SEM VÍTIMA,2,,,,,,,,,0,,,,,,,,,,,,,,
2018-10-09,17:27:00,COM VÍTIMA,FINALIZADA,MADALENA,AV ENGENHEIRO ABDIAS DE CARVALHO,S/N,EST DOS REMEDIOS,C/ ESTRADA DOS REMÉDIOS (FORTURIA),AV ENGENHEIRO ABDIAS DE CARVALHO,S/N,C/ ESTRADA DOS REMÉDIOS (FORTURIA),MADALENA,,,COLISÃO COM CICLISTA,COLISÃO ENVOLVENDO AUTO E BICICLETA COM VÍTIMA,1,,,1,,,,,,1,,,,,,,,,,,,,,
2018-10-09,17:28:00,SEM VÍTIMA,FINALIZADA,BOA VIAGEM,AV CONSELHEIRO AGUIAR,4734,,E/F AO PONTO DO AÇAI,AV CONSELHEIRO AGUIAR,4734,E/F AO PONTO DO AÇAI,BOA VIAGEM,,,COLISÃO,COLISAO ENTRE DOIS AUTOS S/V,2,,,,,,,,,0,,,,,,,,,,,,,,
2018-10-09,17:40:00,SEM VÍTIMA,FINALIZADA,BOA VIAGEM,RUA ERNESTO DE PAULA SANTOS,,RUA PROFESSOR JOAO MEDEIROS,COM A RUA PROF. JOÃO MEDEIROS /FARMACIA DROGASIL E O SEMAFORO 329,RUA ERNESTO DE PAULA SANTOS,,COM A RUA PROF. JOÃO MEDEIROS /FARMACIA DROGASIL E O SEMAFORO 329,BOA VIAGEM,,,COLISÃO,COLISÃO SEM VITIMAS,2,,,,,,,,,0,,,,,,,,,,,,,,
2018-10-09,18:02:00,SEM VÍTIMA,FINALIZADA,DERBY,PRC DO DERBY,,,ANTES DA PONTE // ENF AO QUARTEL DO DERBY // SENTIDO INTERNACIONAL,PRC DO DERBY,,ANTES DA PONTE // ENF AO QUARTEL DO DERBY // SENTIDO INTERNACIONAL,DERBY,,,COLISÃO,VT DA SDS X PALIO X FIAT PUNTO OBS:: GM DA CTTU ESTAO NO LOCAL,3,,,,,,,,,0,,,,,,,,,,,,,,
2018-10-09,18:05:00,SEM VÍTIMA,FINALIZADA,BEBERIBE,AV BEBERIBE,1442,,CENTRO MEDICO E LABOARATORIAL  AUTO ESCOLA VENÇA O MEDO DE DIRIGIR,AV BEBERIBE,1442,CENTRO MEDICO E LABOARATORIAL  AUTO ESCOLA VENÇA O MEDO DE DIRIGIR,BEBERIBE,,,COLISÃO,COLISÃO SEM VITIMAS,1,,,,,1,,,,0,,,,,,,,,,,,,,
2018-10-09,18:11:00,SEM VÍTIMA,FINALIZADA,SÃO JOSÉ,C SANTA RITA,,,E/F AS TORRES GEMEAS,C SANTA RITA,,E/F AS TORRES GEMEAS,SÃO JOSÉ,,,COLISÃO,COLISÃO SEM VÍTIMA,1,,,,,,1,,,0,,,,,,,,,,,,,,
2018-10-09,18:33:00,SEM VÍTIMA,FINALIZADA,TEJIPIÓ,AV DR JOSE RUFINO,2802,,EM CIMA DA PONTE SENTIDO BARRO,AV DR JOSE RUFINO,2802,EM CIMA DA PONTE SENTIDO BARRO,TEJIPIÓ,,,COLISÃO,FIORINO X MOTO,1,1,,,,,,,,0,,,,,,,,,,,,,,
2018-10-09,18:58:00,COM VÍTIMA,FINALIZADA,SANTO AMARO,AV GOVERNADOR AGAMENON MAGALHAES,,,VIADUTO JAO DE BARROS // SENTIDO OLINDA,AV GOVERNADOR AGAMENON MAGALHAES,,VIADUTO JAO DE BARROS // SENTIDO OLINDA,SANTO AMARO,,,COLISÃO,HB 20 X MOTO,1,1,,,,,,,,1,,,,,,,,,,,,,,
2018-10-09,19:03:00,SEM VÍTIMA,FINALIZADA,BOA VIAGEM,AV MARECHAL MASCARENHAS DE MORAES,4792,,PROX AO HOTEL AEROPORTO // SENTIDO AEROPORTO,AV MARECHAL MASCARENHAS DE MORAES,4792,PROX AO HOTEL AEROPORTO // SENTIDO AEROPORTO,BOA VIAGEM,,,COLISÃO,CAMINHAO DE AGUA X SIENA,1,,,,,,1,,,0,,,,,,,,,,,,,,
2018-10-09,19:05:00,SEM VÍTIMA,FINALIZADA,BOA VIAGEM,RUA DOS NAVEGANTES,1755,,ENFRETE AO HOTEL MERCURI,RUA DOS NAVEGANTES,1755,ENFRETE AO HOTEL MERCURI,BOA VIAGEM,,,COLISÃO,COLISÃO SEM VITIMA,2,1,,,,,,,,0,,,,,,,,,,,,,,
2018-10-09,19:14:00,SEM VÍTIMA,FINALIZADA,BOA VIAGEM,RUA PROFESSOR MARIO CASTRO,,,NA FRENTE DO COLEGIO MADRE DE DEUS,RUA PROFESSOR MARIO CASTRO,,NA FRENTE DO COLEGIO MADRE DE DEUS,BOA VIAGEM,,,COLISÃO,COLISÃO SEM VITIMAS,2,,,,,,,,,0,,,,,,,,,,,,,,
2018-10-09,20:27:00,COM VÍTIMA,FINALIZADA,TAMARINEIRA,RUA CONEGO BARATA,908,,ENF DNOCS // SENTIDO ESTADIO DO SANTA CRUZ,RUA CONEGO BARATA,908,ENF DNOCS // SENTIDO ESTADIO DO SANTA CRUZ,TAMARINEIRA,,,COLISÃO,MOTO X CELTA,1,1,,,,,,,,1,,,,,,,,,,,,,,
2018-10-09,20:32:00,SEM VÍTIMA,FINALIZADA,BOA VIAGEM,RUA DEZ DE JULHO,210,,ESTÃO NO CRUZAMENTO COM A CAMBUI/ PROX. AO MESA CRISTAL  SENTIDO PRAIA,RUA DEZ DE JULHO,210,ESTÃO NO CRUZAMENTO COM A CAMBUI/ PROX. AO MESA CRISTAL  SENTIDO PRAIA,BOA VIAGEM,,,COLISÃO,COLISÃO SEM VITIMA,2,,,,,,,,,0,,,,,,,,,,,,,,
2018-10-09,20:52:00,COM VÍTIMA,FINALIZADA,DOIS IRMÃOS,RUA DOIS IRMAOS,,,PROX À PONTE DOIS IRMÃOS  ENTRADA DA CASA DO EX-GOV EDUARDO CAMPOS  SENTIDO CID/SUB,RUA DOIS IRMAOS,,PROX À PONTE DOIS IRMÃOS  ENTRADA DA CASA DO EX-GOV EDUARDO CAMPOS  SENTIDO CID/SUB,DOIS IRMÃOS,,,COLISÃO,AUTOS E MOTO C/VITIMA,1,1,,,,,,,,1,,,,,,,,,,,,,,
2018-10-09,22:12:00,SEM VÍTIMA,FINALIZADA,NOVA DESCOBERTA,AV VEREADOR OTACILIO AZEVEDO,S/N,,ENF A UPA DE NOVA DESCOBERTA,AV VEREADOR OTACILIO AZEVEDO,S/N,ENF A UPA DE NOVA DESCOBERTA,NOVA DESCOBERTA,,,COLISÃO,MOTO X GOLF,1,1,,,,,,,,0,,,,,,,,,,,,,,
2018-10-09,22:39:00,SEM VÍTIMA,FINALIZADA,CORDEIRO,AV CAMARAO,323,AV MARIO ALVARES PEREIRA DE LYRA,CRUZAMENTO COM AV MARIO ALVARES PEREIRA DE LYRA,AV CAMARAO,323,CRUZAMENTO COM AV MARIO ALVARES PEREIRA DE LYRA,CORDEIRO,,,COLISÃO,AUDI X JAC,2,,,,,,,,,0,,,,,,,,,,,,,,
2018-10-09,23:16:00,SEM VÍTIMA,FINALIZADA,SANTO ANTÔNIO,AV DANTAS BARRETO,,RUA SIQUEIRA CAMPOS,CRUZAMENTO COM A RUA SIQUEIRA CAMPOS // ENF A PREVIDENCIA SOCIAL,AV DANTAS BARRETO,,CRUZAMENTO COM A RUA SIQUEIRA CAMPOS // ENF A PREVIDENCIA SOCIAL,SANTO ANTÔNIO,,,COLISÃO,ONIBUS X ONIBUS,,,,,,2,,,,0,,,,,,,,,,,,,,
2018-10-10,06:09:00,SEM VÍTIMA,FINALIZADA,BOA VIAGEM,AV ENGENHEIRO DOMINGOS FERREIRA,4140,,EM FRENTE AO RESTAURANTE DOM FERREIRA,AV ENGENHEIRO DOMINGOS FERREIRA,4140,EM FRENTE AO RESTAURANTE DOM FERREIRA,BOA VIAGEM,,,COLISÃO,ONIBUS E AUTO,1,,,,,1,,,,0,,,,,,,,,,,,,,
2018-10-10,06:50:00,SEM VÍTIMA,FINALIZADA,PARNAMIRIM,RUA MIZAEL MONTENEGRO,,RUA PADRE ROMA,CRUZ COM A RUA PADRE ROMA EM FRENTE AO EDIFICIO SIMONE DE BELA BANVOIR,RUA MIZAEL MONTENEGRO,,CRUZ COM A RUA PADRE ROMA EM FRENTE AO EDIFICIO SIMONE DE BELA BANVOIR,PARNAMIRIM,,,COLISÃO,,2,,,,,,,,,0,,,,,,,,,,,,,,
2018-10-10,07:50:00,COM VÍTIMA,FINALIZADA,SOLEDADE,RUA JOAQUIM FELIPE,60,AV JOAO DE BARROS,COM A AV JOÃO DE BARROS // EM FRENTE AO NUCE,RUA JOAQUIM FELIPE,60,COM A AV JOÃO DE BARROS // EM FRENTE AO NUCE,SOLEDADE,,,COLISÃO,COLISÃO ENTRE AUTO E MOTO C/V.,1,1,,,,,,,,1,,,,,,,,,,,,,,
2018-10-10,08:42:00,SEM VÍTIMA,FINALIZADA,ÁGUA FRIA,EST VELHA DE AGUA FRIA,63,,SENT BOMBA DO HEMETERIO / ESQ COM,EST VELHA DE AGUA FRIA,63,SENT BOMBA DO HEMETERIO / ESQ COM,ÁGUA FRIA,,,COLISÃO,DOIS AUTOS,2,,,,,,,,,0,,,,,,,,,,,,,,
2018-10-10,08:44:00,SEM VÍTIMA,FINALIZADA,GRAÇAS,AV RUI BARBOSA,370,,EM FRENTE A IGREJA DOS MANGUINHOS,AV RUI BARBOSA,370,EM FRENTE A IGREJA DOS MANGUINHOS,GRAÇAS,,,COLISÃO,COLISÃO SEM VITIMAS,2,,,,,,,,,0,,,,,,,,,,,,,,
2018-10-10,09:23:00,COM VÍTIMA,FINALIZADA,JAQUEIRA,RUA DO FUTURO,959,RUA DEPUTADO PEDRO PIRES FERREIRA,COM R. DEP. PEDRO PIRES FERREIRA // EM FRENTE AO LABORATÓRIO MARCELO MAGALHÃES E LIVRARIA JAQUEIRA,RUA DO FUTURO,959,COM R. DEP. PEDRO PIRES FERREIRA // EM FRENTE AO LABORATÓRIO MARCELO MAGALHÃES E LIVRARIA JAQUEIRA,JAQUEIRA,,,COLISÃO,COLISÃO ENTRE AUTO E MOTO C/V.,1,1,,,,,,,,2,,,,,,,,,,,,,,
2018-10-10,09:49:00,SEM VÍTIMA,FINALIZADA,PINA,AV ANTONIO DE GOES,62,,AO LADO DO RESTAURANTE BARGAÇO,AV ANTONIO DE GOES,62,AO LADO DO RESTAURANTE BARGAÇO,PINA,,,COLISÃO,COLISÃO SEM VITIMAS,,2,,,,,,,,0,,,,,,,,,,,,,,
2018-10-10,09:50:00,SEM VÍTIMA,FINALIZADA,ESPINHEIRO,AV GOVERNADOR AGAMENON MAGALHAES,,,SOBRE O VIADUTO / SENT OLINDA /BOA VIAGEM,AV GOVERNADOR AGAMENON MAGALHAES,,SOBRE O VIADUTO / SENT OLINDA /BOA VIAGEM,ESPINHEIRO,,,COLISÃO,TRES AUTOS,3,,,,,,,,,0,,,,,,,,,,,,,,
2018-10-10,09:52:00,SEM VÍTIMA,FINALIZADA,BOA VIAGEM,RUA ERNESTO DE PAULA SANTOS,4070,,E/F AO HOTEL MERCURY,RUA ERNESTO DE PAULA SANTOS,4070,E/F AO HOTEL MERCURY,BOA VIAGEM,,,COLISÃO,SM VÍTIMAS,2,,,,,,,,,0,,,,,,,,,,,,,,
2018-10-10,10:44:00,SEM VÍTIMA,FINALIZADA,IPSEP,AV RECIFE,,,SENTIDO MASCARENHA DE MORAES PROX AO POSTO DE GASOLINA FEDERAL SEMAFORO 130,AV RECIFE,,SENTIDO MASCARENHA DE MORAES PROX AO POSTO DE GASOLINA FEDERAL SEMAFORO 130,IPSEP,,,COLISÃO,COLISÃO SEM VITIMAS,1,,,,,1,,,,0,,,,,,,,,,,,,,
2018-10-10,11:03:00,SEM VÍTIMA,FINALIZADA,MADALENA,AV ENGENHEIRO ABDIAS DE CARVALHO,12,,EM FRENTE À BIG CAR // SENTIDO DERBY,AV ENGENHEIRO ABDIAS DE CARVALHO,12,EM FRENTE À BIG CAR // SENTIDO DERBY,MADALENA,,,COLISÃO,COLISÃO ENTRE AUTOS S/V.,2,,,,,,,,,0,,,,,,,,,,,,,,
2018-10-10,11:40:00,SEM VÍTIMA,FINALIZADA,BOA VISTA,RUA HENRIQUE DIAS,303,AV GOVERNADOR AGAMENON MAGALHAES,COM AV GOV. AGAMENON MAGALHÃES // EM FRENTE AO CREFITO // AO LADO DA ESTAÇÃO DA COMPESA,RUA HENRIQUE DIAS,303,COM AV GOV. AGAMENON MAGALHÃES // EM FRENTE AO CREFITO // AO LADO DA ESTAÇÃO DA COMPESA,BOA VISTA,,,COLISÃO,COLISÃO ENTRE AUTOS S/V.,2,,,,,,,,,0,,,,,,,,,,,,,,
2018-10-10,12:29:00,SEM VÍTIMA,CANCELADA,DERBY,AV GOVERNADOR AGAMENON MAGALHAES,,,EM FRENTE AO BRADESCO/ SENTIDO BOA VIAGEM,AV GOVERNADOR AGAMENON MAGALHAES,,EM FRENTE AO BRADESCO/ SENTIDO BOA VIAGEM,DERBY,,,COLISÃO,COLISÃO SEM VÍTIMA,1,,,,,,1,,,0,,,,,,,,,,,,,,
2018-10-10,12:50:00,SEM VÍTIMA,FINALIZADA,DERBY,RUA HENRIQUE DIAS,,,NA RUA DO COLEGIO DA POLICIA,RUA HENRIQUE DIAS,,NA RUA DO COLEGIO DA POLICIA,DERBY,,,COLISÃO,CARRETA COLIDIU COM UMA AUTO S/V / GM NO LOCAL MOTO 01,1,,,,,,1,,,0,,,,,,,,,,,,,,
2018-10-10,12:54:00,SEM VÍTIMA,FINALIZADA,BOA VISTA,AV CONDE DA BOA VISTA,,,PROXIMO AO SHOPPING BOA VISTA SENTIDO DERBY,AV CONDE DA BOA VISTA,,PROXIMO AO SHOPPING BOA VISTA SENTIDO DERBY,BOA VISTA,,,COLISÃO,COLISÃO ENTRE AMBULANCIA E UM ONIBUS,1,,,,,1,,,,0,,,,,,,,,,,,,,
2018-10-10,13:15:00,COM VÍTIMA,FINALIZADA,LINHA DO TIRO,RUA GUARAJA,,,NA RUA DO CALDINHO DO AMBRÓSIO E/F AO HABITACIONAL DA LINHA DO TIRO,RUA GUARAJA,,NA RUA DO CALDINHO DO AMBRÓSIO E/F AO HABITACIONAL DA LINHA DO TIRO,LINHA DO TIRO,,,COLISÃO,COLISAO ENTRE AUTO E MOTO COM UMA VITIMA,1,1,,,,,,,,1,,,,,,,,,,,,,,
2018-10-10,13:29:00,COM VÍTIMA,FINALIZADA,TORRE,RUA MARQUES DE MARICA,170,,NO SENTIDO AV MAURICIO DE NASSAU,RUA MARQUES DE MARICA,170,NO SENTIDO AV MAURICIO DE NASSAU,TORRE,,,COLISÃO,AUTO X MOTO,1,1,,,,,,,,1,,,,,,,,,,,,,,
2018-10-10,13:35:00,,CANCELADA,LINHA DO TIRO,RUA GUARAJA,65,,PROXIMO AO CALDINHO DE AMBROZIO,RUA GUARAJA,65,PROXIMO AO CALDINHO DE AMBROZIO,LINHA DO TIRO,,,COLISÃO,COLISÃO COM VÍTIMA,1,1,,,,,,,,1,,,,,,,,,,,,,,
2018-10-10,13:38:00,SEM VÍTIMA,FINALIZADA,BOA VIAGEM,RUA ERNESTO DE PAULA SANTOS,365,,PROX. AO COLEGIO ANCHIETA,RUA ERNESTO DE PAULA SANTOS,365,PROX. AO COLEGIO ANCHIETA,BOA VIAGEM,,,COLISÃO,AUTO E ONIBUS S/V,1,,,,,1,,,,0,,,,,,,,,,,,,,
2018-10-10,13:40:00,SEM VÍTIMA,CANCELADA,TORRE,RUA MARQUES DE MARICA,172,,PROX A PRAÇA DA TORRE E/F AO EDF PRAÇA DAS CAMELIAS,RUA MARQUES DE MARICA,172,PROX A PRAÇA DA TORRE E/F AO EDF PRAÇA DAS CAMELIAS,TORRE,,,COLISÃO,COLISAO ENTRE AUTO E MOTO COM UMA VITIMA,1,1,,,,,,,,0,,,,,,,,,,,,,,
2018-10-10,13:57:00,SEM VÍTIMA,FINALIZADA,ILHA DO RETIRO,RUA TABAIARES,,,AO LADO DO SPORT NA RUA DO SEBRAE,RUA TABAIARES,,AO LADO DO SPORT NA RUA DO SEBRAE,ILHA DO RETIRO,,,COLISÃO,COLISAO ENTRE MOTO E AUTO S/V,1,1,,,,,,,,0,,,,,,,,,,,,,,
2018-10-10,14:34:00,SEM VÍTIMA,FINALIZADA,GRAÇAS,RUA AMELIA,,,EM FRENTE A EXTRAFARMA,RUA AMELIA,,EM FRENTE A EXTRAFARMA,GRAÇAS,,,COLISÃO,COLISÃO SEM VÍTIMA,2,,,,,,,,,0,,,,,,,,,,,,,,
2018-10-10,,SEM VÍTIMA,FINALIZADA,VÁRZEA,AV AFONSO OLINDENSE,1654,,E/F AO INSTITUTO PADRE VENÂNCIO PROX A GARAGEM DO CRT,AV AFONSO OLINDENSE,1654,E/F AO INSTITUTO PADRE VENÂNCIO PROX A GARAGEM DO CRT,VÁRZEA,,,COLISÃO,COLISAO ENTRE AUTO E CAMINHAO S/V,1,,,,,,1,,,0,,,,,,,,,,,,,,
2018-10-10,14:43:00,SEM VÍTIMA,FINALIZADA,BOA VIAGEM,AV ENGENHEIRO DOMINGOS FERREIRA,1971,,AO LADO DA TOP DIAGNOSTICO,AV ENGENHEIRO DOMINGOS FERREIRA,1971,AO LADO DA TOP DIAGNOSTICO,BOA VIAGEM,,,COLISÃO,COLISAO ENTRE DOIS AUTOS S/V,2,,,,,,,,,0,,,,,,,,,,,,,,
2018-10-10,15:16:00,SEM VÍTIMA,FINALIZADA,BOA VISTA,RUA DOM BOSCO,,AV CONDE DA BOA VISTA,COM AV CONDE DA BOA VISTA NO SEMAFORO 027 E/F A EMLURB,RUA DOM BOSCO,,COM AV CONDE DA BOA VISTA NO SEMAFORO 027 E/F A EMLURB,BOA VISTA,,,COLISÃO,COLISAO ENTRE DOIS AUTOS S/V,2,,,,,,,,,0,,,,,,,,,,,,,,
2018-10-10,15:37:00,SEM VÍTIMA,FINALIZADA,DERBY,PRC DO DERBY,,,E/F AO QUARTEL DO DERBY BATEDOR MAXWELL MOTO 21 NO LOCAL,PRC DO DERBY,,E/F AO QUARTEL DO DERBY BATEDOR MAXWELL MOTO 21 NO LOCAL,DERBY,,,COLISÃO,COLISAO ENTRE AUTO E MOTO S/V,1,1,,,,,,,,0,,,,,,,,,,,,,,
2018-10-10,15:47:00,SEM VÍTIMA,FINALIZADA,TORRE,RUA REAL DA TORRE,,,PROX AO EXTRA NO SEMAFORO 192,RUA REAL DA TORRE,,PROX AO EXTRA NO SEMAFORO 192,TORRE,,,COLISÃO,COLISAO ENTRE DOIS AUTOS S/V,2,,,,,,,,,0,,,,,,,,,,,,,,
2018-10-10,16:02:00,SEM VÍTIMA,FINALIZADA,LINHA DO TIRO,RUA URIEL DE HOLANDA,1406,,PROX. AO TERMINAL DE LINHA DO TIRO,RUA URIEL DE HOLANDA,1406,PROX. AO TERMINAL DE LINHA DO TIRO,LINHA DO TIRO,,,COLISÃO,AUTO E ONIBUS ,1,,,,,1,,,,0,,,,,,,,,,,,,,
2018-10-10,16:23:00,SEM VÍTIMA,FINALIZADA,BAIRRO DO RECIFE,AV ALFREDO LISBOA,,,AO LADO DO MEMORIAL DA JUSTIÇA,AV ALFREDO LISBOA,,AO LADO DO MEMORIAL DA JUSTIÇA,BAIRRO DO RECIFE,,,COLISÃO,AUTO E CAMINHAO S/V,1,,,,,,1,,,0,,,,,,,,,,,,,,
2018-10-10,16:37:00,SEM VÍTIMA,FINALIZADA,PORTO DA MADEIRA,AV BEBERIBE,,,EM FRENTE AO CONJUNTO RESIDENCIAL JOÃO PAULO SEGUNDO,AV BEBERIBE,,EM FRENTE AO CONJUNTO RESIDENCIAL JOÃO PAULO SEGUNDO,PORTO DA MADEIRA,,,COLISÃO,COLISÃO SEM VÍTIMA,2,,,,,,,,,0,,,,,,,,,,,,,,
2018-10-10,16:47:00,SEM VÍTIMA,FINALIZADA,MONTEIRO,AV DEZESSETE DE AGOSTO,2665,,EM FRENTE A PRAÇA DO MONTEIRO,AV DEZESSETE DE AGOSTO,2665,EM FRENTE A PRAÇA DO MONTEIRO,MONTEIRO,,,COLISÃO,DOIS AUTOS S/V,2,,,,,,,,,0,,,,,,,,,,,,,,
2018-10-10,17:33:00,SEM VÍTIMA,CANCELADA,DOIS UNIDOS,RUA LEONCIO RODRIGUES,114,,PROXIMO AO TERMINAL JOSE ARMARINHO DOS REIS,RUA LEONCIO RODRIGUES,114,PROXIMO AO TERMINAL JOSE ARMARINHO DOS REIS,DOIS UNIDOS,,,COLISÃO,COLISÃO SEM VÍTIMA,1,,,,,1,,,,0,,,,,,,,,,,,,,
2018-10-10,17:41:00,COM VÍTIMA,FINALIZADA,ENCRUZILHADA,AV BEBERIBE,,,POSTO SHELL,AV BEBERIBE,,POSTO SHELL,ENCRUZILHADA,,,COLISÃO,COLISÃO AUTO E MOTO COM VÍTIMA,1,1,,,,,,,,1,,,,,,,,,,,,,,
2018-10-10,18:21:00,COM VÍTIMA,FINALIZADA,ARRUDA,AV PROFESSOR JOSE DOS ANJOS,,,NA FRENTE DO ARRUDA AO LADO DA QUADRA BEIRA DO CANAL,AV PROFESSOR JOSE DOS ANJOS,,NA FRENTE DO ARRUDA AO LADO DA QUADRA BEIRA DO CANAL,ARRUDA,,,COLISÃO,COLISÃO COM VITIMA,1,1,,,,,,,,1,,,,,,,,,,,,,,
2018-10-10,19:55:00,COM VÍTIMA,FINALIZADA,IMBIRIBEIRA,RUA ITAJAI,,,COLISÃO MOTO E AUTO / RUA POR TRAZ DO BANCO ITAU,RUA ITAJAI,,COLISÃO MOTO E AUTO / RUA POR TRAZ DO BANCO ITAU,IMBIRIBEIRA,,,COLISÃO,COLISÃO COM VITIMA,1,1,,,,,,,,1,,,,,,,,,,,,,,
2018-10-10,20:27:00,SEM VÍTIMA,FINALIZADA,TORRÕES,AV ENGENHEIRO ABDIAS DE CARVALHO,285,,SEMAFORO 375 ENF AO POSTO IPIRANGA,AV ENGENHEIRO ABDIAS DE CARVALHO,285,SEMAFORO 375 ENF AO POSTO IPIRANGA,TORRÕES,,,COLISÃO,MOBI X AUTO,2,,,,,,,,,0,,,,,,,,,,,,,,
2018-10-11,07:35:00,SEM VÍTIMA,FINALIZADA,PINA,AV ANTONIO DE GOES,,,EM FRENTE AO LABORATORIO LUCILO AVILA,AV ANTONIO DE GOES,,EM FRENTE AO LABORATORIO LUCILO AVILA,PINA,,,COLISÃO,SEM VITIMAS CTTU NO LOCAL ANDRE SANTOS,2,,,,,,,,,0,,,,,,,,,,,,,,
2018-10-11,08:00:00,COM VÍTIMA,FINALIZADA,TORRE,RUA JOSE DE HOLANDA,,RUA JOSE BONIFACIO,SEMAFORO 601/CRUZAMENTO COM A RUA JOSE BONIFACIO,RUA JOSE DE HOLANDA,,SEMAFORO 601/CRUZAMENTO COM A RUA JOSE BONIFACIO,TORRE,,,COLISÃO,COM UMA VITIMA AGUARDANDO SAMU,1,1,,,,,,,,1,,,,,,,,,,,,,,
2018-10-11,08:16:00,COM VÍTIMA,FINALIZADA,FUNDÃO,AV BEBERIBE,2446,,PROXIMO A AUTO ESCOLA PILOTO,AV BEBERIBE,2446,PROXIMO A AUTO ESCOLA PILOTO,FUNDÃO,,,COLISÃO,COLISÃO COM VITIMA,1,1,,,,,,,,1,,,,,,,,,,,,,,
2018-10-11,08:18:00,SEM VÍTIMA,CANCELADA,ROSARINHO,AV NORTE,,,EM FRENTE FACIL PNEUS/SENT/CIDADE,AV NORTE,,EM FRENTE FACIL PNEUS/SENT/CIDADE,ROSARINHO,,,COLISÃO,SEM VITIMAS.,2,,,,,,,,,0,,,,,,,,,,,,,,
2018-10-11,08:42:00,COM VÍTIMA,FINALIZADA,CASA AMARELA,AV NORTE,5400,,APÓS A DESCIDA DO MORRO,AV NORTE,5400,APÓS A DESCIDA DO MORRO,CASA AMARELA,,,ATROPELAMENTO,MOCICLISTA E PEDESTRE. MOTOCICLISTA ESPERA O SOCORRO E ATROPELADO SEGUIU DESTINO IGNORADO,,1,,,1,,,,,1,,,,,,,,,,,,,,
2018-10-11,09:52:00,SEM VÍTIMA,FINALIZADA,IBURA,AV DOIS RIOS,117,,EM FRENTE A LOJA ZÉ TINTAS,AV DOIS RIOS,117,EM FRENTE A LOJA ZÉ TINTAS,IBURA,,,COLISÃO,SEM VITIMAS,2,,,,,,,,,0,,,,,,,,,,,,,,
2018-10-11,09:56:00,SEM VÍTIMA,FINALIZADA,BOA VIAGEM,AVENIDA CELSO FURTADO (VIA MANGUE),,,POR TRAS DO SHOPPING CENTER RECIFE,AVENIDA CELSO FURTADO (VIA MANGUE),,POR TRAS DO SHOPPING CENTER RECIFE,BOA VIAGEM,,,COLISÃO,COLISÃO SEM VITIMAS,2,,,,,,,,,0,,,,,,,,,,,,,,
2018-10-11,11:31:00,SEM VÍTIMA,CANCELADA,DERBY,RUA JENER DE SOUZA,,RUA DA BAIXA VERDE,COM RUA DA BAIXA VERDE // EM FRENTE À PRAÇA JENNER DE SOUZA,RUA JENER DE SOUZA,,COM RUA DA BAIXA VERDE // EM FRENTE À PRAÇA JENNER DE SOUZA,DERBY,,,COLISÃO,COLISÃO S/V.,1,,,,,,1,,,0,,,,,,,,,,,,,,
2018-10-11,12:35:00,COM VÍTIMA,FINALIZADA,PINA,AV CONSUL JOSEPH NOUJAIM,40,,EM FRENTE AO EDF ESQUINA 40,AV CONSUL JOSEPH NOUJAIM,40,EM FRENTE AO EDF ESQUINA 40,PINA,,,COLISÃO,ONIBUS E MOTO,,1,,,,1,,,,2,,,,,,,,,,,,,,