data,hora,natureza_acidente,situacao,bairro,endereco,numero,detalhe_endereco_acidente,complemento,endereco_cruzamento,numero_cruzamento,referencia_cruzamento,bairro_cruzamento,num_semaforo,sentido_via,tipo,descricao,auto,moto,ciclom,ciclista,pedestre,onibus,caminhao,viatura,outros,vitimas,vitimasfatais,acidente_verificado,tempo_clima,situacao_semaforo,sinalizacao,condicao_via,conservacao_via,ponto_controle,situacao_placa,velocidade_max_via,mao_direcao,divisao_via1,divisao_via2,divisao_via3
2018-10-11,12:46:00,SEM VÍTIMA,FINALIZADA,IMBIRIBEIRA,AV MARECHAL MASCARENHAS DE MORAES,4831,,SENT CIDADE,AV MARECHAL MASCARENHAS DE MORAES,4831,SENT CIDADE,IMBIRIBEIRA,,,COLISÃO,TRES AUTOS,3,,,,,,,,,0,,,,,,,,,,,,,,
2018-10-11,12:49:00,SEM VÍTIMA,FINALIZADA,DOIS IRMÃOS,AV DEZESSETE DE AGOSTO,,,SEMAFORO 416 / EM FRENTE AO HOTEL SENZALA,AV DEZESSETE DE AGOSTO,,SEMAFORO 416 / EM FRENTE AO HOTEL SENZALA,DOIS IRMÃOS,,,COLISÃO,DOIS AUTOS,2,,,,,,,,,0,,,,,,,,,,,,,,
2018-10-11,13:13:00,SEM VÍTIMA,CANCELADA,MADALENA,AV VISCONDE DE ALBUQUERQUE,913,,EM FRENTE AO CORREIOS,AV VISCONDE DE ALBUQUERQUE,913,EM FRENTE AO CORREIOS,MADALENA,,,COLISÃO,DOIS AUTOS,2,,,,,,,,,0,,,,,,,,,,,,,,
2018-10-11,13:18:00,SEM VÍTIMA,FINALIZADA,MACAXEIRA,AV NORTE,7386,,EM FRENTE A IGREJA DOS MORMOS / SENT SUB,AV NORTE,7386,EM FRENTE A IGREJA DOS MORMOS / SENT SUB,MACAXEIRA,,,COLISÃO,ONIBUS E KOMBI,1,,,,,1,,,,0,,,,,,,,,,,,,,
2018-10-11,13:18:00,SEM VÍTIMA,CANCELADA,BAIRRO DO RECIFE,AV MARQUES DE OLINDA,,RUA MADRE DEUS,SEMAFORO 020,AV MARQUES DE OLINDA,,SEMAFORO 020,BAIRRO DO RECIFE,,,COLISÃO,AUTO E ONIBUS ,1,,,,,1,,,,0,,,,,,,,,,,,,,
2018-10-11,14:00:00,SEM VÍTIMA,FINALIZADA,IMBIRIBEIRA,AV MARECHAL MASCARENHAS DE MORAES,,,SEMAFORO 289 / SENT AEROPORTO / EM FRENTE A TEL CABOS,AV MARECHAL MASCARENHAS DE MORAES,,SEMAFORO 289 / SENT AEROPORTO / EM FRENTE A TEL CABOS,IMBIRIBEIRA,,,COLISÃO,DOIS AUTOS,2,,,,,,,,,0,,,,,,,,,,,,,,
2018-10-11,14:07:00,SEM VÍTIMA,FINALIZADA,PINA,AV ENCANTA MOCA,260,,PROX AO MERCADO ENCANTA MOÇA,AV ENCANTA MOCA,260,PROX AO MERCADO ENCANTA MOÇA,PINA,,,COLISÃO,DOIS AUTOS,2,,,,,,,,,0,,,,,,,,,,,,,,
2018-10-11,14:23:00,SEM VÍTIMA,FINALIZADA,BOA VIAGEM,AV ENGENHEIRO DOMINGOS FERREIRA,,,EM FRENTE A ESCOLA MUNICIPAL OSWALDO LIMA FILHO,AV ENGENHEIRO DOMINGOS FERREIRA,,EM FRENTE A ESCOLA MUNICIPAL OSWALDO LIMA FILHO,BOA VIAGEM,,,COLISÃO,COLISÃO SEM VÍTIMA,2,,,,,,,,,0,,,,,,,,,,,,,,
2018-10-11,14:35:00,COM VÍTIMA,FINALIZADA,BOA VISTA,AV GOVERNADOR CARLOS DE LIMA CAVALCANTI,63,,PROX. AO POSTO IPIRANGA,AV GOVERNADOR CARLOS DE LIMA CAVALCANTI,63,PROX. AO POSTO IPIRANGA,BOA VISTA,,,COLISÃO,AUTO E MOTO C/V,1,1,,,,,,,,1,,,,,,,,,,,,,,
2018-10-11,14:45:00,SEM VÍTIMA,FINALIZADA,MADALENA,RUA BENFICA,,EST DOS REMEDIOS,EM FRENTE AO POSTO EXTRA/ CRUZAMENTO COM A ESTRADA DOS REMEDIOS,RUA BENFICA,,EM FRENTE AO POSTO EXTRA/ CRUZAMENTO COM A ESTRADA DOS REMEDIOS,MADALENA,,,COLISÃO,COLISÃO SEM VÍTIMA,1,1,,,,,,,,0,,,,,,,,,,,,,,
2018-10-11,14:59:00,COM VÍTIMA,FINALIZADA,BOA VIAGEM,AV BOA VIAGEM,2510,,EM FRENTE AO EDF RENATO BEZERRA DE MELO,AV BOA VIAGEM,2510,EM FRENTE AO EDF RENATO BEZERRA DE MELO,BOA VIAGEM,,,COLISÃO,CAMINHAO E MOTO,,1,,,,,1,,,1,,,,,,,,,,,,,,
2018-10-11,15:41:00,SEM VÍTIMA,FINALIZADA,AREIAS,AV RECIFE,,,EM CIMA DO PONTILHAO DO METRO  SENTIDO CAXANGA  APOS O VIADUTO DO MAKRO,AV RECIFE,,EM CIMA DO PONTILHAO DO METRO  SENTIDO CAXANGA  APOS O VIADUTO DO MAKRO,AREIAS,,,ENGAVETAMENTO,AUTO   ONIBUS E CARRETA S/V,1,,,,,1,1,,,0,,,,,,,,,,,,,,
2018-10-11,15:48:00,SEM VÍTIMA,FINALIZADA,IMBIRIBEIRA,AV MARECHAL MASCARENHAS DE MORAES,,,EM FRENTE A IMBIRIBEIRA DIESEL/ SENTIDO AFOGADOS,AV MARECHAL MASCARENHAS DE MORAES,,EM FRENTE A IMBIRIBEIRA DIESEL/ SENTIDO AFOGADOS,IMBIRIBEIRA,,,COLISÃO,COLISÃO SEM VÍTIMA,3,,,,,,,,,0,,,,,,,,,,,,,,
2018-10-11,15:55:00,SEM VÍTIMA,FINALIZADA,BONGI,RUA DONA MARIA AUGUSTA NOGUEIRA,519,,EM FRENTE A SECRETARIA DE SAUDE,RUA DONA MARIA AUGUSTA NOGUEIRA,519,EM FRENTE A SECRETARIA DE SAUDE,BONGI,,,COLISÃO,MOTO E ONIBUS,1,1,,,,,,,,0,,,,,,,,,,,,,,
2018-10-11,15:55:00,SEM VÍTIMA,FINALIZADA,SANTO AMARO,AV GOVERNADOR AGAMENON MAGALHAES,,,EM FRENTE AO POSTO BR E PROXIMO AO TACARUNA / SENTIDO OLINDA,AV GOVERNADOR AGAMENON MAGALHAES,,EM FRENTE AO POSTO BR E PROXIMO AO TACARUNA / SENTIDO OLINDA,SANTO AMARO,,,COLISÃO,COLISÃO SEM VÍTIMA,3,,,,,,,,,0,,,,,,,,,,,,,,
2018-10-11,16:12:00,COM VÍTIMA,FINALIZADA,AREIAS,AV RECIFE,,,PONTE DO CAÇOTE,AV RECIFE,,PONTE DO CAÇOTE,AREIAS,,,ATROPELAMENTO,ATROPELAMENTO DE PEDESTRE,1,,,,1,,,,,1,,,,,,,,,,,,,,
2018-10-11,17:12:00,COM VÍTIMA,FINALIZADA,ILHA DO LEITE,PTE JOSE DE BARROS LIMA,,,SUBIDA DA PONTE JOSÉ DE BARROS LIMA  E/F AO HOSPITAL PORTUGUÊS,PTE JOSE DE BARROS LIMA,,SUBIDA DA PONTE JOSÉ DE BARROS LIMA  E/F AO HOSPITAL PORTUGUÊS,ILHA DO LEITE,,,COLISÃO,ACIDENTE COM VÍTIMA ENTRE CARRO E MOTOCICLISTA,1,1,,,,,,,,1,,,,,,,,,,,,,,
2018-10-11,17:47:00,SEM VÍTIMA,FINALIZADA,BAIRRO DO RECIFE,CAIS DO APOLO,,,EM FRENTE AO TRIBUNAL REGIONAL E A EMPRESA CESAR,CAIS DO APOLO,,EM FRENTE AO TRIBUNAL REGIONAL E A EMPRESA CESAR,BAIRRO DO RECIFE,,,COLISÃO,COLISÃO SEM VÍTIMA,1,1,,,,,,,,0,,,,,,,,,,,,,,
2018-10-11,19:15:00,SEM VÍTIMA,FINALIZADA,MADALENA,AV CAXANGA,,,ENTRE A PRIMEIRA PARADA DO BRT E O SEMAFORO DA JOSE OSORIO PROX A AUTO ESCOLA // SENTIDO SUBURBIO,AV CAXANGA,,ENTRE A PRIMEIRA PARADA DO BRT E O SEMAFORO DA JOSE OSORIO PROX A AUTO ESCOLA // SENTIDO SUBURBIO,MADALENA,,,COLISÃO,ONIBUS X SAVERO X MERIVA,2,,,,,1,,,,0,,,,,,,,,,,,,,
2018-10-11,19:24:00,SEM VÍTIMA,FINALIZADA,IMBIRIBEIRA,AV MARECHAL MASCARENHAS DE MORAES,,,ENF A LOJA DA TROLLE ( JEEP) SENTIDO AEROPORTO,AV MARECHAL MASCARENHAS DE MORAES,,ENF A LOJA DA TROLLE ( JEEP) SENTIDO AEROPORTO,IMBIRIBEIRA,,,COLISÃO COM CICLISTA,MOTO X CLASSIC X CICLISTA,1,1,,1,,,,,,0,,,,,,,,,,,,,,
2018-10-11,19:53:00,SEM VÍTIMA,FINALIZADA,PINA,AV HERCULANO BANDEIRA,855,RUA NOGUEIRA DE SOUZA,CRUZAMENTO COM A RUA NOGUEIRA DE SOUZA,AV HERCULANO BANDEIRA,855,CRUZAMENTO COM A RUA NOGUEIRA DE SOUZA,PINA,,,COLISÃO,ONIBUS X CITROEN,1,,,,,1,,,,0,,,,,,,,,,,,,,
2018-10-11,21:36:00,SEM VÍTIMA,CANCELADA,ESTÂNCIA,AV RECIFE,,,NO INICIO DA AV RECICE / E/F AO POSTO BR E PRÓX AO MAKRO / SNT BV,AV RECIFE,,NO INICIO DA AV RECICE / E/F AO POSTO BR E PRÓX AO MAKRO / SNT BV,ESTÂNCIA,,,COLISÃO,ENTRE 2 AUTOS. S/V,,,,,,,,,,0,,,,,,,,,,,,,,
2018-10-11,21:39:00,COM VÍTIMA,CANCELADA,CORDEIRO,AV GENERAL SAN MARTIN,1208,,ENF AO COMPAZ,AV GENERAL SAN MARTIN,1208,ENF AO COMPAZ,CORDEIRO,,,COLISÃO,MOTO X AGILE,1,1,,,,,,,,1,,,,,,,,,,,,,,
2018-10-11,21:52:00,COM VÍTIMA,FINALIZADA,ESTÂNCIA,AV DR JOSE RUFINO,754,,POR BAIXO DO VIADUTO / E/F A SOCORRO DOCES E SALGADOS / PRÓX AO ARMAZÉM CORAL,AV DR JOSE RUFINO,754,POR BAIXO DO VIADUTO / E/F A SOCORRO DOCES E SALGADOS / PRÓX AO ARMAZÉM CORAL,ESTÂNCIA,,,COLISÃO,ENTRE AUTO E MOTO. C/V,1,1,,,,,,,,2,,,,,,,,,,,,,,
2018-10-11,22:04:00,COM VÍTIMA,FINALIZADA,TAMARINEIRA,RUA DR JOSE MARIA,,,APOIS O PORTAL DA PICANHA // SENTIDO PARQUE DA JAQUEIRA,RUA DR JOSE MARIA,,APOIS O PORTAL DA PICANHA // SENTIDO PARQUE DA JAQUEIRA,TAMARINEIRA,,,COLISÃO,MOTO X RENO DUSTER,1,1,,,,,,,,1,,,,,,,,,,,,,,
2018-10-12,00:46:00,SEM VÍTIMA,FINALIZADA,BOA VIAGEM,RUA VISCONDE DE JEQUITINHONHA,1400,,EM FRENTE AO RECIFE FLAT,RUA VISCONDE DE JEQUITINHONHA,1400,EM FRENTE AO RECIFE FLAT,BOA VIAGEM,,,COLISÃO,COLISÁO ENTRE DOIS AUTOS S/V.,2,,,,,,,,,0,,,,,,,,,,,,,,
2018-10-12,04:32:00,SEM VÍTIMA,FINALIZADA,MADALENA,EST DOS REMEDIOS,,AV ENGENHEIRO ABDIAS DE CARVALHO,CRUZAMENTO COM A AV ADBIAS DE CARVALHO // SEMAFORO 052,EST DOS REMEDIOS,,CRUZAMENTO COM A AV ADBIAS DE CARVALHO // SEMAFORO 052,MADALENA,52,CIDADE,ABALROAMENTO LONGITUDINAL,COLISÁO ENTRE DOIS AUTOS S/V.,2,,,,,,,,,0,,Cruzamento,Bom,Sem defeito,Perfeito estado,Seca,Perfeito estado,Agente,,60 km/h,Única,Faixa contínua,,
2018-10-12,05:12:00,COM VÍTIMA,CANCELADA,DOIS IRMÃOS,RUA MANUEL DE MEDEIROS,,,E/F A CASA DE ESTUDANTES DA FACULDADE RURAL,RUA MANUEL DE MEDEIROS,,E/F A CASA DE ESTUDANTES DA FACULDADE RURAL,DOIS IRMÃOS,,,COLISÃO,ENTRE ÔNIBUS E AUTO. C/V,1,,,,,1,,,,1,,,,,,,,,,,,,,
2018-10-12,10:35:00,SEM VÍTIMA,FINALIZADA,JARDIM SÃO PAULO,AV SAO PAULO,625,,EM FRENTE A FARMACIA PAQUE MENOS,AV SAO PAULO,625,EM FRENTE A FARMACIA PAQUE MENOS,JARDIM SÃO PAULO,,,COLISÃO,DOIS AUTOS,2,,,,,,,,,0,,,,,,,,,,,,,,
2018-10-12,11:32:00,SEM VÍTIMA,FINALIZADA,TEJIPIÓ,AV DR JOSE RUFINO,,,AO LADO DO COLEGIO ESTADUAL EDWIRGENS DE SA PEREIRA,AV DR JOSE RUFINO,,AO LADO DO COLEGIO ESTADUAL EDWIRGENS DE SA PEREIRA,TEJIPIÓ,,SUBURBIO,COLISÃO TRASEIRA,SEM VITIMAS/CTTU VT 24 NO LOCAL,2,,,,,,,,,0,,Longo da via,Bom,Não existe,Não existente,Seca,Perfeito estado,Não existe,Não há placas,,Dupla,Faixa contínua,,
2018-11-08,07:46:00,SEM VÍTIMA,,DOIS IRMÃOS,RUA MANUEL DE MEDEIROS,,,EM FRENTE A PRAÇA DOIS IRMÃOS,RUA MANUEL DE MEDEIROS,,EM FRENTE A PRAÇA DOIS IRMÃOS,DOIS IRMÃOS,189,SUBURBIO,COLISÃO TRASEIRA,COLISÃO SEM VITIMAS,2,,,,,,,,,0,,Outros,Bom,Sem defeito,Perfeito estado,Seca,Perfeito estado,,Outras,30 km/h,Dupla,Faixa contínua,,
2018-10-12,12:50:00,SEM VÍTIMA,FINALIZADA,IMBIRIBEIRA,AV MARECHAL MASCARENHAS DE MORAES,4052,,EM FRENTE AO ATACADO DOS PRESENTES  SENTIDO CABO,AV MARECHAL MASCARENHAS DE MORAES,4052,EM FRENTE AO ATACADO DOS PRESENTES  SENTIDO CABO,IMBIRIBEIRA,,SUBURBIO,ABALROAMENTO LONGITUDINAL,ONIBUS E CAMINHAO S/V,,,,,,1,1,,,0,,Longo da via,Bom,Não existe,Perfeito estado,Seca,Perfeito estado,Não existe,Não há placas,,Dupla,Canteiro central,,
2018-10-12,13:23:00,SEM VÍTIMA,FINALIZADA,CAMPO GRANDE,AV GOVERNADOR AGAMENON MAGALHAES,282,,ALÇA DE RETORNO PARA VIA LOCAL / PRÓX A O 13º BPM,AV GOVERNADOR AGAMENON MAGALHAES,282,ALÇA DE RETORNO PARA VIA LOCAL / PRÓX A O 13º BPM,CAMPO GRANDE,,SUBURBIO,CHOQUE VEÍCULO PARADO,COLISÃO SEM VITIMAS,2,,,,,,,,,0,,Outros,Bom,Não existe,Não existente,Seca,Perfeito estado,Não existe,Não há placas,30 km/h,Única,Não existe,,
2018-10-12,13:33:00,SEM VÍTIMA,CANCELADA,COELHOS,RUA PADRE VENANCIO,,,EM FRENTE AO HOSPITAL IMIP ENTRE A PRACINHA DA MATARAZZO,RUA PADRE VENANCIO,,EM FRENTE AO HOSPITAL IMIP ENTRE A PRACINHA DA MATARAZZO,COELHOS,,,COLISÃO,COLISÃO SEM VITIMAS,2,,,,,,,,,0,,,,,,,,,,,,,,
2018-10-12,14:16:00,SEM VÍTIMA,CANCELADA,IMBIRIBEIRA,RUA PARIS,630,,EM FRENTE A EMPRESA YAKULT,RUA PARIS,630,EM FRENTE A EMPRESA YAKULT,IMBIRIBEIRA,,,COLISÃO,COLISÃO SEM VÍTIMA,2,,,,,,,,,0,,,,,,,,,,,,,,
2018-10-12,15:59:00,SEM VÍTIMA,FINALIZADA,BOA VIAGEM,RUA ERNESTO DE PAULA SANTOS,1277,,APOS O VIADUTO TANCREDO NEVES TERCEIRA RUA AO LADO ESQUERDO  SENTIDO PRAIA EM FRENTE AO CORREIOS,RUA ERNESTO DE PAULA SANTOS,1277,APOS O VIADUTO TANCREDO NEVES TERCEIRA RUA AO LADO ESQUERDO  SENTIDO PRAIA EM FRENTE AO CORREIOS,BOA VIAGEM,,,ENGAVETAMENTO,ENTRE QUATRO VEICULOS  DOIS SE EVADIRAM  E 2 PERMANECEM DOIS NO LOCAL,4,,,,,,,,,0,,,,,,,,,,,,,,
2018-10-12,17:49:00,SEM VÍTIMA,FINALIZADA,SANTO AMARO,AV GOVERNADOR AGAMENON MAGALHAES,,,E/F AO POSTO DISLUB  SNT OLINDA,AV GOVERNADOR AGAMENON MAGALHAES,,E/F AO POSTO DISLUB  SNT OLINDA,SANTO AMARO,,SUBURBIO,ABALROAMENTO LONGITUDINAL,ENTRE 2 AUTOS. S/V,2,,,,,,,,,0,,Longo da via,Bom,Não existe,Perfeito estado,Seca,Perfeito estado,,Outras,,Dupla,Canteiro central,,
2018-10-12,17:53:00,SEM VÍTIMA,FINALIZADA,DERBY,RUA JENER DE SOUZA,,PRC DO DERBY,EM FRENTE AO QUARTEL DO DERBY,RUA JENER DE SOUZA,,EM FRENTE AO QUARTEL DO DERBY,DERBY,,SUBURBIO,ABALROAMENTO LONGITUDINAL,COLISÃO ENTRE AUTO E ONIBUS S/V,1,,,,,1,,,,0,,Outros,Bom,Não existe,Perfeito estado,Seca,Perfeito estado,Não existe,Placas Pare,,Única,Não existe,,
2018-10-12,18:25:00,SEM VÍTIMA,FINALIZADA,GRAÇAS,RUA ENGENHEIRO EDGAR D'AMORIM,,RUA DO FUTURO,CRUZAMENTO COM RUA DO FUTURO,RUA ENGENHEIRO EDGAR D'AMORIM,,CRUZAMENTO COM RUA DO FUTURO,GRAÇAS,521,SUBURBIO,ABALROAMENTO LONGITUDINAL,COLISÃO ENTRE AUTO E MOTO S/V,1,1,,,,,,,,0,,Cruzamento,Bom,Sem defeito,Perfeito estado,Seca,Perfeito estado,Não existe,Não há placas,,Única,Faixa seccionada,,
2018-10-12,19:49:00,COM VÍTIMA,FINALIZADA,APIPUCOS,RUA DE APIPUCOS,,RUA CORONEL JOAO BATISTA DO REGO BARROS,COM RUA CEL. JOÃO BATISTA DO REGO BARROS  SEMÁFORO 540,RUA DE APIPUCOS,,COM RUA CEL. JOÃO BATISTA DO REGO BARROS  SEMÁFORO 540,APIPUCOS,,,COLISÃO,COLISÃO ENTRE AUTO E MOTO C/V,1,1,,,,,,,,1,,,,,,,,,,,,,,
2018-10-12,19:51:00,SEM VÍTIMA,FINALIZADA,SANTO AMARO,AV CRUZ CABUGA,,,E/F AO CEMITÉRIO DOS INGLESES E MERCADO DE SANTO AMARO  SNT CID,AV CRUZ CABUGA,,E/F AO CEMITÉRIO DOS INGLESES E MERCADO DE SANTO AMARO  SNT CID,SANTO AMARO,455,CIDADE,ABALROAMENTO TRANSVERSAL,ENTRE 2 AUTOS. S/V,2,,,,,,,,,0,,Longo da via,Bom,Sem defeito,Perfeito estado,Seca,Perfeito estado,Faixa de pedestre,Outras,,Dupla,Faixa contínua,,
2018-10-12,20:05:00,SEM VÍTIMA,FINALIZADA,BOA VIAGEM,RUA TENENTE DOMINGOS DE BRITO,50,,EM FRENTE IGREJA FONTE DA VIDA  PROX DO AQUARIUS LANCHES,RUA TENENTE DOMINGOS DE BRITO,50,EM FRENTE IGREJA FONTE DA VIDA  PROX DO AQUARIUS LANCHES,BOA VIAGEM,,SUBURBIO,ABALROAMENTO LONGITUDINAL,,1,,,,,,,,,0,,Longo da via,Bom,Sem defeito,Perfeito estado,Seca,Perfeito estado,Não existe,Outras,,Única,Não existe,,
2018-10-12,21:53:00,SEM VÍTIMA,FINALIZADA,ÁGUA FRIA,AV BEBERIBE,,,EM FRENTE AO MERCADO DE ÁGUA FRIA,AV BEBERIBE,,EM FRENTE AO MERCADO DE ÁGUA FRIA,ÁGUA FRIA,,SUBURBIO,ABALROAMENTO LONGITUDINAL,COLISÃO ENTRE VIATURA DA PM E MOTO S/V,,1,,,,,,1,,0,,Longo da via,Bom,Sem defeito,Perfeito estado,Seca,Perfeito estado,Não existe,Não há placas,,Dupla,Faixa contínua,,
2018-10-12,22:25:00,SEM VÍTIMA,FINALIZADA,IPSEP,RUA HELIO BRANDAO,135,RUA ADERBAL DE MELO,PRÓX AO CHAMBARIL DO JOÃO,RUA HELIO BRANDAO,135,PRÓX AO CHAMBARIL DO JOÃO,IPSEP,,SUBURBIO,ABALROAMENTO LONGITUDINAL,ENTRE 2 AUTOS. S/V,2,,,,,,,,,0,,Cruzamento,Bom,Não existe,Ilegível,Seca,Perfeito estado,,Placas Pare,,Dupla,Faixa seccionada,,
2018-10-13,09:29:00,SEM VÍTIMA,FINALIZADA,ESTÂNCIA,AV RECIFE,5421,,EM FRENTE AO POSTO TOTAL/SENTIDO BOA VIAGEM,AV RECIFE,5421,EM FRENTE AO POSTO TOTAL/SENTIDO BOA VIAGEM,ESTÂNCIA,,,CHOQUE VEÍCULO PARADO,SEM VITIMAS,2,,,,,,,,,0,,Longo da via,Bom,Sem defeito,Perfeito estado,Seca,Perfeito estado,,Outras,60 km/h,Dupla,Canteiro central,,
2018-10-13,10:34:00,COM VÍTIMA,FINALIZADA,SÃO JOSÉ,RUA IMPERIAL,981,,E/F A SAB EXPRESS  SEMÁFORO 510,RUA IMPERIAL,981,E/F A SAB EXPRESS  SEMÁFORO 510,SÃO JOSÉ,,,COLISÃO,SEM VÍTIMAS. HÁ UMA GESTANTE ENTRE OS ENVOLVIDOS NA COLISÃO.,2,,,,,,,,,1,,,,,,,,,,,,,,
2018-10-13,11:21:00,SEM VÍTIMA,CANCELADA,BOA VIAGEM,AV ARMINDO MOURA,,,,AV ARMINDO MOURA,,,BOA VIAGEM,,,COLISÃO,,,,,,,,,,,0,,,,,,,,,,,,,,
2018-10-13,11:21:00,SEM VÍTIMA,CANCELADA,BARRO,AV DR JOSE RUFINO,2116,,SENT/JABOATÃOEM FRENTE AO CONJUNTO RESIDECIAL ALAMEDA PARKE,AV DR JOSE RUFINO,2116,SENT/JABOATÃOEM FRENTE AO CONJUNTO RESIDECIAL ALAMEDA PARKE,BARRO,,,COLISÃO,SEM VITIMAS,1,,,,,,1,,,0,,,,,,,,,,,,,,
2018-10-13,15:27:00,SEM VÍTIMA,CANCELADA,MANGUEIRA,AV DR JOSE RUFINO,,,ATACAREJO,AV DR JOSE RUFINO,,ATACAREJO,MANGUEIRA,,,COLISÃO,COLISÃO SEM VITIMAS,2,,,,,,,,,0,,,,,,,,,,,,,,
2018-10-13,18:45:00,SEM VÍTIMA,FINALIZADA,IMBIRIBEIRA,RUA ANTONIO FALCAO,80,1 TRV JUSTICA E PAZ,AO LADO DO POSTO IPIRANGA / E/F AO EDF MARIA FERREIRA DE CASTRO,RUA ANTONIO FALCAO,80,AO LADO DO POSTO IPIRANGA / E/F AO EDF MARIA FERREIRA DE CASTRO,IMBIRIBEIRA,,SUBURBIO,ABALROAMENTO LONGITUDINAL,ENTRE 3 AUTOS. S/V,2,,,,,,,,1,0,,Longo da via,Bom,Não existe,Perfeito estado,Seca,Perfeito estado,Não existe,Placas Dê a preferência,40 km/h,Única,Faixa seccionada,,
2018-10-13,18:52:00,SEM VÍTIMA,FINALIZADA,BOA VISTA,AV VISCONDE DE SUASSUNA,,,PROX.AO CAFE SÃO BRAZ  JUNTO AO SEMAFORO 244,AV VISCONDE DE SUASSUNA,,PROX.AO CAFE SÃO BRAZ  JUNTO AO SEMAFORO 244,BOA VISTA,244,SUBURBIO,COLISÃO TRASEIRA,COLISÃO SEM VITIMAS,2,,,,,,,,,0,,Outros,Bom,Sem defeito,Perfeito estado,Seca,Perfeito estado,Outros,Outras,,Única,,,
2018-10-13,19:15:00,COM VÍTIMA,FINALIZADA,BARRO,AV DR JOSE RUFINO,,,JUNTO AO SEMÁFORO 044  POSTO SHELL...SENTIDO JABOATÃO,AV DR JOSE RUFINO,,JUNTO AO SEMÁFORO 044  POSTO SHELL...SENTIDO JABOATÃO,BARRO,,,COLISÃO,COLISÃO COM VÍTMA/ O SOLICITANTE ESTA AGUARDANDO O SAMU NO LOCAL  PESSOAS O SENTARAM EM UMA CADEIRA DENTRO DO POSTO E REMOVERAM OS VEÍCULOS DA VIA,1,1,,,,,,,,1,,,,,,,,,,,,,,
2018-10-13,20:13:00,SEM VÍTIMA,FINALIZADA,MADALENA,AV VISCONDE DE ALBUQUERQUE,,,NA FRENTE DA FARMACIA INDEPENDENTE,AV VISCONDE DE ALBUQUERQUE,,NA FRENTE DA FARMACIA INDEPENDENTE,MADALENA,,,COLISÃO TRASEIRA,COLISÃO SEM VITIMAS,2,,,,,,,,,0,,Longo da via,Bom,Sem defeito,Perfeito estado,Seca,Perfeito estado,Faixa de pedestre,,,Única,Faixa seccionada,,
2018-10-13,22:05:00,SEM VÍTIMA,CANCELADA,TEJIPIÓ,RUA PRESIDENTE OLEGARIO MACIEL,155,,PROX. AO CLUB DO COLONIA,RUA PRESIDENTE OLEGARIO MACIEL,155,PROX. AO CLUB DO COLONIA,TEJIPIÓ,,,COLISÃO,COLISÃO SEM VITIMAS,3,,,,,,,,,0,,,,,,,,,,,,,,
2018-10-13,22:38:00,COM VÍTIMA,FINALIZADA,BOA VIAGEM,AV DOM JOAO VI,,,POR TRÁS DO SHOPPING RECIFE  SNT PRAZERES,AV DOM JOAO VI,,POR TRÁS DO SHOPPING RECIFE  SNT PRAZERES,BOA VIAGEM,,,CHOQUE,ENTRE AUTO E POSTE. C/V,1,,,,,,,,,5,,,,,,,,,,,,,,
2018-10-14,06:37:00,SEM VÍTIMA,FINALIZADA,SÃO JOSÉ,C SANTA RITA,,,SENT/AV SUL NA SAÍDA DO TERMINAL DOS ONIBUS,C SANTA RITA,,SENT/AV SUL NA SAÍDA DO TERMINAL DOS ONIBUS,SÃO JOSÉ,,,COLISÃO,SEM VITIMAS,1,,,,,1,,,,0,,,,,,,,,,,,,,
2018-10-14,08:18:00,SEM VÍTIMA,FINALIZADA,SANTO AMARO,AV CRUZ CABUGA,449,,SENTIDO OLINDA  SEMÁFORO 457. PROX. A PARADA DO BRT,AV CRUZ CABUGA,449,SENTIDO OLINDA  SEMÁFORO 457. PROX. A PARADA DO BRT,SANTO AMARO,,,COLISÃO,SM VÍTIMAS,1,,,,,1,,,,0,,,,,,,,,,,,,,
2018-10-14,10:02:00,COM VÍTIMA,FINALIZADA,ENCRUZILHADA,RUA ENGENHEIRO LUIZ VAUTHIER,,,PRÓX AO BANCO ITAÚ,RUA ENGENHEIRO LUIZ VAUTHIER,,PRÓX AO BANCO ITAÚ,ENCRUZILHADA,,,COLISÃO,COLISÃO ENTRE AUTO E MOTO C/V - VT07 NO QTH,1,1,,,,,,,,1,,,,,,,,,,,,,,
2018-10-14,09:50:00,SEM VÍTIMA,FINALIZADA,ILHA DO LEITE,AV GOVERNADOR AGAMENON MAGALHAES,,,EM FRENTE AO HOSPITAL PORTUGUES/SENT BOA VIAGEM,AV GOVERNADOR AGAMENON MAGALHAES,,EM FRENTE AO HOSPITAL PORTUGUES/SENT BOA VIAGEM,ILHA DO LEITE,,,COLISÃO,SEM VITIMAS,2,,,,,,,,,0,,,,,,,,,,,,,,
2018-10-14,10:34:00,COM VÍTIMA,FINALIZADA,BOA VIAGEM,AV CONSELHEIRO AGUIAR,960,,EM FRENTE A PADARIA MIRAMAR,AV CONSELHEIRO AGUIAR,960,EM FRENTE A PADARIA MIRAMAR,BOA VIAGEM,,,COLISÃO,COM UMA VITIMA  AGUARDANDO SAMU,1,1,,,,,,,,1,,,,,,,,,,,,,,