data,hora,natureza_acidente,situacao,bairro,endereco,numero,detalhe_endereco_acidente,complemento,endereco_cruzamento,numero_cruzamento,referencia_cruzamento,bairro_cruzamento,num_semaforo,sentido_via,tipo,descricao,auto,moto,ciclom,ciclista,pedestre,onibus,caminhao,viatura,outros,vitimas,vitimasfatais,acidente_verificado,tempo_clima,situacao_semaforo,sinalizacao,condicao_via,conservacao_via,ponto_controle,situacao_placa,velocidade_max_via,mao_direcao,divisao_via1,divisao_via2,divisao_via3
2018-10-19,04:59:00,SEM VÍTIMA,FINALIZADA,DERBY,RUA JOAQUIM NABUCO,,RUA GUILHERME PINTO,COM RUA GUILHERME PINTO,RUA JOAQUIM NABUCO,,COM RUA GUILHERME PINTO,DERBY,,,COLISÃO,VT 11ESTAVA SE DESLOCANDO PARA FAZER MONITORAMENTO NA RUA GUILHERME PINTO COM RUA TEÓFILO DE FREITAS QUANTO UM VEICULO COLIDIU NA TRAZEIRA DO VEICULO,,,,,,,,1,,0,,,,,,,,,,,,,,
2018-10-19,06:07:00,SEM VÍTIMA,FINALIZADA,BOA VIAGEM,RUA CAPITAO ZUZINHA,,,EM FRENTE A LOCALIZA NO SENTIDO PIEDADE,RUA CAPITAO ZUZINHA,,EM FRENTE A LOCALIZA NO SENTIDO PIEDADE,BOA VIAGEM,,,COLISÃO,COLISÃO SEM VITIMAS,1,,,,,1,,,,0,,,,,,,,,,,,,,
2018-10-19,06:15:00,SEM VÍTIMA,PENDENTE,SAN MARTIN,RUA APULCRO DE ASSUNCAO,205 A,RUA EDUARDO DE ANDRADE,COM RUA EDUARDO DE ANDRADE // PRÓX. AO PASSIRA PIZZARIA E RESTAURANTE.,RUA APULCRO DE ASSUNCAO,205 A,COM RUA EDUARDO DE ANDRADE // PRÓX. AO PASSIRA PIZZARIA E RESTAURANTE.,SAN MARTIN,,,COLISÃO,COLISÃO S/V.,3,,,,,,,,,0,,,,,,,,,,,,,,
2018-10-19,06:37:00,COM VÍTIMA,CANCELADA,SANTO AMARO,RUA DOS COELHOS,S/N,,DESCIDA DA PONTE PARA O IMIP,RUA DOS COELHOS,S/N,DESCIDA DA PONTE PARA O IMIP,SANTO AMARO,,,COLISÃO,COLISÃO COM VÍTIMA - AUTO X MOTOCICLETA,1,,,,,,,,,1,,,,,,,,,,,,,,
2018-10-19,07:15:00,SEM VÍTIMA,FINALIZADA,BOA VIAGEM,AV BOA VIAGEM,6836,,NA ENTRADA DO CLUBE OFICIAIS DA AERONAUTICA,AV BOA VIAGEM,6836,NA ENTRADA DO CLUBE OFICIAIS DA AERONAUTICA,BOA VIAGEM,,,COLISÃO,COLISÃO SEM VITIMAS,1,1,,,,,,,,0,,,,,,,,,,,,,,
2018-10-19,07:30:00,SEM VÍTIMA,FINALIZADA,DOIS UNIDOS,RUA PADRE CICERO,76,,RUA DO HOTEL SECULO XX,RUA PADRE CICERO,76,RUA DO HOTEL SECULO XX,DOIS UNIDOS,,,COLISÃO,DOIS AUTOS,2,,,,,,,,,0,,,,,,,,,,,,,,
2018-10-19,07:44:00,SEM VÍTIMA,FINALIZADA,MADALENA,RUA BENFICA,,RUA ARLINDO GOUVEIA,COM A RUA ALINDO GOUVEIA,RUA BENFICA,,COM A RUA ALINDO GOUVEIA,MADALENA,,,COLISÃO,COLISÃO SEM VITIMA,2,,,,,,,,,0,,,,,,,,,,,,,,
2018-10-19,08:58:00,SEM VÍTIMA,FINALIZADA,CAXANGÁ,AV CAXANGA,,,EM FRENTE AO TI CAXANGA SEMAFORO 262,AV CAXANGA,,EM FRENTE AO TI CAXANGA SEMAFORO 262,CAXANGÁ,,,COLISÃO,ONIBUS E AUTO,1,,,,,1,,,,0,,,,,,,,,,,,,,
2018-10-19,08:58:00,SEM VÍTIMA,FINALIZADA,CORDEIRO,RUA GOMES TABORDA,1764,,E/F AO MARTELINHO DE OURO,RUA GOMES TABORDA,1764,E/F AO MARTELINHO DE OURO,CORDEIRO,,,COLISÃO,SEM VÍTIMAS,2,,,,,,,,,0,,,,,,,,,,,,,,
2018-10-19,09:09:00,COM VÍTIMA,FINALIZADA,BOA VISTA,AV GOVERNADOR AGAMENON MAGALHAES,,,EM FRENTE AO MEMORIAL SÃO JOSÉ,AV GOVERNADOR AGAMENON MAGALHAES,,EM FRENTE AO MEMORIAL SÃO JOSÉ,BOA VISTA,,,COLISÃO,COLISÃO C/V. - MOTOS 19 E 20 NO QTH.,1,1,,,,,,,,1,,,,,,,,,,,,,,
2018-10-19,09:30:00,SEM VÍTIMA,FINALIZADA,SANTO AMARO,AV GOVERNADOR AGAMENON MAGALHAES,,,EM FRENTE À REITORIA DA UPE,AV GOVERNADOR AGAMENON MAGALHAES,,EM FRENTE À REITORIA DA UPE,SANTO AMARO,,,COLISÃO,,2,,,,,,,,,0,,,,,,,,,,,,,,
2018-10-19,10:00:00,COM VÍTIMA,FINALIZADA,BOMBA DO HEMETÉRIO,RUA ARLINDO CISNEIRO,223,,AO LADO DA PADARIA PANIFICAÇÃO RECORD,RUA ARLINDO CISNEIRO,223,AO LADO DA PADARIA PANIFICAÇÃO RECORD,BOMBA DO HEMETÉRIO,,,COLISÃO,COLISÃO ENTRE AUTO E MOTO C/V,1,1,,,,,,,,1,,,,,,,,,,,,,,
2018-10-19,10:15:00,COM VÍTIMA,FINALIZADA,BOA VIAGEM,AV CONSELHEIRO AGUIAR,,,EM FRENTE AO NUCLEO DA POLICIA,AV CONSELHEIRO AGUIAR,,EM FRENTE AO NUCLEO DA POLICIA,BOA VIAGEM,,,COLISÃO,COLISÃO COM VITIMAS SOCORRIDAS PELO SAMU,,,,,,2,,,,3,,,,,,,,,,,,,,
2018-10-19,10:25:00,COM VÍTIMA,FINALIZADA,CASA AMARELA,RUA DA HARMONIA,,EST DO ARRAIAL,COM ESTR. DO ARRAIAL // EM FRENTE À IGREJA DA HARMONIA,RUA DA HARMONIA,,COM ESTR. DO ARRAIAL // EM FRENTE À IGREJA DA HARMONIA,CASA AMARELA,,,COLISÃO,COLISÃO C/V.,1,1,,,,,,,,1,,,,,,,,,,,,,,
2018-10-19,10:20:00,SEM VÍTIMA,FINALIZADA,IMBIRIBEIRA,RUA ITALIA,,AV MARECHAL MASCARENHAS DE MORAES,DE ESQUINA COM A MASCARENHA DE MORAES EM FRENTE AO ASSAI,RUA ITALIA,,DE ESQUINA COM A MASCARENHA DE MORAES EM FRENTE AO ASSAI,IMBIRIBEIRA,,,COLISÃO,COLISÃO SEM VITIMAS,1,,,,,1,1,,,0,,,,,,,,,,,,,,
2018-10-19,10:37:00,COM VÍTIMA,FINALIZADA,BOMBA DO HEMETÉRIO,RUA BOMBA DO HEMETERIO,135,,AO LADO DO DEPÓSITO EDVALDO BEBIDAS E PADARIA DA BOMBA,RUA BOMBA DO HEMETERIO,135,AO LADO DO DEPÓSITO EDVALDO BEBIDAS E PADARIA DA BOMBA,BOMBA DO HEMETÉRIO,,,COLISÃO COM CICLISTA,MOTO X CICLISTA - VT 04 NO QTH.,,1,,1,,,,,,1,,,,,,,,,,,,,,
2018-10-19,10:50:00,SEM VÍTIMA,FINALIZADA,BEBERIBE,AV BEBERIBE,,,EM FRENTE A PRAÇA DE BEBERIBE,AV BEBERIBE,,EM FRENTE A PRAÇA DE BEBERIBE,BEBERIBE,,,COLISÃO,COLISÃO SEM VITIMAS GM VT 08 QTH,1,,,,,,1,,,0,,,,,,,,,,,,,,
2018-10-19,11:18:00,SEM VÍTIMA,FINALIZADA,TORRÕES,RUA ANTONIO VALDEVINO COSTA,,,PRÓX. DA COMPAZ,RUA ANTONIO VALDEVINO COSTA,,PRÓX. DA COMPAZ,TORRÕES,,,COLISÃO,COLISÃO ENTRE AUTOS S/V.,2,,,,,,,,,0,,,,,,,,,,,,,,
2018-10-19,11:32:00,SEM VÍTIMA,FINALIZADA,IMBIRIBEIRA,RUA PAMPULHA,104,RUA IZABEL DE SOUZA,SEMÁFORO 450 // COM R. IZABEL DE SOUZA,RUA PAMPULHA,104,SEMÁFORO 450 // COM R. IZABEL DE SOUZA,IMBIRIBEIRA,,,COLISÃO,COLISÃO ENTRE AUTO E CAMINHÃO S/V.,1,,,,,,1,,,0,,,,,,,,,,,,,,
2018-10-19,12:15:00,COM VÍTIMA,FINALIZADA,SANTO AMARO,RUA DOS PALMARES,,,APÓS O PROCAPE,RUA DOS PALMARES,,APÓS O PROCAPE,SANTO AMARO,,,COLISÃO,COLISÃO COM VITIMA,1,1,,,,,,,,1,,,,,,,,,,,,,,
2018-10-19,12:32:00,SEM VÍTIMA,FINALIZADA,AFOGADOS,EST DOS REMEDIOS,850,,ENF A ELETRO FLASH // PROX O POSTO IPIRANGA // PERTO DO CABOCLINHO,EST DOS REMEDIOS,850,ENF A ELETRO FLASH // PROX O POSTO IPIRANGA // PERTO DO CABOCLINHO,AFOGADOS,,,COLISÃO,DUSTE X ECOSPORT,2,,,,,,,,,0,,,,,,,,,,,,,,
2018-10-19,12:51:00,SEM VÍTIMA,FINALIZADA,BOA VIAGEM,RUA VISCONDE DE JEQUITINHONHA,518,,APOS O HOSPITAL N.S DAS GRAÇAS,RUA VISCONDE DE JEQUITINHONHA,518,APOS O HOSPITAL N.S DAS GRAÇAS,BOA VIAGEM,,,COLISÃO,DOIS AUTOS S/V,2,,,,,,,,,0,,,,,,,,,,,,,,
2018-10-19,12:53:00,SEM VÍTIMA,FINALIZADA,SANTO AMARO,RUA DOS PALMARES,,,NO SEMAFORO 093 ESQUINA DA ESCOLA ULISSES PERNAMBUCO,RUA DOS PALMARES,,NO SEMAFORO 093 ESQUINA DA ESCOLA ULISSES PERNAMBUCO,SANTO AMARO,,,COLISÃO,COLISAO ENTRE DOIS AUTOS S/V,2,,,,,,,,,0,,,,,,,,,,,,,,
2018-10-19,12:53:00,SEM VÍTIMA,FINALIZADA,SANTO AMARO,RUA DO POMBAL,,RUA BARROS BARRETO,CRUZAMENTO COM A RUA BARROS BARRETO,RUA DO POMBAL,,CRUZAMENTO COM A RUA BARROS BARRETO,SANTO AMARO,,,COLISÃO,GOL X FISTA X AUTO,3,,,,,,,,,0,,,,,,,,,,,,,,
2018-10-19,12:59:00,SEM VÍTIMA,FINALIZADA,ARRUDA,RUA PETRONILA BOTELHO,,,EM FRENTE AO CAMPO DO ARRUADA  NA DIVISA DA PÓNTE  SENTIDO BOMPREÇO,RUA PETRONILA BOTELHO,,EM FRENTE AO CAMPO DO ARRUADA  NA DIVISA DA PÓNTE  SENTIDO BOMPREÇO,ARRUDA,,,COLISÃO,DOIS AUTOS S/V,2,,,,,,,,,0,,,,,,,,,,,,,,
2018-10-19,13:30:00,SEM VÍTIMA,FINALIZADA,BOA VISTA,AV JOAO DE BARROS,,,EM FRENTE AO QUARTEL DOS BOMBEIROS,AV JOAO DE BARROS,,EM FRENTE AO QUARTEL DOS BOMBEIROS,BOA VISTA,,,COLISÃO,COLISÃO SEM VITIMA - VEICULO OFICIAL,2,,,,,,,,,0,,,,,,,,,,,,,,
2018-10-19,13:43:00,SEM VÍTIMA,FINALIZADA,CORDEIRO,RUA 10 DE NOVEMBRO,,,SEMAFORO 280  AO LADO DA DELICATESSEN RAINHA DA TORRE,RUA 10 DE NOVEMBRO,,SEMAFORO 280  AO LADO DA DELICATESSEN RAINHA DA TORRE,CORDEIRO,,,COLISÃO,DOIS AUTOS S/V,2,,,,,,,,,0,,,,,,,,,,,,,,
2018-10-19,14:19:00,SEM VÍTIMA,FINALIZADA,IPSEP,AV RECIFE,,RUA JEAN EMILE FAVRE,COM A JEAN EMILE FAVRE - PADARIA VILA DO PÃO,AV RECIFE,,COM A JEAN EMILE FAVRE - PADARIA VILA DO PÃO,IPSEP,,,COLISÃO,COLISÃO SEM VITIMA -,1,1,,,,,,,,0,,,,,,,,,,,,,,
2018-10-19,14:33:00,SEM VÍTIMA,CANCELADA,IPSEP,AV RECIFE,,,NO SEMAFORO 130,AV RECIFE,,NO SEMAFORO 130,IPSEP,,,COLISÃO,COLISAO ENTRE AUTO E MOTO S/V,1,1,,,,,,,,0,,,,,,,,,,,,,,
2018-10-19,14:57:00,SEM VÍTIMA,FINALIZADA,BOA VIAGEM,RUA PROFESSOR JULIO FERREIRA DE MELO,355,,POR TRAS DO CARREFOUR,RUA PROFESSOR JULIO FERREIRA DE MELO,355,POR TRAS DO CARREFOUR,BOA VIAGEM,,,COLISÃO,COLISAO ENTRE DOIS AUTOS S/V,2,,,,,,,,,0,,,,,,,,,,,,,,
2018-10-19,15:06:00,SEM VÍTIMA,FINALIZADA,SÃO JOSÉ,RUA VIDAL DE NEGREIROS,,,AO LADO DO TRE,RUA VIDAL DE NEGREIROS,,AO LADO DO TRE,SÃO JOSÉ,,,COLISÃO,COLISAO ENTRE DOIS AUTOS S/V,2,,,,,,,,,0,,,,,,,,,,,,,,
2018-10-19,15:23:00,SEM VÍTIMA,CANCELADA,PINA,AV ANTONIO DE GOES,,,E/F AO DENIT,AV ANTONIO DE GOES,,E/F AO DENIT,PINA,,,COLISÃO,COLISAO DE DOIS AUTOS S/V,2,,,,,,,,,0,,,,,,,,,,,,,,
2018-10-19,17:28:00,SEM VÍTIMA,FINALIZADA,BOA VIAGEM,RUA JOSE DOMINGUES DA SILVA,258,RUA CAPITAO ZUZINHA,ESQUINA COM RUA CAPITAO ZUZINHA,RUA JOSE DOMINGUES DA SILVA,258,ESQUINA COM RUA CAPITAO ZUZINHA,BOA VIAGEM,,,COLISÃO,DOIS AUTOS S/V,2,,,,,,,,,0,,,,,,,,,,,,,,
2018-10-19,18:19:00,SEM VÍTIMA,FINALIZADA,PAISSANDU,RUA ANTONIO GOMES DE FREITAS,161,,AO LADO DO SEOPE,RUA ANTONIO GOMES DE FREITAS,161,AO LADO DO SEOPE,PAISSANDU,,,COLISÃO,FOX PRATA X CORSA,2,,,,,,,,,0,,,,,,,,,,,,,,
2018-10-19,18:35:00,SEM VÍTIMA,FINALIZADA,SANTO AMARO,AV GOVERNADOR AGAMENON MAGALHAES,,,POR CIMA DO VIADUTO  SNT OLINDA / AO LADO DO SHOPPING TACARUNA,AV GOVERNADOR AGAMENON MAGALHAES,,POR CIMA DO VIADUTO  SNT OLINDA / AO LADO DO SHOPPING TACARUNA,SANTO AMARO,,,ENGAVETAMENTO,ENTRE 3 AUTOS. S/V,3,,,,,,,,,0,,,,,,,,,,,,,,
2018-10-19,18:37:00,SEM VÍTIMA,FINALIZADA,BOA VISTA,RUA PRINCESA IZABEL,,,PONTE PRINCESA IZABEL,RUA PRINCESA IZABEL,,PONTE PRINCESA IZABEL,BOA VISTA,,,COLISÃO,COLISÃO SEM VITIMA,2,,,,,,,,,0,,,,,,,,,,,,,,
2018-10-19,18:49:00,COM VÍTIMA,FINALIZADA,ILHA JOANA BEZERRA,AV BEIRA RIO,,,ANTES DO VIADUTO. SNT AV ABDIAS / E/F A ACADEMIA DA CIDADE / PRÓX AO FÓRUM,AV BEIRA RIO,,ANTES DO VIADUTO. SNT AV ABDIAS / E/F A ACADEMIA DA CIDADE / PRÓX AO FÓRUM,ILHA JOANA BEZERRA,,,COLISÃO,ENTRE AUTO E MOTO. C/V,1,1,,,,,,,,2,,,,,,,,,,,,,,
2018-10-19,18:55:00,SEM VÍTIMA,CANCELADA,BOA VIAGEM,AV ENGENHEIRO DOMINGOS FERREIRA,4403,,PROX A DELEGACIA DE BOA VIAGEM,AV ENGENHEIRO DOMINGOS FERREIRA,4403,PROX A DELEGACIA DE BOA VIAGEM,BOA VIAGEM,,,COLISÃO,ONIBUS X MICRO-ONIBUS,,,,,,2,,,,0,,,,,,,,,,,,,,
2018-10-19,19:01:00,SEM VÍTIMA,FINALIZADA,ESPINHEIRO,AV CONS ROSA E SILVA,,RUA CONFEDERACAO DO EQUADOR,E/F AO HOSPITAl DOS SERVIDORES / CRUZANDO A R CONF DO EQUADOR,AV CONS ROSA E SILVA,,E/F AO HOSPITAl DOS SERVIDORES / CRUZANDO A R CONF DO EQUADOR,ESPINHEIRO,,,COLISÃO,ENTRE 2 AUTOS. S/V,2,,,,,,,,,0,,,,,,,,,,,,,,
2018-10-19,19:03:00,SEM VÍTIMA,FINALIZADA,JARDIM SÃO PAULO,RUA LEANDRO BARRETO,445,,POSTO DE COMBUSTÍVEL LAROQUE,RUA LEANDRO BARRETO,445,POSTO DE COMBUSTÍVEL LAROQUE,JARDIM SÃO PAULO,,,COLISÃO,COLISÃO SEGUIDA DE CHOQUE CONTRA BOMBA DE ABASTECIMENTO DO POSTO DE COMBUSTÍVEL. OCORRÊNCIA SEM VÍTIMA ENVOLVENDO 05 (CINCO) VEÍCULOS,5,,,,,,,,,0,,,,,,,,,,,,,,
2018-10-19,19:03:00,SEM VÍTIMA,FINALIZADA,SANTO AMARO,AV CRUZ CABUGA,,AV DR JAYME DA FONTE,CRUZAMENTO COM AV DR JAYME DA FONTE,AV CRUZ CABUGA,,CRUZAMENTO COM AV DR JAYME DA FONTE,SANTO AMARO,,,COLISÃO,HB 20 X AGILE,2,,,,,,,,,0,,,,,,,,,,,,,,
2018-10-19,20:51:00,SEM VÍTIMA,FINALIZADA,COELHOS,LGO DOS COELHOS,46,,ENF A MARCENARIA DE CARLINHOS // PROX BAR DO DUDA,LGO DOS COELHOS,46,ENF A MARCENARIA DE CARLINHOS // PROX BAR DO DUDA,COELHOS,,,CHOQUE,VEICULO COLEDIU EM UM MURO (MOTORISTA ABANDONOU O VEICULO) SEGUNDO A POPULAÇAO INFORMOU QUE O VEICULO E ROUBADO,1,,,,,,,,,0,,,,,,,,,,,,,,
2018-10-19,21:44:00,SEM VÍTIMA,FINALIZADA,AFOGADOS,RUA COSME VIANA,,,E/F A TUPAN E AO LADO DA PRC COMES VIANA / PRÓX AO CANAL,RUA COSME VIANA,,E/F A TUPAN E AO LADO DA PRC COMES VIANA / PRÓX AO CANAL,AFOGADOS,,,COLISÃO,ENTRE AUTO E ÔNIBUS S/V,1,,,,,1,,,,0,,,,,,,,,,,,,,
2018-10-19,23:26:00,SEM VÍTIMA,FINALIZADA,BOA VIAGEM,RUA DOS NAVEGANTES,1997,,E/F AO HOTEL DOS NAVEGANTES E PRÓX AO RESTAURANTE ILHA DOS NAVEGANTES,RUA DOS NAVEGANTES,1997,E/F AO HOTEL DOS NAVEGANTES E PRÓX AO RESTAURANTE ILHA DOS NAVEGANTES,BOA VIAGEM,,SUBURBIO,ABALROAMENTO LONGITUDINAL,ENTRE 3 AUTOS. S/V,3,,,,,,,,,0,,Longo da via,Bom,Não existe,Incompleta,Seca,Perfeito estado,Não existe,Não há placas,,Única,Faixa seccionada,,
2018-10-20,02:07:00,COM VÍTIMA,CANCELADA,TORRE,RUA JOSE BONIFACIO,,,PROX DO CARREFUR,RUA JOSE BONIFACIO,,PROX DO CARREFUR,TORRE,,,CHOQUE,MOTO CHOCOU-SE COM MURETA DA PONTE DA TORRE,,1,,,,,,,,2,,,,,,,,,,,,,,
2018-10-20,04:08:00,COM VÍTIMA,FINALIZADA,ESPINHEIRO,RUA DO ESPINHEIRO,,RUA SANTO ELIAS,CRUZAMENTO COM A RUA SANTO ELIAS,RUA DO ESPINHEIRO,,CRUZAMENTO COM A RUA SANTO ELIAS,ESPINHEIRO,,,COLISÃO,COLISÃO ENTRE DOIS AUTOS C/V,2,,,,,,,,,2,,,,,,,,,,,,,,
2018-10-20,06:27:00,SEM VÍTIMA,FINALIZADA,PINA,AV ANTONIO DE GOES,,RUA NOGUEIRA DE SOUZA,,AV ANTONIO DE GOES,,,PINA,,CIDADE,COLISÃO TRASEIRA,COLISÃO DOIS AUTOS,2,,,,,,,,,0,,Outros,Bom,Sem defeito,Ilegível,Seca,Perfeito estado,Faixa de pedestre,Não há placas,60 km/h,Única,Canteiro central,,
2018-10-20,08:33:00,COM VÍTIMA,FINALIZADA,BOA VIAGEM,RUA GENERAL SALGADO,,RUA BISPO CARDOSO AYRES,CRUZ COM A RUA BISPO CARDOSO AYRES EM FRENTE AO EDIFICIO CHATON,RUA GENERAL SALGADO,,CRUZ COM A RUA BISPO CARDOSO AYRES EM FRENTE AO EDIFICIO CHATON,BOA VIAGEM,,,COLISÃO COM CICLISTA,AUTO CICLISTA VITIMAS SOCORRIDAS PELO SAMU,,1,,1,,,,,,2,,,,,,,,,,,,,,
2018-10-20,10:20:00,SEM VÍTIMA,FINALIZADA,IPUTINGA,AV MARIO ALVARES PEREIRA DE LYRA,,,EM FRENTE AO RESIDENCIAL BOSQUE DAS MADEIRAS,AV MARIO ALVARES PEREIRA DE LYRA,,EM FRENTE AO RESIDENCIAL BOSQUE DAS MADEIRAS,IPUTINGA,,,ABALROAMENTO LONGITUDINAL,DOIS AUTOS,2,,,,,,,,,0,,Longo da via,Bom,Não existe,Não existente,Seca,Perfeito estado,,Não há placas,,Única,,,
2018-10-20,10:22:00,SEM VÍTIMA,FINALIZADA,AFOGADOS,EST DOS REMEDIOS,,,MODELO REPARAÇÃO AUTOMOTIVA,EST DOS REMEDIOS,,MODELO REPARAÇÃO AUTOMOTIVA,AFOGADOS,,,ABALROAMENTO LONGITUDINAL,COLISÃO SEM VITIMAS VT 14 QTH,1,,,,,1,,,,0,,Longo da via,Bom,Não existe,Perfeito estado,Seca,Perfeito estado,Não existe,Outras,,Única,,,
2018-10-20,11:16:00,SEM VÍTIMA,FINALIZADA,BOA VIAGEM,RUA PROF AURELIO DE CASTRO CAVALCANTI,181,,,RUA PROF AURELIO DE CASTRO CAVALCANTI,181,,BOA VIAGEM,,CIDADE,COLISÃO TRASEIRA,DOIS AUTOS,2,,,,,,,,,0,,Longo da via,Bom,Não existe,Perfeito estado,Seca,Perfeito estado,Não existe,Outras,30 km/h,Única,Não existe,,
2018-10-20,11:42:00,SEM VÍTIMA,FINALIZADA,,AV PRESIDENTE MEDICI,,,,AV PRESIDENTE MEDICI,,,,,CIDADE,ABALROAMENTO TRANSVERSAL,COLISÃO SEM VÍTIMAS,1,,,,,,1,,,0,,Longo da via,Bom,Não existe,Não existente,Seca,Perfeito estado,Não existe,Não há placas,,Dupla,Não existe,,
2018-10-20,11:57:00,SEM VÍTIMA,FINALIZADA,BOA VIAGEM,AV CONSELHEIRO AGUIAR,1350,,EM FRENTE AO CONJUNTO RESIDENCIAL PERNAMBUCO,AV CONSELHEIRO AGUIAR,1350,EM FRENTE AO CONJUNTO RESIDENCIAL PERNAMBUCO,BOA VIAGEM,,CIDADE,COLISÃO TRASEIRA,COLISAO ENTRE DOIS AUTOS S/V,2,,,,,,,,,0,,Longo da via,Bom,Não existe,Perfeito estado,Seca,Perfeito estado,Não existe,Outras,,Única,Faixa contínua,,
2018-10-20,12:12:00,SEM VÍTIMA,FINALIZADA,TORRÕES,RUA QUINZE DE MARCO,566,,EM FRENTE AO BPRV,RUA QUINZE DE MARCO,566,EM FRENTE AO BPRV,TORRÕES,,SUBURBIO,CHOQUE VEÍCULO PARADO,02 AUTOS,2,,,,,,,,,0,,Longo da via,Bom,Não existe,Não existente,Seca,Mal conservada,Não existe,Não há placas,,Dupla,Não existe,,
2018-10-20,12:15:00,,CANCELADA,IBURA,AV PRESIDENTE MEDICI,345,,EM FRENTE A BARRACA DA BETE,AV PRESIDENTE MEDICI,345,EM FRENTE A BARRACA DA BETE,IBURA,,,COLISÃO,COLISÃO SEM VÍTIMA,1,,,,,1,,,,0,,,,,,,,,,,,,,
2018-10-20,12:44:00,SEM VÍTIMA,FINALIZADA,ROSARINHO,AV SANTOS DUMONT,815,RUA ENGENHEIRO SAMPAIO,ANTES DO ESPAÇO ELLAS,AV SANTOS DUMONT,815,ANTES DO ESPAÇO ELLAS,ROSARINHO,81,SUBURBIO,COLISÃO TRASEIRA,COLISAO ENTRE DOIS AUTOS S/V,2,,,,,,,,,0,,Longo da via,Bom,Sem defeito,Perfeito estado,Seca,Perfeito estado,Não existe,Não há placas,,Única,Faixa seccionada,,
2018-10-20,14:39:00,SEM VÍTIMA,FINALIZADA,CAMPO GRANDE,EST DE BELEM,,RUA VOLUNTARIOS DA PATRIA,EM FRENTE A PIZZARIA O JARDIM,EST DE BELEM,,EM FRENTE A PIZZARIA O JARDIM,CAMPO GRANDE,,CID/SUB,COLISÃO FRONTAL,DOIS AUTOS S/V,2,,,,,,,,,0,,Cruzamento,Bom,Não existe,Perfeito estado,Seca,Perfeito estado,Não existe,Não há placas,,Dupla,Faixa contínua,,
2018-10-20,14:41:00,COM VÍTIMA,FINALIZADA,PRADO,AV ENGENHEIRO ABDIAS DE CARVALHO,,,E/F A SUBWAY,AV ENGENHEIRO ABDIAS DE CARVALHO,,E/F A SUBWAY,PRADO,,,COLISÃO,COILISÃO CARRO E MOTO C/ VÍTIMA,1,1,,,,,,,,1,,,,,,,,,,,,,,
2018-10-20,15:04:00,SEM VÍTIMA,FINALIZADA,IBURA,AV DOIS RIOS,1482,,EM FRENTE AO MERCADINHO DO POVO,AV DOIS RIOS,1482,EM FRENTE AO MERCADINHO DO POVO,IBURA,,SUBURBIO,ABALROAMENTO LONGITUDINAL,DOIS AUTOS E DOIS CAMINHAO S/V,2,,,,,,2,,,0,,Longo da via,Bom,Sem defeito,Perfeito estado,Seca,Perfeito estado,Faixa de pedestre,Outras,,Dupla,Faixa contínua,,
2018-10-20,15:49:00,SEM VÍTIMA,FINALIZADA,ILHA DO RETIRO,AV ENGENHEIRO ABDIAS DE CARVALHO,,,,AV ENGENHEIRO ABDIAS DE CARVALHO,,,ILHA DO RETIRO,132,SUBURBIO,ABALROAMENTO TRANSVERSAL,ONIBUS E AUTO,1,,,,,1,,,,0,,Outros,Bom,Sem defeito,Perfeito estado,Seca,Perfeito estado,Não existe,Não há placas,,Dupla,Canteiro central,,
2018-10-20,16:27:00,SEM VÍTIMA,FINALIZADA,BOA VIAGEM,RUA FRANCISCO DA CUNHA,490,RUA PROFESSOR EDUARDO WANDERLEY FILHO,EM FRENTE AO EDF STUDIO BOA VIAGEM,RUA FRANCISCO DA CUNHA,490,EM FRENTE AO EDF STUDIO BOA VIAGEM,BOA VIAGEM,,CIDADE,ABALROAMENTO TRANSVERSAL,COLISAO ENTRE TRES AUTOS S/V,3,,,,,,,,,0,,Cruzamento,Bom,Não existe,Perfeito estado,Seca,Perfeito estado,Não existe,Outras,,Única,Não existe,,
2018-10-20,16:44:00,SEM VÍTIMA,FINALIZADA,PAISSANDU,RUA PAISSANDU,,,EM FRENTE AO GGE,RUA PAISSANDU,,EM FRENTE AO GGE,PAISSANDU,,SUBURBIO,COLISÃO TRASEIRA,COLISÃO SEM VÍTIMA,2,,,,,,,,,0,,Longo da via,Bom,Não existe,Perfeito estado,Seca,Perfeito estado,,Outras,,Dupla,Canteiro central,,
2018-10-20,17:17:00,SEM VÍTIMA,FINALIZADA,PINA,AV ANTONIO DE GOES,146,,AO LADO DO JCPM  SENTINO CENTRO DO RECIFE,AV ANTONIO DE GOES,146,AO LADO DO JCPM  SENTINO CENTRO DO RECIFE,PINA,,CIDADE,COLISÃO TRASEIRA,COLISÃO SEM VÍTIMA,2,,,,,,,,,0,,Longo da via,Bom,Sem defeito,Perfeito estado,Seca,Perfeito estado,Faixa de pedestre,Outras,60 km/h,Única,Faixa contínua,,