data,hora,natureza_acidente,situacao,bairro,endereco,numero,detalhe_endereco_acidente,complemento,endereco_cruzamento,numero_cruzamento,referencia_cruzamento,bairro_cruzamento,num_semaforo,sentido_via,tipo,descricao,auto,moto,ciclom,ciclista,pedestre,onibus,caminhao,viatura,outros,vitimas,vitimasfatais,acidente_verificado,tempo_clima,situacao_semaforo,sinalizacao,condicao_via,conservacao_via,ponto_controle,situacao_placa,velocidade_max_via,mao_direcao,divisao_via1,divisao_via2,divisao_via3
2018-10-20,18:00:00,SEM VÍTIMA,FINALIZADA,PINA,AV ENGENHEIRO DOMINGOS FERREIRA,149,,EM FRENTE AO IBMEC,AV ENGENHEIRO DOMINGOS FERREIRA,149,EM FRENTE AO IBMEC,PINA,,OUTRO,COLISÃO TRASEIRA,COLISÃO SEM VITIMAS,2,,,,,,,,,0,,Longo da via,Bom,Não existe,Perfeito estado,Seca,Perfeito estado,Outros,Outras,,Única,Faixa seccionada,,
2018-10-20,18:15:00,SEM VÍTIMA,FINALIZADA,BOA VIAGEM,AV BOA VIAGEM,5740,,,AV BOA VIAGEM,5740,,BOA VIAGEM,445,SUBURBIO,COLISÃO TRASEIRA,COLISÃO SEM VITIMAS,2,,,,,,,,,0,,Longo da via,Bom,Sem defeito,Perfeito estado,Seca,Perfeito estado,Faixa de pedestre,Não há placas,,Única,Faixa contínua,,
2018-10-20,19:57:00,SEM VÍTIMA,FINALIZADA,DERBY,AV GOVERNADOR AGAMENON MAGALHAES,,PRC DO DERBY,E/F AO BANCO BRADESCO  SNT BV / APÓS A RESTAURAÇÃO,AV GOVERNADOR AGAMENON MAGALHAES,,E/F AO BANCO BRADESCO  SNT BV / APÓS A RESTAURAÇÃO,DERBY,,SUBURBIO,ABALROAMENTO LONGITUDINAL,ENTRE 2 AUTOS. S/V,2,,,,,,,,,0,,Outros,Bom,Não existe,Perfeito estado,Seca,Perfeito estado,Não existe,Não há placas,,Dupla,Não existe,,
2018-10-20,23:16:00,SEM VÍTIMA,FINALIZADA,BEBERIBE,AV BEBERIBE,3387,,LADO OPOSTO AO Nº 3387,AV BEBERIBE,3387,LADO OPOSTO AO Nº 3387,BEBERIBE,,SUBURBIO,COLISÃO TRASEIRA,COLISÃO SEM VITIMAS,2,,,,,,,,,0,,Longo da via,Bom,Sem defeito,Perfeito estado,Seca,Perfeito estado,Não existe,Não há placas,50 km/h,Dupla,Faixa contínua,,
2018-10-20,23:40:00,SEM VÍTIMA,FINALIZADA,BARRO,AV DR JOSE RUFINO,,RUA AMADOR ARAUJO,EM FRENTE A PANIFICADORA TONY ALBUQUERQUE,AV DR JOSE RUFINO,,EM FRENTE A PANIFICADORA TONY ALBUQUERQUE,BARRO,539,SUBURBIO,COLISÃO TRASEIRA,COLISÃO SEM VITIMAS,3,,,,,,,,,0,,Longo da via,Bom,Intermitente,Perfeito estado,Seca,Perfeito estado,Outros,Outras,,Dupla,Faixa contínua,,
2018-10-21,01:34:00,SEM VÍTIMA,CANCELADA,BOA VIAGEM,RUA BELMONTE,,RUA JOSE DOMINGUES DA SILVA,CRUZAMENTO COM A RUA JOSÉ DOMINGUES DA SILVA // PRÓX AO EMPÓRIO DOS BICHOS // PRÓX A LANCHONETE OVERSIZE BURGUER,RUA BELMONTE,,CRUZAMENTO COM A RUA JOSÉ DOMINGUES DA SILVA // PRÓX AO EMPÓRIO DOS BICHOS // PRÓX A LANCHONETE OVERSIZE BURGUER,BOA VIAGEM,,,COLISÃO,COLISÃO ENTRE DOIS AUTOS  S/V.,2,,,,,,,,,0,,,,,,,,,,,,,,
2018-10-21,04:34:00,COM VÍTIMA,FINALIZADA,SAN MARTIN,AV GENERAL SAN MARTIN,,,PROXIMO O HOSPITAL GETULIO VARGAS,AV GENERAL SAN MARTIN,,PROXIMO O HOSPITAL GETULIO VARGAS,SAN MARTIN,,,COLISÃO,COLISÃO ENTRE MOTO E AUTO C/V,1,1,,,,,,,,1,,,,,,,,,,,,,,
2018-10-21,05:55:00,SEM VÍTIMA,FINALIZADA,PAISSANDU,AV GOVERNADOR AGAMENON MAGALHAES,,,SENTIDO BOA VIAGEM EM FRENTE AO INSTITUTO CERVANTES SEMAFORO 069,AV GOVERNADOR AGAMENON MAGALHAES,,SENTIDO BOA VIAGEM EM FRENTE AO INSTITUTO CERVANTES SEMAFORO 069,PAISSANDU,69,OUTRO,COLISÃO TRASEIRA,COLISÃO SEM VITIMAS,2,,,,,,,,,0,,Longo da via,Bom,Sem defeito,Perfeito estado,Seca,Perfeito estado,Faixa de pedestre,,,Dupla,Canal,,
2018-10-21,06:38:00,COM VÍTIMA,FINALIZADA,PAISSANDU,AV GOVERNADOR AGAMENON MAGALHAES,,,EM FRENTE AO CERPE,AV GOVERNADOR AGAMENON MAGALHAES,,EM FRENTE AO CERPE,PAISSANDU,,,COLISÃO,COLISÃO ENTRE AUTO E MOTO,1,1,,,,,,,,1,,,,,,,,,,,,,,
2018-10-21,06:50:00,SEM VÍTIMA,FINALIZADA,CIDADE UNIVERSITÁRIA,RUA PROFESSOR ANTONIO COELHO,208,,EM FRENTE AO COLEGIO PONTUAL,RUA PROFESSOR ANTONIO COELHO,208,EM FRENTE AO COLEGIO PONTUAL,CIDADE UNIVERSITÁRIA,,SUBURBIO,COLISÃO FRONTAL,COLISÃO SEM VITIMAS,2,,,,,,,,,0,,Longo da via,Bom,Sem defeito,Perfeito estado,Seca,Perfeito estado,Não existe,Não há placas,,Dupla,Faixa seccionada,,
2018-10-21,08:11:00,SEM VÍTIMA,FINALIZADA,PRADO,AV ENGENHEIRO ABDIAS DE CARVALHO,,RUA MONSENHOR JULIO MARIA,,AV ENGENHEIRO ABDIAS DE CARVALHO,,,PRADO,,,ABALROAMENTO LONGITUDINAL,COLISÃO SEM VITIMAS,1,1,,,,,,,,0,,Longo da via,Bom,Não existe,Perfeito estado,Seca,Perfeito estado,Não existe,Outras,60 km/h,Dupla,Canteiro central,,
2018-10-21,10:51:00,SEM VÍTIMA,FINALIZADA,CIDADE UNIVERSITÁRIA,AV PROFESSOR LUIZ FREIRE,,,EM FRENTE AO COLÉGIO MILITAR,AV PROFESSOR LUIZ FREIRE,,EM FRENTE AO COLÉGIO MILITAR,CIDADE UNIVERSITÁRIA,,,ABALROAMENTO LONGITUDINAL,COLISÃO ENTRE AUTO E ONIBUS,1,,,,,1,,,,0,,Longo da via,Bom,Não existe,Perfeito estado,Seca,Perfeito estado,Não existe,Não há placas,,Única,Faixa seccionada,,
2018-10-21,11:33:00,SEM VÍTIMA,FINALIZADA,ESTÂNCIA,AV DR JOSE RUFINO,337,,E/F AO COLEGIO DECISÃO,AV DR JOSE RUFINO,337,E/F AO COLEGIO DECISÃO,ESTÂNCIA,,CIDADE,ABALROAMENTO LONGITUDINAL,SEM VÍTIMAS,2,,,,,,,,,0,,Longo da via,Bom,Não existe,Perfeito estado,Seca,Perfeito estado,Não existe,Outras,60 km/h,Dupla,Faixa contínua,,
2018-10-21,11:51:00,COM VÍTIMA,FINALIZADA,CASA AMARELA,AV NORTE,,AV PROFESSOR JOSE DOS ANJOS,COM PROF JOSÉ DOS ANJOS,AV NORTE,,COM PROF JOSÉ DOS ANJOS,CASA AMARELA,,,COLISÃO,COLISÃO ENTRE AUTO E MOTO COM VÍTIMA,1,1,,,,,,,,1,,,,,,,,,,,,,,
2018-10-21,12:21:00,SEM VÍTIMA,CANCELADA,SANTO AMARO,AV GOVERNADOR AGAMENON MAGALHAES,,,PROXIMO AO UPE E AO SEMÁFORO 465/ SENTIDO OLINDA,AV GOVERNADOR AGAMENON MAGALHAES,,PROXIMO AO UPE E AO SEMÁFORO 465/ SENTIDO OLINDA,SANTO AMARO,,,COLISÃO,COLISÃO SEM VÍTIMA,2,,,,,,,,,0,,,,,,,,,,,,,,
2018-10-21,12:26:00,SEM VÍTIMA,FINALIZADA,AREIAS,AV RECIFE,,AV CAPITAO GREGORIO DE CALDAS,COM O CRUZAMENTO DA GREGORIO DE CALDAS  NA FRENTE DO WALLMART,AV RECIFE,,COM O CRUZAMENTO DA GREGORIO DE CALDAS  NA FRENTE DO WALLMART,AREIAS,494,OUTRO,COLISÃO TRASEIRA,COLISÃO SEM VITIMAS,2,,,,,,,,,0,,Longo da via,Bom,Sem defeito,Perfeito estado,Seca,Perfeito estado,Não existe,Outras,,Dupla,Canteiro central,,
2018-10-21,14:15:00,SEM VÍTIMA,FINALIZADA,BOA VIAGEM,AV BOA VIAGEM,3672,RUA BRUNO VELOSO,COM RUA BRUNO VELOSO,AV BOA VIAGEM,3672,COM RUA BRUNO VELOSO,BOA VIAGEM,120,CIDADE,ABALROAMENTO LONGITUDINAL,COLISÃO ENVOLVENDO DOIS AUTOS SEM VÍTIMAS,2,,,,,,,,,0,,Longo da via,Bom,Sem defeito,Perfeito estado,Seca,Perfeito estado,Faixa de pedestre,,,Única,Faixa seccionada,,
2018-10-21,15:49:00,SEM VÍTIMA,FINALIZADA,SANTO AMARO,AV GOVERNADOR AGAMENON MAGALHAES,,,SOBRE O VIADUTO / EM FRENTE AO SHOPPING TACARUNA,AV GOVERNADOR AGAMENON MAGALHAES,,SOBRE O VIADUTO / EM FRENTE AO SHOPPING TACARUNA,SANTO AMARO,,SUBURBIO,COLISÃO TRASEIRA,COLISÃO SEM VITIMAS,3,,,,,,,,,0,,Viaduto,Bom,Não existe,Perfeito estado,Seca,Perfeito estado,Não existe,Não há placas,60 km/h,Única,Faixa seccionada,,
2018-10-21,17:21:00,COM VÍTIMA,EQUIPE EM DESLOCAMENTO,BOA VIAGEM,AV BOA VIAGEM,,,PRÓXIMO AO SEGUNDO JARDIM,AV BOA VIAGEM,,PRÓXIMO AO SEGUNDO JARDIM,BOA VIAGEM,,,ATROPELAMENTO,ATROPELAMENTO AUTO x PEDESTRE,1,,,,1,,,,,1,,,,,,,,,,,,,,
2018-10-21,19:48:00,SEM VÍTIMA,FINALIZADA,PINA,AV HERCULANO BANDEIRA,,,R. ARQUITETO AUGUSTO REINALDO,AV HERCULANO BANDEIRA,,R. ARQUITETO AUGUSTO REINALDO,PINA,660,SUBÚRBIO,ABALROAMENTO LONGITUDINAL,COLISÃO SEM SENTIMAS,2,,,,,,,,,0,,Cruzamento,Bom,Sem defeito,Perfeito estado,Seca,Perfeito estado,Faixa de pedestre,Outras,,Única,Faixa seccionada,,
2018-10-21,20:55:00,SEM VÍTIMA,FINALIZADA,AFLITOS,AV CONS ROSA E SILVA,1294,,ENF AO THE BRITISH COUNTRY CLUB// PRO PARLA PIZZA,AV CONS ROSA E SILVA,1294,ENF AO THE BRITISH COUNTRY CLUB// PRO PARLA PIZZA,AFLITOS,,SUBURBIO,ABALROAMENTO LONGITUDINAL,CAMINHAO X TOYOTA COROLA,1,,,,,,1,,,0,,Longo da via,Bom,Não existe,Perfeito estado,Seca,Perfeito estado,Não existe,Outras,40 km/h,Única,Faixa seccionada,,
2018-10-21,21:07:00,SEM VÍTIMA,FINALIZADA,ARRUDA,RUA SAO BENTO,1607,AV BEBERIBE,CRUZAMENTO COM A AV. BEBERIBE/ BAR BATE PAPO,RUA SAO BENTO,1607,CRUZAMENTO COM A AV. BEBERIBE/ BAR BATE PAPO,ARRUDA,,SUBURBIO,COLISÃO TRASEIRA,COLISÃO SEM VITIMAS,2,,,,,,,,,0,,Longo da via,Bom,Sem defeito,Ilegível,Seca,Mal iluminada,Não existe,Não há placas,,Dupla,Faixa seccionada,,
2018-10-21,21:18:00,SEM VÍTIMA,FINALIZADA,DERBY,RUA DR SEVERINO PINHEIRO,40,RUA JENER DE SOUZA,PROX. AO QUARTEL DO DERBY/ SEMAFOR 040,RUA DR SEVERINO PINHEIRO,40,PROX. AO QUARTEL DO DERBY/ SEMAFOR 040,DERBY,40,CIDADE,ABALROAMENTO LONGITUDINAL,COLISÃO SEM VITIMAS,1,,,,,1,,,,0,,Longo da via,Bom,Sem defeito,Perfeito estado,Seca,Perfeito estado,Faixa de pedestre,Outras,50 km/h,Dupla,Faixa contínua,,
2018-10-21,22:19:00,SEM VÍTIMA,CANCELADA,CORDEIRO,RUA GOMES TABORDA,,AV GENERAL SAN MARTIN,CRUZAMENTO COM GENERAL SAN MARTINS,RUA GOMES TABORDA,,CRUZAMENTO COM GENERAL SAN MARTINS,CORDEIRO,,,COLISÃO,ONIX X GOL,2,,,,,,,,,0,,,,,,,,,,,,,,
2018-10-22,01:09:00,SEM VÍTIMA,FINALIZADA,TAMARINEIRA,RUA PADRE ROMA,,RUA DO FUTURO,CRUZAMENTO COM A RUA DO FUTURO // SEMAFORO 223,RUA PADRE ROMA,,CRUZAMENTO COM A RUA DO FUTURO // SEMAFORO 223,TAMARINEIRA,223,SUBURBIO,COLISÃO TRASEIRA,TAXI X GOL // OBS:: SUSPEITA DE EMBRIAGUEZ,2,,,,,,,,,0,,Longo da via,Bom,Sem defeito,Perfeito estado,Seca,Perfeito estado,Faixa de pedestre,Não há placas,,Dupla,Canteiro central,,
2018-10-22,06:57:00,SEM VÍTIMA,FINALIZADA,BAIRRO DO RECIFE,AV GOVERNADOR AGAMENON MAGALHAES,,,SENTIDO BOA VIAGEM APOS O HOSPITAL DA RESTAURAÇÃO AO ALDO DO COLEGIO AMERICANO BATISTA,AV GOVERNADOR AGAMENON MAGALHAES,,SENTIDO BOA VIAGEM APOS O HOSPITAL DA RESTAURAÇÃO AO ALDO DO COLEGIO AMERICANO BATISTA,BAIRRO DO RECIFE,174,OUTRO,COLISÃO TRASEIRA,COLISÃO SEM VITIMAS,1,,,,,1,,,,0,,Longo da via,Bom,Sem defeito,Perfeito estado,Seca,Perfeito estado,Agente,Outras,60 km/h,Dupla,Faixa contínua,,
2018-10-22,07:33:00,SEM VÍTIMA,FINALIZADA,JAQUEIRA,PRC PROFESSOR FLEMING,35,,EM FRENTE A VERDFRUT,PRC PROFESSOR FLEMING,35,EM FRENTE A VERDFRUT,JAQUEIRA,,SUBURBIO,COLISÃO TRASEIRA,COLISÃO SEM VITIMAS,2,,,,,,,,,0,,Longo da via,Bom,Não existe,Perfeito estado,Seca,Perfeito estado,Faixa de pedestre,Placas Pare,,Única,Faixa contínua,,
2018-10-22,08:01:00,SEM VÍTIMA,FINALIZADA,BOA VIAGEM,AV BOA VIAGEM,3520,,EDF VILA DO CONDE,AV BOA VIAGEM,3520,EDF VILA DO CONDE,BOA VIAGEM,,CIDADE,ABALROAMENTO LONGITUDINAL,COLISÃO SEM VITIMAS,2,,,,,,,,,0,,Longo da via,Bom,Sem defeito,Perfeito estado,Seca,Perfeito estado,Não existe,Não há placas,,Única,Faixa seccionada,,
2018-10-22,08:16:00,SEM VÍTIMA,FINALIZADA,DERBY,RUA JENER DE SOUZA,,,AO LADO DA PRAÇA JENER DE SOUZA // SENTIDO QUATRO CANTOS,RUA JENER DE SOUZA,,AO LADO DA PRAÇA JENER DE SOUZA // SENTIDO QUATRO CANTOS,DERBY,,SUBURBIO,ABALROAMENTO TRANSVERSAL,COLISÃO S/V.,2,,,,,,,,,0,,Longo da via,Bom,Sem defeito,Incompleta,Seca,Perfeito estado,Não existe,Placas Pare,,Dupla,Canteiro central,,
2018-10-22,08:18:00,SEM VÍTIMA,FINALIZADA,BAIRRO DO RECIFE,RUA MADRE DEUS,,,PAÇO ALFÂNDEGA,RUA MADRE DEUS,,PAÇO ALFÂNDEGA,BAIRRO DO RECIFE,,CID/SUB,ABALROAMENTO LONGITUDINAL,COLISÃO DA SAVEIRO DA CTTU,2,,,,,,,,,0,,Longo da via,Bom,Não existe,Perfeito estado,Seca,Perfeito estado,Outros,Outras,30 km/h,Única,Faixa contínua,,
2018-10-22,08:23:00,SEM VÍTIMA,FINALIZADA,AREIAS,AV RECIFE,,,APOS O SUPERMERCADO WALMART EM FRENTE AO POSTO DE GASOLINA TOTAL,AV RECIFE,,APOS O SUPERMERCADO WALMART EM FRENTE AO POSTO DE GASOLINA TOTAL,AREIAS,,SUBURBIO,ABALROAMENTO LONGITUDINAL,COLISÃO SEM VITIMAS,1,,,,,,1,,,0,,Longo da via,Bom,Não existe,Incompleta,Seca,Perfeito estado,Não existe,Outras,60 km/h,Única,Faixa contínua,Faixa seccionada,
2018-10-22,08:29:00,COM VÍTIMA,FINALIZADA,SAN MARTIN,AV GENERAL SAN MARTIN,1371,,EM FRENTE A CHESF E AO IPA,AV GENERAL SAN MARTIN,1371,EM FRENTE A CHESF E AO IPA,SAN MARTIN,,SUB/CID,ABALROAMENTO TRANSVERSAL,COLISÃO COM VITIMA,1,1,,,,,,,,1,,Longo da via,Bom,Não existe,Perfeito estado,Seca,Perfeito estado,Não existe,Não há placas,40 km/h,Dupla,faixa,,
2018-10-22,08:39:00,SEM VÍTIMA,FINALIZADA,CASA FORTE,RUA EDSON ALVARES,,RUA DR SAMUEL LINS,PRÓX À PRAÇA CASA FORTE // PRÓX AO HAPVIDA,RUA EDSON ALVARES,,PRÓX À PRAÇA CASA FORTE // PRÓX AO HAPVIDA,CASA FORTE,,SUBURBIO,ABALROAMENTO TRANSVERSAL,COLISÃO ENTRE AUTOS S/V.,2,,,,,,,,,0,,Cruzamento,Bom,Não existe,Perfeito estado,Seca,Perfeito estado,Faixa de retenção,Placas Pare,,Dupla,Faixa seccionada,,
2018-10-22,09:20:00,SEM VÍTIMA,FINALIZADA,BOA VIAGEM,RUA ANTONIO FALCAO,1847,RUA DOS NAVEGANTES,ESCOLA ESTADUAL SARGENTO CAMARGO,RUA ANTONIO FALCAO,1847,ESCOLA ESTADUAL SARGENTO CAMARGO,BOA VIAGEM,,SUBÚRBIO,ABALROAMENTO TRANSVERSAL,COLISÃO SEM VITIMAS,2,,,,,,,,,0,,Cruzamento,Bom,Não existe,Incompleta,Seca,Perfeito estado,Não existe,Placas Pare,,Única,Não existe,,
2018-10-22,09:53:00,SEM VÍTIMA,FINALIZADA,BOA VIAGEM,AV ENGENHEIRO DOMINGOS FERREIRA,,,,AV ENGENHEIRO DOMINGOS FERREIRA,,,BOA VIAGEM,,SUBURBIO,COLISÃO TRASEIRA,ENTRE CAMINHÕES E VAN S/V.,1,1,,,,1,2,,1,0,,Longo da via,Bom,Não existe,Perfeito estado,Seca,Perfeito estado,Não existe,Não há placas,,Única,Faixa seccionada,Canteiro central,
2018-10-22,10:21:00,SEM VÍTIMA,FINALIZADA,CASA AMARELA,AV NORTE,6838,,E/F AO COLÉGIO CLOTILDE DE OLIVEIRA  SENTIDO TI MACAXEIRA.,AV NORTE,6838,E/F AO COLÉGIO CLOTILDE DE OLIVEIRA  SENTIDO TI MACAXEIRA.,CASA AMARELA,65,SUBÚRBIO,CHOQUE VEÍCULO PARADO,SEM VÍTIMAS. COLISÃO ENTRE MOTO E VT OFICIAL DA POLICIA CIVIL,,1,,,,,,1,,0,,Longo da via,Bom,Sem defeito,Perfeito estado,Seca,Perfeito estado,,Outras,60 km/h,Única,Faixa seccionada,,
2018-10-22,10:45:00,SEM VÍTIMA,FINALIZADA,BARRO,RUA PADRE NOBREGA,,AV DR JOSE RUFINO,E/F A CRECHE ESCOLA PRESIDENTE TANCREDO NEVES,RUA PADRE NOBREGA,,E/F A CRECHE ESCOLA PRESIDENTE TANCREDO NEVES,BARRO,,CIDADE,ABALROAMENTO LONGITUDINAL,SEM VÍTIMAS.,2,,,,,,,,,0,,Cruzamento,Bom,Não existe,Não existente,Seca,Perfeito estado,Não existe,Não há placas,,Dupla,Faixa seccionada,,
2018-10-22,12:08:00,SEM VÍTIMA,FINALIZADA,IMBIRIBEIRA,AV MARECHAL MASCARENHAS DE MORAES,,,ANTES DA MEIRA LINS PROX A BRASINOX,AV MARECHAL MASCARENHAS DE MORAES,,ANTES DA MEIRA LINS PROX A BRASINOX,IMBIRIBEIRA,287,CIDADE,COLISÃO TRASEIRA,COLISA ENTRE DOIS I AUTOS S/V,2,,,,,,,,,0,,Longo da via,Bom,Sem defeito,Perfeito estado,Seca,Perfeito estado,Não existe,Outras,60 km/h,Dupla,Faixa seccionada,Canteiro central,
2018-10-22,12:40:00,SEM VÍTIMA,FINALIZADA,GRAÇAS,AV GOVERNADOR AGAMENON MAGALHAES,,RUA DOM BOSCO,EM FRENTE AO COLEGIO AMERICANO BATISTA,AV GOVERNADOR AGAMENON MAGALHAES,,EM FRENTE AO COLEGIO AMERICANO BATISTA,GRAÇAS,174,OUTROS,ABALROAMENTO LONGITUDINAL,COLISÃO SEM VÍTIMA,1,,,,,,1,,,0,,Cruzamento,Bom,Sem defeito,Perfeito estado,Seca,Perfeito estado,Faixa de pedestre,Não há placas,60 km/h,Dupla,Canteiro central,,
2018-10-22,12:42:00,SEM VÍTIMA,CANCELADA,GRAÇAS,RUA AMELIA,,RUA DA HORA,E/F AGENCIA DO BRADESCO,RUA AMELIA,,E/F AGENCIA DO BRADESCO,GRAÇAS,,,COLISÃO,COLISAO ENTRE AUTO E MOTO S/V,1,1,,,,,,,,0,,,,,,,,,,,,,,
2018-10-22,12:50:00,SEM VÍTIMA,FINALIZADA,PINA,AV ANTONIO DE GOES,534,,EM FRENTE A SULAMERICA,AV ANTONIO DE GOES,534,EM FRENTE A SULAMERICA,PINA,538,CIDADE,COLISÃO TRASEIRA,COLISÃO ENTRE DOIS AUTOS,2,,,,,,,,,0,,Longo da via,Bom,Sem defeito,Perfeito estado,Seca,Perfeito estado,Agente,Outras,60 km/h,Única,Faixa seccionada,Canteiro central,
2018-10-22,13:19:00,SEM VÍTIMA,CANCELADA,AREIAS,AV RECIFE,,,E/F AO WALMART,AV RECIFE,,E/F AO WALMART,AREIAS,,CID/SUB,COLISÃO,COLISAO ENTRE VT DA POLICIA E AUTO S/V,3,,,,,,,,,0,,,,,,,,,,,,,,
2018-10-22,13:21:00,SEM VÍTIMA,FINALIZADA,ROSARINHO,RUA TREZE DE JUNHO,,RUA SALVADOR DE SA,EM FRENTE AO POSTO BR,RUA TREZE DE JUNHO,,EM FRENTE AO POSTO BR,ROSARINHO,,CIDADE,ABALROAMENTO LONGITUDINAL,DOIS AUTOS S/V,2,,,,,,,,,0,,Outros,Bom,Sem defeito,Perfeito estado,Seca,Perfeito estado,Não existe,Não há placas,,Única,Não existe,,
2018-10-22,14:05:00,SEM VÍTIMA,FINALIZADA,AFOGADOS,RUA SAO MIGUEL,562,RUA OLIMPIO CHACON,EM FRENTE A IGREJA DA FÉ DO BRASIL,RUA SAO MIGUEL,562,EM FRENTE A IGREJA DA FÉ DO BRASIL,AFOGADOS,,SUBURBIO,ABALROAMENTO TRANSVERSAL,COLISÃO SEM VÍTIMA,1,1,,,,,,,,0,,Longo da via,Bom,Não existe,Não existente,Seca,Perfeito estado,Não existe,Não há placas,,Dupla,Faixa contínua,,
2018-10-22,14:18:00,SEM VÍTIMA,FINALIZADA,TEJIPIÓ,AV LIBERDADE,130,,EM FRENTE A DELEGACIA INTERESTADUAL DE CAPTURAS,AV LIBERDADE,130,EM FRENTE A DELEGACIA INTERESTADUAL DE CAPTURAS,TEJIPIÓ,,SUBURBIO,COLISÃO TRASEIRA,COLISÃO SEM VÍTIMA,2,,,,,,,,,0,,Longo da via,Bom,Não existe,Perfeito estado,Seca,Perfeito estado,Não existe,Não há placas,40 km/h,Dupla,Faixa contínua,,
2018-10-22,14:30:00,SEM VÍTIMA,FINALIZADA,BONGI,AV ENGENHEIRO ABDIAS DE CARVALHO,2716,,PROX. AO YOKI  SENTIDO BR  EM FRENTE AO POSTO IPIRANGA,AV ENGENHEIRO ABDIAS DE CARVALHO,2716,PROX. AO YOKI  SENTIDO BR  EM FRENTE AO POSTO IPIRANGA,BONGI,,SUBÚRBIO,COLISÃO TRASEIRA,DOIS AUTOS S/V,2,,,,,,,,,0,,Longo da via,Bom,Sem defeito,Ilegível,Seca,Perfeito estado,Não existe,Outras,60 km/h,Única,Não existe,,
2018-10-22,14:46:00,SEM VÍTIMA,FINALIZADA,PINA,RUA SAO LUIZ,103,AV ENCANTA MOCA,EM FRENTE A VENDAS DO SERTÃO,RUA SAO LUIZ,103,EM FRENTE A VENDAS DO SERTÃO,PINA,,,COLISÃO,COLISÃO SEM VÍTIMA,,,,,,1,1,,,0,,,,,,,,,,,,,,
2018-10-22,14:50:00,SEM VÍTIMA,FINALIZADA,AFOGADOS,AV SUL,,,EM FRENTE A ESTAÇAO LARGO DA PAZ  PROX. A POLICLINICA,AV SUL,,EM FRENTE A ESTAÇAO LARGO DA PAZ  PROX. A POLICLINICA,AFOGADOS,,SUB/CID,COLISÃO,DOIS AUTOS S/V,2,,,,,,,,,0,,,,,,,,,,,,,,
2018-10-22,14:53:00,SEM VÍTIMA,FINALIZADA,IMBIRIBEIRA,AV MARECHAL MASCARENHAS DE MORAES,,,EM FRENTE A UPA / SENTIDO AFOGADOS,AV MARECHAL MASCARENHAS DE MORAES,,EM FRENTE A UPA / SENTIDO AFOGADOS,IMBIRIBEIRA,310,CIDADE,ABALROAMENTO LONGITUDINAL,COLISÃO SEM VÍTIMA,1,,,,,1,,,,0,,Longo da via,Bom,Sem defeito,Perfeito estado,Seca,Perfeito estado,Não existe,Não há placas,,Única,Não existe,,
2018-10-22,15:06:00,COM VÍTIMA,FINALIZADA,FUNDÃO,AV BEBERIBE,2774,,EM FRENTE A PRAÇA DO FUNDAO,AV BEBERIBE,2774,EM FRENTE A PRAÇA DO FUNDAO,FUNDÃO,,,COLISÃO,DUAS MOTOS C/V,,2,,,,,,,,2,,,,,,,,,,,,,,
2018-10-22,15:42:00,SEM VÍTIMA,FINALIZADA,DERBY,AV GOVERNADOR AGAMENON MAGALHAES,,,LADO OPOSTO AO HOSPITAL DA RESTAURAÇÃO,AV GOVERNADOR AGAMENON MAGALHAES,,LADO OPOSTO AO HOSPITAL DA RESTAURAÇÃO,DERBY,174,OLINDA,ABALROAMENTO LONGITUDINAL,DOIS AUTOS S/V,2,,,,,,,,,0,,Longo da via,Bom,,Perfeito estado,Seca,Perfeito estado,,,,,,,