data,hora,natureza_acidente,situacao,bairro,endereco,numero,detalhe_endereco_acidente,complemento,endereco_cruzamento,numero_cruzamento,referencia_cruzamento,bairro_cruzamento,num_semaforo,sentido_via,tipo,descricao,auto,moto,ciclom,ciclista,pedestre,onibus,caminhao,viatura,outros,vitimas,vitimasfatais,acidente_verificado,tempo_clima,situacao_semaforo,sinalizacao,condicao_via,conservacao_via,ponto_controle,situacao_placa,velocidade_max_via,mao_direcao,divisao_via1,divisao_via2,divisao_via3
2018-10-22,15:43:00,SEM VÍTIMA,FINALIZADA,BOA VIAGEM,AV BOA VIAGEM,2784,,APOS A PADARIA BOA VIAGEM E/F AO PRIMEIRO QUIOSQUE,AV BOA VIAGEM,2784,APOS A PADARIA BOA VIAGEM E/F AO PRIMEIRO QUIOSQUE,BOA VIAGEM,,CIDADE,ABALROAMENTO LONGITUDINAL,,2,,,,,,,,,0,,Longo da via,Bom,Não existe,Perfeito estado,Seca,Perfeito estado,Não existe,Outras,60 km/h,Única,Faixa seccionada,,
2018-10-22,16:02:00,SEM VÍTIMA,FINALIZADA,CASA AMARELA,EST DO ARRAIAL,4200,,APOS O MERCADO DE CASA AMARELA  SENTIDO APIPUCOS,EST DO ARRAIAL,4200,APOS O MERCADO DE CASA AMARELA  SENTIDO APIPUCOS,CASA AMARELA,,SUBURBIO,COLISÃO TRASEIRA,AUTO E CAMINHAO  O AUTO PASSEIO CAPOTOU NA VIA,1,,,,,,1,,,0,,Longo da via,Bom,Não existe,Perfeito estado,Seca,Perfeito estado,Não existe,Outras,40 km/h,Única,Faixa seccionada,,
2018-10-22,16:21:00,SEM VÍTIMA,FINALIZADA,CIDADE UNIVERSITÁRIA,RUA GENERAL POLIDORO,380,,EM FRENTE AO RESIDENCIAL MARIA ANUNCIADA GOMES,RUA GENERAL POLIDORO,380,EM FRENTE AO RESIDENCIAL MARIA ANUNCIADA GOMES,CIDADE UNIVERSITÁRIA,,OUTROS,ABALROAMENTO TRANSVERSAL,COLISÃO SEM VÍTIMA,1,1,,,,,,,,0,,Longo da via,Bom,Não existe,Não existente,Seca,Perfeito estado,Não existe,Não há placas,,Dupla,Faixa contínua,,
2018-10-22,16:21:00,SEM VÍTIMA,FINALIZADA,JARDIM SÃO PAULO,AV LIBERDADE,,,NA ENTRADA DO PLANETA DOS MACACOS E/F A MARCIO CARBURADOR,AV LIBERDADE,,NA ENTRADA DO PLANETA DOS MACACOS E/F A MARCIO CARBURADOR,JARDIM SÃO PAULO,612,,COLISÃO,COLISAO ENTRE ONIBUS E AUTO S/V,,,,,,1,1,,,0,,,,,,,,,,,,,,
2018-10-22,16:23:00,COM VÍTIMA,FINALIZADA,ENGENHO DO MEIO,RUA ANTONIO CURADO,80,,EM FRENTE A ACADEMIA AG FITNESS  PROX. AO CLUBE DA SUDENE,RUA ANTONIO CURADO,80,EM FRENTE A ACADEMIA AG FITNESS  PROX. AO CLUBE DA SUDENE,ENGENHO DO MEIO,,,COLISÃO,AUTO E MOTO C/V,1,1,,,,,,,,1,,,,,,,,,,,,,,
2018-10-22,16:50:00,COM VÍTIMA,FINALIZADA,TORREÃO,RUA OTHON PARAISO,299,,EM FRENTE A MORADA GERIATRICA / SENTIDO CAMPO GRANDE,RUA OTHON PARAISO,299,EM FRENTE A MORADA GERIATRICA / SENTIDO CAMPO GRANDE,TORREÃO,,,COLISÃO,COLISÃO COM VÍTIMA,1,1,,,,,,,,1,,,,,,,,,,,,,,
2018-10-22,16:51:00,SEM VÍTIMA,FINALIZADA,ESPINHEIRO,RUA QUARENTA E OITO,525,RUA CONS PORTELA,EM FRENTE A FARMACIA PERMANENTE,RUA QUARENTA E OITO,525,EM FRENTE A FARMACIA PERMANENTE,ESPINHEIRO,,,COLISÃO,DOIS AUTOS S/V,2,,,,,,,,,0,,,,,,,,,,,,,,
2018-10-22,17:45:00,SEM VÍTIMA,FINALIZADA,SANTO AMARO,AV CRUZ CABUGA,,,HOSPITAL DO CÂNCER,AV CRUZ CABUGA,,HOSPITAL DO CÂNCER,SANTO AMARO,,CID/SUB,COLISÃO,DOIS AUTOS,2,,,,,,,,,0,,,,,,,,,,,,,,
2018-10-22,17:49:00,SEM VÍTIMA,FINALIZADA,MADALENA,AV CAXANGA,731,,E/ AO PLAZA VEICULO PRIMIUM,AV CAXANGA,731,E/ AO PLAZA VEICULO PRIMIUM,MADALENA,,CIDADE,COLISÃO TRASEIRA,COLISÃO SEM VÍTIMA,2,,,,,,,,,0,,Longo da via,Bom,Não existe,Perfeito estado,Seca,Perfeito estado,Não existe,Não há placas,60 km/h,Dupla,Canteiro central,,
2018-10-22,17:50:00,SEM VÍTIMA,CANCELADA,MADALENA,RUA REAL DA TORRE,842,,EM FRENTE A ACADEMIA A2 FIT  E A ORTOCLINICA,RUA REAL DA TORRE,842,EM FRENTE A ACADEMIA A2 FIT  E A ORTOCLINICA,MADALENA,,,COLISÃO,DOIS AUTOS S/V,2,,,,,,,,,0,,,,,,,,,,,,,,
2018-10-22,18:00:00,SEM VÍTIMA,CANCELADA,TORRÕES,AV ENGENHEIRO ABDIAS DE CARVALHO,962,,EM FRENTE A DISTRIBUIDORA DLP,AV ENGENHEIRO ABDIAS DE CARVALHO,962,EM FRENTE A DISTRIBUIDORA DLP,TORRÕES,,SUB/CID,COLISÃO,COLISÃO SEM VÍTIMA,1,,,,,,1,,,0,,,,,,,,,,,,,,
2018-10-22,18:23:00,SEM VÍTIMA,FINALIZADA,ILHA DO RETIRO,AV BEIRA RIO,230,,LADO OPOSTO AO EDF PORTAL DO CAPIBARIBE,AV BEIRA RIO,230,LADO OPOSTO AO EDF PORTAL DO CAPIBARIBE,ILHA DO RETIRO,,CIDADE,ABALROAMENTO LONGITUDINAL,VOYAGE X LOGAN,2,,,,,,,,,0,,Longo da via,Bom,Não existe,Perfeito estado,Seca,Perfeito estado,Não existe,Outras,,Dupla,Não existe,,
2018-10-22,18:57:00,SEM VÍTIMA,FINALIZADA,CASA AMARELA,RUA JOAQUIM TEIXEIRA,41,,NA SUBIDA DO MORRO  RUA A DIREITA,RUA JOAQUIM TEIXEIRA,41,NA SUBIDA DO MORRO  RUA A DIREITA,CASA AMARELA,,SUBURBIO,COLISÃO TRASEIRA,COLISÃO SEM VITIMAS,2,,,,,,,,,0,,Longo da via,Bom,Não existe,Perfeito estado,Seca,Perfeito estado,,,,Dupla,,,
2018-10-22,18:56:00,SEM VÍTIMA,CANCELADA,IPSEP,RUA ALVORADA,268,RUA HELIO BRANDAO,PROX A PADARIA PANSEPE,RUA ALVORADA,268,PROX A PADARIA PANSEPE,IPSEP,,,COLISÃO,ONIBUS X PALIO,1,,,,,1,,,,0,,,,,,,,,,,,,,
2018-10-22,19:21:00,COM VÍTIMA,FINALIZADA,SANTO AMARO,AV NORTE,,AV CRUZ CABUGA,SENTIDO PREFEITURA,AV NORTE,,SENTIDO PREFEITURA,SANTO AMARO,,SUB/CID,COLISÃO,COLISAO COM VITIMA,1,,,,,,,,,1,,,,,,,,,,,,,,
2018-10-22,20:04:00,SEM VÍTIMA,FINALIZADA,PINA,RUA BARAO DE SANTO ANGELO,100,,ENF. AO LUZEIROS HOTEIS,RUA BARAO DE SANTO ANGELO,100,ENF. AO LUZEIROS HOTEIS,PINA,,CIDADE,COLISÃO TRASEIRA,FORD K // ONIX,2,,,,,,,,,0,,Longo da via,Bom,Não existe,Perfeito estado,Seca,Perfeito estado,,,,Única,,,
2018-10-22,20:41:00,COM VÍTIMA,FINALIZADA,CASA AMARELA,AV NORTE,,COR DO BARTOLOMEU,PROX A FARMACIA PAGUE MENOS,AV NORTE,,PROX A FARMACIA PAGUE MENOS,CASA AMARELA,,CID/SUB,COLISÃO COM CICLISTA,CAMINHAO GUINCHO X CICLISTA,,,,1,,,1,,,1,,,,,,,,,,,,,,
2018-10-22,20:56:00,SEM VÍTIMA,FINALIZADA,AFOGADOS,RUA COSME VIANA,,RUA VINTE E UM DE ABRIL,ANTES DO VIADULTO DA ESTAÇÃO DO METRO,RUA COSME VIANA,,ANTES DO VIADULTO DA ESTAÇÃO DO METRO,AFOGADOS,334,CIDADE,ABALROAMENTO LONGITUDINAL,COLISÃO SEM VITIMAS,2,,,,,,,,,0,,Cruzamento,Bom,Sem defeito,Perfeito estado,Seca,Perfeito estado,Faixa de pedestre,,,Única,,,
2018-10-22,20:54:00,SEM VÍTIMA,FINALIZADA,BOA VIAGEM,RUA DES JOAO PAES,,RUA CORONEL ANIZIO RODRIGUES COELHO,PROX A UMIERES ESTUDIO,RUA DES JOAO PAES,,PROX A UMIERES ESTUDIO,BOA VIAGEM,,,ABALROAMENTO TRANSVERSAL,FIESTA X ONIX,2,,,,,,,,,0,,Cruzamento,Bom,Não existe,Perfeito estado,Seca,Perfeito estado,Faixa de pedestre,Placas Pare,,Única,Não existe,,
2018-10-22,21:14:00,SEM VÍTIMA,FINALIZADA,BOA VIAGEM,RUA RIBEIRO DE BRITO,,RUA DOS NAVEGANTES,AO LADO DO HOLIDAY,RUA RIBEIRO DE BRITO,,AO LADO DO HOLIDAY,BOA VIAGEM,,,COLISÃO,DOIS COROLAS,2,,,,,,,,,0,,,,,,,,,,,,,,
2018-10-23,07:38:00,SEM VÍTIMA,FINALIZADA,PINA,RUA MANOEL DE BRITO,,,POR TRAS DO ESTACIONAMENTO DO CALDINHO NENE EM FRENTE AO CORPOS MOTEL,RUA MANOEL DE BRITO,,POR TRAS DO ESTACIONAMENTO DO CALDINHO NENE EM FRENTE AO CORPOS MOTEL,PINA,,,COLISÃO,COLISÃO SEM VITIMAS,2,,,,,,,,,0,,,,,,,,,,,,,,
2018-10-23,07:44:00,SEM VÍTIMA,FINALIZADA,CASA AMARELA,RUA DA HARMONIA,123,RUA COPATANA,EM FRENTE À FARMÁCIA INDEPENDENTE,RUA DA HARMONIA,123,EM FRENTE À FARMÁCIA INDEPENDENTE,CASA AMARELA,,,COLISÃO,COLISÃO S/V.,2,,,,,,,,,0,,,,,,,,,,,,,,
2018-10-23,07:45:00,,CANCELADA,BOA VIAGEM,AVENIDA CELSO FURTADO (VIA MANGUE),,,NA DESCIDA DO VIADUTO DA VIA MANGUE EM FRENTE AO RESTAURANTE FESTIVAL DO CAMARÃO,AVENIDA CELSO FURTADO (VIA MANGUE),,NA DESCIDA DO VIADUTO DA VIA MANGUE EM FRENTE AO RESTAURANTE FESTIVAL DO CAMARÃO,BOA VIAGEM,,PINA,COLISÃO,COLISÃO SEM VITIMAS,2,,,,,,,,,0,,,,,,,,,,,,,,
2018-10-23,07:47:00,SEM VÍTIMA,FINALIZADA,BOA VIAGEM,AV DOM JOAO VI,,,NA ENTRADA DO TÚNEO SENTIDO JABOATÃO DOS GUARARAPES,AV DOM JOAO VI,,NA ENTRADA DO TÚNEO SENTIDO JABOATÃO DOS GUARARAPES,BOA VIAGEM,,,COLISÃO,SEM VÍTIMAS,2,,,,,,,,,0,,,,,,,,,,,,,,
2018-10-23,07:47:00,COM VÍTIMA,FINALIZADA,AFOGADOS,RUA VINTE E UM DE ABRIL,1077,,EM FRENTE A PADARIA IPIRANGA,RUA VINTE E UM DE ABRIL,1077,EM FRENTE A PADARIA IPIRANGA,AFOGADOS,,,COLISÃO COM CICLISTA,VITIMAS AGUARDANDO SAMU,,1,,1,,,,,,2,,,,,,,,,,,,,,
2018-10-23,08:07:00,SEM VÍTIMA,FINALIZADA,AFOGADOS,RUA COSME VIANA,1229,,ESCAN LOCAÇÃO PARA CONSTRUÇÃO.,RUA COSME VIANA,1229,ESCAN LOCAÇÃO PARA CONSTRUÇÃO.,AFOGADOS,,,COLISÃO,SEM VÍTIMAS,2,,,,,,,,,0,,,,,,,,,,,,,,
2018-10-23,08:09:00,SEM VÍTIMA,FINALIZADA,TAMARINEIRA,EST DO ARRAIAL,2501,,E/F A GALERIA NOME NÃO INFORMADO.,EST DO ARRAIAL,2501,E/F A GALERIA NOME NÃO INFORMADO.,TAMARINEIRA,421,,COLISÃO,SEM VÍTIMAS,3,,,,,,,,,0,,,,,,,,,,,,,,
2018-10-23,08:49:00,SEM VÍTIMA,FINALIZADA,DERBY,RUA GUILHERME PINTO,435,,EM FRENTE AO EDIFICIO MARIA FERNANDA,RUA GUILHERME PINTO,435,EM FRENTE AO EDIFICIO MARIA FERNANDA,DERBY,,,COLISÃO,COLISÃO SEM VITIMAS VT 02 QTH,2,,,,,,,,,0,,,,,,,,,,,,,,
2018-10-23,08:55:00,SEM VÍTIMA,FINALIZADA,SANTANA,AV DEZESSETE DE AGOSTO,335,,,AV DEZESSETE DE AGOSTO,335,,SANTANA,,,COLISÃO,COLISÃO ENTRE 3 AUTOS,3,,,,,,,,,0,,,,,,,,,,,,,,
2018-10-23,09:02:00,SEM VÍTIMA,CANCELADA,CAJUEIRO,AV SEBASTIAO SALAZAR,146,AV BEBERIBE,EM FRENTE A UMA RESIDENCIA DE N-146 PROX AO BAR DA FAVA,AV SEBASTIAO SALAZAR,146,EM FRENTE A UMA RESIDENCIA DE N-146 PROX AO BAR DA FAVA,CAJUEIRO,,,COLISÃO,COLISÃO SEM VITIMAS,1,,,,,,1,,,0,,,,,,,,,,,,,,
2018-10-23,10:12:00,SEM VÍTIMA,FINALIZADA,CASA AMARELA,EST DO ENCANAMENTO,,EST DAS UBAIAS ,EM FRENTE A DROGASIL,EST DO ENCANAMENTO,,EM FRENTE A DROGASIL,CASA AMARELA,593,,COLISÃO,COLISÃO SEM VITIMAS,2,,,,,,,,,0,,,,,,,,,,,,,,
2018-10-23,10:22:00,SEM VÍTIMA,FINALIZADA,IPSEP,RUA JEAN EMILE FAVRE,186,RUA ARQUITETO LUIZ NUNES,EM FRENTE A FACULDADE BOA VIAGEM,RUA JEAN EMILE FAVRE,186,EM FRENTE A FACULDADE BOA VIAGEM,IPSEP,636,,COLISÃO,COLISÃO SEM VITIMAS,1,,,,,1,,,,0,,,,,,,,,,,,,,
2018-10-23,10:29:00,SEM VÍTIMA,FINALIZADA,ESTÂNCIA,AV RECIFE,,,AO LADO DO PONTILHÃO,AV RECIFE,,AO LADO DO PONTILHÃO,ESTÂNCIA,,,COLISÃO,COLISÃO SEM VITIMAS VT 17 QTH,1,,,,,,1,,,0,,,,,,,,,,,,,,
2018-10-23,10:35:00,SEM VÍTIMA,FINALIZADA,TORRE,RUA JOSE BONIFACIO,1210,,AO LADO DO POSTO SHELL EM FRENTE AO SUPERMERCADO CARREFOUR,RUA JOSE BONIFACIO,1210,AO LADO DO POSTO SHELL EM FRENTE AO SUPERMERCADO CARREFOUR,TORRE,,,COLISÃO,COLISÃO SEM VITIMAS,2,,,,,,,,,0,,,,,,,,,,,,,,
2018-10-23,11:10:00,SEM VÍTIMA,FINALIZADA,AREIAS,AV DR JOSE RUFINO,922,,E/F A ESCOAL DA HONDA,AV DR JOSE RUFINO,922,E/F A ESCOAL DA HONDA,AREIAS,,,COLISÃO,SEM VÍTIMAS. COLISÃO ENTRE CAMINHÃO DO EXERCITO E UM TÁXI.,1,,,,,,,,1,0,,,,,,,,,,,,,,
2018-10-23,11:41:00,COM VÍTIMA,FINALIZADA,BOA VIAGEM,AV BOA VIAGEM,4988,,EM FRENTE AO EDIFICIO MARIA ANGELA LUCENA,AV BOA VIAGEM,4988,EM FRENTE AO EDIFICIO MARIA ANGELA LUCENA,BOA VIAGEM,,,COLISÃO,COLISÃO COM VITIMA SOCORRIDO PELOS BOMBEIROS,1,1,,,,,,,,1,,,,,,,,,,,,,,
2018-10-23,11:49:00,SEM VÍTIMA,FINALIZADA,IPUTINGA,RUA PROFESSOR JULIO OLIVEIRA,160,,EM FRENTE AO EDIFICIO MARIA VITORIA,RUA PROFESSOR JULIO OLIVEIRA,160,EM FRENTE AO EDIFICIO MARIA VITORIA,IPUTINGA,,,COLISÃO,COLISÃO SEM VITIMAS,1,,,,,,1,,,0,,,,,,,,,,,,,,
2018-10-23,12:00:00,SEM VÍTIMA,FINALIZADA,SANTO AMARO,AV NORTE,,RUA ALFREDO DE CASTRO,NO SEMÁFORO CITADO,AV NORTE,,NO SEMÁFORO CITADO,SANTO AMARO,665,CID/SUB,COLISÃO,COLISÃO SEM VÍTIMA,1,1,,,,,,,,0,,,,,,,,,,,,,,
2018-10-23,12:12:00,SEM VÍTIMA,FINALIZADA,PINA,AV HERCULANO BANDEIRA,,RUA ARQUITETO AUGUSTO REINALDO,EM FRENTE A MERCEDES BENZ E APOS O ATACADO DA CONSTRUÇÃO,AV HERCULANO BANDEIRA,,EM FRENTE A MERCEDES BENZ E APOS O ATACADO DA CONSTRUÇÃO,PINA,,,COLISÃO,COLISÃO SEM VÍTIMA,1,1,,,,,,,,0,,,,,,,,,,,,,,
2018-10-23,12:24:00,SEM VÍTIMA,FINALIZADA,BRASÍLIA TEIMOSA,AV BRASILIA FORMOSA,94,,PROXIMO AO BAR DO PEIXE,AV BRASILIA FORMOSA,94,PROXIMO AO BAR DO PEIXE,BRASÍLIA TEIMOSA,,,COLISÃO,COLISÃO SEM VÍTIMA,1,1,,,,,,,,0,,,,,,,,,,,,,,
2018-10-23,12:30:00,SEM VÍTIMA,FINALIZADA,BOA VIAGEM,RUA PADRE CARAPUCEIRO,590,AV FERNANDO SIMOES BARBOSA,E/F AO COLEGIO MOTIVO,RUA PADRE CARAPUCEIRO,590,E/F AO COLEGIO MOTIVO,BOA VIAGEM,321,,COLISÃO,COLISAO ENTRE DOIS AUTOS S/V,2,,,,,,,,,0,,,,,,,,,,,,,,
2018-10-23,13:00:00,SEM VÍTIMA,FINALIZADA,MADALENA,AV CAXANGA,103,,APOS O BRADESCO E/F AO EMPRESARIAL TRADE CENTER,AV CAXANGA,103,APOS O BRADESCO E/F AO EMPRESARIAL TRADE CENTER,MADALENA,257,,COLISÃO,,2,,,,,,,,,0,,,,,,,,,,,,,,
2018-10-23,13:20:00,COM VÍTIMA,FINALIZADA,JOANA BEZERRA,AV BEIRA RIO,,,E/F AO FORUM JOANA BEZERRA,AV BEIRA RIO,,E/F AO FORUM JOANA BEZERRA,JOANA BEZERRA,,,COLISÃO,COLISAO ENTRE AMBULANCIA DO BOMBEIRO E MOTO COM VITIMA,,1,,,,,,,1,1,,,,,,,,,,,,,,
2018-10-23,14:05:00,SEM VÍTIMA,CANCELADA,JAQUEIRA,RUA TELES JUNIOR,,,EM FRENTE A PRAÇA PROFESSOR FLAMING,RUA TELES JUNIOR,,EM FRENTE A PRAÇA PROFESSOR FLAMING,JAQUEIRA,,,COLISÃO,COLISÃO SEM VÍTIMA,2,,,,,,,,,0,,,,,,,,,,,,,,
2018-10-23,14:30:00,COM VÍTIMA,FINALIZADA,AFOGADOS,RUA COSME VIANA,,TRV ESTRADA DO BONGI,E/F A IMBIRIBEIRA VEÍCULOS / PRÓX AO SEMÁFORO 100,RUA COSME VIANA,,E/F A IMBIRIBEIRA VEÍCULOS / PRÓX AO SEMÁFORO 100,AFOGADOS,,,COLISÃO,COLISÃO CARRO E MOTO COM VÍTIMA,1,1,,,,,,,,1,,,,,,,,,,,,,,
2018-10-23,14:37:00,SEM VÍTIMA,FINALIZADA,IPUTINGA,AV CAXANGA,,,EM FRENTE AO WALMART,AV CAXANGA,,EM FRENTE AO WALMART,IPUTINGA,533,CID/SUB,ENGAVETAMENTO,TRES AUTOS S/V,3,,,,,,,,,0,,,,,,,,,,,,,,
2018-10-23,14:49:00,SEM VÍTIMA,FINALIZADA,IBURA,AV RIO LARGO,,,NA LADEIRA DO SOBE E DESCE E/F AO ARMAZEM PROABE,AV RIO LARGO,,NA LADEIRA DO SOBE E DESCE E/F AO ARMAZEM PROABE,IBURA,,,COLISÃO,COLISAO ENTRE ONIBUS E AUTO S/V,,,,,,1,1,,,0,,,,,,,,,,,,,,
2018-10-23,15:59:00,SEM VÍTIMA,FINALIZADA,APIPUCOS,RUA DE APIPUCOS,,,EM FRENTE AO POSTO BR  PROX AO AÇUDE,RUA DE APIPUCOS,,EM FRENTE AO POSTO BR  PROX AO AÇUDE,APIPUCOS,500,,COLISÃO,,2,,,,,,,,,0,,,,,,,,,,,,,,
2018-10-23,16:17:00,SEM VÍTIMA,CANCELADA,BOA VIAGEM,RUA JOSE DA SILVA LUCENA,,RUA SARGENTO SILVINO DE MACEDO,NA RUA DO COLEGIO GGE E/F AO HOTEL JARDIM DO ALÁ,RUA JOSE DA SILVA LUCENA,,NA RUA DO COLEGIO GGE E/F AO HOTEL JARDIM DO ALÁ,BOA VIAGEM,273,,COLISÃO,COLISAO ENTRE DOIS AUTOS S/V,2,,,,,,,,,0,,,,,,,,,,,,,,
2018-10-23,16:22:00,SEM VÍTIMA,FINALIZADA,SÃO JOSÉ,AV SUL,2000,,EM FRENTE AO DEPOSITO DE VIDRO,AV SUL,2000,EM FRENTE AO DEPOSITO DE VIDRO,SÃO JOSÉ,,,COLISÃO,COLISÃO SEM VÍTIMA,1,,,,,,1,,,0,,,,,,,,,,,,,,
2018-10-23,16:30:00,SEM VÍTIMA,FINALIZADA,AFOGADOS,RUA SAO MIGUEL,1452,,PROX. AO BODE DO NO  EM FRENTE AO ARMAZEM CORAL,RUA SAO MIGUEL,1452,PROX. AO BODE DO NO  EM FRENTE AO ARMAZEM CORAL,AFOGADOS,,,ENGAVETAMENTO,TRES AUTOS S/V,3,,,,,,,,,0,,,,,,,,,,,,,,
2018-10-23,16:42:00,SEM VÍTIMA,FINALIZADA,CORDEIRO,AV GENERAL SAN MARTIN,,,E/F AO HOSPITAL GETULIO VARGAS,AV GENERAL SAN MARTIN,,E/F AO HOSPITAL GETULIO VARGAS,CORDEIRO,,,COLISÃO,COLISAO ENTRE DOIS AUTOS S/V,2,,,,,,,,,0,,,,,,,,,,,,,,
2018-10-23,17:25:00,SEM VÍTIMA,FINALIZADA,SAN MARTIN,RUA DELMIRO GOUVEIA,,,NO GIRADOURO DA CHESF ANTES DO CAIXA ELETRONICO S/T CAVALARIA,RUA DELMIRO GOUVEIA,,NO GIRADOURO DA CHESF ANTES DO CAIXA ELETRONICO S/T CAVALARIA,SAN MARTIN,,SUB/CID,COLISÃO,COLISAO ENTRE CAMINHAO E AUTO S/V,1,,,,,,1,,,0,,,,,,,,,,,,,,
2018-10-23,17:31:00,SEM VÍTIMA,FINALIZADA,BOA VISTA,AV GOVERNADOR CARLOS DE LIMA CAVALCANTI,,,PROXIMO AO COPE,AV GOVERNADOR CARLOS DE LIMA CAVALCANTI,,PROXIMO AO COPE,BOA VISTA,27,CID/SUB,COLISÃO,AUTO E ONIBUS ,2,,,,,,,,,0,,,,,,,,,,,,,,
2018-10-23,17:56:00,COM VÍTIMA,FINALIZADA,AREIAS,AV RECIFE,1015,,LADO OPOSTO À EMLURB,AV RECIFE,1015,LADO OPOSTO À EMLURB,AREIAS,,CID/SUB,COLISÃO COM CICLISTA,COLISÃO ENTRE AUTO E CICLISTA,1,,,1,,,,,,2,,Longo da via,Bom,Não existe,Perfeito estado,Seca,Perfeito estado,Não existe,Outras,,Dupla,Canteiro central,,
2018-10-23,18:19:00,COM VÍTIMA,EQUIPE EM DESLOCAMENTO,IPSEP,RUA JAMAICA,,RUA ITAJAI,PROX A FBV FACULDADE QUE FICA NA JEAN EMILE FAVRE,RUA JAMAICA,,PROX A FBV FACULDADE QUE FICA NA JEAN EMILE FAVRE,IPSEP,,,COLISÃO,FOX X MOTO,1,1,,,,,,,,1,,,,,,,,,,,,,,
2018-10-23,18:23:00,SEM VÍTIMA,FINALIZADA,DERBY,AV GOVERNADOR AGAMENON MAGALHAES,,AV GOVERNADOR CARLOS DE LIMA CAVALCANTI,E/F A PRC DO DERBY,AV GOVERNADOR AGAMENON MAGALHAES,,E/F A PRC DO DERBY,DERBY,75,,COLISÃO,ENTRE 2 AUTOS. S/V,2,,,,,,,,,0,,,,,,,,,,,,,,
2018-10-23,18:50:00,SEM VÍTIMA,FINALIZADA,CASA AMARELA,EST DO ARRAIAL,,RUA BELA VISTA,PROX A PAGUE MENOS E PAROQUIA SAO PAULO,EST DO ARRAIAL,,PROX A PAGUE MENOS E PAROQUIA SAO PAULO,CASA AMARELA,3380,,COLISÃO,PEUGEOT X SANDERO X HONDA CIT,3,,,,,,,,,0,,,,,,,,,,,,,,
2018-10-23,19:40:00,SEM VÍTIMA,CANCELADA,BOA VIAGEM,AV FERNANDO SIMOES BARBOSA,,RUA ERNESTO DE PAULA SANTOS,PROX A DROGASIL,AV FERNANDO SIMOES BARBOSA,,PROX A DROGASIL,BOA VIAGEM,329,,COLISÃO,CORSA RET X FORD K,2,,,,,,,,,0,,,,,,,,,,,,,,
2018-10-23,20:08:00,SEM VÍTIMA,FINALIZADA,BOA VIAGEM,AV CONSELHEIRO AGUIAR,,RUA ARTUR MUNIZ,PROXIMIDADES DA MCDONALDAS E EXTRA / AO LADO DO POSTO BR,AV CONSELHEIRO AGUIAR,,PROXIMIDADES DA MCDONALDAS E EXTRA / AO LADO DO POSTO BR,BOA VIAGEM,,,COLISÃO,ENTRE 2 AUTOS. S/V,2,,,,,,,,,0,,,,,,,,,,,,,,
2018-10-23,20:43:00,SEM VÍTIMA,FINALIZADA,BOA VIAGEM,RUA PROFESSOR AUGUSTO LINS E SILVA,62,RUA JOAO EUGENIO DE LIMA,PRÓX A PADARIA ALÉM DO PÃO / E AO LADO DO EDF PIAMONT,RUA PROFESSOR AUGUSTO LINS E SILVA,62,PRÓX A PADARIA ALÉM DO PÃO / E AO LADO DO EDF PIAMONT,BOA VIAGEM,,,COLISÃO,ENTRE 2 AUTOS. S/V,2,,,,,,,,,0,,,,,,,,,,,,,,
2018-10-23,22:15:00,COM VÍTIMA,FINALIZADA,TORRE,RUA REAL DA TORRE,,,E/F AO POSTO SHELL  SNT CAXANGÁ / PRÓX AO ATACADO DOS PRESENTES E CARREFOUR,RUA REAL DA TORRE,,E/F AO POSTO SHELL  SNT CAXANGÁ / PRÓX AO ATACADO DOS PRESENTES E CARREFOUR,TORRE,,,ENGAVETAMENTO,ENTRE 3 AUTOS. C/V,3,,,,,,,,,1,,,,,,,,,,,,,,
2018-10-24,07:45:00,SEM VÍTIMA,FINALIZADA,IPUTINGA,AV CAXANGA,,,E/F A FACIPE,AV CAXANGA,,E/F A FACIPE,IPUTINGA,231,SUB/CID,COLISÃO,SEM VÍTIMAS. VT 14 NO LOCAL.,2,,,,,,,,,0,,,,,,,,,,,,,,
2018-10-24,09:36:00,SEM VÍTIMA,FINALIZADA,BOA VIAGEM,RUA SA E SOUZA,,RUA BARAO DE SOUZA LEAO,EM FRENTE A ESCOLA BRIGADEIRO EDUARDO GOMES,RUA SA E SOUZA,,EM FRENTE A ESCOLA BRIGADEIRO EDUARDO GOMES,BOA VIAGEM,159,,COLISÃO,SEM VITIMAS,1,,,,,,1,,,0,,,,,,,,,,,,,,
2018-10-24,09:46:00,SEM VÍTIMA,FINALIZADA,ENCRUZILHADA,AV NORTE,,AV JOAO DE BARROS,EM FRENTE AO BANCO SANTANDER,AV NORTE,,EM FRENTE AO BANCO SANTANDER,ENCRUZILHADA,43,CID/SUB,COLISÃO,SEM VITIMAS/CTTU NO LOCAL GM,2,,,,,,,,,0,,,,,,,,,,,,,,
2018-10-24,10:07:00,COM VÍTIMA,FINALIZADA,AFOGADOS,RUA IMPERIAL,2077,,EM FRENTE A SECRETARIA DA FAZENDA,RUA IMPERIAL,2077,EM FRENTE A SECRETARIA DA FAZENDA,AFOGADOS,,CID/SUB,COLISÃO,COLISÃO COM UMA VITIMA AGUARDANDO SAMU,1,1,,,,,,,,1,,,,,,,,,,,,,,
2018-10-24,10:26:00,SEM VÍTIMA,FINALIZADA,SANTO AMARO,AV CRUZ CABUGA,,,EM FRENTE A HONDA / EM FRENTE A ESTAÇAO DO BRT ARARIPINA,AV CRUZ CABUGA,,EM FRENTE A HONDA / EM FRENTE A ESTAÇAO DO BRT ARARIPINA,SANTO AMARO,,SUB/CID,COLISÃO,ONIBUS E AUTO,1,,,,,1,,,,0,,,,,,,,,,,,,,