data,hora,natureza_acidente,situacao,bairro,endereco,numero,detalhe_endereco_acidente,complemento,endereco_cruzamento,numero_cruzamento,referencia_cruzamento,bairro_cruzamento,num_semaforo,sentido_via,tipo,descricao,auto,moto,ciclom,ciclista,pedestre,onibus,caminhao,viatura,outros,vitimas,vitimasfatais,acidente_verificado,tempo_clima,situacao_semaforo,sinalizacao,condicao_via,conservacao_via,ponto_controle,situacao_placa,velocidade_max_via,mao_direcao,divisao_via1,divisao_via2,divisao_via3
2018-10-26,18:23:00,SEM VÍTIMA,FINALIZADA,CASA AMARELA,RUA PADRE LEMOS,,AV NORTE,,RUA PADRE LEMOS,,,CASA AMARELA,,SUBURBIO,ABALROAMENTO LONGITUDINAL,MICRO ONIBUS E UM AUTO  SEM VITIMAS,1,,,,,1,,,,0,,Cruzamento,Bom,Sem defeito,Perfeito estado,Seca,Perfeito estado,Faixa de pedestre,,,Dupla,Faixa contínua,Faixa seccionada,Canteiro central
2018-10-26,18:35:00,SEM VÍTIMA,FINALIZADA,SÃO JOSÉ,VDO DAS CINCO PONTAS,,C SANTA RITA,E/F AO 16 BATALHÃO / PROXIMIDADES DAS ' TORRES GÊMEAS ' / AO LADO DO GA,VDO DAS CINCO PONTAS,,E/F AO 16 BATALHÃO / PROXIMIDADES DAS ' TORRES GÊMEAS ' / AO LADO DO GA,SÃO JOSÉ,,CIDADE,ABALROAMENTO LONGITUDINAL,ENTRE AUTO E ÕNIBUS. S/V,1,,,,,1,,,,0,,Longo da via,Bom,Não existe,Perfeito estado,Seca,Perfeito estado,Não existe,Outras,,Dupla,Canteiro central,,
2018-10-26,20:55:00,COM VÍTIMA,FINALIZADA,AREIAS,AV TAPAJOS,,RUA UBERLANDIA,NA FRENTE DO MERCADINHO VITORIA,AV TAPAJOS,,NA FRENTE DO MERCADINHO VITORIA,AREIAS,,SUB/CID,ABALROAMENTO TRANSVERSAL,COLISÃO COM VITIMA,1,1,,,,,,,,1,,Esquina,Bom,Não existe,Perfeito estado,Seca,Perfeito estado,Não existe,Não há placas,,Dupla,FAIXA,,
2018-10-26,21:36:00,SEM VÍTIMA,FINALIZADA,AFOGADOS,RUA SAO MIGUEL,800,,NA FRENTE DO QUARTEL E DISTRIBUIDORA RM,RUA SAO MIGUEL,800,NA FRENTE DO QUARTEL E DISTRIBUIDORA RM,AFOGADOS,,CIDADE,COLISÃO TRASEIRA,,1,1,,,,,,,,0,,Longo da via,Bom,Sem defeito,Perfeito estado,Seca,Perfeito estado,Não existe,Placas Dê a preferência,60 km/h,Dupla,Faixa contínua,,
2018-10-26,22:03:00,SEM VÍTIMA,FINALIZADA,AREIAS,AV RECIFE,758,,E/F A V8 SELECT / PRÓX A FARMACIA PERMANENTE,AV RECIFE,758,E/F A V8 SELECT / PRÓX A FARMACIA PERMANENTE,AREIAS,,SUBURBIO,COLISÃO TRASEIRA,ENTRE 2 AUTOS. S/V,2,,,,,,,,,0,,Longo da via,Bom,Não existe,Perfeito estado,Seca,Perfeito estado,Não existe,Não há placas,,Única,Faixa seccionada,Canteiro central,
2018-10-26,22:20:00,SEM VÍTIMA,FINALIZADA,JORDÃO,AV MARIA IRENE,323,,AO LADO DA BASE ÁREA DO RECIFE,AV MARIA IRENE,323,AO LADO DA BASE ÁREA DO RECIFE,JORDÃO,,SUBURBIO,ABALROAMENTO LONGITUDINAL,ENTRE AUTO E MOTO. S/V,1,1,,,,,,,,0,,Outros,Bom,Não existe,Não existente,Seca,Perfeito estado,,Não há placas,,Dupla,Não existe,,
2018-10-27,00:20:00,SEM VÍTIMA,FINALIZADA,CAMPO GRANDE,RUA PROFESSOR FRANCISCO DA TRINDADE,,RUA SAO CAETANO,PROX AO CLUBE DA PAS // POR TRAS DO SUPERMERCADO STYLO,RUA PROFESSOR FRANCISCO DA TRINDADE,,PROX AO CLUBE DA PAS // POR TRAS DO SUPERMERCADO STYLO,CAMPO GRANDE,,,COLISÃO,COLISAO ENTRE DOIS AUTOS  S/V.,2,,,,,,,,,0,,,,,,,,,,,,,,
2018-10-27,01:16:00,SEM VÍTIMA,FINALIZADA,SANTO ANTÔNIO,AV MARTINS DE BARROS,,,EM FRENTE AO TERMINAL DE ÕNIBUS DO CAIS DE SANTA RITA,AV MARTINS DE BARROS,,EM FRENTE AO TERMINAL DE ÕNIBUS DO CAIS DE SANTA RITA,SANTO ANTÔNIO,,,COLISÃO,COLISÃO ENTRE AUTO E ÔNIBUS S/V,1,,,,,1,,,,0,,,,,,,,,,,,,,
2018-10-27,01:26:00,SEM VÍTIMA,CANCELADA,BOA VISTA,RUA DA UNIAO,,,APÓS O HOTEL UNIÃO  PROX DO CRUZAMENTO COM A RUA MAMEDE SIMÕES,RUA DA UNIAO,,APÓS O HOTEL UNIÃO  PROX DO CRUZAMENTO COM A RUA MAMEDE SIMÕES,BOA VISTA,,,COLISÃO,COLISÃO ENTRE TRÊS AUTOS S/V,3,,,,,,,,,0,,,,,,,,,,,,,,
2018-10-27,01:33:00,SEM VÍTIMA,FINALIZADA,JARDIM SÃO PAULO,AV PADRE IBIAPINA,,,PRÓX AO QUARTEL 7ª COMUNICAÇÃO,AV PADRE IBIAPINA,,PRÓX AO QUARTEL 7ª COMUNICAÇÃO,JARDIM SÃO PAULO,,,COLISÃO,COLISÃO ENTRE DOIS AUTOS  S/V,2,,,,,,,,,0,,,,,,,,,,,,,,
2018-10-27,06:29:00,SEM VÍTIMA,FINALIZADA,TORRÕES,RUA CLAUDIO BROTHERHOOD,910,AV CAXANGA,HA DEZ METROS DA FARMACIA SANTA CECILIA,RUA CLAUDIO BROTHERHOOD,910,HA DEZ METROS DA FARMACIA SANTA CECILIA,TORRÕES,,SUB/CID,COLISÃO,RUA AO LADO CONTRARIO DA DELEGACIA DO CORDEIRO,1,1,,,,,,,,0,,,,,,,,,,,,,,
2018-10-27,07:50:00,SEM VÍTIMA,FINALIZADA,DERBY,AV GOVERNADOR CARLOS DE LIMA CAVALCANTI,,,EM FRENTE A WIZARD,AV GOVERNADOR CARLOS DE LIMA CAVALCANTI,,EM FRENTE A WIZARD,DERBY,,,COLISÃO,ONIBUS E AUTO VT-23 NO LOCAL,1,,,,,1,,,,0,,,,,,,,,,,,,,
2018-10-27,08:19:00,COM VÍTIMA,FINALIZADA,BONGI,AV ENGENHEIRO ABDIAS DE CARVALHO,2043,,EM FRENTE A RIO PISCINAS,AV ENGENHEIRO ABDIAS DE CARVALHO,2043,EM FRENTE A RIO PISCINAS,BONGI,,SUB/CID,ABALROAMENTO TRANSVERSAL,DUAS MOTOS,,2,,,,,,,,3,,Longo da via,Bom,Não existe,Perfeito estado,Seca,Perfeito estado,Faixa de pedestre,,,Dupla,Canteiro central,,
2018-10-27,09:07:00,SEM VÍTIMA,FINALIZADA,CORDEIRO,RUA DIANOPOLIS,8,,AO LADO DO CANAL DA TORRE E FRENTE AO MARTELINHO DE OURO,RUA DIANOPOLIS,8,AO LADO DO CANAL DA TORRE E FRENTE AO MARTELINHO DE OURO,CORDEIRO,,,COLISÃO,COLISÃO SEM VITIMAS,2,,,,,,,,,0,,,,,,,,,,,,,,
2018-10-27,09:10:00,,CANCELADA,TORRE,AV PROFESSOR ESTEVAO FRANCISCO DA COSTA,,RUA ODETE MONTEIRO,EM FRENTE AO POSTO PETROCAL,AV PROFESSOR ESTEVAO FRANCISCO DA COSTA,,EM FRENTE AO POSTO PETROCAL,TORRE,589,,COLISÃO,DOIS AUTOS,2,,,,,,,,,0,,,,,,,,,,,,,,
2018-10-27,10:57:00,SEM VÍTIMA,FINALIZADA,PINA,AV ANTONIO DE GOES,,,EM FRENTE A CASA DA BATERIA,AV ANTONIO DE GOES,,EM FRENTE A CASA DA BATERIA,PINA,,,COLISÃO,COLISÃO SEM VITIMAS VT 32 QTH,2,,,,,,,,,0,,,,,,,,,,,,,,
2018-10-27,11:29:00,SEM VÍTIMA,FINALIZADA,BAIRRO DO RECIFE,RUA MARIZ E BARROS,149,RUA VIGARIO TENORIO,AO LADO DA ANTIGA BOATE DANTOW,RUA MARIZ E BARROS,149,AO LADO DA ANTIGA BOATE DANTOW,BAIRRO DO RECIFE,,,COLISÃO,,2,,,,,,,,,0,,,,,,,,,,,,,,
2018-10-27,12:10:00,SEM VÍTIMA,FINALIZADA,ZUMBI,RUA FREI TEOFILO DE VIRGOLETTA,,,BORRACHARIA DO ROBERTO E O MERCADINHO DO POVO,RUA FREI TEOFILO DE VIRGOLETTA,,BORRACHARIA DO ROBERTO E O MERCADINHO DO POVO,ZUMBI,,,COLISÃO,COLISÃO SEM VITIMA,2,,,,,,,,,0,,,,,,,,,,,,,,
2018-10-27,12:48:00,COM VÍTIMA,FINALIZADA,BAIRRO DO RECIFE,CAIS DO APOLO,,,EM FRENTE AO BANCO DO BRASIL,CAIS DO APOLO,,EM FRENTE AO BANCO DO BRASIL,BAIRRO DO RECIFE,19,,ACID. DE PERCURSO,COM DUAS VITIMAS MOTO CAIU EM UM BURACO DE UMA OBRA,,1,,,,,,,,2,,,,,,,,,,,,,,
2018-10-27,12:50:00,SEM VÍTIMA,FINALIZADA,SÃO JOSÉ,C SANTA RITA,,,PROX A GRANDE RECIFE NA SUBIDA DO VIADUTO DAS CINCO PONTAS,C SANTA RITA,,PROX A GRANDE RECIFE NA SUBIDA DO VIADUTO DAS CINCO PONTAS,SÃO JOSÉ,,BOA VIAGEM,COLISÃO,COLISÃO SEM VITIMAS,1,1,,,,,,,,0,,,,,,,,,,,,,,
2018-10-27,13:29:00,SEM VÍTIMA,FINALIZADA,DERBY,RUA JENER DE SOUZA,,PRC DO DERBY,EM FRENTE AO QUARTEL PM,RUA JENER DE SOUZA,,EM FRENTE AO QUARTEL PM,DERBY,40,CID/SUB,COLISÃO,SEM VITIMAS,2,,,,,,,,,0,,,,,,,,,,,,,,
2018-10-27,13:34:00,COM VÍTIMA,FINALIZADA,MANGUEIRA,RUA SAO MIGUEL,1343,RUA MANOEL FERNANDES DE ALBUQUERQUE,PROX AO BODE DO NÕ EM FRENTE A DROGARIA BONGI,RUA SAO MIGUEL,1343,PROX AO BODE DO NÕ EM FRENTE A DROGARIA BONGI,MANGUEIRA,,SUB/CID,ABALROAMENTO TRANSVERSAL,COLISÃO COM VITIMA SOCORRIDA PELO SAMU,1,1,,,,,,,,1,,Longo da via,Bom,Sem defeito,Perfeito estado,Seca,Perfeito estado,Não existe,Não há placas,,Dupla,FAIXA,,
2018-10-27,13:53:00,SEM VÍTIMA,FINALIZADA,FUNDÃO,AV BEBERIBE,16,,AO LADO DA ACADEMIA DA CIDADE E EM FRENTE A GALERIA CAJUEIRO,AV BEBERIBE,16,AO LADO DA ACADEMIA DA CIDADE E EM FRENTE A GALERIA CAJUEIRO,FUNDÃO,,CID/SUB,COLISÃO,SEM VITIMAS,2,,,,,,,,,0,,,,,,,,,,,,,,
2018-10-27,14:44:00,SEM VÍTIMA,FINALIZADA,SANTO AMARO,AV GOVERNADOR AGAMENON MAGALHAES,,,EM CIMA DO VIADUTO - AO LADO DO TACARUNA,AV GOVERNADOR AGAMENON MAGALHAES,,EM CIMA DO VIADUTO - AO LADO DO TACARUNA,SANTO AMARO,,SUB/CID,COLISÃO,COLISÃO SEM VITMA,2,,,,,,,,,0,,,,,,,,,,,,,,
2018-10-27,15:07:00,SEM VÍTIMA,FINALIZADA,CASA AMARELA,RUA MAJOR NEREU GUERRA,142,,PRX. AO COLEGIO PADRE MACHADO,RUA MAJOR NEREU GUERRA,142,PRX. AO COLEGIO PADRE MACHADO,CASA AMARELA,,CID/SUB,COLISÃO,COLISÃO SEM VITIMAS,1,,1,,,,,,,0,,,,,,,,,,,,,,
2018-10-27,15:19:00,SEM VÍTIMA,FINALIZADA,BOA VIAGEM,AV CONSELHEIRO AGUIAR,1360,,EM FRENTE A GALERIA CENTRO SUL,AV CONSELHEIRO AGUIAR,1360,EM FRENTE A GALERIA CENTRO SUL,BOA VIAGEM,,SUB/CID,COLISÃO,COLISÃO SEM VITIMAS,2,,,,,,,,,0,,,,,,,,,,,,,,
2018-10-27,15:25:00,SEM VÍTIMA,FINALIZADA,DERBY,RUA JOAO FERNANDES VIEIRA,,AV GOVERNADOR AGAMENON MAGALHAES,EM FRENTE AO MURO DO COLEGIO AMERICANO BATISTA,RUA JOAO FERNANDES VIEIRA,,EM FRENTE AO MURO DO COLEGIO AMERICANO BATISTA,DERBY,37,CID/SUB,COLISÃO,SEM VITIMAS,2,,,,,,,,,0,,,,,,,,,,,,,,
2018-10-27,15:26:00,SEM VÍTIMA,CANCELADA,IBURA,RUA PERO VAZ DE CAMINHA,47,,PROX AO TERMINAL DA UR 05 EM FRENTE A PIZZARIA LEO PIZZA,RUA PERO VAZ DE CAMINHA,47,PROX AO TERMINAL DA UR 05 EM FRENTE A PIZZARIA LEO PIZZA,IBURA,,,COLISÃO,COLISÃO SEM VITIMAS,1,,,,,1,,,,0,,,,,,,,,,,,,,
2018-10-27,15:50:00,VÍTIMA FATAL,FINALIZADA,IBURA,AV RECIFE,,AV DOM HELDER CAMARA,SAÍDA DO IBURA,AV RECIFE,,SAÍDA DO IBURA,IBURA,55,,ATROPELAMENTO,ATROPELAMENTO X PEDESTRE,,,,,1,1,,,,,1,Longo da via,Bom,Sem defeito,Perfeito estado,Seca,Perfeito estado,,,,,,,
2018-10-27,16:07:00,SEM VÍTIMA,FINALIZADA,PINA,AV ANTONIO DE GOES,,,EM FRENTE A CONCESSIONARIA HONDA,AV ANTONIO DE GOES,,EM FRENTE A CONCESSIONARIA HONDA,PINA,,,COLISÃO,COLISÃO SEM VITMAS GM QTH,2,,,,,,,,,0,,,,,,,,,,,,,,
2018-10-27,16:29:00,COM VÍTIMA,FINALIZADA,ENGENHO DO MEIO,RUA ANTONIO CURADO,604,RUA VALDEMAR FALCAO,HA 50 METROS DO CLUBE DA COMPESA,RUA ANTONIO CURADO,604,HA 50 METROS DO CLUBE DA COMPESA,ENGENHO DO MEIO,,,COLISÃO,COM UMA VITIMA SOCORRIDA PELO SAMU,1,1,,,,,,,,1,,,,,,,,,,,,,,
2018-10-27,17:35:00,COM VÍTIMA,FINALIZADA,ENGENHO DO MEIO,RUA ANTONIO CURADO,604,RUA VALDEMAR FALCAO,HA 50 METROS DO CLUBE DA COMPESA,RUA ANTONIO CURADO,604,HA 50 METROS DO CLUBE DA COMPESA,ENGENHO DO MEIO,,SUB/CID,COLISÃO FRONTAL,COM UMA VITIMA SOCORRIDA PELO SAMU,1,1,,,,,,,,1,,Cruzamento,Bom,Não existe,Perfeito estado,Seca,Perfeito estado,Não existe,Não há placas,,Dupla,FAIXA,,
2018-10-27,17:39:00,SEM VÍTIMA,FINALIZADA,PASSARINHO,EST DE PASSARINHO,,,PROX. A FRUTA PLUS/ A 50 METROS DO TERMINAL DO MICRO ONIBUS DE DOIS UNIDOS,EST DE PASSARINHO,,PROX. A FRUTA PLUS/ A 50 METROS DO TERMINAL DO MICRO ONIBUS DE DOIS UNIDOS,PASSARINHO,,SUB/CID,COLISÃO,COLISÃO SEM VITIMAS,2,,,,,,,,,0,,,,,,,,,,,,,,
2018-10-27,18:13:00,SEM VÍTIMA,CANCELADA,ESTÂNCIA,AV DR JOSE RUFINO,514,,APOS O DECISÃO,AV DR JOSE RUFINO,514,APOS O DECISÃO,ESTÂNCIA,,SUB/CID,COLISÃO,COLISÃO SEM VITIMA,2,,,,,,,,,0,,,,,,,,,,,,,,
2018-10-27,20:45:00,SEM VÍTIMA,FINALIZADA,IPSEP,RUA ITAJAI,,RUA ITACARI,DISTRIBUIDORA YNOVE,RUA ITAJAI,,DISTRIBUIDORA YNOVE,IPSEP,,SUB/CID,COLISÃO,COLISÃO SEM VITIMA,2,,,,,,,,,0,,,,,,,,,,,,,,
2018-10-27,20:52:00,COM VÍTIMA,FINALIZADA,TEJIPIÓ,RUA APRIGIO GUIMARAES,63,,ENF AO MULTIRIM,RUA APRIGIO GUIMARAES,63,ENF AO MULTIRIM,TEJIPIÓ,,SUB/CID,CHOQUE VEÍCULO PARADO,KIWID X PALIO,2,,,,,,,,,2,,Longo da via,Bom,Não existe,Incompleta,Seca,Perfeito estado,Não existe,R6A,,Dupla,Não existe,,
2018-10-27,21:26:00,COM VÍTIMA,FINALIZADA,BOA VIAGEM,AV ENGENHEIRO DOMINGOS FERREIRA,,RUA PEREIRA DA COSTA,ENF AO CLINICAL CENTER,AV ENGENHEIRO DOMINGOS FERREIRA,,ENF AO CLINICAL CENTER,BOA VIAGEM,142,CID/SUB,ABALROAMENTO TRANSVERSAL,MOBI X MERIVA,2,,,,,,,,,5,,Longo da via,Bom,Sem defeito,Perfeito estado,Seca,Perfeito estado,Faixa de pedestre,,,Dupla,Canteiro central,,
2018-10-27,21:49:00,SEM VÍTIMA,CANCELADA,CAXANGÁ,AV JOAQUIM RIBEIRO,675,,NA FRENTE DA CONSTRUÇÃO MRV ENGENHARIA,AV JOAQUIM RIBEIRO,675,NA FRENTE DA CONSTRUÇÃO MRV ENGENHARIA,CAXANGÁ,,SUB/CID,COLISÃO,COLISÃO SEM VITIMA,2,,,,,,,,,0,,,,,,,,,,,,,,
2018-10-27,22:23:00,SEM VÍTIMA,FINALIZADA,BEBERIBE,AV BEBERIBE,2221,AV CIDADE DE MONTEIRO,PRAÇA CAMILO SIMÕES,AV BEBERIBE,2221,PRAÇA CAMILO SIMÕES,BEBERIBE,,CID/SUB,COLISÃO,COLISÃO SEM VITIMA,1,1,,,,,,,,0,,,,,,,,,,,,,,
2018-10-27,22:34:00,SEM VÍTIMA,FINALIZADA,CASA AMARELA,AV NORTE,,AV PEDRO ALLAIN,PROX A ENTRADA DO MORRO DA CONCEIÇAO,AV NORTE,,PROX A ENTRADA DO MORRO DA CONCEIÇAO,CASA AMARELA,,SUB/CID,COLISÃO,FIIAT X MOTO,1,1,,,,,,,,0,,,,,,,,,,,,,,
2018-10-27,23:18:00,SEM VÍTIMA,FINALIZADA,CASA AMARELA,AV NORTE,5260,RUA DA HARMONIA,NA DESCIDA DO MORRO DA CONCEIÇÃO/ PROX. AO SENAC E A FARMACIA BOM JESUS,AV NORTE,5260,NA DESCIDA DO MORRO DA CONCEIÇÃO/ PROX. AO SENAC E A FARMACIA BOM JESUS,CASA AMARELA,,,COLISÃO,COLISÃO SEM VITIMA,2,,,,,,,,,0,,,,,,,,,,,,,,
2018-10-27,23:41:00,SEM VÍTIMA,FINALIZADA,SÃO JOSÉ,RUA IMPERIAL,981,TRV DO RAPOSO,GALPÃO EMPREENDIMENTOS DA PROTEP/ MOTEL CRISTAL,RUA IMPERIAL,981,GALPÃO EMPREENDIMENTOS DA PROTEP/ MOTEL CRISTAL,SÃO JOSÉ,510,CID/SUB,COLISÃO,COLISÃO SEM VITIMAS,2,,,,,,,,,0,,,,,,,,,,,,,,
2018-10-28,00:07:00,SEM VÍTIMA,FINALIZADA,NOVA DESCOBERTA,RUA NOVA DESCOBERTA,685,,EM FRENTE A MERCEARIA DO MARCILIO  PROX IGREJA CATOLICA NOSSA SENHORA DE LOURDES  PROX DA ASSEMBLEIA DE DEUS,RUA NOVA DESCOBERTA,685,EM FRENTE A MERCEARIA DO MARCILIO  PROX IGREJA CATOLICA NOSSA SENHORA DE LOURDES  PROX DA ASSEMBLEIA DE DEUS,NOVA DESCOBERTA,,CIDADE,ABALROAMENTO LONGITUDINAL,COLISÃO ENTRE VIATURA DA PM COM MOTO S/V,,1,,,,,,1,,0,,Longo da via,Bom,Não existe,Não existente,Seca,Perfeito estado,Não existe,Não há placas,40 km/h,Dupla,Não existe,,
2018-10-28,05:06:00,SEM VÍTIMA,FINALIZADA,PINA,AV HERCULANO BANDEIRA,,,EM FRENTE AO ATACADO DA CONSTRUÇÃO,AV HERCULANO BANDEIRA,,EM FRENTE AO ATACADO DA CONSTRUÇÃO,PINA,,,COLISÃO,COLISÃO ENTRE DOIS AUTOS S/V,2,,,,,,,,,0,,,,,,,,,,,,,,
2018-10-28,07:16:00,SEM VÍTIMA,FINALIZADA,ESTÂNCIA,AV RECIFE,,,,AV RECIFE,,,ESTÂNCIA,,CENTRO,CHOQUE,VEÍCULO CHOCOU-SE COM O POSTE EM FRENTE AO POSTO TOTAL,1,,,,,,,,,0,,,,,,,,,,,,,,
2018-10-28,09:09:00,SEM VÍTIMA,FINALIZADA,VÁRZEA,AV AFONSO OLINDENSE,1743,,EM FRENTE A ANTIGA GARAGEM DA METROPOLITANA,AV AFONSO OLINDENSE,1743,EM FRENTE A ANTIGA GARAGEM DA METROPOLITANA,VÁRZEA,,BR 101,COLISÃO,COLISÃO SEM VITIMAS,1,1,,,,,,,,0,,,,,,,,,,,,,,
2018-10-28,09:14:00,SEM VÍTIMA,CANCELADA,BOA VIAGEM,AV DOM JOAO VI,,,EM FRENTE A CONCESSIONARIA AMERICA DA FORD,AV DOM JOAO VI,,EM FRENTE A CONCESSIONARIA AMERICA DA FORD,BOA VIAGEM,543,,COLISÃO,SEM VITIMAS,1,1,,,,,,,,0,,,,,,,,,,,,,,
2018-10-28,09:51:00,SEM VÍTIMA,CANCELADA,PINA,AV HERCULANO BANDEIRA,1001,RUA ARQUITETO AUGUSTO REINALDO,EM FRENTE A AO ATACADO DA CONSTRUÇÃO,AV HERCULANO BANDEIRA,1001,EM FRENTE A AO ATACADO DA CONSTRUÇÃO,PINA,660,CID/SUB,COLISÃO,SEM VITIMAS,1,1,,,,,,,,0,,,,,,,,,,,,,,
2018-10-28,09:58:00,,CANCELADA,ENGENHO DO MEIO,RUA LINDOLFO COLOR,,RUA ANTONIO CURADO,,RUA LINDOLFO COLOR,,,ENGENHO DO MEIO,,SUB/CID,COLISÃO,COLISÃO SEM VITIMAS,2,,,,,,,,,0,,,,,,,,,,,,,,
2018-10-28,10:03:00,SEM VÍTIMA,CANCELADA,IMBIRIBEIRA,AV MARECHAL MASCARENHAS DE MORAES,945 A,,EM FRENTE A GRAN VIA,AV MARECHAL MASCARENHAS DE MORAES,945 A,EM FRENTE A GRAN VIA,IMBIRIBEIRA,532,CID/SUB,COLISÃO,MOTO E AUTO,1,1,,,,,,,,0,,,,,,,,,,,,,,
2018-10-28,10:11:00,COM VÍTIMA,FINALIZADA,BOA VIAGEM,AV VINTE DE JANEIRO,1000,,EM FRENTE A SOÇAITE CENTER SOCCER,AV VINTE DE JANEIRO,1000,EM FRENTE A SOÇAITE CENTER SOCCER,BOA VIAGEM,,SUB/CID,ABALROAMENTO TRANSVERSAL,COLISÃO COM VITIMA SOCORRIDA PELO SAMU,1,1,,,,,,,,2,,Longo da via,Bom,Não existe,Perfeito estado,Seca,Perfeito estado,Não existe,Não há placas,,Dupla,Não existe,,
2018-10-28,10:28:00,SEM VÍTIMA,FINALIZADA,ENGENHO DO MEIO,RUA LINDOLFO COLOR,110,,EM FRENTE A SUDENE,RUA LINDOLFO COLOR,110,EM FRENTE A SUDENE,ENGENHO DO MEIO,,,COLISÃO,COLISÃO SEM VITIMAS,2,,,,,,,,,0,,,,,,,,,,,,,,
2018-10-28,11:08:00,COM VÍTIMA,FINALIZADA,BAIRRO DO RECIFE,AV ALFREDO LISBOA,,,EM FRENTE AO TERMINAL MARÍTIMO,AV ALFREDO LISBOA,,EM FRENTE AO TERMINAL MARÍTIMO,BAIRRO DO RECIFE,,CID/SUB,ATROPELAMENTO ANIMAL,MOTOCICLETA E CAVALO,,1,,,,,,,,1,,Longo da via,Bom,Não existe,Perfeito estado,Seca,Perfeito estado,,R6A,40 km/h,Única,FAIXA,,
2018-10-28,11:32:00,SEM VÍTIMA,FINALIZADA,BEBERIBE,AV BEBERIBE,3530,RUA CONS BARROS BARRETO,EM FRENTE AO RESIDENCIAL JOAO PAULO II,AV BEBERIBE,3530,EM FRENTE AO RESIDENCIAL JOAO PAULO II,BEBERIBE,,,COLISÃO,TRES AUTOS VT 5 NO QTH,3,,,,,,,,,0,,,,,,,,,,,,,,
2018-10-28,11:21:00,SEM VÍTIMA,FINALIZADA,IMBIRIBEIRA,RUA ALFREDO MARCONDES,,AV ANTONIO TORRES GALVAO,EM FRENTE A LOJA FINO E A IGREJA EPISCOPAL,RUA ALFREDO MARCONDES,,EM FRENTE A LOJA FINO E A IGREJA EPISCOPAL,IMBIRIBEIRA,442,,COLISÃO,COLISÃO SEM VITIMAS,2,,,,,,,,,0,,,,,,,,,,,,,,
2018-10-28,11:35:00,SEM VÍTIMA,FINALIZADA,IBURA,RUA EXP FRANCISCO VITORIANO,31,,EM FRENTE A O SUPERMECADO TREVO,RUA EXP FRANCISCO VITORIANO,31,EM FRENTE A O SUPERMECADO TREVO,IBURA,,,COLISÃO,SEM VITIMAS,2,,,,,,,,,0,,,,,,,,,,,,,,
2018-10-28,13:16:00,SEM VÍTIMA,FINALIZADA,IMBIRIBEIRA,AV MARECHAL MASCARENHAS DE MORAES,808,RUA DR VALDIR PESSOA,EM FRENTE A FORD,AV MARECHAL MASCARENHAS DE MORAES,808,EM FRENTE A FORD,IMBIRIBEIRA,532,CID/SUB,COLISÃO,DOIS AUTOS S/V,2,,,,,,,,,0,,,,,,,,,,,,,,
2018-10-28,13:27:00,SEM VÍTIMA,FINALIZADA,BOA VIAGEM,AV ENGENHEIRO DOMINGOS FERREIRA,2655,RUA TENENTE JOAO CICERO,EM FRENTE AO POSTO BR,AV ENGENHEIRO DOMINGOS FERREIRA,2655,EM FRENTE AO POSTO BR,BOA VIAGEM,,CID/SUB,ENGAVETAMENTO,ENTRE QUATRO VEICULOS SV,4,,,,,,,,,0,,,,,,,,,,,,,,
2018-10-28,14:02:00,COM VÍTIMA,FINALIZADA,ESPINHEIRO,RUA DO ESPINHEIRO,533,,APOS O POSTO IPIRANGA,RUA DO ESPINHEIRO,533,APOS O POSTO IPIRANGA,ESPINHEIRO,,SUB/CID,ATROPELAMENTO,AUTO E PEDESTRE  A VITIMA ESTA NO LOCAL AGUARDANDO ATENDIMENTO,1,,,,1,,,,,1,,Longo da via,Bom,Não existe,Perfeito estado,Seca,Perfeito estado,Não existe,Não há placas,40 km/h,Única,FAIXA,,
2018-10-28,14:48:00,SEM VÍTIMA,FINALIZADA,BOA VIAGEM,RUA ANTONIO VICENTE,78,RUA SA E SOUZA,PROX. A DOGASIL,RUA ANTONIO VICENTE,78,PROX. A DOGASIL,BOA VIAGEM,,,COLISÃO,DOIS AUTOS S/V,2,,,,,,,,,0,,,,,,,,,,,,,,
2018-10-28,14:53:00,SEM VÍTIMA,FINALIZADA,NOVA DESCOBERTA,RUA AGUIA BRANCA,148,RUA DR ALTO CAETE,PROX. A ESCOLA DR CAETES,RUA AGUIA BRANCA,148,PROX. A ESCOLA DR CAETES,NOVA DESCOBERTA,,CID/SUB,COLISÃO,COLISÃO SEM VITIMAS,2,,,,,,,,,0,,,,,,,,,,,,,,