data,hora,natureza_acidente,situacao,bairro,endereco,numero,detalhe_endereco_acidente,complemento,endereco_cruzamento,numero_cruzamento,referencia_cruzamento,bairro_cruzamento,num_semaforo,sentido_via,tipo,descricao,auto,moto,ciclom,ciclista,pedestre,onibus,caminhao,viatura,outros,vitimas,vitimasfatais,acidente_verificado,tempo_clima,situacao_semaforo,sinalizacao,condicao_via,conservacao_via,ponto_controle,situacao_placa,velocidade_max_via,mao_direcao,divisao_via1,divisao_via2,divisao_via3
2018-11-05,09:42:00,SEM VÍTIMA,FINALIZADA,CASA FORTE,AV DEZESSETE DE AGOSTO,1986,RUA JADER DE ANDRADE,ESQUINA COM O LABORATÓRIO MARCELO MAGALHÃES,AV DEZESSETE DE AGOSTO,1986,ESQUINA COM O LABORATÓRIO MARCELO MAGALHÃES,CASA FORTE,,SUBURBIO,ABALROAMENTO LONGITUDINAL,DOIS AUTOS VT 13 NO QTH,2,,,,,,,,,0,,Longo da via,Bom,Não existe,Perfeito estado,Seca,Perfeito estado,Não existe,Não há placas,60 km/h,Dupla,Faixa contínua,,
2018-11-05,09:44:00,SEM VÍTIMA,FINALIZADA,TORRE,RUA DOM MANOEL DA COSTA,405,RUA PADRE LANDIM,ESCOLA MUNICIPAL PAROQUIAL CRISTO REI,RUA DOM MANOEL DA COSTA,405,ESCOLA MUNICIPAL PAROQUIAL CRISTO REI,TORRE,,,ABALROAMENTO TRANSVERSAL,COLISÃO SEM VITIMAS,2,,,,,,,,,0,,Cruzamento,Bom,Sem defeito,Incompleta,Seca,Perfeito estado,Faixa de pedestre,Não há placas,,Única,Faixa seccionada,,
2018-11-05,10:18:00,SEM VÍTIMA,FINALIZADA,DERBY,PRC DO DERBY,,,EM FRENTE A PRAÇA DO DERBY,PRC DO DERBY,,EM FRENTE A PRAÇA DO DERBY,DERBY,75,SUBURBIO,ABALROAMENTO LONGITUDINAL,COLISÃO SEM VITIMAS,1,,,,,1,,,,0,,Longo da via,Bom,Sem defeito,Perfeito estado,Seca,Perfeito estado,Faixa de pedestre,Outras,60 km/h,Dupla,Canteiro central,,
2018-11-05,10:47:00,SEM VÍTIMA,FINALIZADA,PINA,RUA JOAQUIM CARNEIRO DA SILVA,256,,EM FRENTE A PRAÇA MARCOS ANTONIO VILLAÇA,RUA JOAQUIM CARNEIRO DA SILVA,256,EM FRENTE A PRAÇA MARCOS ANTONIO VILLAÇA,PINA,,SUBURBIO,ABALROAMENTO LONGITUDINAL,COLISÃO SEM VITIMAS,1,,,,,,1,,,0,,Longo da via,Bom,Não existe,Não existente,Seca,Mal conservada,Não existe,Não há placas,,Dupla,Não existe,,
2018-11-05,11:54:00,SEM VÍTIMA,CANCELADA,MADALENA,RUA REAL DA TORRE,,,E/F AO MERCADO DA MADALENA,RUA REAL DA TORRE,,E/F AO MERCADO DA MADALENA,MADALENA,179,,COLISÃO,COLISAO ENTRE DOIS AUTOS S/V,2,,,,,,,,,0,,Não informado,,,,,,,,,,,,
2018-11-05,12:14:00,SEM VÍTIMA,FINALIZADA,SAN MARTIN,AV ENGENHEIRO ABDIAS DE CARVALHO,,,PRAÇA DA CHESF,AV ENGENHEIRO ABDIAS DE CARVALHO,,PRAÇA DA CHESF,SAN MARTIN,375,CIDADE,COLISÃO TRASEIRA,COLISÃO SEM VITIMAS,2,,,,,,,,,0,,Longo da via,Bom,Sem defeito,Perfeito estado,Seca,Perfeito estado,Faixa de pedestre,Não há placas,,Dupla,Canteiro central,,
2018-11-05,12:30:00,SEM VÍTIMA,FINALIZADA,IBURA,RUA RIO XINGU,,,AO LADO DO POSTO BR,RUA RIO XINGU,,AO LADO DO POSTO BR,IBURA,,SUBURBIO,ABALROAMENTO LONGITUDINAL,CLISAO ENTRE AUTO E MOTO S/V,1,1,,,,,,,,0,,Longo da via,Bom,Não existe,Perfeito estado,Seca,Perfeito estado,Não existe,Não há placas,40 km/h,Dupla,Não existe,,
2018-11-05,12:46:00,SEM VÍTIMA,FINALIZADA,NOVA DESCOBERTA,COR DO BOLEIRO,,,NO TERMINAL DO CORREGO DA AREIA,COR DO BOLEIRO,,NO TERMINAL DO CORREGO DA AREIA,NOVA DESCOBERTA,,SUBURBIO,ABALROAMENTO LONGITUDINAL,COLISAO ENTRE CARRETA E AUTO S/V,1,,,,,,1,,,0,,Longo da via,Bom,Não existe,Não existente,Seca,Perfeito estado,,Não há placas,,Dupla,,,
2018-11-05,12:52:00,SEM VÍTIMA,FINALIZADA,AFOGADOS,RUA DA PAZ,,,EM FRENTE A CAIXA ECONOMICA,RUA DA PAZ,,EM FRENTE A CAIXA ECONOMICA,AFOGADOS,73,,COLISÃO TRASEIRA,COLISÃO SEM VITIMAS,,1,,,,1,,,,0,,Longo da via,Bom,Sem defeito,Não existente,Seca,Perfeito estado,Não existe,Não há placas,,Única,Não existe,,
2018-11-05,12:58:00,SEM VÍTIMA,CANCELADA,VÁRZEA,AV AFONSO OLINDENSE,,,EM FRENTE AO ARMAZEM KIOSK,AV AFONSO OLINDENSE,,EM FRENTE AO ARMAZEM KIOSK,VÁRZEA,,CIDADE,COLISÃO,COLISÃO SEM VITIMAS,,1,,,,,1,,,0,,Não informado,,,,,,,,,,,,
2018-11-05,13:46:00,SEM VÍTIMA,FINALIZADA,TORREÃO,RUA DJALMA FARIAS,58,RUA LADARIO DE SOUZA,EM FRENTE AO ADVOGADOS MONTEIRO DE FREITAS,RUA DJALMA FARIAS,58,EM FRENTE AO ADVOGADOS MONTEIRO DE FREITAS,TORREÃO,,SUBURBIO,ABALROAMENTO TRANSVERSAL,COLISÃO SEM VITIMAS,2,,,,,,,,,0,,Cruzamento,Bom,Não existe,Perfeito estado,Seca,Perfeito estado,Outros,Não há placas,30 km/h,Dupla,Faixa seccionada,,
2018-11-05,14:27:00,SEM VÍTIMA,FINALIZADA,DERBY,AV GOVERNADOR AGAMENON MAGALHAES,,,E/F A URGENCIA PEDIATRICA DA UNIMED PISTA LOCAL S/T BOA VIAGEM,AV GOVERNADOR AGAMENON MAGALHAES,,E/F A URGENCIA PEDIATRICA DA UNIMED PISTA LOCAL S/T BOA VIAGEM,DERBY,,SUBURBIO,COLISÃO TRASEIRA,COLISAO ENTRE TRES AUTOS S/V,3,,,,,,,,,0,,Longo da via,Bom,Não existe,Perfeito estado,Seca,Perfeito estado,Não existe,Não há placas,,Única,Faixa seccionada,,
2018-11-05,14:40:00,SEM VÍTIMA,FINALIZADA,BOA VIAGEM,AV FERNANDO SIMOES BARBOSA,329,,E/F AO RESTAURANTE PONTEIO,AV FERNANDO SIMOES BARBOSA,329,E/F AO RESTAURANTE PONTEIO,BOA VIAGEM,329,SUBURBIO,ABALROAMENTO LONGITUDINAL,COLISAO ENTRE DOIS AUTOS S/V,2,,,,,,,,,0,,Longo da via,Bom,Sem defeito,Perfeito estado,Seca,Perfeito estado,Faixa de retenção,R-6a,,Única,Faixa seccionada,,
2018-11-05,14:49:00,SEM VÍTIMA,FINALIZADA,SANTO ANTÔNIO,AV MARTINS DE BARROS,,RUA SIQUEIRA CAMPOS,E/F AO BANCO SANTANDER,AV MARTINS DE BARROS,,E/F AO BANCO SANTANDER,SANTO ANTÔNIO,,,ABALROAMENTO LONGITUDINAL,COLISAO ENTRE AUTO E ONIBUS S/V,1,,,,,1,,,,0,,Longo da via,Bom,Sem defeito,Perfeito estado,Seca,Perfeito estado,Faixa de pedestre,R-6a,40 km/h,Única,Faixa seccionada,,
2018-11-05,15:14:00,SEM VÍTIMA,FINALIZADA,TORREÃO,AV NORTE,,RUA DJALMA FARIAS,E/F A ESQUINA DA PICANHA S/T SUB,AV NORTE,,E/F A ESQUINA DA PICANHA S/T SUB,TORREÃO,,SUBURBIO,ABALROAMENTO LONGITUDINAL,COLISAO ENTRE DOIS AUTOS S/V,2,,,,,,,,,0,,Outros,Bom,Não existe,Perfeito estado,Seca,Perfeito estado,,Placas Pare,,Dupla,Canteiro central,,
2018-11-05,15:22:00,SEM VÍTIMA,FINALIZADA,PRADO,AV ENGENHEIRO ABDIAS DE CARVALHO,,RUA CARLOS GOMES,EM FRENTE A PAGUE MENOS,AV ENGENHEIRO ABDIAS DE CARVALHO,,EM FRENTE A PAGUE MENOS,PRADO,57,SUBURBIO,COLISÃO TRASEIRA,COLISÃO SEM VITIMAS GM QTH,3,,,,,,,,,0,,Longo da via,Bom,Sem defeito,Perfeito estado,Seca,Perfeito estado,Faixa de pedestre,Não há placas,,Dupla,Canteiro central,,
2018-11-05,15:35:00,SEM VÍTIMA,FINALIZADA,IMBIRIBEIRA,RUA SARGENTO SILVIO DELMAR HOLLEMBACH,147,,E/F A EMPRESA MK CLEAN GALPAO 02 PROX A TOP MIX,RUA SARGENTO SILVIO DELMAR HOLLEMBACH,147,E/F A EMPRESA MK CLEAN GALPAO 02 PROX A TOP MIX,IMBIRIBEIRA,,SUBURBIO,ABALROAMENTO LONGITUDINAL,COLISAO ENTRE CAMINHAO E AUTO S/V,1,,,,,,1,,,0,,Longo da via,Bom,Não existe,Ilegível,Seca,Perfeito estado,Não existe,Não há placas,,Dupla,Não existe,,
2018-11-05,15:42:00,SEM VÍTIMA,FINALIZADA,BOA VISTA,RUA ALMEIDA CUNHA,,,EM FRENTE AO ESTACIONAMENTO DA UNIVERSIDADE CATOLICA,RUA ALMEIDA CUNHA,,EM FRENTE AO ESTACIONAMENTO DA UNIVERSIDADE CATOLICA,BOA VISTA,,CIDADE,ABALROAMENTO LONGITUDINAL,COLISÃO SEM VITIMAS,2,,,,,,,,,0,,Longo da via,Bom,Não existe,Incompleta,Seca,Perfeito estado,Não existe,Outras,,Única,Não existe,,
2018-11-05,16:31:00,SEM VÍTIMA,FINALIZADA,AFLITOS,AV CONS ROSA E SILVA,1241,RUA TEIXEIRA PINTO,,AV CONS ROSA E SILVA,1241,,AFLITOS,,SUBURBIO,ABALROAMENTO LONGITUDINAL,COLISAO ENTE DOIS AUTOS S/V,2,,,,,,,,,0,,Longo da via,Bom,Não existe,Perfeito estado,Seca,Perfeito estado,Outros,R-6a,,Única,Faixa seccionada,,
2018-11-05,16:46:00,COM VÍTIMA,FINALIZADA,IPUTINGA,RUA MAURICIO DE NASSAU,,1TR SANTA LUCIA,PROX AO GOE EM FRENTE AO SUPERMERCADO RENDE MAIS,RUA MAURICIO DE NASSAU,,PROX AO GOE EM FRENTE AO SUPERMERCADO RENDE MAIS,IPUTINGA,109,CIDADE,COLISÃO,COLISÃO COM VITIMA A ESPERA DO SAMU,1,1,,,,,,,,1,,Não informado,,,,,,,,,,,,
2018-11-05,17:06:00,SEM VÍTIMA,FINALIZADA,IMBIRIBEIRA,RUA JAMAICA,71,RUA IZABEL DE SOUZA,E/F AO MARTELINHO DE OURO,RUA JAMAICA,71,E/F AO MARTELINHO DE OURO,IMBIRIBEIRA,,CIDADE,ABALROAMENTO TRANSVERSAL,COLISAO ENTRE DOIS AUTOS S/V,2,,,,,,,,,0,,Cruzamento,Bom,Não existe,Incompleta,Seca,Perfeito estado,Não existe,Placas Pare,,Única,Faixa seccionada,,
2018-11-05,17:18:00,SEM VÍTIMA,CANCELADA,SÃO JOSÉ,AV SUL,,,,AV SUL,,,SÃO JOSÉ,205,,COLISÃO,,1,1,,,,,,,,0,,Não informado,,,,,,,,,,,,
2018-11-05,17:21:00,SEM VÍTIMA,FINALIZADA,ROSARINHO,AV SANTOS DUMONT,819,,ANTES DA PADARIA DO ROSARINHO,AV SANTOS DUMONT,819,ANTES DA PADARIA DO ROSARINHO,ROSARINHO,,CIDADE,ABALROAMENTO LONGITUDINAL,COLISO ENTRE CAMINHAO E AUTO S/V,1,,,,,,1,,,0,,Longo da via,Bom,Não existe,Perfeito estado,Seca,Perfeito estado,Não existe,Não há placas,,Única,Faixa seccionada,,
2018-11-05,18:48:00,COM VÍTIMA,FINALIZADA,ESPINHEIRO,RUA MARQUES DO PARANA,,RUA ALFREDO DE CARVALHO,POR TRAS DO MINISTERIO DO TRABALHO,RUA MARQUES DO PARANA,,POR TRAS DO MINISTERIO DO TRABALHO,ESPINHEIRO,,CIDADE,COLISÃO TRASEIRA,MOTO X TAXI,1,1,,,,,,,,1,,Cruzamento,Bom,Não existe,Perfeito estado,Seca,Perfeito estado,,Placas Pare,,Única,,,
2018-11-05,18:59:00,SEM VÍTIMA,FINALIZADA,BOA VISTA,RUA DAS NINFAS,235,RUA DO PROGRESSO,PROX AO CURSO GRAU TENICO,RUA DAS NINFAS,235,PROX AO CURSO GRAU TENICO,BOA VISTA,,CIDADE,ABALROAMENTO TRANSVERSAL,GOL X RENNO,2,,,,,,,,,0,,Cruzamento,Bom,Não existe,Incompleta,Seca,Mal iluminada,Não existe,R-6a,30 km/h,Dupla,Não existe,,
2018-11-05,19:38:00,SEM VÍTIMA,FINALIZADA,PRADO,AV ENGENHEIRO ABDIAS DE CARVALHO,1671,RUA RANDOLFO PINTO FERREIRA,PROX AO POSTO PETROBRAS // E RECUPERADORA DE PERNAMBUCO DE TAMBORES,AV ENGENHEIRO ABDIAS DE CARVALHO,1671,PROX AO POSTO PETROBRAS // E RECUPERADORA DE PERNAMBUCO DE TAMBORES,PRADO,,CIDADE,ABALROAMENTO LONGITUDINAL,CAMINHAO SKOL X ETIOS,1,,,,,,1,,,0,,Longo da via,Bom,Não existe,Perfeito estado,,,,Outras,60 km/h,Dupla,Canteiro central,,
2018-11-05,19:49:00,SEM VÍTIMA,FINALIZADA,BAIRRO DO RECIFE,RUA MARIZ E BARROS,173,,POSTO PETROBRAS,RUA MARIZ E BARROS,173,POSTO PETROBRAS,BAIRRO DO RECIFE,,SUBURBIO,ABALROAMENTO TRANSVERSAL,VOYAGE X FIAT PUNTO,2,,,,,,,,,0,,Cruzamento,Bom,Não existe,Não existente,Seca,Perfeito estado,Não existe,Placas Pare,,Única,Não existe,,
2018-11-05,19:56:00,COM VÍTIMA,FINALIZADA,ESPINHEIRO,AV NORTE,,,EM FRENTE AO SUPERMERCADO EXTRA BOM,AV NORTE,,EM FRENTE AO SUPERMERCADO EXTRA BOM,ESPINHEIRO,,CIDADE,COLISÃO TRASEIRA,,1,1,,,,,,,,1,,Longo da via,Bom,Sem defeito,Incompleta,Seca,Perfeito estado,Não existe,Não há placas,,Dupla,Canteiro central,,
2018-11-05,19:57:00,SEM VÍTIMA,FINALIZADA,CASA AMARELA,RUA DA HARMONIA,,RUA CONS NABUCO,PROX AO COLEGIO APOIO E CASA DE FESTA PLANETA A,RUA DA HARMONIA,,PROX AO COLEGIO APOIO E CASA DE FESTA PLANETA A,CASA AMARELA,,,ABALROAMENTO TRANSVERSAL,COROLLA X SIENA,2,,,,,,,,,0,,Cruzamento,Bom,Não existe,Incompleta,Seca,Perfeito estado,Faixa de pedestre,Outras,,Dupla,Faixa seccionada,,
2018-11-05,21:26:00,SEM VÍTIMA,FINALIZADA,CORDEIRO,AV CAXANGA,1360,RUA MAJOR QUINTEIRO,ANF A VAUARCONDICIONADO PARA AUTOS,AV CAXANGA,1360,ANF A VAUARCONDICIONADO PARA AUTOS,CORDEIRO,,SUBURBIO,COLISÃO TRASEIRA,HONDA CIT X ECOSPORT,2,,,,,,,,,0,,Longo da via,Bom,Não existe,Perfeito estado,Seca,Perfeito estado,Não existe,Outras,,Dupla,Canteiro central,,
2018-11-05,21:52:00,SEM VÍTIMA,FINALIZADA,AFOGADOS,RUA SANTOS ARAUJO,,,ENF A FACULDADE FAREC,RUA SANTOS ARAUJO,,ENF A FACULDADE FAREC,AFOGADOS,,CIDADE,ABALROAMENTO LONGITUDINAL,CAMINHAO X AUTO,1,,,,,,1,,,0,,Outros,Bom,Não existe,Perfeito estado,Seca,Mal iluminada,Não existe,Outras,40 km/h,Única,Faixa contínua,,
2018-11-06,07:29:00,SEM VÍTIMA,FINALIZADA,DERBY,PRC DO DERBY,,RUA JENER DE SOUZA,E/F AO QUARTEL DO DERBY,PRC DO DERBY,,E/F AO QUARTEL DO DERBY,DERBY,40,CIDADE,ABALROAMENTO TRANSVERSAL,SEM VÍTIMAS. GM NO LOCAL.,2,,,,,,,,,0,,Cruzamento,Bom,Sem defeito,Perfeito estado,Seca,Perfeito estado,Faixa de pedestre,Não há placas,50 km/h,Dupla,Faixa contínua,,
2018-11-06,07:48:00,SEM VÍTIMA,FINALIZADA,BOA VIAGEM,RUA PADRE CARAPUCEIRO,590,,E/F AO COLEGIO MOTIVO,RUA PADRE CARAPUCEIRO,590,E/F AO COLEGIO MOTIVO,BOA VIAGEM,,SUBURBIO,ABALROAMENTO LONGITUDINAL,SEM VÍTIMAS.,1,,,,,1,,,,0,,Longo da via,Bom,Não existe,Perfeito estado,Seca,Perfeito estado,Não existe,Outras,,Única,Faixa seccionada,,
2018-11-06,07:48:00,SEM VÍTIMA,FINALIZADA,IPSEP,AV RECIFE,,RUA GONCALVES DE MAGALHAES,,AV RECIFE,,,IPSEP,393,CIDADE,ABALROAMENTO TRANSVERSAL,DOIS AUTO,2,,,,,,,,,0,,Longo da via,Bom,Sem defeito,Perfeito estado,Seca,Perfeito estado,Não existe,Outras,40 km/h,Única,Não existe,,
2018-11-06,08:05:00,SEM VÍTIMA,CANCELADA,BOA VIAGEM,RUA PADRE CARAPUCEIRO,,RUA GENERAL EDSON AMANCIO RAMALHO,EM FRENTE AO COLEGIO MOTIVO,RUA PADRE CARAPUCEIRO,,EM FRENTE AO COLEGIO MOTIVO,BOA VIAGEM,,,COLISÃO,AUTO E ONIBUS ,,,,,,,,,,0,,Não informado,,,,,,,,,,,,
2018-11-06,08:07:00,COM VÍTIMA,FINALIZADA,SANTO AMARO,AV CRUZ CABUGA,304,,EM FRENTE AO GINÁSIO PERNAMBUCANO,AV CRUZ CABUGA,304,EM FRENTE AO GINÁSIO PERNAMBUCANO,SANTO AMARO,,CIDADE,ATROPELAMENTO,,,,,,1,1,,,,1,,Longo da via,Bom,Não existe,Perfeito estado,Seca,Mal conservada,,Não há placas,,Dupla,Faixa,,
2018-11-06,08:40:00,SEM VÍTIMA,FINALIZADA,BOA VISTA,RUA JOAO LIRA,,RUA DO HOSPICIO,EM FRENTE A ESCOLA SIZENANDO SILVEIRA,RUA JOAO LIRA,,EM FRENTE A ESCOLA SIZENANDO SILVEIRA,BOA VISTA,32,CIDADE,COLISÃO TRASEIRA,DOIS AUTOS,2,,,,,,,,,0,,Longo da via,Bom,Sem defeito,Perfeito estado,Seca,Perfeito estado,Faixa de pedestre,Outras,40 km/h,Única,Faixa seccionada,,
2018-11-06,08:50:00,SEM VÍTIMA,CANCELADA,PRADO,AV ENGENHEIRO ABDIAS DE CARVALHO,400,,EM FRENTE A GALERIA JAIME CAVALCANTI,AV ENGENHEIRO ABDIAS DE CARVALHO,400,EM FRENTE A GALERIA JAIME CAVALCANTI,PRADO,,CIDADE,COLISÃO,,3,,,,,,,,,0,,Não informado,,,,,,,,,,,,
2018-11-06,09:13:00,SEM VÍTIMA,FINALIZADA,AFOGADOS,AV SUL,,,E/F A POLICLÍNICA AGAMENON MAGALHÃES  SENTIDO LARGO DA PAZ,AV SUL,,E/F A POLICLÍNICA AGAMENON MAGALHÃES  SENTIDO LARGO DA PAZ,AFOGADOS,,CIDADE,ABALROAMENTO LONGITUDINAL,SEM VÍTIMAS,1,,,,,,1,,,0,,Longo da via,Bom,Não existe,Perfeito estado,Seca,Perfeito estado,Não existe,Não há placas,40 km/h,Única,Não existe,,
2018-11-06,09:25:00,COM VÍTIMA,FINALIZADA,MADALENA,AV CAXANGA,673,,E/F A PROVEL VISTORIAS,AV CAXANGA,673,E/F A PROVEL VISTORIAS,MADALENA,,CIDADE,ATROPELAMENTO,COM UMA VÍTIMA,,1,,,1,,,,,1,,Longo da via,Bom,Não existe,Perfeito estado,Seca,Perfeito estado,,Outras,,Dupla,Canteiro central,,
2018-11-06,09:27:00,SEM VÍTIMA,CANCELADA,BOA VIAGEM,RUA VISCONDE DE JEQUITINHONHA,406,RUA ERNESTO DE PAULA SANTOS,EM FRENTE AO MERCADO SOBERANO,RUA VISCONDE DE JEQUITINHONHA,406,EM FRENTE AO MERCADO SOBERANO,BOA VIAGEM,,,COLISÃO,AUTO E CAMINHAO S/V,1,,,,,,1,,,0,,Não informado,,,,,,,,,,,,
2018-11-06,10:22:00,SEM VÍTIMA,FINALIZADA,ILHA DO LEITE,AV GOVERNADOR AGAMENON MAGALHAES,4779,,EM FRENTE AO EMPRESARIAL ISAAC NEWTON,AV GOVERNADOR AGAMENON MAGALHAES,4779,EM FRENTE AO EMPRESARIAL ISAAC NEWTON,ILHA DO LEITE,,OUTRO,COLISÃO TRASEIRA,AUTO E MOTO / SENT OLINDA,1,1,,,,,,,,0,,Longo da via,Bom,Não existe,Perfeito estado,Seca,Perfeito estado,Não existe,Não há placas,60 km/h,Dupla,Canteiro central,,
2018-11-06,10:32:00,COM VÍTIMA,FINALIZADA,SAN MARTIN,AV GENERAL SAN MARTIN,,,EM FRENTE AO PORTAo DOS FUNDOS DO COMPAZ /,AV GENERAL SAN MARTIN,,EM FRENTE AO PORTAo DOS FUNDOS DO COMPAZ /,SAN MARTIN,,,ABALROAMENTO LONGITUDINAL,,1,1,,,,,,,,1,,Longo da via,Bom,Não existe,Perfeito estado,Seca,Perfeito estado,Não existe,R-6a,,Dupla,Faixa,,
2018-11-06,10:35:00,SEM VÍTIMA,FINALIZADA,SÃO JOSÉ,RUA IMPERIAL,2256,,NA SUBIDA DA PONTE  SENTIDO AFOGADOS,RUA IMPERIAL,2256,NA SUBIDA DA PONTE  SENTIDO AFOGADOS,SÃO JOSÉ,,SUBURBIO,ABALROAMENTO LONGITUDINAL,AUTO E CAMINHAO,1,,,,,,1,,,0,,Longo da via,Bom,Não existe,Incompleta,Seca,Perfeito estado,Não existe,Outras,,Única,Não existe,,
2018-11-06,10:35:00,SEM VÍTIMA,FINALIZADA,MADALENA,RUA DR BERARDO,136,RUA JOSE HIGINO,AO LADO DO SEMOC,RUA DR BERARDO,136,AO LADO DO SEMOC,MADALENA,,OUTRO,ABALROAMENTO TRANSVERSAL,SEM VÍTIMAS,2,,,,,,,,,0,,Cruzamento,Bom,Não existe,Incompleta,Seca,Perfeito estado,Faixa de retenção,Placas Pare,,Única,Não existe,,
2018-11-06,11:37:00,SEM VÍTIMA,FINALIZADA,DERBY,AV GOVERNADOR AGAMENON MAGALHAES,211,AV CONDE DA BOA VISTA,EM FRENTE AO Nº 211,AV GOVERNADOR AGAMENON MAGALHAES,211,EM FRENTE AO Nº 211,DERBY,,OUTRO,COLISÃO TRASEIRA,ONIBUS E AUTO / VALDEMIR CESAR PONTO FOXO NO QTH,1,,,,,1,,,,0,,Longo da via,Bom,Sem defeito,Perfeito estado,Seca,Perfeito estado,Não existe,Não há placas,60 km/h,Dupla,Canteiro central,,
2018-11-06,12:00:00,COM VÍTIMA,FINALIZADA,BOA VIAGEM,RUA WALDEMAR NERY CARNEIRO MONTEIRO,391,RUA COPACABANA,NA RUA DO TERMINAL DE SETUABAL,RUA WALDEMAR NERY CARNEIRO MONTEIRO,391,NA RUA DO TERMINAL DE SETUABAL,BOA VIAGEM,,SUBURBIO,ABALROAMENTO TRANSVERSAL,AUTO E MOTO C/V,1,1,,,,,,,,1,,Cruzamento,Bom,Não existe,Não existente,Seca,Perfeito estado,Não existe,Não há placas,30 km/h,,Não existe,,
2018-11-06,12:29:00,SEM VÍTIMA,FINALIZADA,ILHA JOANA BEZERRA,VIADUTO CAPITAO TEMUDO,,,AO LADO DO FORUM DA JOANA BEZERRA,VIADUTO CAPITAO TEMUDO,,AO LADO DO FORUM DA JOANA BEZERRA,ILHA JOANA BEZERRA,,CIDADE,ABALROAMENTO TRANSVERSAL,AUTO E MOTO SEM VITIMA,1,1,,,,,,,,0,,Longo da via,Bom,Não existe,Perfeito estado,Seca,Perfeito estado,Não existe,Não há placas,60 km/h,Dupla,Faixa seccionada,,
2018-11-06,12:32:00,SEM VÍTIMA,FINALIZADA,JARDIM SÃO PAULO,RUA DR PEDRO LUIZ OSORIO,37,RUA CARLOS ALBERTO VALENCA,CRUZAMENTO COM A RUA CARLOS ALBERTO VALENÇA,RUA DR PEDRO LUIZ OSORIO,37,CRUZAMENTO COM A RUA CARLOS ALBERTO VALENÇA,JARDIM SÃO PAULO,,,ABALROAMENTO TRANSVERSAL,DOIS AUTOS S/V,2,,,,,,,,,0,,Cruzamento,Bom,Não existe,Não existente,Seca,Perfeito estado,Não existe,Não há placas,,Dupla,Não existe,,
2018-11-06,12:32:00,SEM VÍTIMA,FINALIZADA,CASA FORTE,RUA VISCONDE DE OURO PRETO,548,,NA PRÇA DE CASA FORTE E/F A MATRIZ DE CASA FORTE,RUA VISCONDE DE OURO PRETO,548,NA PRÇA DE CASA FORTE E/F A MATRIZ DE CASA FORTE,CASA FORTE,,SUBURBIO,ABALROAMENTO LONGITUDINAL,COLISAO ENTRE CAMINHAO DA CELPE E AUTO S/V,1,,,,,,1,,,0,,Cruzamento,Bom,Não existe,Perfeito estado,Seca,Perfeito estado,Não existe,Não há placas,,Única,,,
2018-11-06,13:31:00,SEM VÍTIMA,FINALIZADA,BOA VISTA,RUA JOAO FERNANDES VIEIRA,405,,EM FRENTE AO POSTO SHELL  E A VARA DA INFANCIA,RUA JOAO FERNANDES VIEIRA,405,EM FRENTE AO POSTO SHELL  E A VARA DA INFANCIA,BOA VISTA,,CIDADE,COLISÃO TRASEIRA,DOIS AUTOS S/V,2,,,,,,,,,0,,Longo da via,Bom,Não existe,Perfeito estado,Seca,Perfeito estado,Faixa de pedestre,Outras,,Única,Faixa contínua,,