data,hora,natureza_acidente,situacao,bairro,endereco,numero,detalhe_endereco_acidente,complemento,endereco_cruzamento,numero_cruzamento,referencia_cruzamento,bairro_cruzamento,num_semaforo,sentido_via,tipo,descricao,auto,moto,ciclom,ciclista,pedestre,onibus,caminhao,viatura,outros,vitimas,vitimasfatais,acidente_verificado,tempo_clima,situacao_semaforo,sinalizacao,condicao_via,conservacao_via,ponto_controle,situacao_placa,velocidade_max_via,mao_direcao,divisao_via1,divisao_via2,divisao_via3
2018-11-06,13:56:00,SEM VÍTIMA,FINALIZADA,MACAXEIRA,AV DA RECUPERACAO,,,NA ROTATORIA  EM FRENTE AO TERMINAL DA MACAXEIRA NA ENTRADA E SAIDA DOS ONIBUS,AV DA RECUPERACAO,,NA ROTATORIA  EM FRENTE AO TERMINAL DA MACAXEIRA NA ENTRADA E SAIDA DOS ONIBUS,MACAXEIRA,,SUBURBIO,COLISÃO TRASEIRA,AUTO E ONIBUS DA MOBI,1,,,,,1,,,,0,,Outros,Bom,Não existe,Perfeito estado,Seca,Perfeito estado,Não existe,Não há placas,,Única,Canteiro central,,
2018-11-06,14:15:00,SEM VÍTIMA,FINALIZADA,DOIS UNIDOS,RUA PEREIRA BARRETO,,,APOS A FONTE DE AGUA SANTA MARIA E/F AO BAR DA PISCINA,RUA PEREIRA BARRETO,,APOS A FONTE DE AGUA SANTA MARIA E/F AO BAR DA PISCINA,DOIS UNIDOS,,SUBURBIO,CHOQUE VEÍCULO PARADO,COLISAO AUTO E TRATOR,1,,,,,,,,1,0,,Longo da via,Bom,Não existe,Não existente,Seca,Mal conservada,Não existe,Não há placas,40 km/h,Dupla,,,
2018-11-06,14:38:00,SEM VÍTIMA,FINALIZADA,TEJIPIÓ,RUA FALCAO DE LACERDA,288,,NA ENTRADA DO PACHECO  PRAÇA,RUA FALCAO DE LACERDA,288,NA ENTRADA DO PACHECO  PRAÇA,TEJIPIÓ,,SUBURBIO,ABALROAMENTO LONGITUDINAL,COLISÃO SEM VITIMAS,1,,,,,1,,,,0,,Longo da via,Bom,Não existe,Perfeito estado,Seca,Perfeito estado,Não existe,R-6a,50 km/h,Dupla,Faixa contínua,,
2018-11-06,14:40:00,COM VÍTIMA,FINALIZADA,ENGENHO DO MEIO,RUA CARNEIRO DE MARIZ,258,RUA MANUEL ALVES DEUSDARA,EM FRENTE AO MERCADO O BARATAO,RUA CARNEIRO DE MARIZ,258,EM FRENTE AO MERCADO O BARATAO,ENGENHO DO MEIO,,SUBURBIO,ABALROAMENTO TRANSVERSAL,AUTO E MOTO C/V,1,1,,,,,,,,1,,Cruzamento,Bom,Não existe,Não existente,Seca,Perfeito estado,Não existe,Placas Dê a preferência,,Dupla,Não existe,,
2018-11-06,15:35:00,SEM VÍTIMA,CANCELADA,BOA VISTA,RUA DOM BOSCO,,AV CONDE DA BOA VISTA,AO LADO DO COLÉGIO AMERICANO BATISTA,RUA DOM BOSCO,,AO LADO DO COLÉGIO AMERICANO BATISTA,BOA VISTA,,,COLISÃO,DOIS ÔNIBUS S/V,,,,,,2,,,,0,,Não informado,,,,,,,,,,,,
2018-11-06,15:40:00,SEM VÍTIMA,FINALIZADA,IPUTINGA,AV CAXANGA,,EST DO BARBALHO,NA FRENTE DO WALL MART,AV CAXANGA,,NA FRENTE DO WALL MART,IPUTINGA,633,CIDADE,COLISÃO TRASEIRA,COLISÃO SEM VITIMAS,2,,,,,,,,,0,,Longo da via,Bom,Sem defeito,Ilegível,Seca,Mal conservada,Não existe,Não há placas,,Dupla,Canteiro central,,
2018-11-06,16:08:00,SEM VÍTIMA,FINALIZADA,IPSEP,RUA JEAN EMILE FAVRE,,,AO LADO DO COLEGIO LEONOR  EM FRENTE A PRAÇA DA MAURICEA,RUA JEAN EMILE FAVRE,,AO LADO DO COLEGIO LEONOR  EM FRENTE A PRAÇA DA MAURICEA,IPSEP,564,,ABALROAMENTO LONGITUDINAL,AUTO E CAMINHAO,1,,,,,,1,,,0,,Longo da via,Bom,Não existe,Perfeito estado,Seca,Perfeito estado,Não existe,,,Dupla,Faixa seccionada,,
2018-11-06,16:25:00,SEM VÍTIMA,FINALIZADA,TORRE,AV BEIRA RIO,,RUA CONDE DE IRAJA,NA PONTE DA TORRE,AV BEIRA RIO,,NA PONTE DA TORRE,TORRE,630,SUBÚRBIO,ABALROAMENTO LONGITUDINAL,COLISÃO SEM VITIMAS,1,1,,,,,,,,0,,Longo da via,Bom,Sem defeito,Perfeito estado,Seca,Perfeito estado,Faixa de pedestre,Não há placas,,Única,Faixa contínua,,
2018-11-06,16:27:00,SEM VÍTIMA,FINALIZADA,ILHA DO LEITE,PRC MIGUEL DE CERVANTES,60,,PRAÇA MIGUEL DE CERVANTES,PRC MIGUEL DE CERVANTES,60,PRAÇA MIGUEL DE CERVANTES,ILHA DO LEITE,,SUBÚRBIO,ABALROAMENTO TRANSVERSAL,AUTO E MICRO ONIBUS DA PREFEITURA DE PANELAS,1,,,,,1,,,,0,,Outros,Bom,Não existe,Perfeito estado,Seca,Perfeito estado,Outros,Placas Pare,40 km/h,,Canteiro central,,
2018-11-06,16:35:00,SEM VÍTIMA,FINALIZADA,MADALENA,RUA BENFICA,,RUA BENFICA,EM FRENTE AO MUSEU DA ABOLIÇÃO,RUA BENFICA,,EM FRENTE AO MUSEU DA ABOLIÇÃO,MADALENA,257,CIDADE,COLISÃO TRASEIRA,COLISAO ENTRE VT DA PM E AUTO S/V VT 20 NO LOCAL,2,,,,,,,,,0,,Longo da via,Bom,Sem defeito,,Seca,Perfeito estado,Faixa de pedestre,,,Única,Faixa contínua,,
2018-11-06,16:46:00,SEM VÍTIMA,FINALIZADA,BAIRRO DO RECIFE,CAIS DO APOLO,,,TRF 5º REGIÃO,CAIS DO APOLO,,TRF 5º REGIÃO,BAIRRO DO RECIFE,,CIDADE,ABALROAMENTO LONGITUDINAL,AUTO E CAMINHAO S/V,1,,,,,,1,,,0,,Longo da via,Bom,Não existe,Perfeito estado,Seca,Perfeito estado,Não existe,Outras,,Dupla,Canteiro central,,
2018-11-06,17:58:00,SEM VÍTIMA,FINALIZADA,PINA,AV ENGENHEIRO DOMINGOS FERREIRA,890,RUA TOME GIBSON,E/F A ESCOLA MUNICIPAL OSVALDO LIMA FILHO - FAIXA DA DIREITA / PRÓX A CLINICAL CENTER E AO EDF GBC,AV ENGENHEIRO DOMINGOS FERREIRA,890,E/F A ESCOLA MUNICIPAL OSVALDO LIMA FILHO - FAIXA DA DIREITA / PRÓX A CLINICAL CENTER E AO EDF GBC,PINA,,SUBURBIO,COLISÃO TRASEIRA,ENTRE 3 AUTOS  S/V,3,,,,,,,,,0,,Longo da via,Bom,Não existe,Perfeito estado,Seca,Perfeito estado,Agente,Não há placas,60 km/h,Única,Canteiro central,,
2018-11-06,18:23:00,SEM VÍTIMA,FINALIZADA,MACAXEIRA,AV NORTE,,,NO RETORNO POR BAIXO DO VIADUTO AO LADO DA INTEGRAÇAO DA MACAXEIRA,AV NORTE,,NO RETORNO POR BAIXO DO VIADUTO AO LADO DA INTEGRAÇAO DA MACAXEIRA,MACAXEIRA,,SUBURBIO,CHOQUE VEÍCULO PARADO,ONIBUS X MOTO,,1,,,,1,,,,0,,Outros,Bom,Não existe,Perfeito estado,Seca,Perfeito estado,Não existe,Outras,40 km/h,Única,Canteiro central,,
2018-11-06,18:27:00,COM VÍTIMA,FINALIZADA,HIPÓDROMO,RUA FONSECA OLIVEIRA,67,RUA NOGUEIRA LIMA,E/F A PRC DO HIPÓDROMO ( NA ÁREA DE ACADEMIA ) / PRÓX AO POSTO POLÍCIAL E COLÉGIO CLOVIS,RUA FONSECA OLIVEIRA,67,E/F A PRC DO HIPÓDROMO ( NA ÁREA DE ACADEMIA ) / PRÓX AO POSTO POLÍCIAL E COLÉGIO CLOVIS,HIPÓDROMO,,CIDADE,ATROPELAMENTO,ENTRE AUTO E PEDESTRE. C/V,1,,,,1,,,,,1,,Longo da via,Bom,Não existe,Perfeito estado,Seca,Perfeito estado,Faixa de retenção,Placas Pare,20 km/h,Dupla,Faixa,,
2018-11-06,18:41:00,COM VÍTIMA,FINALIZADA,ÁGUA FRIA,RUA JULIO JOSE DE SOUZA,215,AV ANIBAL BENEVOLO,PRÓXIMO AO ANTIGO CORREGO DA PADARIA / RECANTO NORDESTINO,RUA JULIO JOSE DE SOUZA,215,PRÓXIMO AO ANTIGO CORREGO DA PADARIA / RECANTO NORDESTINO,ÁGUA FRIA,,CIDADE,CHOQUE OBJETO FIXO,CAMINHÃO PERDEU O CONTROLE E CHOCOU-SE CONTRA RESIDÊNCIA - MORADORA DA RESIDÊNCIA SENDO SOCORRIDA PELOS BOMBEIROS,,,,,,,1,,,1,,Não informado,Bom,Não existe,Incompleta,Seca,Mal conservada,Não existe,Não há placas,20 km/h,Dupla,Não existe,,
2018-11-06,19:20:00,SEM VÍTIMA,FINALIZADA,BAIRRO DO RECIFE,AV MILITAR,545,,E/F AO POSTO BR E SHELL   SNT RECIFE ANTIGO,AV MILITAR,545,E/F AO POSTO BR E SHELL   SNT RECIFE ANTIGO,BAIRRO DO RECIFE,,CIDADE,ABALROAMENTO TRANSVERSAL,ENTRE AUTO E CAMINHÃO- S/V,1,,,,,,1,,,0,,Longo da via,Bom,Não existe,Perfeito estado,Seca,Perfeito estado,Não existe,Não há placas,,Dupla,Faixa seccionada,,
2018-11-06,21:57:00,COM VÍTIMA,FINALIZADA,AREIAS,AV DR JOSE RUFINO,1099,,E/F AO SENAI E HONDA / SNT CIDADE/SUB,AV DR JOSE RUFINO,1099,E/F AO SENAI E HONDA / SNT CIDADE/SUB,AREIAS,,SUBURBIO,ABALROAMENTO LONGITUDINAL,ENTRE AUTO E MOTO. C/V,1,1,,,,,,,,1,,Longo da via,Bom,Não existe,Perfeito estado,Seca,Perfeito estado,,Outras,50 km/h,Dupla,Faixa,,
2018-11-06,23:19:00,SEM VÍTIMA,FINALIZADA,IBURA,AV DOIS RIOS,,,E/F A POLICLÍNICA ARNALDO MARQUES / APÓS O VIADUTO / PRÓX AO MALICE HOTEL,AV DOIS RIOS,,E/F A POLICLÍNICA ARNALDO MARQUES / APÓS O VIADUTO / PRÓX AO MALICE HOTEL,IBURA,,SUBURBIO,ABALROAMENTO LONGITUDINAL,ENTRE AUTO ( VEÍCULO DA TV TRIBUNA ) E CAMINHÃO. S/V,1,,,,,,1,,,0,,Outros,Bom,Não existe,Perfeito estado,Seca,Perfeito estado,Outros,Outras,,Dupla,Faixa contínua,,
2018-11-07,04:51:00,SEM VÍTIMA,FINALIZADA,PINA,AV ANTONIO DE GOES,,RUA MANOEL DE BRITO,EM FRENTE AO POSTO PETROBRAS  EM FRENTE AO EMPRESÁRIO JOPIN,AV ANTONIO DE GOES,,EM FRENTE AO POSTO PETROBRAS  EM FRENTE AO EMPRESÁRIO JOPIN,PINA,103,CIDADE,CHOQUE OBJETO FIXO,VEÍCULO SE CHOCOU COM UM POSTE,1,,,,,,,,,0,,Cruzamento,Bom,Sem defeito,Perfeito estado,Seca,Perfeito estado,Faixa de pedestre,,,Única,Canteiro central,,
2018-11-07,07:00:00,COM VÍTIMA,FINALIZADA,JIQUIÁ,RUA SAO MIGUEL,1850,,PRÓX AO ATACAREJO LEMUEL,RUA SAO MIGUEL,1850,PRÓX AO ATACAREJO LEMUEL,JIQUIÁ,425,SUBURBIO,COLISÃO TRASEIRA,S/V,1,,,,,,1,,,1,,Longo da via,Bom,Sem defeito,Perfeito estado,Seca,Perfeito estado,Faixa de pedestre,Outras,,Dupla,Faixa,,
2018-11-07,07:10:00,SEM VÍTIMA,FINALIZADA,IPSEP,AV RECIFE,1089,,E/F A AMERICA FILM  SENTIDO BOA VIAGEM,AV RECIFE,1089,E/F A AMERICA FILM  SENTIDO BOA VIAGEM,IPSEP,393,OUTRO,COLISÃO TRASEIRA,SEM VÍTIMAS,3,,,,,,,,,0,,Longo da via,Bom,Sem defeito,Perfeito estado,Seca,Perfeito estado,Não existe,Outras,60 km/h,Dupla,Faixa seccionada,,
2018-11-07,07:13:00,COM VÍTIMA,FINALIZADA,IBURA,AV RECIFE,2734,AV DOM HELDER CAMARA,PRÓX À LOCADORA DE VANS,AV RECIFE,2734,PRÓX À LOCADORA DE VANS,IBURA,16,SUBURBIO,COLISÃO COM CICLISTA,MOTO X CICLISTA - GM NO QTH,,1,,1,,,,,,1,,Cruzamento,Bom,Sem defeito,Perfeito estado,Seca,Perfeito estado,Agente,,,Dupla,Faixa,,
2018-11-07,08:53:00,SEM VÍTIMA,FINALIZADA,PINA,AV HERCULANO BANDEIRA,1001,,EM FRENTE AO ATACADO DA CONSTRUÇÃO,AV HERCULANO BANDEIRA,1001,EM FRENTE AO ATACADO DA CONSTRUÇÃO,PINA,,SUBURBIO,ABALROAMENTO TRANSVERSAL,SEM VITIMAS,1,1,,,,,,,,0,,Longo da via,Bom,Não existe,Não existente,Seca,Perfeito estado,Não existe,Não há placas,,Única,Faixa contínua,,
2018-11-07,08:36:00,COM VÍTIMA,FINALIZADA,PRADO,AV ENGENHEIRO ABDIAS DE CARVALHO,,RUA JOAO IVO DA SILVA,EM FRENTE AO HABIB'S,AV ENGENHEIRO ABDIAS DE CARVALHO,,EM FRENTE AO HABIB'S,PRADO,,SUBURBIO,COLISÃO,COM VÍTIMA,1,1,,,,,,,,1,,Longo da via,Bom,Sem defeito,,Seca,Perfeito estado,Agente,R-6a,,Dupla,Canteiro central,,
2018-11-07,08:47:00,SEM VÍTIMA,FINALIZADA,SANTO AMARO,PTE DO LIMOEIRO,,,NA DESCIDA PONTE  AO LADO DO POSTO DE GASOLINA.,PTE DO LIMOEIRO,,NA DESCIDA PONTE  AO LADO DO POSTO DE GASOLINA.,SANTO AMARO,,,COLISÃO TRASEIRA,SEM VÍTIMAS,3,,,,,,,,,0,,Ponte,Bom,Não existe,Perfeito estado,Seca,Perfeito estado,Não existe,Não há placas,,Dupla,Não existe,,
2018-11-07,09:02:00,SEM VÍTIMA,CANCELADA,PINA,AV HERCULANO BANDEIRA,,,E/F AO ATACADÃO DA CONSTRUÇÃO,AV HERCULANO BANDEIRA,,E/F AO ATACADÃO DA CONSTRUÇÃO,PINA,,,COLISÃO,SEM VÍTIMAS. VT 31 NO LOCAL,1,1,,,,,,,,0,,Não informado,,,,,,,,,,,,
2018-11-07,09:05:00,SEM VÍTIMA,FINALIZADA,BOA VIAGEM,RUA VISCONDE DE JEQUITINHONHA,,RUA BALTAZAR PASSOS,BEIRA CANAL,RUA VISCONDE DE JEQUITINHONHA,,BEIRA CANAL,BOA VIAGEM,154,,ABALROAMENTO TRANSVERSAL,SEM VITIMAS,2,,,,,,,,,0,,Cruzamento,Bom,Sem defeito,Perfeito estado,Seca,Perfeito estado,Faixa de pedestre,Outras,60 km/h,Dupla,Faixa contínua,,
2018-11-07,09:17:00,SEM VÍTIMA,FINALIZADA,IPSEP,AV RECIFE,,,EDMILSON DO RADIADOR,AV RECIFE,,EDMILSON DO RADIADOR,IPSEP,393,SUBURBIO,COLISÃO TRASEIRA,,3,,,,,,,,,0,,Longo da via,Bom,Sem defeito,Perfeito estado,Seca,Perfeito estado,Faixa de pedestre,Não há placas,,Dupla,Canteiro central,,
2018-11-07,09:19:00,SEM VÍTIMA,FINALIZADA,SANTO AMARO,AV CRUZ CABUGA,,,EM FRENTE AO HOSPITAL DO CANCER,AV CRUZ CABUGA,,EM FRENTE AO HOSPITAL DO CANCER,SANTO AMARO,202,CIDADE,ABALROAMENTO LONGITUDINAL,SEM VITIMAS,1,,,,,,1,,,0,,Cruzamento,Bom,Sem defeito,Ilegível,Seca,,Faixa de retenção,R-6a,,Dupla,Blocos,,
2018-11-07,09:23:00,SEM VÍTIMA,FINALIZADA,BOA VIAGEM,AV BOA VIAGEM,1998,RUA PROFESSOR OSIAS RIBEIRO,EM FRENTE AO TERCEIRO JARDIM,AV BOA VIAGEM,1998,EM FRENTE AO TERCEIRO JARDIM,BOA VIAGEM,117,CIDADE,ABALROAMENTO TRANSVERSAL,ENTRE AUTOS S/V.,2,,,,,,,,,0,,Longo da via,Bom,Não existe,Perfeito estado,Seca,Perfeito estado,Não existe,Outras,,Única,Não existe,,
2018-11-07,09:30:00,SEM VÍTIMA,FINALIZADA,BOA VISTA,RUA DO ARAGAO,,,EM FRENTE A OTICA JESSE,RUA DO ARAGAO,,EM FRENTE A OTICA JESSE,BOA VISTA,,CIDADE,ABALROAMENTO LONGITUDINAL,DOIS AUTOS,2,,,,,,,,,0,,Longo da via,Bom,Sem defeito,Perfeito estado,Seca,Perfeito estado,,Outras,,Única,,,
2018-11-07,09:31:00,COM VÍTIMA,FINALIZADA,BONGI,RUA COSME VIANA,,EST DO BONGI,PRÓX À IMBIRIBEIRA VEÍCULOS,RUA COSME VIANA,,PRÓX À IMBIRIBEIRA VEÍCULOS,BONGI,100,SUBURBIO,ABALROAMENTO TRANSVERSAL,ENTRE AUTO E MOTO C/V.,1,1,,,,,,,,1,,Longo da via,Bom,Sem defeito,Perfeito estado,Seca,Perfeito estado,Agente,Outras,,Dupla,Faixa,,
2018-11-07,09:55:00,COM VÍTIMA,FINALIZADA,TORRE,RUA JOSE BONIFACIO,,RUA CONDE DE IRAJA,EM FRENTE A PADARIA NOVA ARMADA,RUA JOSE BONIFACIO,,EM FRENTE A PADARIA NOVA ARMADA,TORRE,191,,ABALROAMENTO TRANSVERSAL,COM UMA VITIMA/SAMU NO LOCAL,1,1,,,,,,,,1,,Cruzamento,Bom,Sem defeito,Perfeito estado,Seca,Perfeito estado,Faixa de pedestre,Outras,,Única,Faixa,,
2018-11-07,10:56:00,SEM VÍTIMA,FINALIZADA,BONGI,RUA DELMIRO GOUVEIA,,,EM FRENTE A CHESF / LADO DIREITO DA VIA,RUA DELMIRO GOUVEIA,,EM FRENTE A CHESF / LADO DIREITO DA VIA,BONGI,,CIDADE,ABALROAMENTO TRANSVERSAL,TRES AUTOS,3,,,,,,,,,0,,Longo da via,Bom,Não existe,Não existente,Seca,Perfeito estado,Não existe,Não há placas,,Dupla,Faixa contínua,,
2018-11-07,11:29:00,SEM VÍTIMA,CANCELADA,JARDIM SÃO PAULO,AV LIBERDADE,,EST DO CURADO,ESQ COM A OFICINA DE MARCIO CARBURADOR,AV LIBERDADE,,ESQ COM A OFICINA DE MARCIO CARBURADOR,JARDIM SÃO PAULO,,,COLISÃO,ONIBUS E MOTO,,1,,,,1,,,,0,,Não informado,,,,,,,,,,,,
2018-11-07,11:54:00,SEM VÍTIMA,CANCELADA,DERBY,AV ENGENHEIRO AGAMENON DE MAGALHAES MELO,,,EM FRENTE AO HOSPITAL PORTUGUÊS,AV ENGENHEIRO AGAMENON DE MAGALHAES MELO,,EM FRENTE AO HOSPITAL PORTUGUÊS,DERBY,,,COLISÃO,COLISÃO ENTRE DOIS AUTOS,,,,,,,,,,0,,Não informado,,,,,,,,,,,,
2018-11-07,12:04:00,SEM VÍTIMA,FINALIZADA,SÃO JOSÉ,C SANTA RITA,,,LADO OPOSTO AO CONSÓRCIO GRANDE RECIFE,C SANTA RITA,,LADO OPOSTO AO CONSÓRCIO GRANDE RECIFE,SÃO JOSÉ,,CIDADE,COLISÃO TRASEIRA,COLISÃO ENVOLVENDO A VT 29 DA CTTU,1,,,,,,,1,,0,,Longo da via,Bom,Sem defeito,Perfeito estado,Seca,Perfeito estado,Faixa de pedestre,,60 km/h,Única,Faixa contínua,,
2018-11-07,12:05:00,SEM VÍTIMA,FINALIZADA,CAMPO GRANDE,RUA ODORICO MENDES,523,RUA ESBERARD,PRÓX. À JUNIOR EQUIPADORA,RUA ODORICO MENDES,523,PRÓX. À JUNIOR EQUIPADORA,CAMPO GRANDE,,CIDADE,ABALROAMENTO LONGITUDINAL,ENTRE AUTOS S/V.,2,,,,,,,,,0,,Outros,Bom,Não existe,Perfeito estado,Seca,Perfeito estado,Faixa de retenção,Outras,,Dupla,Não existe,,
2018-11-07,12:49:00,SEM VÍTIMA,FINALIZADA,BOA VISTA,RUA DOM BOSCO,1216,AV CONDE DA BOA VISTA,PROX. AO POSTO IPIRANGA  NO FINAL DA BOA VISTA,RUA DOM BOSCO,1216,PROX. AO POSTO IPIRANGA  NO FINAL DA BOA VISTA,BOA VISTA,,SUBURBIO,ABALROAMENTO LONGITUDINAL,AUTO E ONIBUS S/V,1,,,,,1,,,,0,,Longo da via,Bom,Sem defeito,Perfeito estado,Seca,Perfeito estado,Agente,Não há placas,,Única,Faixa seccionada,,
2018-11-07,12:44:00,SEM VÍTIMA,FINALIZADA,BOA VIAGEM,AV ARMINDO MOURA,500,,BASE AÉREA,AV ARMINDO MOURA,500,BASE AÉREA,BOA VIAGEM,,CIDADE,COLISÃO TRASEIRA,TRES AUTOS,3,,,,,,,,,0,,Longo da via,Bom,Não existe,Perfeito estado,Seca,Perfeito estado,Não existe,R-6a,40 km/h,Única,Faixa seccionada,,
2018-11-07,13:12:00,SEM VÍTIMA,CANCELADA,AFOGADOS,RUA VINTE E UM DE ABRIL,,,EM FRENTE À GALERIA VINTE E UM CENTER,RUA VINTE E UM DE ABRIL,,EM FRENTE À GALERIA VINTE E UM CENTER,AFOGADOS,245,,COLISÃO,ENTRE AUTOS E MOTO S/V.,2,,1,,,,,,,0,,Não informado,,,,,,,,,,,,
2018-11-07,13:35:00,SEM VÍTIMA,FINALIZADA,CABANGA,PRC GOVERNADOR PAULO GUERRA,,,EM CIMA DO VIADUTO SENT. BOA VIAGEM,PRC GOVERNADOR PAULO GUERRA,,EM CIMA DO VIADUTO SENT. BOA VIAGEM,CABANGA,662,SUBURBIO,COLISÃO TRASEIRA,DOIS AUTO,2,,,,,,,,,0,,Longo da via,Bom,Sem defeito,Perfeito estado,Seca,Perfeito estado,Faixa de pedestre,,60 km/h,,,,
2018-11-07,13:53:00,SEM VÍTIMA,FINALIZADA,BOA VIAGEM,AV DOM JOAO VI,,RUA JOSE DA SILVA LUCENA,EM FRENTE AO COLÉGIO GGE,AV DOM JOAO VI,,EM FRENTE AO COLÉGIO GGE,BOA VIAGEM,,SUBURBIO,COLISÃO TRASEIRA,ENTRE AUTOS S/V.,2,,,,,,,,,0,,Longo da via,,Não existe,Perfeito estado,Seca,Perfeito estado,Não existe,,,Única,Faixa contínua,,
2018-11-07,14:29:00,COM VÍTIMA,FINALIZADA,ARRUDA,RUA JOSE DOS SANTOS,179,,PRÓX AO ESTÁDIO DO ARRUDA,RUA JOSE DOS SANTOS,179,PRÓX AO ESTÁDIO DO ARRUDA,ARRUDA,,CIDADE,CHOQUE VEÍCULO PARADO,ENTRE AUTOS C/V.,3,,,,,,,,,1,,Longo da via,Chuvoso,Não existe,Incompleta,Molhada,Perfeito estado,Outros,Outras,,Dupla,Canteiro central,,
2018-11-07,15:19:00,SEM VÍTIMA,FINALIZADA,BOA VIAGEM,RUA FREI LEANDRO,1318,RUA RAUL AZEDO,E/F A GALRIA CENTRO SUL,RUA FREI LEANDRO,1318,E/F A GALRIA CENTRO SUL,BOA VIAGEM,,,ABALROAMENTO LONGITUDINAL,COLISAO ENTRE DOIS CAMINHOES S/V,,,,,,,2,,,0,,Cruzamento,Bom,Não existe,Perfeito estado,Seca,Perfeito estado,Não existe,Não há placas,,Única,Faixa seccionada,,
2018-11-07,16:16:00,SEM VÍTIMA,CANCELADA,JAQUEIRA,RUA DO FUTURO,,,E/F A ENTRADA DO POSTO POLICIAL DA JAQUEIRA,RUA DO FUTURO,,E/F A ENTRADA DO POSTO POLICIAL DA JAQUEIRA,JAQUEIRA,,,COLISÃO,,2,,,,,,,,,0,,Não informado,,,,,,,,,,,,
2018-11-07,16:31:00,SEM VÍTIMA,CANCELADA,JAQUEIRA,RUA DO FUTURO,,,EM FRENTE AO PARQUE DA JAQUEIRA,RUA DO FUTURO,,EM FRENTE AO PARQUE DA JAQUEIRA,JAQUEIRA,406,,COLISÃO,ENTRE AUTOS S/V.,2,,,,,,,,,0,,Não informado,,,,,,,,,,,,
2018-11-07,16:58:00,SEM VÍTIMA,FINALIZADA,IMBIRIBEIRA,AV MARECHAL MASCARENHAS DE MORAES,,,EM FRENTE À FERREIRA COSTA,AV MARECHAL MASCARENHAS DE MORAES,,EM FRENTE À FERREIRA COSTA,IMBIRIBEIRA,386,CIDADE,COLISÃO TRASEIRA,ENTRE AUTOS S/V.,2,,,,,,,,,0,,Longo da via,Chuvoso,Sem defeito,Perfeito estado,Molhada,Perfeito estado,Não existe,R-6a,60 km/h,Única,Faixa seccionada,,
2018-11-07,17:06:00,SEM VÍTIMA,FINALIZADA,BOA VIAGEM,AV ENGENHEIRO DOMINGOS FERREIRA,4172,,APOS O BRADSCO PROX AO RESTAURANTE DOM FERRERO,AV ENGENHEIRO DOMINGOS FERREIRA,4172,APOS O BRADSCO PROX AO RESTAURANTE DOM FERRERO,BOA VIAGEM,,SUBURBIO,ABALROAMENTO LONGITUDINAL,COLISAO ENTRE VT A CIVL E AUTO S/V,1,,,,,,,1,,0,,Longo da via,Chuvoso,Não existe,Perfeito estado,Molhada,Perfeito estado,Não existe,Outras,60 km/h,Dupla,Canteiro central,,
2018-11-07,17:07:00,SEM VÍTIMA,FINALIZADA,SÃO JOSÉ,AV DANTAS BARRETO,,RUA IMPERIAL,PRÓX À PRAÇA SERGIO LORÊTO,AV DANTAS BARRETO,,PRÓX À PRAÇA SERGIO LORÊTO,SÃO JOSÉ,35,SUBURBIO,ABALROAMENTO LONGITUDINAL,ÔNIBUS X MOTO S/V.,1,1,,,,,,,,0,,Cruzamento,Chuvoso,Sem defeito,Perfeito estado,Molhada,Perfeito estado,Não existe,Não há placas,,Dupla,Não existe,,
2018-11-07,18:01:00,SEM VÍTIMA,CANCELADA,SAN MARTIN,AV GENERAL SAN MARTIN,,,AO LADO DA CHESF  APOS A CAVALARIA JUNTO A PARADA DE ONIBUS,AV GENERAL SAN MARTIN,,AO LADO DA CHESF  APOS A CAVALARIA JUNTO A PARADA DE ONIBUS,SAN MARTIN,,CIDADE,COLISÃO,COLISÃO SEM VITIMAS,2,,,,,,,,,0,,Não informado,,,,,,,,,,,,