data,hora,natureza_acidente,situacao,bairro,endereco,numero,detalhe_endereco_acidente,complemento,endereco_cruzamento,numero_cruzamento,referencia_cruzamento,bairro_cruzamento,num_semaforo,sentido_via,tipo,descricao,auto,moto,ciclom,ciclista,pedestre,onibus,caminhao,viatura,outros,vitimas,vitimasfatais,acidente_verificado,tempo_clima,situacao_semaforo,sinalizacao,condicao_via,conservacao_via,ponto_controle,situacao_placa,velocidade_max_via,mao_direcao,divisao_via1,divisao_via2,divisao_via3
2018-11-07,18:15:00,SEM VÍTIMA,FINALIZADA,IMBIRIBEIRA,AV MARECHAL MASCARENHAS DE MORAES,,,EM FRENTE A FERREIRA COSTA,AV MARECHAL MASCARENHAS DE MORAES,,EM FRENTE A FERREIRA COSTA,IMBIRIBEIRA,386,CIDADE,COLISÃO TRASEIRA,COLISÃO SEM VÍTIMAS,2,,,,,,,,,0,,Longo da via,Chuvoso,Sem defeito,Perfeito estado,Molhada,Perfeito estado,Faixa de pedestre,,60 km/h,Dupla,Canteiro central,,
2018-11-07,18:20:00,COM VÍTIMA,FINALIZADA,BOA VIAGEM,AV CONSELHEIRO AGUIAR,4777,,E/F AO BANCO DO BRADESCO DO TERMINAL DE BV,AV CONSELHEIRO AGUIAR,4777,E/F AO BANCO DO BRADESCO DO TERMINAL DE BV,BOA VIAGEM,,CIDADE,COLISÃO COM CICLISTA,ENTRE AUTO E CICLISTA. C/V,1,,,1,,,,,,1,,Longo da via,Chuvoso,Não existe,Perfeito estado,Molhada,Perfeito estado,Não existe,Não há placas,,Única,Faixa,,
2018-11-07,18:23:00,SEM VÍTIMA,FINALIZADA,IPSEP,RUA SAO NICOLAU,260,,ESQUINA COM A AGENCIA MULTI MARQUES / PRÓX AO CANAL / SNT IBURA,RUA SAO NICOLAU,260,ESQUINA COM A AGENCIA MULTI MARQUES / PRÓX AO CANAL / SNT IBURA,IPSEP,,SUBURBIO,ABALROAMENTO TRANSVERSAL,ENTRE AUTO E MOTO. S/V,1,1,,,,,,,,0,,Longo da via,Bom,Sem defeito,Perfeito estado,Seca,Perfeito estado,Agente,R-6a,,Única,Não existe,,
2018-11-07,18:42:00,SEM VÍTIMA,CANCELADA,IPSEP,RUA ITACARE,120,,E/F AO RESIDENCE JANDIR / PRÓX A PRC DA MAURICEIA,RUA ITACARE,120,E/F AO RESIDENCE JANDIR / PRÓX A PRC DA MAURICEIA,IPSEP,,,ENGAVETAMENTO,ENTRE ÕNIBUS E AUTO. S/V,1,,,,,1,,,,0,,Não informado,,,,,,,,,,,,
2018-11-07,18:49:00,SEM VÍTIMA,CANCELADA,CIDADE UNIVERSITÁRIA,AV DOS ECONOMISTAS,,,AO LADO DA BIBLIOTECA CENTRAL,AV DOS ECONOMISTAS,,AO LADO DA BIBLIOTECA CENTRAL,CIDADE UNIVERSITÁRIA,,,COLISÃO,COLISÃO SEM VITIMAS,1,,,,,,,,1,0,,Não informado,,,,,,,,,,,,
2018-11-07,19:11:00,SEM VÍTIMA,FINALIZADA,COQUEIRAL,RUA ALTO DA BELA VISTA,173,,PRÓX A TORRE DA CLARO / NA SUBIDA DA LADEIRA,RUA ALTO DA BELA VISTA,173,PRÓX A TORRE DA CLARO / NA SUBIDA DA LADEIRA,COQUEIRAL,,SUBURBIO,CHOQUE VEÍCULO PARADO,ENTRE CAMINHÃO E AUTO PASSEIO. S/V,2,,,,,,1,,,0,,Longo da via,Chuvoso,Não existe,Perfeito estado,Molhada,Perfeito estado,,,,Dupla,,,
2018-11-07,19:32:00,SEM VÍTIMA,FINALIZADA,PRADO,RUA SANTA EDWIRGES,295,RUA PADRE TEOFILO TWORZ,PRÓX AO ARQUIVO DE PEQUENAS CAUSAS E E/F A IGREJA PRESBITERIANA DO PRADO,RUA SANTA EDWIRGES,295,PRÓX AO ARQUIVO DE PEQUENAS CAUSAS E E/F A IGREJA PRESBITERIANA DO PRADO,PRADO,,CIDADE,ABALROAMENTO TRANSVERSAL,ENTRE AUTO E MOTO. S/V,1,1,,,,,,,,0,,Cruzamento,Chuvoso,Não existe,Incompleta,Molhada,Mal iluminada,,Outras,,Única,Não existe,,
2018-11-07,20:41:00,SEM VÍTIMA,FINALIZADA,BOA VIAGEM,RUA DEZ DE JULHO,429,,APÓS O AEROPORTO / E/F A CASA DE EVENTOS MAISON CHRISTAL,RUA DEZ DE JULHO,429,APÓS O AEROPORTO / E/F A CASA DE EVENTOS MAISON CHRISTAL,BOA VIAGEM,,SUBURBIO,ABALROAMENTO LONGITUDINAL,ENTRE ÕNIBUS E AUTO. S/V,1,,,,,1,,,,0,,Cruzamento,Chuvoso,Não existe,Perfeito estado,Molhada,Perfeito estado,Não existe,Não há placas,,Única,Faixa seccionada,,
2018-11-07,20:55:00,COM VÍTIMA,FINALIZADA,AFOGADOS,EST DOS REMEDIOS,,EST DO BONGI,POSTO BR.,EST DOS REMEDIOS,,POSTO BR.,AFOGADOS,394,CIDADE,COLISÃO COM CICLISTA,VT DA PM DA LEI SECA,1,,,1,,,,,,1,,Esquina,Chuvoso,Sem defeito,Perfeito estado,Molhada,Perfeito estado,Faixa de pedestre,Outras,,Única,Faixa,,
2018-11-07,20:58:00,SEM VÍTIMA,FINALIZADA,MANGABEIRA,AV PROFESSOR JOSE DOS ANJOS,,,AO LADO DO MURO DA DNOCS E CANAL DO ARRUDA,AV PROFESSOR JOSE DOS ANJOS,,AO LADO DO MURO DA DNOCS E CANAL DO ARRUDA,MANGABEIRA,,SUBURBIO,ABALROAMENTO LONGITUDINAL,ENTRE 2 AUTOS. S/V,2,,,,,,,,,0,,Longo da via,Chuvoso,Não existe,Perfeito estado,Molhada,Perfeito estado,Outros,Outras,,Dupla,Canal,,
2018-11-07,21:03:00,SEM VÍTIMA,FINALIZADA,TEJIPIÓ,AV DR JOSE RUFINO,,,NA FRENTE DO 14 BCOM,AV DR JOSE RUFINO,,NA FRENTE DO 14 BCOM,TEJIPIÓ,208,CIDADE,COLISÃO TRASEIRA,COLISÃO SEM VITIMAS,2,,,,,,,,,0,,Longo da via,Chuvoso,Sem defeito,Perfeito estado,Molhada,Mal iluminada,Não existe,Não há placas,,Dupla,Faixa contínua,,
2018-11-07,21:13:00,SEM VÍTIMA,CANCELADA,CAXANGÁ,AV CAXANGA,,,E/F AO RESIDENCIAL CAXANGÁ   SNT SUB/CID,AV CAXANGA,,E/F AO RESIDENCIAL CAXANGÁ   SNT SUB/CID,CAXANGÁ,,,COLISÃO,ENTRE 2 AUTOS. S/V,2,,,,,,,,,0,,Não informado,,,,,,,,,,,,
2018-11-07,21:23:00,COM VÍTIMA,FINALIZADA,JORDÃO,AV MARIA IRENE,193,,CAPELINHA SÃ JOÃO BATISTA  PROX. AO MURO DA BASE AEREA,AV MARIA IRENE,193,CAPELINHA SÃ JOÃO BATISTA  PROX. AO MURO DA BASE AEREA,JORDÃO,,SUBURBIO,ABALROAMENTO TRANSVERSAL,COLISÃO COM VITIMA/ VITIMA ESTA NA AMBULANCIA DO SAMU,,1,,,,,1,,,1,,Longo da via,Chuvoso,Não existe,Incompleta,Molhada,Mal iluminada,,Outras,,Dupla,Não existe,,
2018-11-07,22:21:00,SEM VÍTIMA,FINALIZADA,BOA VISTA,RUA DA AURORA,,RUA PRINCESA IZABEL,E/F A POLICIA CIVIL / PRÓX AO 13 DE MAIO,RUA DA AURORA,,E/F A POLICIA CIVIL / PRÓX AO 13 DE MAIO,BOA VISTA,22,SUBURBIO,ABALROAMENTO TRANSVERSAL,ENTRE ÕNIBUS E AUTO. S/V,1,,,,,1,,,,0,,Cruzamento,Bom,Sem defeito,Perfeito estado,Seca,Perfeito estado,Outros,R-6a,,Única,Faixa seccionada,,
2018-11-08,05:16:00,SEM VÍTIMA,CANCELADA,CASA FORTE,AV DEZESSETE DE AGOSTO,,,EM FRENTE A PRAÇA DE CASA FORTE // AO LADO DO RESTAURANTE LA FONDUE,AV DEZESSETE DE AGOSTO,,EM FRENTE A PRAÇA DE CASA FORTE // AO LADO DO RESTAURANTE LA FONDUE,CASA FORTE,,,CHOQUE,VEÍCULO CHOCOU-SE CONTRA UM POSTE,1,,,,,,,,,0,,Não informado,,,,,,,,,,,,
2018-11-08,06:14:00,SEM VÍTIMA,FINALIZADA,BARRO,AV DR JOSE RUFINO,,,PROX AO COLEGIO ALBERTO TORRE NA DESCIDA DO VIADUTO DO BARRO,AV DR JOSE RUFINO,,PROX AO COLEGIO ALBERTO TORRE NA DESCIDA DO VIADUTO DO BARRO,BARRO,,SUBURBIO,ABALROAMENTO TRANSVERSAL,COLISÃO SEM VITIMAS,1,,,,,1,,,,0,,Longo da via,Bom,Não existe,Perfeito estado,Seca,Perfeito estado,Não existe,Não há placas,,Dupla,Faixa contínua,,
2018-11-08,07:09:00,COM VÍTIMA,FINALIZADA,BOA VIAGEM,AV ENGENHEIRO DOMINGOS FERREIRA,230,RUA TOME GIBSON,ESCOLA MUNICIPAL OSWALDO LIMA FILHO,AV ENGENHEIRO DOMINGOS FERREIRA,230,ESCOLA MUNICIPAL OSWALDO LIMA FILHO,BOA VIAGEM,200,SUBURBIO,ABALROAMENTO LONGITUDINAL,,1,1,,,,,,,,1,,Cruzamento,Bom,Sem defeito,Perfeito estado,Seca,Perfeito estado,Faixa de pedestre,Outras,,Única,Canteiro central,,
2018-11-08,07:47:00,SEM VÍTIMA,FINALIZADA,AFOGADOS,AV DR JOSE RUFINO,728,RUA BEZERRA DA PALMA,NA ESQUINA DO QUARTEL DO 14° BATALHAO LOGISTICO,AV DR JOSE RUFINO,728,NA ESQUINA DO QUARTEL DO 14° BATALHAO LOGISTICO,AFOGADOS,,,ABALROAMENTO TRANSVERSAL,COLISAO ENTRE AUTO E MOTO S/V,1,1,,,,,,,,0,,Cruzamento,Bom,Não existe,Perfeito estado,Seca,Perfeito estado,Não existe,Não há placas,,Dupla,Faixa contínua,,
2018-11-08,08:08:00,SEM VÍTIMA,FINALIZADA,PINA,AV BOA VIAGEM,1070,,EM FRENTE AO HOTEL MARANTE PLAZA,AV BOA VIAGEM,1070,EM FRENTE AO HOTEL MARANTE PLAZA,PINA,,CIDADE,ABALROAMENTO TRANSVERSAL,,2,,,,,,,,,0,,Longo da via,Bom,Não existe,Perfeito estado,Seca,Perfeito estado,Não existe,Outras,,Única,Faixa seccionada,,
2018-11-08,09:02:00,COM VÍTIMA,FINALIZADA,CORDEIRO,AV CAXANGA,2477,,AO LADO DA ESTAÇÃO DO BRT SENTIDO CENTRO,AV CAXANGA,2477,AO LADO DA ESTAÇÃO DO BRT SENTIDO CENTRO,CORDEIRO,,CIDADE,COLISÃO TRASEIRA,COLISÃO ENTRE AUTO E MOTO COM VÍTIMA,1,1,,,,,,,,1,,Longo da via,Bom,Sem defeito,Perfeito estado,Seca,Perfeito estado,Outros,R-6a,,Dupla,Canteiro central,,
2018-11-08,09:03:00,COM VÍTIMA,FINALIZADA,PINA,AV HERCULANO BANDEIRA,,RUA ARQUITETO AUGUSTO REINALDO,EM FRENTE AO ATACADO DA CONSTRUÇAO,AV HERCULANO BANDEIRA,,EM FRENTE AO ATACADO DA CONSTRUÇAO,PINA,660,SUBURBIO,ABALROAMENTO TRANSVERSAL,MOTO E TAXI // STEFANI PF NO QTH,1,1,,,,,,,,1,,Cruzamento,Bom,Com defeito,Perfeito estado,Seca,Perfeito estado,Faixa de pedestre,Outras,,Única,Faixa,,
2018-11-08,09:10:00,SEM VÍTIMA,CANCELADA,AFOGADOS,RUA QUITERIO INACIO DE MELLO,,RUA SAO MIGUEL,EM FRENTE AO REI DO FAROL,RUA QUITERIO INACIO DE MELLO,,EM FRENTE AO REI DO FAROL,AFOGADOS,,,COLISÃO,CARRETA E AOUTO PASSEIO,1,,,,,,1,,,0,,Não informado,,,,,,,,,,,,
2018-11-08,09:16:00,SEM VÍTIMA,FINALIZADA,AREIAS,AV RECIFE,1766,,EM FRENTE A EMLURB  APOS O GALETUS  SENTIDO BOA VIAGEM,AV RECIFE,1766,EM FRENTE A EMLURB  APOS O GALETUS  SENTIDO BOA VIAGEM,AREIAS,,CIDADE,ABALROAMENTO LONGITUDINAL,AUTO E VAN S/V,2,,,,,,,,,0,,Longo da via,Bom,Não existe,Perfeito estado,Seca,Perfeito estado,,Outras,,Dupla,Canteiro central,,
2018-11-08,10:16:00,SEM VÍTIMA,FINALIZADA,ROSARINHO,RUA REGUEIRA COSTA,429,AV NORTE,EM FRENTE AO CHINA CABELEIREIRO,RUA REGUEIRA COSTA,429,EM FRENTE AO CHINA CABELEIREIRO,ROSARINHO,456,SUBURBIO,ABALROAMENTO LONGITUDINAL,COLISÃO SEM VITIMAS,2,,,,,,,,,0,,Cruzamento,Bom,Sem defeito,Perfeito estado,Seca,Perfeito estado,Faixa de pedestre,Outras,,Única,Outros,,
2018-11-08,10:51:00,SEM VÍTIMA,FINALIZADA,ESPINHEIRO,RUA MARQUES DO PARANA,214,RUA DR FERNANDO ALLAIN,EM FRENTE AO GRUPO ECOGREEN,RUA MARQUES DO PARANA,214,EM FRENTE AO GRUPO ECOGREEN,ESPINHEIRO,,SUBURBIO,ABALROAMENTO LONGITUDINAL,DOIS AUTOS S/V,2,,,,,,,,,0,,Outros,Bom,Não existe,Perfeito estado,Seca,Perfeito estado,Não existe,Outras,,Dupla,Faixa seccionada,,
2018-11-08,11:00:00,SEM VÍTIMA,FINALIZADA,IMBIRIBEIRA,AV MARECHAL MASCARENHAS DE MORAES,,,EM FRENTE AO BANCO ITAU / SENT AEROPORTO,AV MARECHAL MASCARENHAS DE MORAES,,EM FRENTE AO BANCO ITAU / SENT AEROPORTO,IMBIRIBEIRA,225,SUBURBIO,COLISÃO TRASEIRA,DOIS AUTOS,2,,,,,,,,,0,,Longo da via,Bom,Sem defeito,Perfeito estado,Seca,Mal conservada,Faixa de pedestre,Não há placas,,Dupla,Faixa seccionada,,
2018-11-08,11:53:00,COM VÍTIMA,FINALIZADA,MUSTARDINHA,AV MANOEL GONCALVES DA LUZ,548,,,AV MANOEL GONCALVES DA LUZ,548,,MUSTARDINHA,,,COLISÃO COM CICLISTA,CAMINHÃO E CICLISTA,,,,1,,,1,,,1,,Longo da via,Bom,Não existe,Perfeito estado,Seca,Perfeito estado,Não existe,R-6a,,Dupla,Faixa,,
2018-11-08,12:01:00,SEM VÍTIMA,CANCELADA,SAN MARTIN,AV GENERAL SAN MARTIN,493,,PROX AO HOSPITAL GETULIO VARGAS EM FRENTE AO CENTRO AUTOMOTIVO,AV GENERAL SAN MARTIN,493,PROX AO HOSPITAL GETULIO VARGAS EM FRENTE AO CENTRO AUTOMOTIVO,SAN MARTIN,,,COLISÃO,COLISÃO SEM VITIMAS,2,,,,,,,,,0,,Não informado,,,,,,,,,,,,
2018-11-08,12:19:00,COM VÍTIMA,FINALIZADA,CORDEIRO,AV CAXANGA,2093,,E/F A EXPOSIÇAO DE ANIMAIS S/T CID,AV CAXANGA,2093,E/F A EXPOSIÇAO DE ANIMAIS S/T CID,CORDEIRO,,CIDADE,COLISÃO TRASEIRA,COLISAO ENTRE AUTO E DUAS MOTOS S/V,1,2,,,,,,,,1,,Longo da via,Bom,Não existe,Perfeito estado,Seca,Perfeito estado,Não existe,Não há placas,,Única,Faixa,,
2018-11-08,13:07:00,COM VÍTIMA,FINALIZADA,IBURA,AV DOIS RIOS,,,LADEIRA DA COHAB,AV DOIS RIOS,,LADEIRA DA COHAB,IBURA,,CIDADE,COLISÃO FRONTAL,COLISÃO COM VITIMA,1,1,,,,,,,,2,,Longo da via,Bom,Não existe,Perfeito estado,Seca,Perfeito estado,Não existe,Não há placas,,Dupla,Faixa,,
2018-11-08,13:10:00,SEM VÍTIMA,FINALIZADA,PINA,AV CONSELHEIRO AGUIAR,,,EM FRENTE AO SO CALDINHO GUAIAMUM,AV CONSELHEIRO AGUIAR,,EM FRENTE AO SO CALDINHO GUAIAMUM,PINA,,CIDADE,ABALROAMENTO LONGITUDINAL,COLISAO ENTRE ONIBUS E AUTO S/V,1,,,,,1,,,,0,,Longo da via,Bom,Não existe,Perfeito estado,Seca,Perfeito estado,Não existe,Outras,60 km/h,Única,Faixa seccionada,,
2018-11-08,13:32:00,SEM VÍTIMA,FINALIZADA,VÁRZEA,AV AFONSO OLINDENSE,1667,,COLÉGIO MAZZARELLO,AV AFONSO OLINDENSE,1667,COLÉGIO MAZZARELLO,VÁRZEA,,SUBURBIO,COLISÃO TRASEIRA,ENTRE AUTOS S/V.,2,,,,,,,,,0,,Longo da via,Bom,Sem defeito,Perfeito estado,Seca,Perfeito estado,Faixa de pedestre,Não há placas,,Dupla,Faixa contínua,,
2018-11-08,14:31:00,SEM VÍTIMA,FINALIZADA,BAIRRO DO RECIFE,RUA DO BOM JESUS,125,AV BARBOSA LIMA,PRÓX À CAIXA CULTURAL,RUA DO BOM JESUS,125,PRÓX À CAIXA CULTURAL,BAIRRO DO RECIFE,,CIDADE,ABALROAMENTO LONGITUDINAL,ENTRE AUTOS S/V.,2,,,,,,,,,0,,Cruzamento,Bom,Não existe,Incompleta,Seca,Perfeito estado,Outros,Outras,,Única,Não existe,,
2018-11-08,14:38:00,SEM VÍTIMA,FINALIZADA,IMBIRIBEIRA,AV MARECHAL MASCARENHAS DE MORAES,,,EM FRENTE AO VIADUTO GOV. MIGUEL ARRAES,AV MARECHAL MASCARENHAS DE MORAES,,EM FRENTE AO VIADUTO GOV. MIGUEL ARRAES,IMBIRIBEIRA,,SUBURBIO,ABALROAMENTO LONGITUDINAL,COLISÃO SEM VITIMAS,1,,,,,1,,,,0,,Longo da via,Bom,Não existe,Perfeito estado,Seca,Perfeito estado,Não existe,Não há placas,,Única,Faixa seccionada,,
2018-11-08,14:49:00,SEM VÍTIMA,FINALIZADA,BOA VISTA,RUA JOSE DE ALENCAR,137,RUA BARAO DE SAO BORJA,HOTEL BOA VISTA,RUA JOSE DE ALENCAR,137,HOTEL BOA VISTA,BOA VISTA,,CIDADE,ABALROAMENTO TRANSVERSAL,COLISÃO SEM VITIMAS,2,,,,,,,,,0,,Cruzamento,Bom,Sem defeito,Incompleta,Seca,Perfeito estado,Faixa de retenção,Placas Pare,,Única,Faixa seccionada,,
2018-11-08,16:07:00,SEM VÍTIMA,CANCELADA,PARNAMIRIM,RUA ANDRE CAVALCANTE,,AV PARNAMIRIM,PRÓX. AO SANTANDER.,RUA ANDRE CAVALCANTE,,PRÓX. AO SANTANDER.,PARNAMIRIM,,,COLISÃO,ENTRE AUTOS S/V.,2,,,,,,,,,0,,Não informado,,,,,,,,,,,,
2018-11-08,16:46:00,SEM VÍTIMA,FINALIZADA,SÃO JOSÉ,RUA FLORIANO PEIXOTO,307,RUA DO PEIXOTO,LEVI ART,RUA FLORIANO PEIXOTO,307,LEVI ART,SÃO JOSÉ,,SUBURBIO,ABALROAMENTO TRANSVERSAL,COLISÃO SEM VITIMAS,1,,,,,1,,,,0,,Longo da via,Bom,Não existe,Não existente,Seca,Perfeito estado,Não existe,Não há placas,,Única,Não existe,,
2018-11-08,17:52:00,COM VÍTIMA,FINALIZADA,TORRÕES,AV ENGENHEIRO ABDIAS DE CARVALHO,240,RUA QUINZE DE MARCO,,AV ENGENHEIRO ABDIAS DE CARVALHO,240,,TORRÕES,422,SUBURBIO,COLISÃO,COLISÃO ENTRE AUTO E MOTO (AUTO EVADIU SE DO LOCAL),1,1,,,,,,,,1,,Longo da via,Bom,Sem defeito,Perfeito estado,Seca,Perfeito estado,Outros,Outras,,Dupla,Canteiro central,,
2018-11-08,19:55:00,SEM VÍTIMA,FINALIZADA,IPUTINGA,EST DO BARBALHO,,RUA QUIPAPA,,EST DO BARBALHO,,,IPUTINGA,,SUBURBIO,ABALROAMENTO TRANSVERSAL,COLISÃO SEM VITIMAS,1,1,,,,,,,,0,,Longo da via,Bom,Não existe,Perfeito estado,Seca,Perfeito estado,Outros,Outras,,Dupla,Faixa contínua,,
2018-11-08,20:00:00,COM VÍTIMA,FINALIZADA,AFOGADOS,RUA SAO MIGUEL,176,,ENF AO DEPATRI,RUA SAO MIGUEL,176,ENF AO DEPATRI,AFOGADOS,300,SUBURBIO,ATROPELAMENTO,BMW X PEDESTRE OBS:: VT DA POLICIA NO LOCAL,1,,,,1,,,,,1,,Longo da via,Bom,Sem defeito,Perfeito estado,Seca,Perfeito estado,Faixa de retenção,Não há placas,,Dupla,Faixa,,
2018-11-08,20:21:00,SEM VÍTIMA,FINALIZADA,BOA VIAGEM,RUA PROFESSOR JOAO MEDEIROS,,RUA JACK AYRES,POSTO DE GASOLINA IPIRANGA,RUA PROFESSOR JOAO MEDEIROS,,POSTO DE GASOLINA IPIRANGA,BOA VIAGEM,,,ABALROAMENTO LONGITUDINAL,COLISÃO SEM VITIMAS,2,,,,,,,,,0,,Outros,Bom,Sem defeito,Ilegível,Seca,Mal iluminada,Faixa de pedestre,Não há placas,,Dupla,Faixa seccionada,,
2018-11-08,20:22:00,SEM VÍTIMA,FINALIZADA,SÃO JOSÉ,RUA VINTE E QUATRO DE MAIO,,AV DANTAS BARRETO,,RUA VINTE E QUATRO DE MAIO,,,SÃO JOSÉ,,,ABALROAMENTO LONGITUDINAL,ONIBUS X CELTA,1,,,,,1,,,,0,,Outros,Bom,Sem defeito,Incompleta,Seca,Mal iluminada,Não existe,Outras,,Única,Não existe,,
2018-11-08,21:05:00,SEM VÍTIMA,FINALIZADA,AFOGADOS,RUA SAO MIGUEL,558,RUA OLIMPIO CHACON,,RUA SAO MIGUEL,558,,AFOGADOS,,CIDADE,ABALROAMENTO TRANSVERSAL,COLISÃO SEM VITIMAS,2,,,,,,,,,0,,Outros,Bom,Não existe,Perfeito estado,Seca,Perfeito estado,Não existe,Outras,40 km/h,Única,Faixa seccionada,,
2018-11-08,21:18:00,SEM VÍTIMA,FINALIZADA,CORDEIRO,AV MARIO ALVARES PEREIRA DE LYRA,100,,MERCADINHO O BARATAO // PERTO DO CANAL CAVOUVO,AV MARIO ALVARES PEREIRA DE LYRA,100,MERCADINHO O BARATAO // PERTO DO CANAL CAVOUVO,CORDEIRO,,SUBURBIO,CHOQUE VEÍCULO PARADO,COLISAO ENTRE DOIS AUTO QUE SE CHOCOU-SE COM MERCADINHO,2,,,,,,,,,0,,Longo da via,Bom,Não existe,Ilegível,Seca,Perfeito estado,Outros,Não há placas,,Única,Não existe,,
2018-11-08,21:16:00,SEM VÍTIMA,FINALIZADA,DERBY,RUA HENRIQUE DIAS,,AV GOVERNADOR AGAMENON MAGALHAES,NA FRENTE DO SPETTUS,RUA HENRIQUE DIAS,,NA FRENTE DO SPETTUS,DERBY,68,SUBURBIO,ABALROAMENTO LONGITUDINAL,COLISÃO SEM VITIMAS,2,,,,,,,,,0,,Cruzamento,Bom,Sem defeito,Perfeito estado,Seca,Perfeito estado,Não existe,Não há placas,40 km/h,Única,Faixa contínua,,
2018-11-08,22:23:00,SEM VÍTIMA,FINALIZADA,BOA VIAGEM,AV ENGENHEIRO DOMINGOS FERREIRA,,RUA CORONEL BENEDITO CHAVES,PROX A DELEGACIA DE BOA VIAGEM,AV ENGENHEIRO DOMINGOS FERREIRA,,PROX A DELEGACIA DE BOA VIAGEM,BOA VIAGEM,128,SUBURBIO,COLISÃO TRASEIRA,HB 20 X A 3,2,,,,,,,,,0,,Outros,Bom,Sem defeito,Perfeito estado,Seca,Perfeito estado,Outros,R-6a,,Única,Canteiro central,,
2018-11-09,00:13:00,SEM VÍTIMA,FINALIZADA,BOA VIAGEM,RUA SARGENTO SILVINO DE MACEDO,,RUA JOSE DA SILVA LUCENA,PROXIMO A LACOMEX,RUA SARGENTO SILVINO DE MACEDO,,PROXIMO A LACOMEX,BOA VIAGEM,,SUBURBIO,ABALROAMENTO TRANSVERSAL,COLISÃO ENTRE DOIS AUTO SEM VITIMAS,2,,,,,,,,,0,,Cruzamento,Chuvoso,Não existe,Incompleta,Molhada,Perfeito estado,Não existe,Placas Pare,,Única,Não existe,,
2018-11-09,01:00:00,SEM VÍTIMA,CANCELADA,BOA VIAGEM,AV BOA VIAGEM,4070,,EM FRENTE AO HOTEL GRAND MERCURE (ANTIGO RECIFE PALACE),AV BOA VIAGEM,4070,EM FRENTE AO HOTEL GRAND MERCURE (ANTIGO RECIFE PALACE),BOA VIAGEM,,,COLISÃO,COLISÃO ENTRE DOIS AUTOS  SEM VÍTIMAS,2,,,,,,,,,0,,Não informado,,,,,,,,,,,,
2018-11-09,05:44:00,COM VÍTIMA,FINALIZADA,IPSEP,AV RECIFE,,RUA GONCALVES DE MAGALHAES,PRÓX AO SAL E BRASA E POSTO BR,AV RECIFE,,PRÓX AO SAL E BRASA E POSTO BR,IPSEP,393,SUBURBIO,ABALROAMENTO LONGITUDINAL,COLISÃO ENTRE AUTO E MOTO   COM VÍTIMAS,1,1,,,,,,,,1,,Longo da via,Bom,Sem defeito,Ilegível,Seca,Mal conservada,Não existe,Não há placas,60 km/h,Única,Faixa contínua,,
2018-11-09,05:59:00,SEM VÍTIMA,FINALIZADA,BOA VISTA,AV GOVERNADOR AGAMENON MAGALHAES,34,RUA DR BANDEIRA FILHO,PRÓX AO CLUBE PORTUGUÊS // EM FRENTE AO WALLMART,AV GOVERNADOR AGAMENON MAGALHAES,34,PRÓX AO CLUBE PORTUGUÊS // EM FRENTE AO WALLMART,BOA VISTA,713,SUBURBIO,COLISÃO TRASEIRA,COLISÃO ENTRE DOIS AUTOS  S/V.,2,,,,,,,,,0,,Longo da via,Bom,Sem defeito,Perfeito estado,Seca,Perfeito estado,Faixa de pedestre,Outras,60 km/h,Única,Faixa seccionada,,