data,hora,natureza_acidente,situacao,bairro,endereco,numero,detalhe_endereco_acidente,complemento,endereco_cruzamento,numero_cruzamento,referencia_cruzamento,bairro_cruzamento,num_semaforo,sentido_via,tipo,descricao,auto,moto,ciclom,ciclista,pedestre,onibus,caminhao,viatura,outros,vitimas,vitimasfatais,acidente_verificado,tempo_clima,situacao_semaforo,sinalizacao,condicao_via,conservacao_via,ponto_controle,situacao_placa,velocidade_max_via,mao_direcao,divisao_via1,divisao_via2,divisao_via3
2018-11-12,01:48:00,SEM VÍTIMA,FINALIZADA,BOMBA DO HEMETÉRIO,RUA BOMBA DO HEMETERIO,,RUA ANTONIO PORFIRIO DE SANTANA,PROXIMO A CASA DE SHOW GIGANTE DO SAMBA,RUA BOMBA DO HEMETERIO,,PROXIMO A CASA DE SHOW GIGANTE DO SAMBA,BOMBA DO HEMETÉRIO,,,COLISÃO FRONTAL,AUTO E MOTO,1,1,,,,,,,,0,,Longo da via,Bom,Não existe,Perfeito estado,Seca,Perfeito estado,Não existe,R-6a,,Dupla,Faixa seccionada,,
2018-11-12,07:02:00,SEM VÍTIMA,FINALIZADA,VÁRZEA,AV CAXANGA,5717,,EM FRENTE AO TI DA CAXANGA,AV CAXANGA,5717,EM FRENTE AO TI DA CAXANGA,VÁRZEA,262,CIDADE,COLISÃO TRASEIRA,TRES VEÍCULO  SEM VITIMAS,3,,,,,,,,,0,,Longo da via,Bom,Sem defeito,Perfeito estado,Seca,Perfeito estado,Faixa de pedestre,Outras,,Dupla,Canteiro central,,
2018-11-12,07:08:00,COM VÍTIMA,CANCELADA,BEBERIBE,RUA JOAO UZEDA LUNA,102,,EM FRENTE A GRANJA DO NEGO,RUA JOAO UZEDA LUNA,102,EM FRENTE A GRANJA DO NEGO,BEBERIBE,,,COLISÃO,COM VITIMA / MOTO E AUTO,1,1,,,,,,,,1,,,,,,,,,,,,,,
2018-11-12,07:19:00,SEM VÍTIMA,CANCELADA,SÃO JOSÉ,AV SUL,1036,,OFICINA ABELARDO,AV SUL,1036,OFICINA ABELARDO,SÃO JOSÉ,205,CIDADE,COLISÃO TRASEIRA,COLISÃO ENTRE AUTOS SEM VÍTIMAS,2,,,,,,,,,0,,,,,,,,,,,,,,
2018-11-12,07:36:00,SEM VÍTIMA,FINALIZADA,CASA FORTE,AV DEZESSETE DE AGOSTO,,,EM FRENTE AO CENTRO MEDICO ERMIRIO DE MORAES,AV DEZESSETE DE AGOSTO,,EM FRENTE AO CENTRO MEDICO ERMIRIO DE MORAES,CASA FORTE,,CIDADE,COLISÃO TRASEIRA,COLISAO ENTRE DOIS AUTOS S/V,2,,,,,,,,,0,,Longo da via,Bom,Não existe,Perfeito estado,Seca,Perfeito estado,Não existe,Não há placas,60 km/h,Dupla,Faixa contínua,,
2018-11-12,07:42:00,SEM VÍTIMA,FINALIZADA,SAN MARTIN,AV GENERAL SAN MARTIN,,,AO LADO DA PRAÇA DE SAN MARTIN,AV GENERAL SAN MARTIN,,AO LADO DA PRAÇA DE SAN MARTIN,SAN MARTIN,326,SUBURBIO,COLISÃO FRONTAL,S/V,2,,,,,,,,,0,,Cruzamento,Bom,Sem defeito,Perfeito estado,Seca,Perfeito estado,Faixa de pedestre,R-6a,,Dupla,Faixa contínua,,
2018-11-12,08:06:00,SEM VÍTIMA,FINALIZADA,AFOGADOS,RUA QUITERIO INACIO DE MELLO,,RUA SAO MIGUEL,PRÓXIMO AO SEMÁFORO 333,RUA QUITERIO INACIO DE MELLO,,PRÓXIMO AO SEMÁFORO 333,AFOGADOS,333,CIDADE,ABALROAMENTO LONGITUDINAL,COLISÃO SEM VITIMA,1,,,,,,1,,,0,,Longo da via,Bom,Sem defeito,Perfeito estado,Seca,Perfeito estado,Não existe,Outras,40 km/h,Única,,,
2018-11-12,08:13:00,SEM VÍTIMA,FINALIZADA,BOA VIAGEM,AV ENGENHEIRO DOMINGOS FERREIRA,212,RUA ARTUR MUNIZ,E/F A FIGUEIRÊDO PAZ CADA DO AR CONDDICIONADO,AV ENGENHEIRO DOMINGOS FERREIRA,212,E/F A FIGUEIRÊDO PAZ CADA DO AR CONDDICIONADO,BOA VIAGEM,380,SUBURBIO,ABALROAMENTO LONGITUDINAL,SEM VÍTIMAS,2,,,,,,,,,0,,Cruzamento,Bom,Sem defeito,Perfeito estado,Seca,Perfeito estado,Não existe,Não há placas,60 km/h,Única,Canteiro central,,
2018-11-12,08:39:00,COM VÍTIMA,FINALIZADA,CASA FORTE,AV DEZESSETE DE AGOSTO,,RUA JORGE DE ALBUQUERQUE,EM FRETE AO POSTO DISLUB,AV DEZESSETE DE AGOSTO,,EM FRETE AO POSTO DISLUB,CASA FORTE,,,ACID. DE PERCURSO,QUEDA DE PEDESTRE AO TENTAR DESCER DO COLETIVO.,,,,,,1,,,,1,,Longo da via,Bom,Não existe,Perfeito estado,Seca,Perfeito estado,Não existe,Não há placas,60 km/h,Dupla,Faixa contínua,,
2018-11-12,08:41:00,SEM VÍTIMA,FINALIZADA,TORRÕES,RUA DR MIGUEL VIEIRA FERREIRA,408,,E/F AO EDF. MORENO  DE FRONTE A BENTOS PIZZA,RUA DR MIGUEL VIEIRA FERREIRA,408,E/F AO EDF. MORENO  DE FRONTE A BENTOS PIZZA,TORRÕES,,,ABALROAMENTO LONGITUDINAL,,1,1,,,,,,,,0,,Longo da via,Bom,Não existe,Perfeito estado,Seca,Perfeito estado,Não existe,R-6a,30 km/h,Dupla,Não existe,,
2018-11-12,08:43:00,SEM VÍTIMA,FINALIZADA,BOA VISTA,RUA OSVALDO CRUZ,393,,RUA DA SECREDARIA DA SAUDE,RUA OSVALDO CRUZ,393,RUA DA SECREDARIA DA SAUDE,BOA VISTA,,CIDADE,COLISÃO,DOIS AUTOS,2,,,,,,,,,0,,Longo da via,Bom,Não existe,Incompleta,Seca,Perfeito estado,Não existe,Não há placas,,Única,Não existe,,
2018-11-12,08:51:00,SEM VÍTIMA,FINALIZADA,BOA VIAGEM,RUA WALDEMAR NERY CARNEIRO MONTEIRO,,RUA COPACABANA,EM FRENTE A PADARIA SETUBAL,RUA WALDEMAR NERY CARNEIRO MONTEIRO,,EM FRENTE A PADARIA SETUBAL,BOA VIAGEM,,CIDADE,ABALROAMENTO LONGITUDINAL,SEM VITIMAS,2,,,,,,,,,0,,Cruzamento,Bom,Não existe,Incompleta,Seca,Perfeito estado,Outros,Não há placas,,Dupla,Outros,,
2018-11-12,09:06:00,SEM VÍTIMA,FINALIZADA,AFOGADOS,AV SUL,,,EM FRENTE A ESTACÃO METRO DE AFOGADOS,AV SUL,,EM FRENTE A ESTACÃO METRO DE AFOGADOS,AFOGADOS,,CIDADE,ABALROAMENTO LONGITUDINAL,SEM VITIMAS NO LOCAL VT 12 CTTU,1,,,,,,1,,,0,,Longo da via,Bom,Não existe,Perfeito estado,Seca,Perfeito estado,Não existe,Outras,,Única,,,
2018-11-12,09:07:00,COM VÍTIMA,FINALIZADA,TAMARINEIRA,EST VELHA DE AGUA FRIA,596,RUA CONEGO BARATA,EM FRENTE A QUITANDA DO BAIRRO E PADARIA MANÁ,EST VELHA DE AGUA FRIA,596,EM FRENTE A QUITANDA DO BAIRRO E PADARIA MANÁ,TAMARINEIRA,,SUBURBIO,ABALROAMENTO LONGITUDINAL,MOTO E ONIBUS,,1,,,,1,,,,1,,Longo da via,Bom,Sem defeito,Perfeito estado,Seca,Perfeito estado,Não existe,Não há placas,,Dupla,Faixa,,
2018-11-12,09:24:00,COM VÍTIMA,FINALIZADA,BOA VISTA,RUA BARAO DE SAO BORJA,,RUA JOSE DE ALENCAR,EM FRENTE AO HOTEL BOA VISTA,RUA BARAO DE SAO BORJA,,EM FRENTE AO HOTEL BOA VISTA,BOA VISTA,,CIDADE,ABALROAMENTO TRANSVERSAL,VITIMA SOCORRIDA PELO SAMU,1,1,,,,,,,,1,,Cruzamento,Bom,Não existe,Não existente,Seca,Perfeito estado,Não existe,Placas Pare,30 km/h,Única,Faixa contínua,,
2018-11-12,10:19:00,COM VÍTIMA,CANCELADA,SANTO ANTÔNIO,RUA FLORIANO PEIXOTO,671,,E/F A SANTOS FERRAGEM,RUA FLORIANO PEIXOTO,671,E/F A SANTOS FERRAGEM,SANTO ANTÔNIO,,,COLISÃO,COM UMA VÍTIMA EM ATENDIMENTO PELO SAMU,1,1,,,,,,,,1,,,,,,,,,,,,,,
2018-11-12,10:38:00,SEM VÍTIMA,FINALIZADA,BOA VIAGEM,RUA AMALIA BERNARDINO DE SOUZA,,RUA ERNESTO DE PAULA SANTOS,ESQUINA COM A UNINASSAU,RUA AMALIA BERNARDINO DE SOUZA,,ESQUINA COM A UNINASSAU,BOA VIAGEM,,SUBURBIO,ABALROAMENTO LONGITUDINAL,SEM VITIMAS,2,,,,,,,,,0,,Cruzamento,Bom,Não existe,Perfeito estado,Seca,Perfeito estado,Não existe,Não há placas,,Dupla,Não existe,,
2018-11-12,10:43:00,COM VÍTIMA,FINALIZADA,SANTO ANTÔNIO,RUA FLORIANO PEIXOTO,,,PROX. AO METRO DO RECIFE  ANTES DA SECRETARIA DA FAZENDA,RUA FLORIANO PEIXOTO,,PROX. AO METRO DO RECIFE  ANTES DA SECRETARIA DA FAZENDA,SANTO ANTÔNIO,,,COLISÃO,AUTO E MOTO C/V,1,1,,,,,,,,1,,,,,,,,,,,,,,
2018-11-12,10:48:00,SEM VÍTIMA,FINALIZADA,AFOGADOS,EST DOS REMEDIOS,1276,RUA COTUNGUBA,AO LADO DA MAXAUTOS PEÇAS,EST DOS REMEDIOS,1276,AO LADO DA MAXAUTOS PEÇAS,AFOGADOS,,OUTRO,CHOQUE VEÍCULO PARADO,AUTO E CAMINHAO S/V,1,,,,,,1,,,0,,Outros,Bom,Não existe,Perfeito estado,Seca,Perfeito estado,Não existe,Outras,,Única,Faixa seccionada,,
2018-11-12,11:03:00,SEM VÍTIMA,FINALIZADA,IMBIRIBEIRA,AV MARECHAL MASCARENHAS DE MORAES,4537,,,AV MARECHAL MASCARENHAS DE MORAES,4537,,IMBIRIBEIRA,,CIDADE,COLISÃO TRASEIRA,SEM VITIMAS /CTTU NO LOCAL,2,,,,,,,,,0,,Longo da via,Bom,Não existe,Perfeito estado,Seca,Perfeito estado,Não existe,Não há placas,60 km/h,Única,Canteiro central,,
2018-11-12,11:15:00,SEM VÍTIMA,CANCELADA,AFOGADOS,RUA TRES DE AGOSTO,88,RUA COSME VIANA,,RUA TRES DE AGOSTO,88,,AFOGADOS,,,COLISÃO,SEM VITIMAS,2,,,,,,,,,0,,,,,,,,,,,,,,
2018-11-12,11:22:00,SEM VÍTIMA,FINALIZADA,ARRUDA,AV PROFESSOR JOSE DOS ANJOS,,,AO LADO DO DENOX / BEIRA DO CANAL,AV PROFESSOR JOSE DOS ANJOS,,AO LADO DO DENOX / BEIRA DO CANAL,ARRUDA,306,SUBURBIO,COLISÃO TRASEIRA,DOIS AUTOS,2,,,,,,,,,0,,Cruzamento,Bom,Sem defeito,Perfeito estado,Seca,Perfeito estado,Outros,Outras,,Dupla,Canal,,
2018-11-12,12:01:00,SEM VÍTIMA,FINALIZADA,IMBIRIBEIRA,RUA GENERAL GOES MONTEIRO,95,RUA ENGENHEIRO JOSE BRANDAO CAVALCANTE,PROX A LAGOA DO ARAÇA,RUA GENERAL GOES MONTEIRO,95,PROX A LAGOA DO ARAÇA,IMBIRIBEIRA,,SUBURBIO,ABALROAMENTO TRANSVERSAL,COLISAO ENTRE DOIS AUTOS S/V,2,,,,,,,,,0,,Cruzamento,Bom,Não existe,Incompleta,Seca,Mal conservada,Não existe,Placas Pare,,Dupla,Não existe,,
2018-11-12,12:09:00,SEM VÍTIMA,FINALIZADA,AFOGADOS,EST DOS REMEDIOS,1232,,FRENTE A VIA MAR AUTOMARCAS,EST DOS REMEDIOS,1232,FRENTE A VIA MAR AUTOMARCAS,AFOGADOS,394,CIDADE,ABALROAMENTO LONGITUDINAL,COLISAO ENTRE AUTO E MOTO S/V,1,1,,,,,,,,0,,Longo da via,Bom,Sem defeito,Perfeito estado,Seca,Perfeito estado,Faixa de pedestre,Outras,,Única,,,
2018-11-12,12:41:00,SEM VÍTIMA,FINALIZADA,APIPUCOS,RUA DE APIPUCOS,117,,APOS A ESCOLA SILVA JARDIM,RUA DE APIPUCOS,117,APOS A ESCOLA SILVA JARDIM,APIPUCOS,,SUBURBIO,COLISÃO TRASEIRA,COLISAO ENTRE DOIS AUTOS S/V,1,1,,,,,,,,0,,Longo da via,Bom,Não existe,Perfeito estado,Seca,Perfeito estado,Não existe,Outras,,Dupla,Faixa contínua,,
2018-11-12,13:30:00,COM VÍTIMA,FINALIZADA,BOA VIAGEM,AV ARMINDO MOURA,500,,EM FRENTE AO SEGUNDO COMAR,AV ARMINDO MOURA,500,EM FRENTE AO SEGUNDO COMAR,BOA VIAGEM,,,ABALROAMENTO LONGITUDINAL,DOIS AUTOS E UMA MOTONETA,2,,1,,,,,,,1,,Longo da via,Bom,Não existe,Perfeito estado,Seca,Perfeito estado,,,40 km/h,Dupla,Faixa,,
2018-11-12,13:47:00,COM VÍTIMA,FINALIZADA,DERBY,AV GOVERNADOR CARLOS DE LIMA CAVALCANTI,,RUA MIGUEL COUTO,LUCILO MARANHÃO,AV GOVERNADOR CARLOS DE LIMA CAVALCANTI,,LUCILO MARANHÃO,DERBY,,CIDADE,ABALROAMENTO LONGITUDINAL,COLISÃO ENTRE CARRO E MOTO/ COM VITIMA,1,1,,,,,,,,1,,Longo da via,Bom,Não existe,Perfeito estado,Seca,Perfeito estado,,Outras,,Dupla,Canteiro central,,
2018-11-12,13:45:00,SEM VÍTIMA,FINALIZADA,BOA VIAGEM,AV ENGENHEIRO DOMINGOS FERREIRA,,RUA FELIX DE BRITO E MELO,E/F A FLORICULTURA BOA VIAGEM,AV ENGENHEIRO DOMINGOS FERREIRA,,E/F A FLORICULTURA BOA VIAGEM,BOA VIAGEM,,SUBURBIO,ABALROAMENTO LONGITUDINAL,COLISAO ENTRE DOS AUTOS S/V,2,,,,,,,,,0,,Cruzamento,Bom,Sem defeito,Perfeito estado,Seca,Perfeito estado,Faixa de pedestre,Outras,60 km/h,Dupla,Canteiro central,,
2018-11-12,13:48:00,COM VÍTIMA,FINALIZADA,PARNAMIRIM,RUA JOAO TUDE DE MELO,,,EM FRENTE AO GUAIAMUM GIGANTE,RUA JOAO TUDE DE MELO,,EM FRENTE AO GUAIAMUM GIGANTE,PARNAMIRIM,,CIDADE,ABALROAMENTO LONGITUDINAL,DOIS AUTOS E UMA MOTO C/V,2,1,,,,,,,,2,,Longo da via,Bom,Não existe,Perfeito estado,Seca,Perfeito estado,Não existe,Não há placas,60 km/h,Única,Não existe,,
2018-11-12,13:53:00,SEM VÍTIMA,FINALIZADA,ILHA DO RETIRO,RUA BEIRA RIO,,,PROX. AO CLUB DO SPÓRT  APOS O TUNEL,RUA BEIRA RIO,,PROX. AO CLUB DO SPÓRT  APOS O TUNEL,ILHA DO RETIRO,,CIDADE,ABALROAMENTO LONGITUDINAL,COLISÃO SEM VITIMAS,1,,,,,,1,,,0,,Longo da via,Bom,Não existe,Perfeito estado,Seca,Perfeito estado,Não existe,Não há placas,,Única,Faixa contínua,,
2018-11-12,14:07:00,SEM VÍTIMA,FINALIZADA,IPSEP,RUA MARIA JOSE MOTA DA SILVEIRA,46,RUA DEPUTADO EDSON MOURY FERNANDES,,RUA MARIA JOSE MOTA DA SILVEIRA,46,,IPSEP,,SUBURBIO,ABALROAMENTO LONGITUDINAL,ENTRE DOIS AUTOS S/V,2,,,,,,,,,0,,Longo da via,Bom,Não existe,,Seca,Perfeito estado,Não existe,Não há placas,,Única,Não existe,,
2018-11-12,15:12:00,SEM VÍTIMA,CANCELADA,SÃO JOSÉ,RUA IMPERIAL,120,,EM FRENTE AO POSTO BR DESATIVADO,RUA IMPERIAL,120,EM FRENTE AO POSTO BR DESATIVADO,SÃO JOSÉ,,,COLISÃO,DOIS AUTOS S/V,2,,,,,,,,,0,,,,,,,,,,,,,,
2018-11-12,15:15:00,SEM VÍTIMA,FINALIZADA,CAMPO GRANDE,,,AV PROFESSOR JOSE DOS ANJOS,PROX.A O ANTIGO MATADOURO DE PEIXINHO,,,PROX.A O ANTIGO MATADOURO DE PEIXINHO,CAMPO GRANDE,563,CIDADE,COLISÃO TRASEIRA,COLISÃO SEM VITIMAS,2,,,,,,,,,0,,Outros,Bom,Sem defeito,Perfeito estado,Seca,Perfeito estado,Outros,Não há placas,,Dupla,Faixa seccionada,,
2018-11-12,15:17:00,SEM VÍTIMA,FINALIZADA,JORDÃO,AV MARIA IRENE,1225,1 TRV JUSTICA E PAZ,PROX A MW MODAS E ACESSORIOS,AV MARIA IRENE,1225,PROX A MW MODAS E ACESSORIOS,JORDÃO,,CIDADE,ABALROAMENTO TRANSVERSAL,COLISAO ENTRE DOIS AUTOS S/V,2,,,,,,,,,0,,Outros,Bom,Não existe,Não existente,Seca,Perfeito estado,Não existe,Não há placas,,Dupla,Não existe,,
2018-11-12,15:28:00,SEM VÍTIMA,CANCELADA,AFOGADOS,RUA COSME VIANA,,EST DO BONGI,CONCESSIONÁRIA BUDA PESTE,RUA COSME VIANA,,CONCESSIONÁRIA BUDA PESTE,AFOGADOS,,,COLISÃO,COLISÃO SEM VITIMAS,2,,,,,,,,,0,,,,,,,,,,,,,,
2018-11-12,15:57:00,SEM VÍTIMA,FINALIZADA,CASA FORTE,AV DEZESSETE DE AGOSTO,,,ESQUINA COM A FARMÁCIA PAGUE MENOS,AV DEZESSETE DE AGOSTO,,ESQUINA COM A FARMÁCIA PAGUE MENOS,CASA FORTE,614,SUBURBIO,ABALROAMENTO LONGITUDINAL,COLISÃO SEM VITIMAS,1,,,,,1,,,,0,,Longo da via,Bom,Sem defeito,Perfeito estado,Seca,Perfeito estado,Não existe,Não há placas,60 km/h,Dupla,Faixa contínua,,
2018-11-12,16:02:00,COM VÍTIMA,FINALIZADA,VÁRZEA,AV JOAQUIM RIBEIRO,,AV CAXANGA,NA FRENTE DA UPA,AV JOAQUIM RIBEIRO,,NA FRENTE DA UPA,VÁRZEA,281,SUBURBIO,ABALROAMENTO TRANSVERSAL,COLISÃO COM VITMAS,1,1,,,,,,,,1,,Cruzamento,Bom,Sem defeito,Perfeito estado,Seca,Perfeito estado,Faixa de pedestre,Outras,,Dupla,Canteiro central,,
2018-11-12,16:03:00,COM VÍTIMA,CANCELADA,CAXANGÁ,AV CAXANGA,,RUA RIBEIRO PESSOA,UPA DA CAXANGÁ,AV CAXANGA,,UPA DA CAXANGÁ,CAXANGÁ,,SUBURBIO,COLISÃO,COLISÃO COM VITMAS,,,,,,,,,,1,,,,,,,,,,,,,,
2018-11-12,16:06:00,SEM VÍTIMA,FINALIZADA,GRAÇAS,,,AV GOVERNADOR AGAMENON MAGALHAES,EM FRENTE A IGREJA BATISTA,,,EM FRENTE A IGREJA BATISTA,GRAÇAS,,,ABALROAMENTO TRANSVERSAL,COLISAO ENTRE DOIS AUTOS S/V,2,,,,,,,,,0,,Cruzamento,Bom,Sem defeito,Perfeito estado,Seca,Perfeito estado,Faixa de pedestre,Outras,,Única,Faixa contínua,,
2018-11-12,16:33:00,SEM VÍTIMA,FINALIZADA,AREIAS,RUA AURORA CACOTE,602,,FARMÁCIA DO TRABALHADOR,RUA AURORA CACOTE,602,FARMÁCIA DO TRABALHADOR,AREIAS,,SUBURBIO,COLISÃO TRASEIRA,COLISAO ENTRE DOIS AUTO S/V,2,,,,,,,,,0,,Longo da via,Bom,Não existe,Perfeito estado,Seca,Perfeito estado,Não existe,Outras,,Dupla,Faixa seccionada,,
2018-11-12,17:50:00,SEM VÍTIMA,FINALIZADA,BOA VISTA,AV GOVERNADOR AGAMENON MAGALHAES,,RUA JOAQUIM NABUCO,E/F AO COLÉGIO AMERICANO BATISTA  SNT OLINDA / PRÓX AO CONTATO E HR,AV GOVERNADOR AGAMENON MAGALHAES,,E/F AO COLÉGIO AMERICANO BATISTA  SNT OLINDA / PRÓX AO CONTATO E HR,BOA VISTA,,CID/SUB,ABALROAMENTO LONGITUDINAL,ENTRE AUTO E ÕNIBUS. S/V,1,,,,,1,,,,0,,Cruzamento,Bom,Sem defeito,Perfeito estado,Seca,Perfeito estado,Agente,Outras,60 km/h,Dupla,Canteiro central,,
2018-11-12,18:11:00,SEM VÍTIMA,FINALIZADA,PINA,RUA ARQUITETO AUGUSTO REINALDO,,,,RUA ARQUITETO AUGUSTO REINALDO,,,PINA,,,ABALROAMENTO LONGITUDINAL,ENTRE AUTO E CAMINHÃO. S/V,1,,,,,,1,,,0,,Cruzamento,Bom,Não existe,Perfeito estado,Seca,Perfeito estado,Faixa de pedestre,R-6a,,Única,Não existe,,
2018-11-12,18:33:00,SEM VÍTIMA,CANCELADA,SANTO AMARO,RUA AFONSO PENA,,RUA DO PRINCIPE,NA RUA DA UNIV CATÓLICA,RUA AFONSO PENA,,NA RUA DA UNIV CATÓLICA,SANTO AMARO,,,COLISÃO,ENTRE SAMU E AUTO PASSEIO. S/V,2,,,,,,,,,0,,,,,,,,,,,,,,
2018-11-12,18:41:00,SEM VÍTIMA,EQUIPE EM DESLOCAMENTO,MANGUEIRA,AV CENTRAL,10 B,,E/F A ESTAÇÃO MANGUEIRA,AV CENTRAL,10 B,E/F A ESTAÇÃO MANGUEIRA,MANGUEIRA,,SUBURBIO,COLISÃO,ENTRE AUTO E ÕNIBUS. S/V,1,,,,,1,,,,0,,,,,,,,,,,,,,
2018-11-12,19:07:00,SEM VÍTIMA,FINALIZADA,ROSARINHO,RUA AMARO COUTINHO,210,,RUA PROFESSOR OTAVIO DE FREITAS,RUA AMARO COUTINHO,210,RUA PROFESSOR OTAVIO DE FREITAS,ROSARINHO,,CIDADE,ABALROAMENTO TRANSVERSAL,ENTRE 2 AUTOS. S/V,2,,,,,,,,,0,,Cruzamento,Bom,Não existe,Incompleta,Seca,Perfeito estado,Não existe,Placas Pare,30 km/h,Dupla,Não existe,,
2018-11-12,19:14:00,SEM VÍTIMA,FINALIZADA,ILHA DO LEITE,AV GOVERNADOR AGAMENON MAGALHAES,,,E/F AO EMPRESARIAL ISAAC NEWTON  SNT ZONA NORTE / APÓS A PONTE DO FÓRUM,AV GOVERNADOR AGAMENON MAGALHAES,,E/F AO EMPRESARIAL ISAAC NEWTON  SNT ZONA NORTE / APÓS A PONTE DO FÓRUM,ILHA DO LEITE,,SUBURBIO,COLISÃO TRASEIRA,,2,,,,,,,,,0,,Longo da via,Bom,Sem defeito,Perfeito estado,Seca,Perfeito estado,Outros,Outras,,Única,Canteiro central,,
2018-11-12,19:32:00,SEM VÍTIMA,FINALIZADA,IMBIRIBEIRA,RUA PARIS,118,RUA NAPOLIS,PROX A SAAB ENGENHARIA,RUA PARIS,118,PROX A SAAB ENGENHARIA,IMBIRIBEIRA,,SUBURBIO,ABALROAMENTO TRANSVERSAL,PALIO X IX 35,2,,,,,,,,1,0,,Longo da via,Bom,Não existe,Perfeito estado,Seca,Perfeito estado,Não existe,Não há placas,50 km/h,Dupla,Faixa contínua,,
2018-11-12,19:47:00,COM VÍTIMA,FINALIZADA,ARRUDA,RUA DAS MOCAS,107,RUA DA REGENERACAO,PRÓX AO CALDINHO SEM NOME / AO LADO DA ARRUDA RAÇÕES E GRANJA MD,RUA DAS MOCAS,107,PRÓX AO CALDINHO SEM NOME / AO LADO DA ARRUDA RAÇÕES E GRANJA MD,ARRUDA,,,COLISÃO FRONTAL,ENTRE 2 MOTOS. C/V,,2,,,,,,,,3,,Cruzamento,Bom,Sem defeito,Incompleta,Seca,Mal iluminada,Faixa de pedestre,Não há placas,,Dupla,Faixa seccionada,,
2018-11-12,21:32:00,SEM VÍTIMA,FINALIZADA,CASA FORTE,AV DEZESSETE DE AGOSTO,,,E/F A PRC DA VITÓRIA RÉGIA E PRÓX A CIA PEÇASANAS / SNT DOIS IRMÃOS,AV DEZESSETE DE AGOSTO,,E/F A PRC DA VITÓRIA RÉGIA E PRÓX A CIA PEÇASANAS / SNT DOIS IRMÃOS,CASA FORTE,372,,COLISÃO TRASEIRA,ENTRE MOTO E AUTO. S/V,1,1,,,,,,,,0,,Longo da via,Bom,Sem defeito,Perfeito estado,Seca,Perfeito estado,Não existe,Não há placas,60 km/h,Dupla,Faixa seccionada,,
2018-11-12,21:37:00,COM VÍTIMA,FINALIZADA,BONGI,AV ENGENHEIRO ABDIAS DE CARVALHO,,,ENF A FACULDADE ESTACIO,AV ENGENHEIRO ABDIAS DE CARVALHO,,ENF A FACULDADE ESTACIO,BONGI,328,SUBURBIO,COLISÃO TRASEIRA,VAN MASTER X MOTO,,1,,,,1,,,,1,,Longo da via,Bom,Sem defeito,Perfeito estado,Seca,Perfeito estado,Faixa de pedestre,Outras,,Dupla,Canteiro central,,
2018-11-12,22:41:00,SEM VÍTIMA,FINALIZADA,PRADO,AV ENGENHEIRO ABDIAS DE CARVALHO,,,ENF A FACULDADE ESTACIO,AV ENGENHEIRO ABDIAS DE CARVALHO,,ENF A FACULDADE ESTACIO,PRADO,,SUBURBIO,ABALROAMENTO LONGITUDINAL,CAMINHAO X GOL,1,,,,,,1,,,0,,Longo da via,Bom,Sem defeito,Perfeito estado,Seca,Perfeito estado,Não existe,Outras,,Única,Não existe,,
2018-11-13,00:14:00,COM VÍTIMA,FINALIZADA,TORRE,RUA REAL DA TORRE,,RUA VISCONDE DE ITAPARICA,PROXIMO A ESCOLA DESPERTAR  APÓS A CURVA DO CARREFOUR,RUA REAL DA TORRE,,PROXIMO A ESCOLA DESPERTAR  APÓS A CURVA DO CARREFOUR,TORRE,,CIDADE,ABALROAMENTO TRANSVERSAL,ENTRE UM AUTO E MOTO,1,1,,,,,,,,1,,Cruzamento,Bom,Não existe,Perfeito estado,Seca,Perfeito estado,Faixa de pedestre,Outras,50 km/h,Única,Não existe,,
2018-11-13,00:51:00,SEM VÍTIMA,CANCELADA,CASA AMARELA,RUA SURUBIM,157,,RUA PADRE LEMOS  APÓS A LOJA KINITOS,RUA SURUBIM,157,RUA PADRE LEMOS  APÓS A LOJA KINITOS,CASA AMARELA,,,CHOQUE,CONDUTOR PERDEU O CONTROLE DO VEÍCULO E CHOCOU-SE COM O MURO DE UMA RESIDÊNCIA,1,,,,,,,,,0,,,,,,,,,,,,,,