data,hora,natureza_acidente,situacao,bairro,endereco,numero,detalhe_endereco_acidente,complemento,endereco_cruzamento,numero_cruzamento,referencia_cruzamento,bairro_cruzamento,num_semaforo,sentido_via,tipo,descricao,auto,moto,ciclom,ciclista,pedestre,onibus,caminhao,viatura,outros,vitimas,vitimasfatais,acidente_verificado,tempo_clima,situacao_semaforo,sinalizacao,condicao_via,conservacao_via,ponto_controle,situacao_placa,velocidade_max_via,mao_direcao,divisao_via1,divisao_via2,divisao_via3
2018-11-13,06:21:00,COM VÍTIMA,FINALIZADA,BOA VIAGEM,AV ENGENHEIRO DOMINGOS FERREIRA,,,EM FRENTE AO CARREFOUR / EM FRENTE AO EDF. CORINA,AV ENGENHEIRO DOMINGOS FERREIRA,,EM FRENTE AO CARREFOUR / EM FRENTE AO EDF. CORINA,BOA VIAGEM,,SUBURBIO,ATROPELAMENTO,COM UMA VITIMA,1,,,,1,,,,,1,,Longo da via,Bom,Não existe,Perfeito estado,Seca,Perfeito estado,,Não há placas,60 km/h,Única,Canteiro central,,
2018-11-13,06:23:00,COM VÍTIMA,FINALIZADA,SÃO JOSÉ,AV SUL,,AV DANTAS BARRETO,PRÓX À PRAÇA SERGIO LORETO,AV SUL,,PRÓX À PRAÇA SERGIO LORETO,SÃO JOSÉ,311,CIDADE,COLISÃO TRASEIRA,AUTO X MOTO - VT-14 NO QTH,1,1,,,,,,,,1,,Cruzamento,Bom,Com defeito,,Seca,Perfeito estado,Outros,Outras,,Única,Canteiro central,,
2018-11-13,07:00:00,SEM VÍTIMA,FINALIZADA,ESPINHEIRO,RUA DA HORA,,RUA QUARENTA E OITO,EM FRENTE A FARMACIA INDEPENDENTE,RUA DA HORA,,EM FRENTE A FARMACIA INDEPENDENTE,ESPINHEIRO,21,CIDADE,ABALROAMENTO LONGITUDINAL,SEM VITIMAS,2,,,,,,,,,0,,Cruzamento,Bom,Sem defeito,Perfeito estado,Seca,Perfeito estado,Faixa de pedestre,R-6a,,Única,Faixa contínua,,
2018-11-13,07:08:00,SEM VÍTIMA,FINALIZADA,IMBIRIBEIRA,AV MARECHAL MASCARENHAS DE MORAES,,,LADO OPOSTO A SUPERMODAS,AV MARECHAL MASCARENHAS DE MORAES,,LADO OPOSTO A SUPERMODAS,IMBIRIBEIRA,,CIDADE,ABALROAMENTO LONGITUDINAL,SEM VITIMAS,1,,,,,1,,,,0,,Longo da via,Bom,Não existe,Perfeito estado,Seca,,Não existe,Outras,,Dupla,Não existe,,
2018-11-13,07:31:00,VÍTIMA FATAL,FINALIZADA,SAN MARTIN,AV ENGENHEIRO ABDIAS DE CARVALHO,,AV GENERAL SAN MARTIN,,AV ENGENHEIRO ABDIAS DE CARVALHO,,,SAN MARTIN,58,CIDADE,ABALROAMENTO TRANSVERSAL,,2,,,,,,,,,0,1,Cruzamento,Bom,Sem defeito,Perfeito estado,Seca,Perfeito estado,Faixa de pedestre,Não há placas,,Dupla,Canteiro central,,
2018-11-13,08:06:00,SEM VÍTIMA,FINALIZADA,BOA VIAGEM,AV BOA VIAGEM,618,RUA VICENCIA,,AV BOA VIAGEM,618,,BOA VIAGEM,,CIDADE,ABALROAMENTO TRANSVERSAL,DOIS AUTOS,2,,,,,,,,,0,,Longo da via,Bom,Não existe,Perfeito estado,Seca,Perfeito estado,Não existe,Não há placas,60 km/h,Única,Faixa seccionada,,
2018-11-13,08:39:00,SEM VÍTIMA,FINALIZADA,AFOGADOS,RUA DA PAZ,107,,PRÓXIMO AO CRUZAMENTO DA RUA NICOLAU PEREIRA,RUA DA PAZ,107,PRÓXIMO AO CRUZAMENTO DA RUA NICOLAU PEREIRA,AFOGADOS,,SUBURBIO,ABALROAMENTO LONGITUDINAL,SEM VÍTIMAS,1,,,,,,,,1,0,,Longo da via,Bom,Não existe,Incompleta,Seca,Perfeito estado,Não existe,Não há placas,,Única,Não existe,,
2018-11-13,09:01:00,SEM VÍTIMA,FINALIZADA,SANTO AMARO,AV NORTE,699,RUA TREZE DE MAIO,EM FRENTE A PRAÇA,AV NORTE,699,EM FRENTE A PRAÇA,SANTO AMARO,,CIDADE,ABALROAMENTO LONGITUDINAL,DOIS AUTOS,2,,,,,,,,,0,,Longo da via,Bom,Sem defeito,Perfeito estado,Seca,Mal conservada,Faixa de retenção,Outras,60 km/h,Dupla,Canteiro central,,
2018-11-13,09:49:00,SEM VÍTIMA,FINALIZADA,BOA VISTA,RUA DA SOLEDADE,,RUA DO PROGRESSO,PRÓX À FUNDAÇÃO ALTINO VENTURA,RUA DA SOLEDADE,,PRÓX À FUNDAÇÃO ALTINO VENTURA,BOA VISTA,,,COLISÃO,ENTRE AUTOS S/V.,2,,,,,,,,,0,,,,,,,,,,,,,,
2018-11-13,10:02:00,SEM VÍTIMA,FINALIZADA,VÁRZEA,RUA PROFESSOR CHAVES BATISTA,,AV CAXANGA,AO LADO DO RESTAURANTE BOI E BRASA E EM FRENTE AO POSTO DISLUB,RUA PROFESSOR CHAVES BATISTA,,AO LADO DO RESTAURANTE BOI E BRASA E EM FRENTE AO POSTO DISLUB,VÁRZEA,230,CIDADE,COLISÃO,SEM VITIMAS,1,,,,,1,,,,0,,Cruzamento,Bom,Sem defeito,Perfeito estado,Seca,Perfeito estado,Faixa de pedestre,Outras,,Única,Não existe,,
2018-11-13,10:17:00,SEM VÍTIMA,FINALIZADA,ESPINHEIRO,RUA DA HORA,456,RUA SANTO ELIAS,EM FRENTE A GALERIA MARIO MELO,RUA DA HORA,456,EM FRENTE A GALERIA MARIO MELO,ESPINHEIRO,,SUBURBIO,ABALROAMENTO LONGITUDINAL,SEM VITIMAS,2,,,,,,,,,0,,Longo da via,Bom,Não existe,Perfeito estado,Seca,Perfeito estado,Não existe,Não há placas,,Única,Faixa seccionada,,
2018-11-13,10:19:00,SEM VÍTIMA,FINALIZADA,BOA VISTA,RUA DO PRINCIPE,,RUA BISPO CARDOSO AYRES,EM FRENTE AO CENTRO EMPRESARIAL DO PRINCIPE,RUA DO PRINCIPE,,EM FRENTE AO CENTRO EMPRESARIAL DO PRINCIPE,BOA VISTA,176,CIDADE,COLISÃO TRASEIRA,TRES AUTOS / BT 06 E 23 NO QTH,3,,,,,,,,,0,,Longo da via,Bom,Sem defeito,Perfeito estado,Seca,Perfeito estado,Faixa de pedestre,Outras,,Única,,,
2018-11-13,11:05:00,SEM VÍTIMA,CANCELADA,AFOGADOS,RUA ANTONIO MACARIO,61,LARGO DA PAZ,E/F A UM PREDIO SEM NOME,RUA ANTONIO MACARIO,61,E/F A UM PREDIO SEM NOME,AFOGADOS,,,COLISÃO,SEM VÍTIMAS,1,,,,,,1,,,0,,,,,,,,,,,,,,
2018-11-13,11:21:00,SEM VÍTIMA,FINALIZADA,ILHA DO LEITE,AV BEIRA RIO,,RUA FRANCISCO ALVES,E/F AO HOPE EMERGENCIA GERAL,AV BEIRA RIO,,E/F AO HOPE EMERGENCIA GERAL,ILHA DO LEITE,,CIDADE,ABALROAMENTO LONGITUDINAL,SEM VÍTIMAS,2,,,,,,,,,0,,Longo da via,Bom,Não existe,Perfeito estado,Seca,Perfeito estado,Não existe,Não há placas,,Única,Faixa contínua,,
2018-11-13,13:24:00,COM VÍTIMA,CANCELADA,BOA VIAGEM,RUA BARAO DE SOUZA LEAO,300,,EM FRENTE AO COLEGIO BRIGADEIRO EDUARDO GOMES,RUA BARAO DE SOUZA LEAO,300,EM FRENTE AO COLEGIO BRIGADEIRO EDUARDO GOMES,BOA VIAGEM,,,COLISÃO,AUTO E MOTO C/V,1,1,,,,,,,,2,,,,,,,,,,,,,,
2018-11-13,14:24:00,SEM VÍTIMA,CANCELADA,BOA VIAGEM,AV ENGENHEIRO DOMINGOS FERREIRA,2640,,NO POSTO DE GASOLINA BR,AV ENGENHEIRO DOMINGOS FERREIRA,2640,NO POSTO DE GASOLINA BR,BOA VIAGEM,,,COLISÃO,DOIS AUTOS,2,,,,,,,,,0,,,,,,,,,,,,,,
2018-11-13,14:50:00,SEM VÍTIMA,FINALIZADA,SÃO JOSÉ,TRV DO RAPOSO,161,,,TRV DO RAPOSO,161,,SÃO JOSÉ,,SUBURBIO,COLISÃO TRASEIRA,ENTRE AUTOS S/V.,2,,,,,,,,,0,,Longo da via,Bom,Não existe,Perfeito estado,Seca,Perfeito estado,Não existe,Outras,,Única,Faixa contínua,,
2018-11-13,15:31:00,SEM VÍTIMA,FINALIZADA,IPSEP,RUA SAO NICOLAU,,RUA PROFESSOR JOSE VICENTE,V8 MULTIMARCAS,RUA SAO NICOLAU,,V8 MULTIMARCAS,IPSEP,,SUBURBIO,ABALROAMENTO LONGITUDINAL,AUTO E MOTO,1,1,,,,,,,,0,,Longo da via,Bom,Não existe,Perfeito estado,Seca,Perfeito estado,Não existe,Não há placas,,Única,Não existe,,
2018-11-13,15:59:00,SEM VÍTIMA,FINALIZADA,AFOGADOS,RUA SAO MIGUEL,350,,EM FRENTE AO BANCO DO BRASIL,RUA SAO MIGUEL,350,EM FRENTE AO BANCO DO BRASIL,AFOGADOS,,SUBURBIO,COLISÃO TRASEIRA,ENTRE AUTOS S/V.,2,,,,,,,,,0,,Longo da via,Bom,Não existe,Perfeito estado,Seca,Perfeito estado,Não existe,Não há placas,,Única,Faixa seccionada,,
2018-11-13,16:06:00,SEM VÍTIMA,FINALIZADA,NOVA DESCOBERTA,RUA SANTA TEREZA,375,,PRÓXIMO AO ARMAZÉM - AM CONSTRUÇÃO,RUA SANTA TEREZA,375,PRÓXIMO AO ARMAZÉM - AM CONSTRUÇÃO,NOVA DESCOBERTA,,CIDADE,ABALROAMENTO TRANSVERSAL,ÔNIBUS X MOTO S/V.,,1,,,,1,,,,0,,Longo da via,Bom,Não existe,Não existente,Seca,Mal conservada,Não existe,Não há placas,,Dupla,Não existe,,
2018-11-13,16:35:00,COM VÍTIMA,CANCELADA,IPSEP,RUA ITACARE,305,,EM FRENTE A VILA BELA RECEPÇOES,RUA ITACARE,305,EM FRENTE A VILA BELA RECEPÇOES,IPSEP,,,COLISÃO,AUTO E MOTO C/V,1,1,,,,,,,,1,,,,,,,,,,,,,,
2018-11-13,16:42:00,COM VÍTIMA,FINALIZADA,ALTO JOSÉ DO PINHO,AV NORTE,5050,,OPOSTO AO N.5067. EM FRENTE AO POSTO NORTE PETRÓLEO (BR),AV NORTE,5050,OPOSTO AO N.5067. EM FRENTE AO POSTO NORTE PETRÓLEO (BR),ALTO JOSÉ DO PINHO,,SUBURBIO,ATROPELAMENTO,,,1,,,1,,,,,1,,Longo da via,Bom,Não existe,Perfeito estado,Seca,Perfeito estado,Não existe,R-6a,,Dupla,Canteiro central,,
2018-11-13,17:45:00,COM VÍTIMA,FINALIZADA,SÃO JOSÉ,C SANTA RITA,,,EM FRENTE AO ARMAZÉM 16 -,C SANTA RITA,,EM FRENTE AO ARMAZÉM 16 -,SÃO JOSÉ,76,CIDADE,ABALROAMENTO LONGITUDINAL,,,2,,,,,,,,3,,Longo da via,Bom,Não existe,Perfeito estado,Seca,Perfeito estado,Não existe,Não há placas,,Dupla,Faixa,,
2018-11-13,18:36:00,COM VÍTIMA,FINALIZADA,SÃO JOSÉ,C SANTA RITA,,,CAIS DE SANTA RITA,C SANTA RITA,,CAIS DE SANTA RITA,SÃO JOSÉ,76,CIDADE,ACID. DE PERCURSO,MOTOQUEIRO PERDEU O CONTROLE DO VEÍCULO E CAIU NA VIA  SEGUNDO AS INFO DO GUARDA RINALDO,,1,,,,,,,,1,,Longo da via,Bom,Sem defeito,Incompleta,Seca,Perfeito estado,Não existe,Não há placas,,Dupla,Canteiro central,,
2018-11-13,19:01:00,COM VÍTIMA,CANCELADA,DERBY,AV GOVERNADOR AGAMENON MAGALHAES,,RUA HENRIQUE DIAS,E/F AO SPETTUS,AV GOVERNADOR AGAMENON MAGALHAES,,E/F AO SPETTUS,DERBY,,,ATROPELAMENTO,ENTRE MOTO E PEDESTRE. C/V,,1,,,1,,,,,1,,,,,,,,,,,,,,
2018-11-13,20:18:00,SEM VÍTIMA,CANCELADA,BOA VIAGEM,AV CONSELHEIRO AGUIAR,1527,,AO LADO DA MEC DONALD,AV CONSELHEIRO AGUIAR,1527,AO LADO DA MEC DONALD,BOA VIAGEM,,,COLISÃO,COLISÃO SEM VITIMAS,2,,,,,,,,,0,,,,,,,,,,,,,,
2018-11-13,20:52:00,SEM VÍTIMA,FINALIZADA,BOA VIAGEM,RUA PROFESSOR AUGUSTO LINS E SILVA,,,EM FRENTE AO Nº 383,RUA PROFESSOR AUGUSTO LINS E SILVA,,EM FRENTE AO Nº 383,BOA VIAGEM,,SUBURBIO,ABALROAMENTO TRANSVERSAL,COLISÃO SEM VITIMAS,2,,,,,,,,,0,,Longo da via,Bom,Não existe,Perfeito estado,Seca,Perfeito estado,Não existe,Não há placas,,Dupla,Não existe,,
2018-11-13,22:09:00,SEM VÍTIMA,FINALIZADA,BOA VIAGEM,RUA FELIX DE BRITO E MELO,,AV FERNANDO SIMOES BARBOSA,E/F AO WALLMART  APÓS A VIA MANGUE / SNT PIEDADE,RUA FELIX DE BRITO E MELO,,E/F AO WALLMART  APÓS A VIA MANGUE / SNT PIEDADE,BOA VIAGEM,544,SUBURBIO,ABALROAMENTO LONGITUDINAL,ENTRE ONIBUS E AUTO. S/V,1,,,,,1,,,,0,,Cruzamento,Bom,Sem defeito,Perfeito estado,Seca,Perfeito estado,Faixa de pedestre,Placas Pare,,Única,Faixa contínua,,
2018-11-13,22:47:00,SEM VÍTIMA,CANCELADA,BOA VIAGEM,RUA ERNESTO DE PAULA SANTOS,525,,E/F AO POSTO SHELL/ ESQUINA COM O CANAL,RUA ERNESTO DE PAULA SANTOS,525,E/F AO POSTO SHELL/ ESQUINA COM O CANAL,BOA VIAGEM,,,COLISÃO,ENTRE 2 AUTOS. S/V,2,,,,,,,,,0,,,,,,,,,,,,,,
2018-11-13,23:30:00,SEM VÍTIMA,FINALIZADA,SÃO JOSÉ,RUA IMPERIAL,,RUA LOURENCO DE SA,E/F A JUCEP E ESQUINA COM A IGREJA BATISTA,RUA IMPERIAL,,E/F A JUCEP E ESQUINA COM A IGREJA BATISTA,SÃO JOSÉ,87,SUBURBIO,COLISÃO TRASEIRA,ENTRE 2 AUTOS. S/V,2,,,,,,,,,0,,Cruzamento,Bom,Sem defeito,Perfeito estado,Seca,Perfeito estado,Faixa de pedestre,Placas Pare,,Única,Faixa contínua,,
2018-11-14,01:21:00,SEM VÍTIMA,FINALIZADA,TORRE,EST DOS REMEDIOS,,AV JOSE GONCALVES DE MEDEIROS,EM FRENTE AO BOMBREÇO DO BENFICA,EST DOS REMEDIOS,,EM FRENTE AO BOMBREÇO DO BENFICA,TORRE,353,SUBURBIO,ABALROAMENTO TRANSVERSAL,ENTRE 2 AUTOS. S/V,2,,,,,,,,,0,,Cruzamento,Bom,Sem defeito,Perfeito estado,Seca,Perfeito estado,,Outras,,Única,Faixa seccionada,,
2018-11-14,04:38:00,SEM VÍTIMA,FINALIZADA,IMBIRIBEIRA,AV MARECHAL MASCARENHAS DE MORAES,,AV GENERAL MAC ARTHUR,ESQUINA COM O POSTO IPIRANGA // PRÓX AO BANCO ITAÚ //SENTIDO AEROPORTO,AV MARECHAL MASCARENHAS DE MORAES,,ESQUINA COM O POSTO IPIRANGA // PRÓX AO BANCO ITAÚ //SENTIDO AEROPORTO,IMBIRIBEIRA,225,SUBURBIO,ABALROAMENTO LONGITUDINAL,COLISÃO ENTRE DOIS AUTOS S/V,2,,,,,,,,,0,,Cruzamento,Bom,Sem defeito,Perfeito estado,Seca,Perfeito estado,Faixa de pedestre,Não há placas,60 km/h,Dupla,Canteiro central,,
2018-11-14,05:35:00,SEM VÍTIMA,FINALIZADA,IPSEP,AV RECIFE,,,SEMÁFORO Nº 016,AV RECIFE,,SEMÁFORO Nº 016,IPSEP,16,SUBURBIO,COLISÃO TRASEIRA,ENTRE UM AUTO E UM CAMINHAO,1,,,,,,2,,,0,,Longo da via,Bom,Sem defeito,Perfeito estado,Seca,Perfeito estado,Faixa de pedestre,Outras,,Dupla,Faixa seccionada,,
2018-11-14,06:01:00,SEM VÍTIMA,FINALIZADA,AFOGADOS,RUA SAO MIGUEL,,,EM FRENTE A FUNERÁRIA SÃO MIGUEL // PRÓX A CHURRASCARIA CHARQUE NA BRASA REAL,RUA SAO MIGUEL,,EM FRENTE A FUNERÁRIA SÃO MIGUEL // PRÓX A CHURRASCARIA CHARQUE NA BRASA REAL,AFOGADOS,,,COLISÃO,COLISÃO ENTRE DOIS AUTOS  S/V,2,,,,,,,,,0,,,,,,,,,,,,,,
2018-11-14,06:11:00,SEM VÍTIMA,FINALIZADA,IBURA,RUA JOAO CORDEIRO DE SOUZA,,AV SAO PAULO,,RUA JOAO CORDEIRO DE SOUZA,,,IBURA,,CIDADE,ABALROAMENTO LONGITUDINAL,ONIBUS E AUTO,1,,,,,1,,,,0,,,Bom,Não existe,Perfeito estado,Seca,Perfeito estado,Não existe,Não há placas,40 km/h,Dupla,Não existe,,
2018-11-14,06:17:00,SEM VÍTIMA,CANCELADA,IBURA,AV SAO PAULO,,,EM FRENTE AO TERMINAL DE ONIBUS DA UR 02,AV SAO PAULO,,EM FRENTE AO TERMINAL DE ONIBUS DA UR 02,IBURA,,,COLISÃO,COLISAO SEM VITIMAS,1,,,,,1,,,,0,,,,,,,,,,,,,,
2018-11-14,07:40:00,SEM VÍTIMA,FINALIZADA,IPSEP,AV RECIFE,,,LADO OPOSTO AO NÚMERO 2959,AV RECIFE,,LADO OPOSTO AO NÚMERO 2959,IPSEP,,SUBURBIO,COLISÃO TRASEIRA,COLISAO SEM VITIMAS,2,,,,,,,,,0,,Longo da via,Bom,Não existe,Perfeito estado,Seca,Perfeito estado,Agente,Outras,60 km/h,Dupla,Canteiro central,,
2018-11-14,08:03:00,SEM VÍTIMA,FINALIZADA,AFOGADOS,RUA SAO MIGUEL,1165,,EM FRENTE AO LABORATORIO JAIME CORDEIRO,RUA SAO MIGUEL,1165,EM FRENTE AO LABORATORIO JAIME CORDEIRO,AFOGADOS,,CIDADE,COLISÃO TRASEIRA,TRES AUTOS / VT 12 NO QTH,3,,,,,,,,,0,,Longo da via,Bom,Não existe,Não existente,Seca,Perfeito estado,Não existe,Não há placas,,Dupla,Faixa contínua,,
2018-11-14,08:22:00,SEM VÍTIMA,FINALIZADA,IMBIRIBEIRA,AV MARECHAL MASCARENHAS DE MORAES,,,EM FRENTE AO POSTO IPIRANGA / AO LADO DA CAIXA ECONOMICA / SENT AFOGADOS,AV MARECHAL MASCARENHAS DE MORAES,,EM FRENTE AO POSTO IPIRANGA / AO LADO DA CAIXA ECONOMICA / SENT AFOGADOS,IMBIRIBEIRA,,CIDADE,COLISÃO TRASEIRA,DOIS AUTOS,2,,,,,,,,,0,,Longo da via,,Não existe,Perfeito estado,Molhada,Perfeito estado,,Não há placas,60 km/h,Dupla,Faixa seccionada,,
2018-11-14,09:07:00,SEM VÍTIMA,FINALIZADA,BAIRRO DO RECIFE,CAIS DO APOLO,,,EM FRENTE A CAIXA ECONOMICA E AO PREDIO DA POLICIA FEDERAL,CAIS DO APOLO,,EM FRENTE A CAIXA ECONOMICA E AO PREDIO DA POLICIA FEDERAL,BAIRRO DO RECIFE,,CIDADE,ABALROAMENTO LONGITUDINAL,COLISAO SEM VITIMAS,2,,,,,,,,,0,,Longo da via,Bom,Sem defeito,Perfeito estado,Seca,Perfeito estado,Não existe,R-6a,40 km/h,Dupla,Canteiro central,,
2018-11-14,09:20:00,SEM VÍTIMA,FINALIZADA,MADALENA,RUA BENFICA,,,SEMÁFORO 515,RUA BENFICA,,SEMÁFORO 515,MADALENA,515,CID,ABALROAMENTO LONGITUDINAL,COLISAO SEM VITIMAS,2,,,,,,,,,0,,Longo da via,Bom,Sem defeito,Perfeito estado,Seca,Perfeito estado,Agente,R-6a,,Dupla,Faixa seccionada,,
2018-11-14,09:41:00,SEM VÍTIMA,FINALIZADA,SÃO JOSÉ,AV MARTINS DE BARROS,,RUA MARQUES DO RECIFE,NA RUA DO PALACIO DO GOVERNO ANTES DA PONTE,AV MARTINS DE BARROS,,NA RUA DO PALACIO DO GOVERNO ANTES DA PONTE,SÃO JOSÉ,,SUBURBIO,ABALROAMENTO TRANSVERSAL,COLISAO ENTRE DOIS AUTOS S-/V,2,,,,,,,,,0,,,Bom,Não existe,Perfeito estado,Seca,Perfeito estado,Não existe,Outras,,Única,Faixa seccionada,,
2018-11-14,10:01:00,SEM VÍTIMA,FINALIZADA,IPUTINGA,RUA MANOEL JOAQUIM DE ALMEIDA,163,RUA EMILIANO BRAGA,NA RUA DO POSTO DE GASOLINA BR  APOS O WALMART,RUA MANOEL JOAQUIM DE ALMEIDA,163,NA RUA DO POSTO DE GASOLINA BR  APOS O WALMART,IPUTINGA,,,ABALROAMENTO TRANSVERSAL,DOIS AUTOS,2,,,,,,,,,0,,Cruzamento,Bom,Não existe,Incompleta,Seca,Perfeito estado,,Outras,,Dupla,Não existe,,
2018-11-14,10:10:00,SEM VÍTIMA,FINALIZADA,BOA VISTA,RUA BARAO DE SAO BORJA,218,,EM FRENTE A DEFENSORIA PUBLICA,RUA BARAO DE SAO BORJA,218,EM FRENTE A DEFENSORIA PUBLICA,BOA VISTA,,SUBURBIO,ABALROAMENTO LONGITUDINAL,MOTO E AUTO,1,1,,,,,,,,0,,Longo da via,Bom,Não existe,Não existente,Seca,Mal iluminada,Não existe,Não há placas,,Única,Não existe,,
2018-11-14,10:31:00,SEM VÍTIMA,FINALIZADA,JARDIM SÃO PAULO,RUA LEANDRO BARRETO,,,NO INICIO DO VIADUTO DA LA ROQUE  SENT. AV. SAO PAULO,RUA LEANDRO BARRETO,,NO INICIO DO VIADUTO DA LA ROQUE  SENT. AV. SAO PAULO,JARDIM SÃO PAULO,,CIDADE,ABALROAMENTO LONGITUDINAL,CAMINHÃO E AUTO,1,,,,,,1,,,0,,Longo da via,Bom,Não existe,Ilegível,Seca,Perfeito estado,Não existe,Não há placas,,Dupla,Faixa contínua,,
2018-11-14,11:08:00,SEM VÍTIMA,CANCELADA,BOA VIAGEM,RUA PROFESSOR JOAO MEDEIROS,,,E/F AO EXTRABOM BEIRA CANAL,RUA PROFESSOR JOAO MEDEIROS,,E/F AO EXTRABOM BEIRA CANAL,BOA VIAGEM,,,COLISÃO,COLISAO ENTRE DOIS AUTOS S/V,2,,,,,,,,,0,,,,,,,,,,,,,,
2018-11-14,11:41:00,COM VÍTIMA,FINALIZADA,ILHA DO LEITE,AV GOVERNADOR AGAMENON MAGALHAES,,RUA PAISSANDU,,AV GOVERNADOR AGAMENON MAGALHAES,,,ILHA DO LEITE,69,SUB,COLISÃO TRASEIRA,COLISÃO ENTRE DOIS AUTOS E MOTOCICLETA COM VÍTIMA.,1,1,,,,,,,,1,,Cruzamento,Bom,Sem defeito,Perfeito estado,Seca,Perfeito estado,Faixa de pedestre,,60 km/h,Dupla,Canteiro central,,
2018-11-14,11:51:00,SEM VÍTIMA,FINALIZADA,IPUTINGA,RUA QUIPAPA,200,,PRÓX AO HOTEL ÁPICE,RUA QUIPAPA,200,PRÓX AO HOTEL ÁPICE,IPUTINGA,,CID,ABALROAMENTO TRANSVERSAL,COLISÃO ENTRE DOIS AUTOS SEM VÍTIMAS,2,,,,,,,,,0,,Longo da via,Bom,Não existe,Não existente,Seca,Perfeito estado,Não existe,Não há placas,,Única,Não existe,,
2018-11-14,11:59:00,SEM VÍTIMA,FINALIZADA,IMBIRIBEIRA,AV MARECHAL MASCARENHAS DE MORAES,416,RUA MANOEL SERAFIM DO COUTO,EM FRENTE AO FLOR ARTE,AV MARECHAL MASCARENHAS DE MORAES,416,EM FRENTE AO FLOR ARTE,IMBIRIBEIRA,,CIDADE,ABALROAMENTO TRANSVERSAL,SEM VÍTIMA,1,,,,,1,,,,0,,,Bom,Não existe,Incompleta,Seca,Mal conservada,Não existe,Não há placas,,Dupla,Faixa seccionada,,
2018-11-14,12:04:00,SEM VÍTIMA,FINALIZADA,GRAÇAS,RUA DO FUTURO,,,NA ENTRADA DO PARQUE DA JAQUEIRA EDF GILDO VILACE,RUA DO FUTURO,,NA ENTRADA DO PARQUE DA JAQUEIRA EDF GILDO VILACE,GRAÇAS,,CIDADE,ABALROAMENTO LONGITUDINAL,COLISAO ENTRE ONIBUS E AUTO S/V,1,,,,,1,,,,0,,Longo da via,Bom,Não existe,Perfeito estado,Seca,Perfeito estado,Não existe,Não há placas,40 km/h,Dupla,Faixa contínua,,
2018-11-14,12:43:00,COM VÍTIMA,FINALIZADA,IMBIRIBEIRA,AV MARECHAL MASCARENHAS DE MORAES,,RUA JOAO FONTES,EM FRENTE AO TRT- NA SAÍDA DOS ONIBUS TRANCREDO NEVES,AV MARECHAL MASCARENHAS DE MORAES,,EM FRENTE AO TRT- NA SAÍDA DOS ONIBUS TRANCREDO NEVES,IMBIRIBEIRA,471,CIDADE,ABALROAMENTO LONGITUDINAL,COLISÃO COM VITIMA,,1,,,,,1,,,2,,Longo da via,Bom,Sem defeito,Perfeito estado,Seca,Perfeito estado,,Não há placas,60 km/h,Única,Canteiro central,,
2018-11-14,12:58:00,SEM VÍTIMA,FINALIZADA,CASA FORTE,EST DO ARRAIAL,2594,AV DEZESSETE DE AGOSTO,PRÓX AO COLÉGIO SILVA JARDIM,EST DO ARRAIAL,2594,PRÓX AO COLÉGIO SILVA JARDIM,CASA FORTE,107,SUBURBIO,ABALROAMENTO LONGITUDINAL,AUTO X CAMINHÃO S/V,1,,,,,,1,,,0,,Longo da via,Bom,Sem defeito,Perfeito estado,Seca,Perfeito estado,Faixa de pedestre,Outras,40 km/h,Única,Faixa contínua,,