data,hora,natureza_acidente,situacao,bairro,endereco,numero,detalhe_endereco_acidente,complemento,endereco_cruzamento,numero_cruzamento,referencia_cruzamento,bairro_cruzamento,num_semaforo,sentido_via,tipo,descricao,auto,moto,ciclom,ciclista,pedestre,onibus,caminhao,viatura,outros,vitimas,vitimasfatais,acidente_verificado,tempo_clima,situacao_semaforo,sinalizacao,condicao_via,conservacao_via,ponto_controle,situacao_placa,velocidade_max_via,mao_direcao,divisao_via1,divisao_via2,divisao_via3
2018-11-16,13:00:00,SEM VÍTIMA,FINALIZADA,BOA VIAGEM,AV BOA VIAGEM,,,EM FRENTE AO PARQUE DONA LINDU E LOMBADA ELETRÔNICA,AV BOA VIAGEM,,EM FRENTE AO PARQUE DONA LINDU E LOMBADA ELETRÔNICA,BOA VIAGEM,,CIDADE,COLISÃO TRASEIRA,ENTRE AUTOS S/V.,2,,,,,,,,,0,,Longo da via,Bom,Não existe,Perfeito estado,Seca,Perfeito estado,Outros,Não há placas,60 km/h,Única,Faixa seccionada,,
2018-11-16,13:48:00,SEM VÍTIMA,FINALIZADA,BOA VISTA,AV JOAO DE BARROS,262,,APOS O BOMBEIROS E ANTES DA CELPE,AV JOAO DE BARROS,262,APOS O BOMBEIROS E ANTES DA CELPE,BOA VISTA,,CIDADE,ABALROAMENTO TRANSVERSAL,DOIS AUTOS S/V,2,,,,,,,,,0,,Longo da via,Bom,Não existe,Perfeito estado,Seca,Perfeito estado,Não existe,R-6a,40 km/h,Única,Faixa seccionada,,
2018-11-16,13:50:00,SEM VÍTIMA,FINALIZADA,CASA AMARELA,AV NORTE,,,EM FRENTE A RETIFICA PADRAO,AV NORTE,,EM FRENTE A RETIFICA PADRAO,CASA AMARELA,95,CIDADE,COLISÃO TRASEIRA,DOIS AUTOS,2,,,,,,,,,0,,Longo da via,Bom,Sem defeito,Perfeito estado,Seca,Perfeito estado,Não existe,Não há placas,60 km/h,Dupla,Faixa seccionada,,
2018-11-16,14:09:00,COM VÍTIMA,FINALIZADA,MADALENA,RUA BENFICA,1116,,APÓS O MUSEU DA ABOLIÇÃO,RUA BENFICA,1116,APÓS O MUSEU DA ABOLIÇÃO,MADALENA,,CIDADE,COLISÃO TRASEIRA,SEM VÍTIMAS,3,3,,,,,1,,,1,,Longo da via,Bom,Não existe,Perfeito estado,Seca,Perfeito estado,,Outras,,Dupla,Canteiro central,,
2018-11-16,15:14:00,SEM VÍTIMA,CANCELADA,IBURA,RUA EXP FRANCISCO VITORIANO,,,PRÓX À MADEIREIRA BARROS,RUA EXP FRANCISCO VITORIANO,,PRÓX À MADEIREIRA BARROS,IBURA,,,COLISÃO,SEM VÍTIMAS,2,,,,,,,,,0,,,,,,,,,,,,,,
2018-11-16,15:36:00,COM VÍTIMA,FINALIZADA,IMBIRIBEIRA,AV MARECHAL MASCARENHAS DE MORAES,7935,,LADO OPOSTO AO MURO DO AEROPORTO,AV MARECHAL MASCARENHAS DE MORAES,7935,LADO OPOSTO AO MURO DO AEROPORTO,IMBIRIBEIRA,626,CIDADE,COLISÃO TRASEIRA,AUTO E MOTO,1,1,,,,,,,,1,,Longo da via,Bom,Sem defeito,Perfeito estado,Seca,Perfeito estado,Faixa de pedestre,Não há placas,,Dupla,Faixa contínua,,
2018-11-16,16:40:00,SEM VÍTIMA,FINALIZADA,SANTO AMARO,AV VISCONDE DE SUASSUNA,604,,APÓS O SENAC,AV VISCONDE DE SUASSUNA,604,APÓS O SENAC,SANTO AMARO,,SUBURBIO,ABALROAMENTO LONGITUDINAL,AUTO X MOTO C/V.,1,1,,,,,,,,0,,Longo da via,Bom,Não existe,Perfeito estado,Seca,Perfeito estado,Não existe,R-6a,40 km/h,Única,Faixa seccionada,,
2018-11-16,17:56:00,SEM VÍTIMA,FINALIZADA,PRADO,AV ENGENHEIRO ABDIAS DE CARVALHO,,,E/F AO ESCRITÓRIO NÚCLEO DE PRÁTICAS JURÍDICAS DA ESTÁCIO,AV ENGENHEIRO ABDIAS DE CARVALHO,,E/F AO ESCRITÓRIO NÚCLEO DE PRÁTICAS JURÍDICAS DA ESTÁCIO,PRADO,,SUBURBIO,ABALROAMENTO LONGITUDINAL,ENTRE AUTO E CAMINHÃO. S/V,1,,,,,,1,,,0,,Longo da via,Bom,Não existe,Perfeito estado,Seca,Perfeito estado,Não existe,Outras,60 km/h,Dupla,Canteiro central,,
2018-11-16,19:45:00,SEM VÍTIMA,FINALIZADA,TAMARINEIRA,RUA SOARES MORENO,,,EM FRENTE A PONTE BO 00084,RUA SOARES MORENO,,EM FRENTE A PONTE BO 00084,TAMARINEIRA,,SUBURBIO,CHOQUE VEÍCULO PARADO,FIAT X FOX PEUGEOT,2,,,,,,,,,0,,Longo da via,Bom,Não existe,Ilegível,Seca,Mal iluminada,Não existe,Não há placas,,Dupla,Não existe,,
2018-11-16,19:54:00,COM VÍTIMA,FINALIZADA,SÃO JOSÉ,RUA IMPERIAL,981,TRV DO RAPOSO,PROX AO VIADUTO,RUA IMPERIAL,981,PROX AO VIADUTO,SÃO JOSÉ,510,SUBURBIO,COLISÃO TRASEIRA,GOL X MOTO,1,1,,,,,,,,1,,Cruzamento,Bom,Sem defeito,Perfeito estado,Seca,Perfeito estado,Outros,Outras,,,,,
2018-11-17,01:36:00,COM VÍTIMA,FINALIZADA,MACAXEIRA,AV NORTE,,,PRÓX AO TERMINAL INTEGRADO DA MACAXEIRA . POSTE B040185.,AV NORTE,,PRÓX AO TERMINAL INTEGRADO DA MACAXEIRA . POSTE B040185.,MACAXEIRA,,CIDADE,CHOQUE OBJETO FIXO,CONDUTOR PERDEU O CONTROLE DO VEÍCULO E CHOCOU-SE CONTRA UM POSTE,1,,,,,,,,,1,,Longo da via,Bom,Não existe,Incompleta,Seca,Perfeito estado,Não existe,Não há placas,,Dupla,Canteiro central,,
2018-11-17,03:50:00,SEM VÍTIMA,FINALIZADA,BOA VIAGEM,RUA DOS NAVEGANTES,911,,EDF DE Nº 911,RUA DOS NAVEGANTES,911,EDF DE Nº 911,BOA VIAGEM,,,CHOQUE VEÍCULO PARADO,ENTRE 5 AUTOS. S/V,5,,,,,,,,,0,,Longo da via,Bom,Não existe,Perfeito estado,Seca,Perfeito estado,,,,Única,,,
2018-11-17,04:16:00,SEM VÍTIMA,FINALIZADA,SÃO JOSÉ,VIADUTO CAPITAO TEMUDO,,,NA DESCIDA DO VIADUTO,VIADUTO CAPITAO TEMUDO,,NA DESCIDA DO VIADUTO,SÃO JOSÉ,,,CHOQUE OBJETO FIXO,CONDUTORA PERDEU O CONTROLE DO VEÍCULO E CHOCOU-SE CONTRA O CANTEIRO DA VIA,1,,,,,,,,,0,,Longo da via,Bom,Não existe,Ilegível,Seca,Mal iluminada,Não existe,Não há placas,,Única,Não existe,,
2018-11-17,07:55:00,SEM VÍTIMA,FINALIZADA,BOA VISTA,AV GOVERNADOR AGAMENON MAGALHAES,,PRC PARQUE AMORIM,AO LADO DO WALMART,AV GOVERNADOR AGAMENON MAGALHAES,,AO LADO DO WALMART,BOA VISTA,173,,ABALROAMENTO LONGITUDINAL,SEM VITIMAS,1,,,,,,1,,,0,,Longo da via,Bom,Sem defeito,Perfeito estado,Seca,Perfeito estado,Faixa de pedestre,Não há placas,,Dupla,Canteiro central,,
2018-11-17,08:11:00,SEM VÍTIMA,FINALIZADA,CAXANGÁ,AV CAXANGA,,,EM FRENTE A INTEGRAÇÃO DA CAXANGA,AV CAXANGA,,EM FRENTE A INTEGRAÇÃO DA CAXANGA,CAXANGÁ,262,CIDADE,COLISÃO,COLISÃO SEM VITIMAS,2,,,,,,,,,0,,,,,,,,,,,,,,
2018-11-17,08:14:00,COM VÍTIMA,FINALIZADA,BOA VIAGEM,AV ENGENHEIRO DOMINGOS FERREIRA,202,RUA TENENTE JOAO CICERO,EM FRENTE AO ARCÁDIA,AV ENGENHEIRO DOMINGOS FERREIRA,202,EM FRENTE AO ARCÁDIA,BOA VIAGEM,,SUBURBIO,COLISÃO TRASEIRA,COM UMA VITIMA AGUARDANDO SAMU/VT 02 CTTU NO LOCAL,1,1,,,,,,,,1,,Longo da via,Bom,Não existe,Perfeito estado,Seca,Perfeito estado,Não existe,R-6a,60 km/h,Única,Faixa seccionada,,
2018-11-17,09:11:00,SEM VÍTIMA,FINALIZADA,BOA VIAGEM,AV ENGENHEIRO DOMINGOS FERREIRA,3465,RUA PADRE CARAPUCEIRO,EM FRENTE A IGREJA UNIVERSAL,AV ENGENHEIRO DOMINGOS FERREIRA,3465,EM FRENTE A IGREJA UNIVERSAL,BOA VIAGEM,216,SUBURBIO,ABALROAMENTO TRANSVERSAL,COLISÃO SEM VITIMAS VT VT 18 GM QTH,2,,,,,,,,,0,,Cruzamento,Chuvoso,Sem defeito,Perfeito estado,Molhada,Perfeito estado,Faixa de pedestre,Não há placas,,Única,Canteiro central,,
2018-11-17,09:47:00,SEM VÍTIMA,FINALIZADA,AREIAS,AV RECIFE,3985,,LOJA VIA RECIFE AUTOMÓVEIS,AV RECIFE,3985,LOJA VIA RECIFE AUTOMÓVEIS,AREIAS,494,,ABALROAMENTO LONGITUDINAL,CAMINHAO E AUTO,1,,,,,,1,,,0,,Longo da via,Bom,Sem defeito,Perfeito estado,Seca,Perfeito estado,Faixa de pedestre,Outras,60 km/h,Única,Faixa contínua,,
2018-11-17,11:29:00,SEM VÍTIMA,CANCELADA,CASA AMARELA,RUA ALEXANDRINA,294,,PRÓX AO TERMINAL DO ÔNIBUS SANTA IZABEL,RUA ALEXANDRINA,294,PRÓX AO TERMINAL DO ÔNIBUS SANTA IZABEL,CASA AMARELA,,,COLISÃO,SEM VITÍMAS.,,,,,,1,1,,,0,,,,,,,,,,,,,,
2018-11-17,11:43:00,SEM VÍTIMA,FINALIZADA,MADALENA,RUA LOPES DE CARVALHO,,RUA DEMOCRITO DE SOUZA FILHO,EM FRENTE AO EDF FRANS POST,RUA LOPES DE CARVALHO,,EM FRENTE AO EDF FRANS POST,MADALENA,,,ABALROAMENTO LONGITUDINAL,SEM VITIMAS CTTU NO LOCAL  AGENTE P.F NO LOCAL,1,,,,,,,1,,0,,Longo da via,Bom,Não existe,Perfeito estado,Seca,Perfeito estado,Faixa de retenção,Outras,,Única,Faixa,,
2018-11-17,12:36:00,SEM VÍTIMA,FINALIZADA,BOA VIAGEM,AV ENGENHEIRO DOMINGOS FERREIRA,,RUA ANTONIO PEDRO DE FIGUEIREDO,LADO OPOSTO AO Nº 1097,AV ENGENHEIRO DOMINGOS FERREIRA,,LADO OPOSTO AO Nº 1097,BOA VIAGEM,,SUBURBIO,ABALROAMENTO LONGITUDINAL,SEM VITIMAS,1,,,,,1,,,,0,,Longo da via,Bom,Não existe,Perfeito estado,Seca,Perfeito estado,Não existe,Não há placas,60 km/h,Única,Faixa seccionada,,
2018-11-17,14:23:00,SEM VÍTIMA,CANCELADA,BEBERIBE,RUA DO MACHADO,886,RUA MANOEL SILVA,EM FRENTE AO BAR SANTO DOM,RUA DO MACHADO,886,EM FRENTE AO BAR SANTO DOM,BEBERIBE,,,COLISÃO,SEM VITIMAS,1,1,,,,,,,,0,,,,,,,,,,,,,,
2018-11-17,14:36:00,SEM VÍTIMA,FINALIZADA,CASA AMARELA,COR DO BARTOLOMEU,,RUA VALERIANO LOBO,EM FRENTE AO PONTO DE ÔNIBUS Nº 120115,COR DO BARTOLOMEU,,EM FRENTE AO PONTO DE ÔNIBUS Nº 120115,CASA AMARELA,,SUBURBIO,ABALROAMENTO LONGITUDINAL,SEM VITIMAS,1,,,,,1,,,,0,,Longo da via,Bom,Não existe,Perfeito estado,Seca,Perfeito estado,Não existe,Outras,,Dupla,Faixa seccionada,,
2018-11-17,14:45:00,SEM VÍTIMA,FINALIZADA,AFOGADOS,RUA SAO MIGUEL,2072,,EM FRENTE AO POSTO IPIRANGA // PRÓX À PONTE DO JIQUIÁ,RUA SAO MIGUEL,2072,EM FRENTE AO POSTO IPIRANGA // PRÓX À PONTE DO JIQUIÁ,AFOGADOS,,SUBURBIO,COLISÃO TRASEIRA,ENTRE AUTOS S/V.,2,,,,,,,,,0,,Longo da via,Bom,Não existe,Perfeito estado,Seca,Perfeito estado,Não existe,Não há placas,,Única,Faixa seccionada,,
2018-11-17,14:59:00,SEM VÍTIMA,CANCELADA,CASA AMARELA,COR DO BARTOLOMEU,112,,EM FRENTE À FARMÁCIA FARMALUZ,COR DO BARTOLOMEU,112,EM FRENTE À FARMÁCIA FARMALUZ,CASA AMARELA,,,COLISÃO,AUTO X ÔNIBUS S/V.,1,,,,,1,,,,0,,,,,,,,,,,,,,
2018-11-17,15:43:00,SEM VÍTIMA,FINALIZADA,IMBIRIBEIRA,AV MARECHAL MASCARENHAS DE MORAES,,,SEMINOVOS VENDAS,AV MARECHAL MASCARENHAS DE MORAES,,SEMINOVOS VENDAS,IMBIRIBEIRA,631,SUBURBIO,COLISÃO TRASEIRA,DOIS AUTOS,2,,,,,,,,,0,,Longo da via,Bom,Sem defeito,Perfeito estado,Seca,Perfeito estado,Não existe,Outras,,Dupla,Canteiro central,,
2018-11-17,16:55:00,COM VÍTIMA,FINALIZADA,TAMARINEIRA,EST VELHA DE AGUA FRIA,3714,AV NORTE,,EST VELHA DE AGUA FRIA,3714,,TAMARINEIRA,,SUBURBIO,ABALROAMENTO LONGITUDINAL,COM VÍTIMA,,2,,,,,,,,2,,Longo da via,Bom,Sem defeito,Perfeito estado,Seca,Perfeito estado,,Outras,,Dupla,Canteiro central,,
2018-11-17,16:55:00,SEM VÍTIMA,CANCELADA,AFLITOS,AV CONS ROSA E SILVA,1294,,EM FRENTE AO COUNTRY CLUB  E A PARLA PIZZA,AV CONS ROSA E SILVA,1294,EM FRENTE AO COUNTRY CLUB  E A PARLA PIZZA,AFLITOS,,,COLISÃO,ONIBUS COMPLEMENTAR E AUTO,1,,,,,1,,,,0,,,,,,,,,,,,,,
2018-11-17,17:02:00,COM VÍTIMA,FINALIZADA,TEJIPIÓ,RUA SAO MIGUEL,,,EM FRENTE AO POSTO PETROISA,RUA SAO MIGUEL,,EM FRENTE AO POSTO PETROISA,TEJIPIÓ,,CIDADE,COLISÃO TRASEIRA,COM VÍTIMA,,1,,,,,1,,,1,,Longo da via,Bom,Não existe,Perfeito estado,Seca,Perfeito estado,Não existe,Não há placas,,Dupla,Faixa contínua,,
2018-11-17,17:27:00,COM VÍTIMA,FINALIZADA,ROSARINHO,AV NORTE,45,RUA ANDRE REBOUCAS,EM FRENTE A PRAÇA DO ROSARINHO,AV NORTE,45,EM FRENTE A PRAÇA DO ROSARINHO,ROSARINHO,,CIDADE,ABALROAMENTO LONGITUDINAL,AUTO E MOTO C/V,1,1,,,,,,,,1,,Esquina,Bom,Sem defeito,Perfeito estado,Seca,Perfeito estado,,Outras,,Dupla,Canteiro central,,
2018-11-17,17:37:00,COM VÍTIMA,FINALIZADA,BOA VIAGEM,AV BOA VIAGEM,1272,,NO SEGUNDO JARDIM. EM FRENTE AO EDIFÍCIO VITÓRIA,AV BOA VIAGEM,1272,NO SEGUNDO JARDIM. EM FRENTE AO EDIFÍCIO VITÓRIA,BOA VIAGEM,,CIDADE,COLISÃO TRASEIRA,AUTO E MOTO C/V  O VEICULO SE EVADIU DO LOCAL,1,1,,,,,,,,1,,Longo da via,Bom,Não existe,Perfeito estado,Seca,Perfeito estado,Não existe,R-6a,60 km/h,Única,Faixa seccionada,,
2018-11-17,18:06:00,SEM VÍTIMA,FINALIZADA,BOA VIAGEM,AV BOA VIAGEM,360,,E/F AO EDF ARAUCARIA / PRÓX AO HOTEL BEACH CLASS,AV BOA VIAGEM,360,E/F AO EDF ARAUCARIA / PRÓX AO HOTEL BEACH CLASS,BOA VIAGEM,,CIDADE,ABALROAMENTO LONGITUDINAL,ENTRE 3 AUTOS. S/V,3,,,,,,,,,0,,Longo da via,Bom,Sem defeito,Perfeito estado,Seca,Perfeito estado,Faixa de pedestre,Outras,60 km/h,Única,Faixa seccionada,,
2018-11-17,19:11:00,SEM VÍTIMA,CANCELADA,NOVA DESCOBERTA,RUA LUIZ CESARIO DE MELO,324,RUA CROMINIA,OPROX A RUA DO SESI DO VASCO,RUA LUIZ CESARIO DE MELO,324,OPROX A RUA DO SESI DO VASCO,NOVA DESCOBERTA,,,COLISÃO,HONDA CIT X ONIX,2,,,,,,,,,0,,,,,,,,,,,,,,
2018-11-17,20:33:00,COM VÍTIMA,FINALIZADA,IBURA,AV DOIS RIOS,,,NO INICIO DA LADEIRA DA COHAB / PRÓX A POLICLINICA DO IBURA / SNT BR,AV DOIS RIOS,,NO INICIO DA LADEIRA DA COHAB / PRÓX A POLICLINICA DO IBURA / SNT BR,IBURA,,SUBURBIO,COLISÃO FRONTAL,ENTRE CAMINHÃO E MOTO. C/V,,1,,,,,1,,,1,,Longo da via,Bom,Não existe,Perfeito estado,Seca,Perfeito estado,Não existe,Não há placas,,Dupla,Faixa contínua,,
2018-11-17,21:46:00,SEM VÍTIMA,FINALIZADA,BONGI,EST DO BONGI,1105,RUA PEDRO AMERICO,ENF A PANIFICADORA SANTA JOANA / EM FRENTE AO Nº 1105,EST DO BONGI,1105,ENF A PANIFICADORA SANTA JOANA / EM FRENTE AO Nº 1105,BONGI,,SUBURBIO,ABALROAMENTO LONGITUDINAL,HB 20 X MOTO,1,1,,,,,,,,0,,Longo da via,Bom,Não existe,Perfeito estado,Seca,Perfeito estado,,Outras,,Dupla,Faixa contínua,,
2018-11-17,22:06:00,SEM VÍTIMA,FINALIZADA,ESPINHEIRO,AV GOVERNADOR AGAMENON MAGALHAES,,RUA BUENOS AYRES,E/F AO BANCO DO NORDESTE E AO LADO DO SANTANDER / PRÓX AO MEDICAL / FAIXA DA DIREITA,AV GOVERNADOR AGAMENON MAGALHAES,,E/F AO BANCO DO NORDESTE E AO LADO DO SANTANDER / PRÓX AO MEDICAL / FAIXA DA DIREITA,ESPINHEIRO,78,CIDADE,COLISÃO TRASEIRA,ENTR 2 AUTOS. S/V,2,,,,,,,,,0,,Cruzamento,Bom,Sem defeito,Perfeito estado,Seca,Perfeito estado,Faixa de retenção,Não há placas,,Única,Canteiro central,,
2018-11-17,22:27:00,SEM VÍTIMA,FINALIZADA,IBURA,AV DOIS RIOS,970,,E/F A FARMACIA INDEPENDENTE / VT 09 NO LOCAl,AV DOIS RIOS,970,E/F A FARMACIA INDEPENDENTE / VT 09 NO LOCAl,IBURA,,SUBURBIO,ABALROAMENTO TRANSVERSAL,ENTRE CAMINHÃO DO LIXO E AUTO PASSEIO. S/V,1,,,,,,1,,,0,,Longo da via,Bom,Não existe,Perfeito estado,Seca,Perfeito estado,Não existe,Placas Dê a preferência,,Dupla,Faixa contínua,,
2018-11-17,23:26:00,COM VÍTIMA,FINALIZADA,SANTO AMARO,AV NORTE,,RUA JOAQUIM RABELO,VT 06 DA CTTU ESTA NO LOCAL,AV NORTE,,VT 06 DA CTTU ESTA NO LOCAL,SANTO AMARO,97,SUBURBIO,ABALROAMENTO LONGITUDINAL,DUAS MOTOS X AUTO,1,2,,,,,,,,3,,Esquina,Bom,Sem defeito,Perfeito estado,Seca,Perfeito estado,,,,Dupla,Faixa,,
2018-11-17,23:32:00,SEM VÍTIMA,FINALIZADA,BOA VIAGEM,RUA VISCONDE DE JEQUITINHONHA,,RUA ERNESTO DE PAULA SANTOS,PROX AO SUPERMERCADO SOBERANO,RUA VISCONDE DE JEQUITINHONHA,,PROX AO SUPERMERCADO SOBERANO,BOA VIAGEM,304,SUBURBIO,COLISÃO TRASEIRA,FIESTA X ONIX OBS:: SUSPEITA DE EMBRIAGUEZ,2,,,,,,,,,0,,Cruzamento,Bom,Sem defeito,Perfeito estado,Seca,Perfeito estado,Faixa de pedestre,Outras,,Única,Faixa seccionada,,
2018-11-17,23:52:00,SEM VÍTIMA,FINALIZADA,AREIAS,AV RECIFE,,,SEMÁFORO Nº 620,AV RECIFE,,SEMÁFORO Nº 620,AREIAS,620,SUBURBIO,CHOQUE VEÍCULO PARADO,ENTRE UM AUTO E UM ÔNIBUS,1,,,,,1,,,,0,,Cruzamento,Bom,Sem defeito,Perfeito estado,Seca,Perfeito estado,Faixa de pedestre,Não há placas,,Dupla,Canteiro central,,
2018-11-18,00:48:00,COM VÍTIMA,FINALIZADA,AREIAS,AV RECIFE,,AV TAPAJOS,SENTIDO VARZEA  PROXIMO AO SUPERMERCADO MACRO  PROXIMO AO POSTO BR,AV RECIFE,,SENTIDO VARZEA  PROXIMO AO SUPERMERCADO MACRO  PROXIMO AO POSTO BR,AREIAS,620,CIDADE,ABALROAMENTO TRANSVERSAL,ENTRE UM AUTO E MOTO,1,1,,,,,,,,1,,Esquina,Bom,Intermitente,Perfeito estado,Seca,Perfeito estado,Faixa de pedestre,Outras,,Dupla,Faixa,,
2018-11-18,01:23:00,SEM VÍTIMA,FINALIZADA,IPSEP,AV GENERAL BENTO DA GAMA,133,RUA HELIO BRANDAO,TATOO SAPOS,AV GENERAL BENTO DA GAMA,133,TATOO SAPOS,IPSEP,,SUBURBIO,ABALROAMENTO LONGITUDINAL,COLISÃO ENTRE DOIS AUTOS  S/V,2,,,,,,,,,0,,Cruzamento,Bom,Não existe,Perfeito estado,Seca,Perfeito estado,Não existe,Placas Pare,,Dupla,Faixa contínua,,
2018-11-18,07:01:00,SEM VÍTIMA,FINALIZADA,ÁGUA FRIA,RUA DR EUDES COSTA,174,RUA CANASTRA,EM FRENTE A BINHO BEBIDAS,RUA DR EUDES COSTA,174,EM FRENTE A BINHO BEBIDAS,ÁGUA FRIA,,,COLISÃO,SEM VITIMAS,3,,,,,,,,,0,,,,,,,,,,,,,,
2018-11-18,07:30:00,SEM VÍTIMA,FINALIZADA,SANTO AMARO,AV CRUZ CABUGA,767,,CASA DA INDUSTRIA,AV CRUZ CABUGA,767,CASA DA INDUSTRIA,SANTO AMARO,,CIDADE,COLISÃO,COLISÃO ENTRE AUTO E MOTO,1,1,,,,,,,,0,,Longo da via,Bom,Não existe,Perfeito estado,Seca,Perfeito estado,Não existe,Não há placas,60 km/h,Dupla,Faixa contínua,,
2018-11-18,07:44:00,SEM VÍTIMA,FINALIZADA,BOA VIAGEM,RUA FELIX DE BRITO E MELO,,,NA PONTE APÓS O WALMART,RUA FELIX DE BRITO E MELO,,NA PONTE APÓS O WALMART,BOA VIAGEM,544,,ABALROAMENTO LONGITUDINAL,DOIS AUTOS,2,,,,,,,,,0,,Longo da via,Bom,Sem defeito,Perfeito estado,Seca,Perfeito estado,Não existe,R-25c,60 km/h,Única,Não existe,,
2018-11-18,08:27:00,SEM VÍTIMA,FINALIZADA,DOIS UNIDOS,EST DE PASSARINHO,,,AO LADO DA FRUTA PLUS,EST DE PASSARINHO,,AO LADO DA FRUTA PLUS,DOIS UNIDOS,,,COLISÃO FRONTAL,SEM VÍTIMAS,2,,,,,,,,,0,,Longo da via,Bom,Não existe,Não existente,Seca,Perfeito estado,Não existe,Não há placas,,Dupla,Não existe,,
2018-11-18,10:13:00,SEM VÍTIMA,FINALIZADA,ILHA DO RETIRO,AV JOSE GONCALVES DE MEDEIROS,,,SOB O SEMÁFORO 355,AV JOSE GONCALVES DE MEDEIROS,,SOB O SEMÁFORO 355,ILHA DO RETIRO,355,,ABALROAMENTO LONGITUDINAL,SEM VÍTIMAS,2,,,,,,,,,0,,,Bom,Sem defeito,Perfeito estado,Seca,Perfeito estado,Faixa de pedestre,Outras,,Dupla,Faixa seccionada,,
2018-11-18,11:33:00,SEM VÍTIMA,CANCELADA,ESTÂNCIA,AV RECIFE,253,,EM FRENTE AO HOSPITAL GERAL DE AREIAS  SENTIDO AEROPORTO,AV RECIFE,253,EM FRENTE AO HOSPITAL GERAL DE AREIAS  SENTIDO AEROPORTO,ESTÂNCIA,,,COLISÃO,AUTO E ONIBUS S/V,2,,,,,,,,,0,,,,,,,,,,,,,,
2018-11-18,11:49:00,SEM VÍTIMA,FINALIZADA,SANTO AMARO,AV GOVERNADOR AGAMENON MAGALHAES,,,E/F AO IC,AV GOVERNADOR AGAMENON MAGALHAES,,E/F AO IC,SANTO AMARO,49,CIDADE,COLISÃO TRASEIRA,SEM VÍTIMAS,2,,,,,,,,,0,,Longo da via,Bom,Sem defeito,Perfeito estado,Seca,Perfeito estado,Faixa de pedestre,Outras,60 km/h,Dupla,Canteiro central,,
2018-11-18,13:39:00,COM VÍTIMA,FINALIZADA,BARRO,AV DR JOSE RUFINO,1807,,APÓS A IGREJA DO BARRO. EM FRENTE AO CONDOMÍNIO MORADA DO BARRO.,AV DR JOSE RUFINO,1807,APÓS A IGREJA DO BARRO. EM FRENTE AO CONDOMÍNIO MORADA DO BARRO.,BARRO,,CIDADE,COLISÃO COM CICLISTA,AUTO E CICLISTA,1,,,1,,,,,,1,,Longo da via,Bom,Não existe,Perfeito estado,Seca,Perfeito estado,Faixa de pedestre,Placas Pare,40 km/h,Dupla,Faixa,,
2018-11-18,13:45:00,SEM VÍTIMA,FINALIZADA,BOA VISTA,AV CONDE DA BOA VISTA,,RUA DA SOLEDADE,EM FRENTE A EMBELEZE,AV CONDE DA BOA VISTA,,EM FRENTE A EMBELEZE,BOA VISTA,25,,COLISÃO TRASEIRA,AUTO E MOTO S/V,1,1,,,,,,,,0,,Cruzamento,Bom,Sem defeito,Perfeito estado,Seca,Perfeito estado,Faixa de pedestre,Outras,,Dupla,Canteiro central,,
2018-11-18,14:47:00,SEM VÍTIMA,FINALIZADA,PINA,AV ANTONIO DE GOES,142,RUA NOGUEIRA DE SOUZA,NA FRENTE DA POLICIA FEDERAL E O POSTO BR,AV ANTONIO DE GOES,142,NA FRENTE DA POLICIA FEDERAL E O POSTO BR,PINA,656,CIDADE,ABALROAMENTO TRANSVERSAL,COLISÃO SEM VITIMAS,2,,,,,,,,,0,,Longo da via,Bom,Sem defeito,Perfeito estado,Seca,Perfeito estado,Não existe,Não há placas,,Única,Faixa contínua,,