data,hora,natureza_acidente,situacao,bairro,endereco,numero,detalhe_endereco_acidente,complemento,endereco_cruzamento,numero_cruzamento,referencia_cruzamento,bairro_cruzamento,num_semaforo,sentido_via,tipo,descricao,auto,moto,ciclom,ciclista,pedestre,onibus,caminhao,viatura,outros,vitimas,vitimasfatais,acidente_verificado,tempo_clima,situacao_semaforo,sinalizacao,condicao_via,conservacao_via,ponto_controle,situacao_placa,velocidade_max_via,mao_direcao,divisao_via1,divisao_via2,divisao_via3
2018-11-18,15:05:00,SEM VÍTIMA,CANCELADA,BOA VIAGEM,AV CONSELHEIRO AGUIAR,,,NA FRENTE DO BRADESCO E A PRACINHA,AV CONSELHEIRO AGUIAR,,NA FRENTE DO BRADESCO E A PRACINHA,BOA VIAGEM,,,COLISÃO,COLISÃO SEM VITIMAS,1,,,,,1,,,,0,,,,,,,,,,,,,,
2018-11-18,16:26:00,SEM VÍTIMA,FINALIZADA,BOA VISTA,RUA DO ARAGAO,128,RUA DO ROSARIO,,RUA DO ARAGAO,128,,BOA VISTA,,SUBURBIO,ABALROAMENTO TRANSVERSAL,COLISÃO SEM VITIMAS,2,,,,,,,,,0,,Cruzamento,Bom,Não existe,Perfeito estado,Seca,Perfeito estado,Não existe,Não há placas,40 km/h,Única,Não existe,,
2018-11-18,16:43:00,SEM VÍTIMA,FINALIZADA,IMBIRIBEIRA,AV MARECHAL MASCARENHAS DE MORAES,4524,,,AV MARECHAL MASCARENHAS DE MORAES,4524,,IMBIRIBEIRA,,,ABALROAMENTO LONGITUDINAL,COLISÃO SEM VITIMAS,1,1,,,,,,,,0,,Longo da via,Bom,Sem defeito,Perfeito estado,Seca,Perfeito estado,Não existe,Outras,60 km/h,Única,Faixa seccionada,,
2018-11-18,18:06:00,SEM VÍTIMA,FINALIZADA,LINHA DO TIRO,AV VEREADOR OTACILIO AZEVEDO,,AV VEREADOR OTACILIO AZEVEDO,TERMINAL DO BREJO/ FRENTE AO Nº 792,AV VEREADOR OTACILIO AZEVEDO,,TERMINAL DO BREJO/ FRENTE AO Nº 792,LINHA DO TIRO,,,COLISÃO FRONTAL,COLISÃO SEM VITIMAS  O VEICULO INVADIU A GARAGEM DA RESIDÊNCIA,2,,,,,,,,,0,,Longo da via,Bom,Não existe,Não existente,Seca,Perfeito estado,Não existe,Não há placas,,Dupla,Não existe,,
2018-11-18,18:29:00,SEM VÍTIMA,FINALIZADA,PRADO,AV ENGENHEIRO ABDIAS DE CARVALHO,,AV GENERAL SAN MARTIN,,AV ENGENHEIRO ABDIAS DE CARVALHO,,,PRADO,58,,ABALROAMENTO LONGITUDINAL,COLISÃO SEM VITIMAS/ MICRO ONIBUS E VIATURA DA PM,,,,,,1,,1,,0,,Longo da via,Bom,Sem defeito,Perfeito estado,Seca,Perfeito estado,Não existe,Outras,60 km/h,Única,Faixa contínua,,
2018-11-18,18:31:00,COM VÍTIMA,CANCELADA,APIPUCOS,AV DR SEIXAS,,RUA ENGENHEIRO OSCAR FERREIRA,PRÓX A FARMACIA PAGUE MENOS / SEMÁFORO 646,AV DR SEIXAS,,PRÓX A FARMACIA PAGUE MENOS / SEMÁFORO 646,APIPUCOS,646,,COLISÃO,ENTRE MOTO E AUTO. C/V,1,1,,,,,,,,1,,,,,,,,,,,,,,
2018-11-18,19:13:00,SEM VÍTIMA,FINALIZADA,BOA VIAGEM,RUA PETROLINA,81,,POUSADA BOA VIAGEM,RUA PETROLINA,81,POUSADA BOA VIAGEM,BOA VIAGEM,,,ABALROAMENTO LONGITUDINAL,COLISÃO SEM VITIMAS,2,,,,,,,,,0,,Longo da via,Bom,Não existe,Não existente,Seca,Perfeito estado,Não existe,Não há placas,,Única,Não existe,,
2018-11-18,19:42:00,SEM VÍTIMA,FINALIZADA,CAMPINA DO BARRETO,AV PROFESSOR JOSE DOS ANJOS,,1 TRV JUSTICA E PAZ,PRÓX AO TERMINAL DE CHÃO DE ESTRELAS E AO PARQUE BEBERIBE 2 / APÓS A PONTE,AV PROFESSOR JOSE DOS ANJOS,,PRÓX AO TERMINAL DE CHÃO DE ESTRELAS E AO PARQUE BEBERIBE 2 / APÓS A PONTE,CAMPINA DO BARRETO,,CIDADE,ABALROAMENTO TRANSVERSAL,ENTRE 2 AUTOS. S/V,2,,,,,,,,,0,,Longo da via,Bom,Não existe,Incompleta,Seca,Perfeito estado,Faixa de pedestre,Não há placas,,Única,,,
2018-11-18,20:30:00,SEM VÍTIMA,FINALIZADA,CABANGA,AV SUL,,RUA NOVA DO CABANGA,X COM A RUA NOVA DO CABANGA // NA ENTRADA DO QUARTEL DO CABANGA  SNT AFOGADOS,AV SUL,,X COM A RUA NOVA DO CABANGA // NA ENTRADA DO QUARTEL DO CABANGA  SNT AFOGADOS,CABANGA,260,SUBURBIO,ABALROAMENTO TRANSVERSAL,ENTRE ÕNIBUS E AUTO. S/V,1,,,,,1,,,,0,,Cruzamento,Bom,Sem defeito,Ilegível,Seca,Mal iluminada,Não existe,Não há placas,,Dupla,Canteiro central,,
2018-11-19,01:58:00,COM VÍTIMA,FINALIZADA,TORRE,RUA DOM MANOEL DA COSTA,405,RUA PADRE LANDIM,PRÓX A ESCOLA MUNICIPAL PAROQUIAL CRISTO REI,RUA DOM MANOEL DA COSTA,405,PRÓX A ESCOLA MUNICIPAL PAROQUIAL CRISTO REI,TORRE,252,CIDADE,ABALROAMENTO TRANSVERSAL,COLISÃO ENTRE DOIS AUTOS  SEM VÍTIMAS.,2,,,,,,,,,1,,Cruzamento,Bom,Sem defeito,Perfeito estado,Seca,Perfeito estado,,R-6b,,Dupla,Faixa,,
2018-11-19,06:29:00,SEM VÍTIMA,FINALIZADA,JAQUEIRA,RUA DO FUTURO,480,AV SANTOS DUMONT,E/F AO EDF. CHAMPERY,RUA DO FUTURO,480,E/F AO EDF. CHAMPERY,JAQUEIRA,188,CIDADE,ABALROAMENTO TRANSVERSAL,SEM VÍTIMAS,2,,,,,,,,,0,,Longo da via,Bom,Sem defeito,Perfeito estado,Seca,Perfeito estado,Faixa de pedestre,Outras,40 km/h,Única,Não existe,,
2018-11-19,06:42:00,SEM VÍTIMA,FINALIZADA,BOA VISTA,RUA BARAO DE SAO BORJA,137,RUA JOSE DE ALENCAR,EM FRENTE AO HOTEL BOA VISTA,RUA BARAO DE SAO BORJA,137,EM FRENTE AO HOTEL BOA VISTA,BOA VISTA,,SUBURBIO,ABALROAMENTO TRANSVERSAL,DOIS AUTOS,2,,,,,,,,,0,,Cruzamento,Bom,Não existe,Perfeito estado,Seca,Perfeito estado,Não existe,Placas Pare,,Única,Não existe,,
2018-11-19,07:11:00,SEM VÍTIMA,FINALIZADA,CASA FORTE,AV DEZESSETE DE AGOSTO,1465,EST REAL DO POCO,ESQ DA RUA / PROX DAS LOJAS AMERICANAS / CIRCUS TURISMO,AV DEZESSETE DE AGOSTO,1465,ESQ DA RUA / PROX DAS LOJAS AMERICANAS / CIRCUS TURISMO,CASA FORTE,,CIDADE,ABALROAMENTO LONGITUDINAL,MOTO E AUTO,1,1,,,,,,,,0,,,Bom,Não existe,Perfeito estado,Seca,Perfeito estado,Não existe,,40 km/h,Dupla,Faixa contínua,,
2018-11-19,07:19:00,SEM VÍTIMA,FINALIZADA,TEJIPIÓ,AV DR JOSE RUFINO,2923,,EM FRENTE AO CONJUNTO RECIDENCIAL PEDRO R MACHADO,AV DR JOSE RUFINO,2923,EM FRENTE AO CONJUNTO RECIDENCIAL PEDRO R MACHADO,TEJIPIÓ,,,COLISÃO,DOIS AUTOS,2,,,,,,,,,0,,,,,,,,,,,,,,
2018-11-19,07:48:00,SEM VÍTIMA,FINALIZADA,IBURA,RUA DR BENIGNO JORDAO DE VASCONCELOS,63,,EM FRENTE A UPA DA LAGOA ENCANTADA,RUA DR BENIGNO JORDAO DE VASCONCELOS,63,EM FRENTE A UPA DA LAGOA ENCANTADA,IBURA,,,COLISÃO TRASEIRA,SEM VITIMAS,1,1,,,,,,,,0,,Longo da via,Bom,Não existe,Não existente,Seca,Mal conservada,Não existe,Não há placas,,,,,
2018-11-19,08:37:00,SEM VÍTIMA,FINALIZADA,DERBY,RUA FELICIANO GOMES,224,RUA DA BAIXA VERDE,EM FRENTE A IGREJA DA BAIXA VERDE,RUA FELICIANO GOMES,224,EM FRENTE A IGREJA DA BAIXA VERDE,DERBY,,CIDADE,ABALROAMENTO TRANSVERSAL,SEM VITIMAS/CTTU NO LOCAL,2,,,,,,,,,0,,Cruzamento,Bom,Não existe,,Seca,Perfeito estado,,Placas Pare,,Dupla,Não existe,,
2018-11-19,09:09:00,SEM VÍTIMA,FINALIZADA,BOA VISTA,RUA DA AURORA,,RUA PRINCESA IZABEL,NO CRUZAMENTO SENTIDO PONTE PRINCESA IZABEL,RUA DA AURORA,,NO CRUZAMENTO SENTIDO PONTE PRINCESA IZABEL,BOA VISTA,22,CIDADE,COLISÃO TRASEIRA,COLISÃO ENTRE UM CARRO FORTE E AUTO PASSEIO,1,,,,,,,,1,0,,Longo da via,Bom,Sem defeito,Perfeito estado,Seca,Perfeito estado,Faixa de pedestre,Não há placas,40 km/h,Única,Faixa seccionada,,
2018-11-19,09:58:00,SEM VÍTIMA,FINALIZADA,ILHA DO RETIRO,AV ENGENHEIRO ABDIAS DE CARVALHO,404,,EM FRENTE A TRUST VIGILÂNCIA,AV ENGENHEIRO ABDIAS DE CARVALHO,404,EM FRENTE A TRUST VIGILÂNCIA,ILHA DO RETIRO,,CIDADE,ABALROAMENTO LONGITUDINAL,SEM VITIMAS,1,2,,,,,,,,0,,Longo da via,Bom,Não existe,Perfeito estado,Seca,Perfeito estado,Não existe,Não há placas,,Única,Faixa seccionada,,
2018-11-19,10:58:00,SEM VÍTIMA,FINALIZADA,SÃO JOSÉ,RUA IMPERIAL,2256,,E/F A BRASIL GÁS  SENTIDO AFOGADOS,RUA IMPERIAL,2256,E/F A BRASIL GÁS  SENTIDO AFOGADOS,SÃO JOSÉ,,SUBURBIO,ABALROAMENTO LONGITUDINAL,SEM VÍTIMAS,1,,,,,,1,,,0,,Longo da via,Bom,Não existe,Incompleta,Seca,Perfeito estado,Não existe,Não há placas,40 km/h,Única,Não existe,,
2018-11-19,11:06:00,SEM VÍTIMA,FINALIZADA,JORDÃO,AV MARECHAL MASCARENHAS DE MORAES,6997 B,RUA CANAL DO JORDAO,,AV MARECHAL MASCARENHAS DE MORAES,6997 B,,JORDÃO,,CIDADE,ABALROAMENTO LONGITUDINAL,SEM VITIMAS,2,,,,,,,,,0,,,Bom,Não existe,Não existente,Seca,Mal conservada,,Não há placas,60 km/h,Única,,,
2018-11-19,11:36:00,SEM VÍTIMA,FINALIZADA,SANTO AMARO,RUA FREI CASSIMIRO,,RUA DO POMBAL,,RUA FREI CASSIMIRO,,,SANTO AMARO,,SUBURBIO,ABALROAMENTO TRANSVERSAL,ENTRE DOIS AUTOS (VT 14),1,,,,,,,1,,0,,Cruzamento,Bom,Não existe,Não existente,Seca,Perfeito estado,Não existe,Não há placas,,Dupla,Canteiro central,,
2018-11-19,12:44:00,SEM VÍTIMA,FINALIZADA,TORRE,RUA JOSE BONIFACIO,,,APOS O ATACADO DOS PRESENTES E/F ANTIGO BANORTE,RUA JOSE BONIFACIO,,APOS O ATACADO DOS PRESENTES E/F ANTIGO BANORTE,TORRE,,SUBURBIO,ABALROAMENTO LONGITUDINAL,COLISAO ENTRE DOIS AUTOS S/V,2,,,,,,,,,0,,Longo da via,Bom,Sem defeito,Perfeito estado,Seca,Perfeito estado,Não existe,,,Única,Faixa contínua,,
2018-11-19,12:53:00,COM VÍTIMA,FINALIZADA,AREIAS,AV RECIFE,1600,,SENTIDO BOA VIAGEM. SÃO PAULO VEÍCULOS,AV RECIFE,1600,SENTIDO BOA VIAGEM. SÃO PAULO VEÍCULOS,AREIAS,212,BOA VIAGEM,ATROPELAMENTO,AUTO E PEDESTRE C/V,1,,,,1,,,,,1,,Longo da via,Bom,Sem defeito,Perfeito estado,Seca,Perfeito estado,Agente,Não há placas,,Única,Canteiro central,,
2018-11-19,13:11:00,SEM VÍTIMA,FINALIZADA,MADALENA,RUA BENFICA,,,EM FRENTE AO MUSEU DA ABOLIÇÃO,RUA BENFICA,,EM FRENTE AO MUSEU DA ABOLIÇÃO,MADALENA,257,CIDADE,CHOQUE VEÍCULO PARADO,TRES AUTOS S/V,3,,,,,,,,,0,,,Bom,Sem defeito,Perfeito estado,Seca,Perfeito estado,Faixa de pedestre,,,Dupla,,,
2018-11-19,13:13:00,SEM VÍTIMA,FINALIZADA,IMBIRIBEIRA,AV GENERAL MAC ARTHUR,475,RUA MONSENHOR TABOSA,PRÓX DA ESTAÇÃO ANTÔNIO FALCÃO,AV GENERAL MAC ARTHUR,475,PRÓX DA ESTAÇÃO ANTÔNIO FALCÃO,IMBIRIBEIRA,,,ABALROAMENTO LONGITUDINAL,ENTRE AUTOS S/V.,2,,,,,,,,,0,,Longo da via,Bom,Sem defeito,Perfeito estado,Seca,Perfeito estado,Não existe,Outras,60 km/h,Única,Faixa seccionada,,
2018-11-19,13:22:00,SEM VÍTIMA,FINALIZADA,ARRUDA,AV BEBERIBE,131,,EM FRENTE AO BOMPREÇO,AV BEBERIBE,131,EM FRENTE AO BOMPREÇO,ARRUDA,,SUBURBIO,COLISÃO TRASEIRA,DOIS AUTOS S/V,2,,,,,,,,,0,,Longo da via,Bom,Não existe,Perfeito estado,Seca,Perfeito estado,Não existe,Outras,,Dupla,Faixa contínua,,
2018-11-19,14:19:00,SEM VÍTIMA,FINALIZADA,BARRO,AV DR JOSE RUFINO,2533,,SOCORRO RECEPÇÕES,AV DR JOSE RUFINO,2533,SOCORRO RECEPÇÕES,BARRO,,CIDADE,COLISÃO TRASEIRA,SEM VÍTIMAS,1,,,,,,1,,,0,,Longo da via,Bom,Não existe,Perfeito estado,Seca,Perfeito estado,Não existe,Não há placas,,Dupla,Faixa contínua,,
2018-11-19,14:43:00,SEM VÍTIMA,FINALIZADA,TAMARINEIRA,RUA PADRE ROMA,652,,ED. PADRE ROMA PRINCE,RUA PADRE ROMA,652,ED. PADRE ROMA PRINCE,TAMARINEIRA,,SUBU,COLISÃO FRONTAL,DOIS AUTOS S/V,2,,,,,,,,,0,,Cruzamento,Bom,,Perfeito estado,Seca,Perfeito estado,Não existe,Outras,,Única,Não existe,,
2018-11-19,15:00:00,SEM VÍTIMA,FINALIZADA,VÁRZEA,AV CAXANGA,,,,AV CAXANGA,,,VÁRZEA,568,,COLISÃO TRASEIRA,AUTO E MOTO S/V,1,1,,,,,,,,0,,Ponte,Bom,Sem defeito,Perfeito estado,Seca,Perfeito estado,Não existe,Não há placas,,Dupla,Canteiro central,,
2018-11-19,15:12:00,SEM VÍTIMA,FINALIZADA,IPSEP,RUA ITACARI,,RUA JEAN EMILE FAVRE,EM FRENTE À AUTOPEÇAS MARINGÁ,RUA ITACARI,,EM FRENTE À AUTOPEÇAS MARINGÁ,IPSEP,,,ABALROAMENTO LONGITUDINAL,CAMINHÃO X AUTO S/V.,1,,,,,,1,,,0,,Cruzamento,Bom,Sem defeito,Perfeito estado,Seca,Perfeito estado,,,60 km/h,Única,Faixa seccionada,,
2018-11-19,15:23:00,SEM VÍTIMA,FINALIZADA,SANTO AMARO,RUA DOS PALMARES,831,,E/F AO HOSPITAL OSVALDO CRUZ,RUA DOS PALMARES,831,E/F AO HOSPITAL OSVALDO CRUZ,SANTO AMARO,,SUBURBIO,COLISÃO TRASEIRA,COLISAO ENTRE ONIBUS E AUTO S/V,1,,,,,1,,,,0,,Longo da via,Bom,Não existe,Perfeito estado,Seca,Perfeito estado,Não existe,Não há placas,,Única,Faixa seccionada,,
2018-11-19,15:31:00,SEM VÍTIMA,FINALIZADA,JORDÃO,AV CENTENARIO ALBERTO SANTOS DUMONT,,,APOS O TUNEL FELIPE CAMARAO SENT. IMBIRIBEIRA,AV CENTENARIO ALBERTO SANTOS DUMONT,,APOS O TUNEL FELIPE CAMARAO SENT. IMBIRIBEIRA,JORDÃO,,CIDADE,ABALROAMENTO LONGITUDINAL,DOIS AUTOS S/V,2,,,,,,,,,0,,Longo da via,Bom,Não existe,Incompleta,Seca,Perfeito estado,Não existe,Outras,,Dupla,Canteiro central,,
2018-11-19,15:46:00,SEM VÍTIMA,FINALIZADA,MANGABEIRA,AV NORTE,4544,AV PROFESSOR JOSE DOS ANJOS,EM FRENTE AO SESC DE CASA AMARELA,AV NORTE,4544,EM FRENTE AO SESC DE CASA AMARELA,MANGABEIRA,96,,COLISÃO TRASEIRA,AUTO E CARRETA S/V,1,,,,,,1,,,0,,Longo da via,Bom,Sem defeito,Perfeito estado,Seca,Perfeito estado,Faixa de pedestre,R-4a,60 km/h,Dupla,Canteiro central,,
2018-11-19,16:16:00,SEM VÍTIMA,FINALIZADA,ESPINHEIRO,RUA DO ESPINHEIRO,,RUA BARAO DE ITAMARACA,PRÓX AO SUPERMERCADO SOBERANO,RUA DO ESPINHEIRO,,PRÓX AO SUPERMERCADO SOBERANO,ESPINHEIRO,,,ABALROAMENTO LONGITUDINAL,,1,,,,,,1,,,0,,Longo da via,Bom,Sem defeito,Perfeito estado,Seca,Perfeito estado,Faixa de pedestre,R-6a,,Única,Faixa contínua,,
2018-11-19,16:43:00,SEM VÍTIMA,FINALIZADA,MADALENA,AV BEIRA RIO,130,,RUA ARLINDO GOUVEIA / EDF AUTARES,AV BEIRA RIO,130,RUA ARLINDO GOUVEIA / EDF AUTARES,MADALENA,,CIDADE,COLISÃO COM CICLISTA,AUTO X CICLISTA - VT 15 NO QTH,1,,,1,,,,,,0,,Cruzamento,Bom,Não existe,Perfeito estado,Seca,Perfeito estado,Faixa de retenção,Placas Dê a preferência,40 km/h,Única,Faixa seccionada,,
2018-11-19,17:22:00,COM VÍTIMA,FINALIZADA,MANGUEIRA,RUA SAO MIGUEL,1343,,E/F A CESAR MOTOS  E DROGARIA BONGI,RUA SAO MIGUEL,1343,E/F A CESAR MOTOS  E DROGARIA BONGI,MANGUEIRA,,CIDADE,ABALROAMENTO TRANSVERSAL,AUTO E MOTO S/V,1,1,,,,,,,,1,,Longo da via,Bom,Não existe,Perfeito estado,Seca,Perfeito estado,Não existe,Não há placas,,Única,Faixa seccionada,,
2018-11-19,17:53:00,SEM VÍTIMA,FINALIZADA,SANTO AMARO,RUA DO SOSSEGO,238,RUA ARTUR COUTINHO,NA RUA DO SIMPOL,RUA DO SOSSEGO,238,NA RUA DO SIMPOL,SANTO AMARO,,SUBURBIO,ABALROAMENTO TRANSVERSAL,COLISÃO SEM VITIMAS,2,,,,,,,,,0,,Cruzamento,Bom,Não existe,Incompleta,Seca,Perfeito estado,Não existe,Não há placas,,Dupla,Não existe,,
2018-11-19,20:35:00,SEM VÍTIMA,FINALIZADA,IPSEP,RUA JEAN EMILE FAVRE,,RUA RIO AMAZONAS,E/F A PADARIA PÃO NORTE  SNT AV RECIFE/ APÓS O POSTO BR,RUA JEAN EMILE FAVRE,,E/F A PADARIA PÃO NORTE  SNT AV RECIFE/ APÓS O POSTO BR,IPSEP,527,S,ABALROAMENTO TRANSVERSAL,COLISÃO SEM VITIMA,2,,,,,,,,,0,,Cruzamento,Bom,Sem defeito,Perfeito estado,Seca,Perfeito estado,Faixa de pedestre,Outras,,Dupla,Faixa seccionada,,
2018-11-19,21:06:00,SEM VÍTIMA,FINALIZADA,PINA,AV ANTONIO DE GOES,60,AV BOA VIAGEM,NA CALÇADA DO JCPM,AV ANTONIO DE GOES,60,NA CALÇADA DO JCPM,PINA,,CIDADE,ABALROAMENTO LONGITUDINAL,COLISÃO SEM VITIMA,2,,,,,,,,,0,,,Bom,Não existe,Perfeito estado,Seca,Perfeito estado,Não existe,Não há placas,,Única,Faixa seccionada,,
2018-11-19,21:36:00,COM VÍTIMA,FINALIZADA,ENCRUZILHADA,AV BEBERIBE,,,POSTO SHELL E DROGASIL,AV BEBERIBE,,POSTO SHELL E DROGASIL,ENCRUZILHADA,186,SUBURBIO,COLISÃO FRONTAL,COLISÃO COM VITIMA/ VITIMA ENCONTRA-SE NO LOCAL AGUARDANDO ATENDIMENTO DO SAMU,1,1,,,,,,,,1,,Longo da via,Bom,Sem defeito,Perfeito estado,Seca,Perfeito estado,Faixa de pedestre,,,Dupla,Faixa contínua,,
2018-11-19,23:00:00,SEM VÍTIMA,FINALIZADA,LINHA DO TIRO,RUA ELADIO CAMBOIM,456,,EM FRENTE AO N 456,RUA ELADIO CAMBOIM,456,EM FRENTE AO N 456,LINHA DO TIRO,,SUBURBIO,CHOQUE VEÍCULO PARADO,ENTRE CAMINHÃO E AUTO- S/V,1,,,,,,1,,,0,,Longo da via,Bom,Não existe,Incompleta,Seca,Perfeito estado,,Outras,,Dupla,Não existe,,
2018-11-20,04:53:00,SEM VÍTIMA,FINALIZADA,JARDIM SÃO PAULO,AV RECIFE,5630,AV JOAO CABRAL DE MELO NETO,CLINICA CERPE ( Nº 5630),AV RECIFE,5630,CLINICA CERPE ( Nº 5630),JARDIM SÃO PAULO,259,SUBURBIO,COLISÃO TRASEIRA,ENTRE DOIS AUTO,2,,,,,,,,,0,,Longo da via,Bom,Sem defeito,Perfeito estado,Seca,Perfeito estado,Faixa de pedestre,Outras,,Dupla,Canteiro central,,
2018-11-20,06:42:00,SEM VÍTIMA,FINALIZADA,GRAÇAS,RUA ESMERALDINO BANDEIRA,55,,,RUA ESMERALDINO BANDEIRA,55,,GRAÇAS,,CIDADE,ABALROAMENTO TRANSVERSAL,SEM VITIMAS,2,,,,,,,,,0,,Longo da via,Bom,Não existe,Perfeito estado,Seca,Perfeito estado,Não existe,Não há placas,40 km/h,Única,Não existe,,
2018-11-20,06:43:00,SEM VÍTIMA,FINALIZADA,BOA VIAGEM,RUA ANTONIO FALCAO,384,,EM FRENTE AO CARREFOUR,RUA ANTONIO FALCAO,384,EM FRENTE AO CARREFOUR,BOA VIAGEM,,SUBURBIO,CHOQUE OBJETO FIXO,COLISÃO AUTO E MOTO  EM SEGUIDA CHOCOU-SE COM MURO,1,1,,,,,,,,0,,Longo da via,Bom,Não existe,Perfeito estado,Seca,Perfeito estado,Não existe,Não há placas,,Única,Não existe,,
2018-11-20,07:19:00,SEM VÍTIMA,CANCELADA,BOA VIAGEM,RUA ANTONIO FALCAO,402,AV ENGENHEIRO DOMINGOS FERREIRA,AO DO CASARÃO DA EMBRAPA,RUA ANTONIO FALCAO,402,AO DO CASARÃO DA EMBRAPA,BOA VIAGEM,,,CHOQUE OBJETO FIXO,CHOQUE DE UM AUTO PASSEIO   COM O MURO DA EMBRAPA,1,,,,,,,,,0,,,,,,,,,,,,,,
2018-11-20,07:40:00,SEM VÍTIMA,FINALIZADA,PRADO,RUA GOMES TABORDA,476,,CANTINHO DA LANE,RUA GOMES TABORDA,476,CANTINHO DA LANE,PRADO,,CIDADE,COLISÃO TRASEIRA,TRES AUTOS,3,,,,,,,,,0,,Longo da via,Bom,Não existe,Perfeito estado,Seca,Perfeito estado,Não existe,Outras,,Dupla,Faixa seccionada,,
2018-11-20,07:51:00,SEM VÍTIMA,FINALIZADA,ZUMBI,AV CAXANGA,1314,,,AV CAXANGA,1314,,ZUMBI,,SUBURBIO,COLISÃO TRASEIRA,DOIS AUTOS E MOTO,2,1,,,,,,,,0,,Longo da via,Bom,Não existe,Perfeito estado,Seca,Perfeito estado,Não existe,R-6a,,Dupla,Canteiro central,,
2018-11-20,08:06:00,SEM VÍTIMA,CANCELADA,VÁRZEA,AV CAXANGA,487,,HA 100 METROS DA ESTAÇÃO BRT PADRE CICERO,AV CAXANGA,487,HA 100 METROS DA ESTAÇÃO BRT PADRE CICERO,VÁRZEA,,CIDADE,COLISÃO,SEM VITIMAS,1,,,,,1,,,,0,,,,,,,,,,,,,,
2018-11-20,08:13:00,SEM VÍTIMA,FINALIZADA,PRADO,RUA GOMES TABORDA,,,AO LADO NÚMERO 492,RUA GOMES TABORDA,,AO LADO NÚMERO 492,PRADO,,SUBURBIO,COLISÃO TRASEIRA,COLISÃO SEM VITIMA,2,,,,,,,,,0,,Longo da via,Bom,Não existe,Não existente,Seca,Perfeito estado,Não existe,Não há placas,,Dupla,Faixa seccionada,,
2018-11-20,09:35:00,SEM VÍTIMA,FINALIZADA,MADALENA,EST DOS REMEDIOS,2416,,POLICLINICA LESSA DE ANDRADE,EST DOS REMEDIOS,2416,POLICLINICA LESSA DE ANDRADE,MADALENA,51,SUBURBIO,COLISÃO TRASEIRA,,2,,,,,,,,,0,,Longo da via,Bom,Sem defeito,Perfeito estado,Seca,Perfeito estado,Agente,Não há placas,,Única,Faixa seccionada,,
2018-11-20,10:10:00,SEM VÍTIMA,FINALIZADA,TORRE,AV PROFESSOR ESTEVAO FRANCISCO DA COSTA,,RUA TOMAZ GONZAGA,EM FRENTE A PADARIA RAINHA DA TORRE,AV PROFESSOR ESTEVAO FRANCISCO DA COSTA,,EM FRENTE A PADARIA RAINHA DA TORRE,TORRE,280,,ABALROAMENTO TRANSVERSAL,DOIS AUTOS,2,,,,,,,,,0,,Cruzamento,Bom,Sem defeito,Ilegível,Seca,Perfeito estado,Não existe,R-4a,,Única,Não existe,,
2018-11-20,10:19:00,COM VÍTIMA,FINALIZADA,SANTO AMARO,AV PREFEITO ARTUR LIMA CAVALCANTI,,AV NORTE,DESCIDA DA PONTE DO LIMOEIRO,AV PREFEITO ARTUR LIMA CAVALCANTI,,DESCIDA DA PONTE DO LIMOEIRO,SANTO AMARO,243,SUBURBIO,ACID. DE PERCURSO,MOTOCICLISTA PERDEU O CONTROLE APÓS LIVRAR SE DE UM PEDESTRE,,1,,,,,,,,1,,Longo da via,Bom,Sem defeito,Perfeito estado,Seca,Perfeito estado,Faixa de pedestre,,,Dupla,Canteiro central,,