data,hora,natureza_acidente,situacao,bairro,endereco,numero,detalhe_endereco_acidente,complemento,endereco_cruzamento,numero_cruzamento,referencia_cruzamento,bairro_cruzamento,num_semaforo,sentido_via,tipo,descricao,auto,moto,ciclom,ciclista,pedestre,onibus,caminhao,viatura,outros,vitimas,vitimasfatais,acidente_verificado,tempo_clima,situacao_semaforo,sinalizacao,condicao_via,conservacao_via,ponto_controle,situacao_placa,velocidade_max_via,mao_direcao,divisao_via1,divisao_via2,divisao_via3
2018-11-25,21:28:00,SEM VÍTIMA,FINALIZADA,IBURA,AV DOIS RIOS,969,,EM FRENTE AO VAREJÃO ESTRELA,AV DOIS RIOS,969,EM FRENTE AO VAREJÃO ESTRELA,IBURA,,SUBURBIO,COLISÃO TRASEIRA,,1,,,,,1,,,,0,,Longo da via,Bom,Não existe,Perfeito estado,Seca,Perfeito estado,Não existe,Não há placas,40 km/h,Dupla,Faixa seccionada,,
2018-11-25,21:59:00,SEM VÍTIMA,FINALIZADA,CASA AMARELA,RUA DA HARMONIA,769,RUA CONS NABUCO,,RUA DA HARMONIA,769,,CASA AMARELA,,CIDADE,ABALROAMENTO TRANSVERSAL,,3,,,,,,,,,0,,Cruzamento,Bom,Sem defeito,Perfeito estado,Seca,Perfeito estado,Faixa de pedestre,,,Dupla,Faixa contínua,,
2018-11-25,22:34:00,SEM VÍTIMA,CANCELADA,IMBIRIBEIRA,AV MARECHAL MASCARENHAS DE MORAES,,,E/F AO HOTEL IBIS E AEROPORTO / ANTES DO VIADUTO,AV MARECHAL MASCARENHAS DE MORAES,,E/F AO HOTEL IBIS E AEROPORTO / ANTES DO VIADUTO,IMBIRIBEIRA,,,COLISÃO,ENTRE 2 AUTOS  S/V,2,,,,,,,,,0,,,,,,,,,,,,,,
2018-11-25,22:42:00,SEM VÍTIMA,FINALIZADA,ILHA DO RETIRO,RUA PROFESSOR BENEDITO MONTEIRO,,,,RUA PROFESSOR BENEDITO MONTEIRO,,,ILHA DO RETIRO,481,CIDADE,ABALROAMENTO LONGITUDINAL,ENTRE 2 AUTOS  S/V,2,,,,,,,,,0,,,Bom,Sem defeito,Perfeito estado,Seca,Perfeito estado,Faixa de pedestre,R-6a,40 km/h,Única,Faixa contínua,,
2018-11-26,06:57:00,SEM VÍTIMA,FINALIZADA,BOA VIAGEM,RUA JOSE DOMINGUES DA SILVA,205,RUA PADRE CABRAL,,RUA JOSE DOMINGUES DA SILVA,205,,BOA VIAGEM,,CIDADE,ABALROAMENTO TRANSVERSAL,SEM VITIMAS,2,,,,,,,,,0,,Cruzamento,Bom,Não existe,Ilegível,Seca,Perfeito estado,Não existe,Não há placas,,Dupla,Não existe,,
2018-11-26,07:09:00,SEM VÍTIMA,FINALIZADA,DERBY,RUA BENFICA,,,POSTE DO CELPE NºCO24395,RUA BENFICA,,POSTE DO CELPE NºCO24395,DERBY,,CIDADE,ABALROAMENTO LONGITUDINAL,SEM VITMAS,1,,,,,1,,,,0,,Longo da via,Bom,Não existe,Perfeito estado,Seca,Perfeito estado,Outros,Outras,,Única,Faixa contínua,,
2018-11-26,07:33:00,SEM VÍTIMA,FINALIZADA,MANGABEIRA,AV PROFESSOR JOSE DOS ANJOS,1190,,SESC DA MANGABEIRA,AV PROFESSOR JOSE DOS ANJOS,1190,SESC DA MANGABEIRA,MANGABEIRA,,SUBURBIO,ABALROAMENTO LONGITUDINAL,,2,,,,,,,,,0,,Longo da via,Bom,Sem defeito,Perfeito estado,Seca,Perfeito estado,,,,Dupla,Canteiro central,,
2018-11-26,07:48:00,SEM VÍTIMA,FINALIZADA,SANTO AMARO,RUA DONA LEONOR PORTO,,,PRAÇA 11 DE JUNHO,RUA DONA LEONOR PORTO,,PRAÇA 11 DE JUNHO,SANTO AMARO,,SUBURBIO,CHOQUE OBJETO FIXO,VEICULO CHOCOU-SE COM MURO,1,,,,,,,,,0,,Longo da via,Bom,Não existe,Não existente,Seca,Perfeito estado,Não existe,Não há placas,,Única,Não existe,,
2018-11-26,07:49:00,COM VÍTIMA,FINALIZADA,SANTO AMARO,AV GOVERNADOR AGAMENON MAGALHAES,,,SOBRE O VIADUTO INDEPENDÊNCIA,AV GOVERNADOR AGAMENON MAGALHAES,,SOBRE O VIADUTO INDEPENDÊNCIA,SANTO AMARO,,CIDADE,ABALROAMENTO LONGITUDINAL,COLISÃO COM VITIMA A ESPERA DO SAMU,2,1,,,,,,,,1,,Viaduto,Bom,Não existe,Perfeito estado,Seca,Perfeito estado,Outros,Outras,60 km/h,Dupla,Canteiro central,,
2018-11-26,08:00:00,SEM VÍTIMA,FINALIZADA,ARRUDA,AV PROFESSOR JOSE DOS ANJOS,1259,RUA PETRONILA BOTELHO,SENT OLINDA,AV PROFESSOR JOSE DOS ANJOS,1259,SENT OLINDA,ARRUDA,554,,COLISÃO,DOIS AUTOS,2,,,,,,,,,0,,,,,,,,,,,,,,
2018-11-26,08:14:00,COM VÍTIMA,FINALIZADA,SANTO AMARO,AV GOVERNADOR AGAMENON MAGALHAES,261,,LADO OPOSTO AO POSTO DISLUB,AV GOVERNADOR AGAMENON MAGALHAES,261,LADO OPOSTO AO POSTO DISLUB,SANTO AMARO,,BOA VIAGEM,ABALROAMENTO LONGITUDINAL,TRES AUTOS PASSEIO DE DUAS MOTOS,3,2,,,,,,,,1,,Longo da via,Bom,Não existe,Perfeito estado,Seca,Perfeito estado,Não existe,Outras,60 km/h,Dupla,Canteiro central,,
2018-11-26,08:34:00,COM VÍTIMA,FINALIZADA,TORRE,RUA REAL DA TORRE,1199,,ENTRE O EXTRABOM E O RESTAURANTE BOI NO BAFO,RUA REAL DA TORRE,1199,ENTRE O EXTRABOM E O RESTAURANTE BOI NO BAFO,TORRE,,,COLISÃO TRASEIRA,AUTO E MOTO,1,1,,,,,,,,1,,Longo da via,Bom,Não existe,Perfeito estado,Seca,Perfeito estado,Não existe,R-6a,,Única,Faixa seccionada,,
2018-11-26,09:38:00,SEM VÍTIMA,FINALIZADA,IMBIRIBEIRA,RUA ARQUITETO LUIZ NUNES,,RUA ENGENHEIRO JOSE BRANDAO CAVALCANTE,,RUA ARQUITETO LUIZ NUNES,,,IMBIRIBEIRA,,,ABALROAMENTO TRANSVERSAL,COLISÃO SEM VITIMAS,1,1,,,,,,,,0,,Cruzamento,Bom,Não existe,Perfeito estado,Seca,Perfeito estado,Não existe,,40 km/h,Dupla,Faixa contínua,,
2018-11-26,09:41:00,SEM VÍTIMA,FINALIZADA,PARNAMIRIM,AV DEZESSETE DE AGOSTO,175,,,AV DEZESSETE DE AGOSTO,175,,PARNAMIRIM,,SUBURBIO,COLISÃO TRASEIRA,SEM VITIMAs,2,,,,,,,,,0,,Longo da via,Bom,Não existe,Perfeito estado,Seca,Perfeito estado,,Outras,40 km/h,Dupla,Faixa contínua,,
2018-11-26,09:46:00,SEM VÍTIMA,FINALIZADA,PARNAMIRIM,AV PARNAMIRIM,,,,AV PARNAMIRIM,,,PARNAMIRIM,10,SUB/CID,COLISÃO TRASEIRA,DOIS AUTOS SUB NO QTH,2,,,,,,,,,0,,Longo da via,Bom,Sem defeito,Perfeito estado,Seca,Perfeito estado,Faixa de retenção,,,Única,,,
2018-11-26,10:03:00,SEM VÍTIMA,FINALIZADA,PINA,RUA JOAQUIM CARNEIRO DA SILVA,136,,LADO OPOSTO AO NÚMERO 136,RUA JOAQUIM CARNEIRO DA SILVA,136,LADO OPOSTO AO NÚMERO 136,PINA,,,CHOQUE VEÍCULO PARADO,SEM VITIMAS,2,,,,,,,,,0,,Longo da via,Bom,Não existe,Não existente,Seca,Perfeito estado,Não existe,Não há placas,,Dupla,Não existe,,
2018-11-26,10:25:00,SEM VÍTIMA,FINALIZADA,MADALENA,RUA BENFICA,997,,,RUA BENFICA,997,,MADALENA,,CIDADE,ABALROAMENTO LONGITUDINAL,DOIS AUTOS,2,,,,,,,,,0,,Longo da via,Bom,Sem defeito,Perfeito estado,Seca,Perfeito estado,,Outras,,Dupla,Canteiro central,,
2018-11-26,10:47:00,COM VÍTIMA,FINALIZADA,AFOGADOS,RUA COSME VIANA,135,RUA ALFREDO DUARTE FILHO,,RUA COSME VIANA,135,,AFOGADOS,430,SUBURBIO,ABALROAMENTO LONGITUDINAL,COM VITIMA,,1,,,,,,,,1,,Cruzamento,Bom,Sem defeito,Perfeito estado,Seca,,Não existe,Placas Pare,,Dupla,Outros,,
2018-11-26,10:55:00,SEM VÍTIMA,FINALIZADA,ESTÂNCIA,RUA JUAREZ MILLET,400,,EM FRENTE AO Nº 400,RUA JUAREZ MILLET,400,EM FRENTE AO Nº 400,ESTÂNCIA,,CIDADE,ABALROAMENTO LONGITUDINAL,AUTO E CAMINHÃO,1,,,,,,1,,,0,,Longo da via,Bom,Não existe,,Seca,Perfeito estado,Não existe,,20 km/h,Dupla,Outros,,
2018-11-26,11:00:00,COM VÍTIMA,DUPLICIDADE,BOA VIAGEM,AV ENGENHEIRO DOMINGOS FERREIRA,,,EM FRENTE AO DURMA BEM COLCHÕES,AV ENGENHEIRO DOMINGOS FERREIRA,,EM FRENTE AO DURMA BEM COLCHÕES,BOA VIAGEM,,,ACID. DE PERCURSO,,,,,,,,,,,1,,,,,,,,,,,,,,
2018-11-26,11:40:00,SEM VÍTIMA,FINALIZADA,LINHA DO TIRO,RUA URIEL DE HOLANDA,988,,EM FRENTE AO MERCADINHO KI PRECINHO,RUA URIEL DE HOLANDA,988,EM FRENTE AO MERCADINHO KI PRECINHO,LINHA DO TIRO,,SUBURBIO,CHOQUE VEÍCULO PARADO,DOIS AUTOS E MOTO,2,1,,,,,,,1,0,,Longo da via,Bom,Não existe,Perfeito estado,Seca,Perfeito estado,Não existe,Não há placas,40 km/h,Dupla,Não existe,,
2018-11-26,12:03:00,SEM VÍTIMA,FINALIZADA,IMBIRIBEIRA,RUA DUQUE ESTRADA,376,RUA AGUA BRANCA,EM FRENTE A POUSADA SOL E MAR,RUA DUQUE ESTRADA,376,EM FRENTE A POUSADA SOL E MAR,IMBIRIBEIRA,,SUBURBIO,ABALROAMENTO TRANSVERSAL,COLISÃO SEM VITIMAS,2,,,,,,,,,0,,Cruzamento,Bom,Não existe,Não existente,Molhada,Perfeito estado,Não existe,Não há placas,40 km/h,Dupla,Não existe,,
2018-11-26,12:13:00,SEM VÍTIMA,FINALIZADA,TAMARINEIRA,RUA CONEGO BARATA,,,EM FRENTE A FERREIRA COSTA,RUA CONEGO BARATA,,EM FRENTE A FERREIRA COSTA,TAMARINEIRA,,,COLISÃO,COLISÃO SEM VÍTIMA,1,,,,,,1,,,0,,,,,,,,,,,,,,
2018-11-26,12:23:00,COM VÍTIMA,FINALIZADA,CORDEIRO,AV GENERAL SAN MARTIN,348,,APÓS O HOSPITAL GETÚLIO VARGAS,AV GENERAL SAN MARTIN,348,APÓS O HOSPITAL GETÚLIO VARGAS,CORDEIRO,,CIDADE,ABALROAMENTO TRANSVERSAL,COLISÃO COM UMA VÍTIMA,1,1,,,,,,,,1,,Longo da via,Nublado,Sem defeito,Perfeito estado,Molhada,Perfeito estado,Faixa de pedestre,R-6a,,Dupla,Faixa,,
2018-11-26,12:32:00,SEM VÍTIMA,FINALIZADA,PINA,AV REPUBLICA ARABE UNIDA,,,NA CANCELA DO SHOPPING RIOMAR,AV REPUBLICA ARABE UNIDA,,NA CANCELA DO SHOPPING RIOMAR,PINA,,,ABALROAMENTO LONGITUDINAL,COLISAO AUTO E CAMINHAO S/V,1,,,,,,1,,,0,,Longo da via,Bom,Não existe,Perfeito estado,Seca,Perfeito estado,Não existe,Não há placas,,Única,Faixa seccionada,,
2018-11-26,12:47:00,SEM VÍTIMA,FINALIZADA,SANTO AMARO,AV CRUZ CABUGA,193,,IGREJA INTERNACIONAL DA GRAÇA DE DEUS,AV CRUZ CABUGA,193,IGREJA INTERNACIONAL DA GRAÇA DE DEUS,SANTO AMARO,523,CIDADE,ABALROAMENTO LONGITUDINAL,COLISÃO SEM VITIMAS,1,,,,,1,,,,0,,Longo da via,Bom,Sem defeito,Perfeito estado,Seca,Perfeito estado,Não existe,Não há placas,,Única,Faixa contínua,,
2018-11-26,13:09:00,SEM VÍTIMA,FINALIZADA,BOA VIAGEM,AV CONSELHEIRO AGUIAR,,RUA RAUL AZEDO,,AV CONSELHEIRO AGUIAR,,,BOA VIAGEM,,CIDADE,ABALROAMENTO TRANSVERSAL,COLISÃO SEM VITIMAS,1,,,,,1,,,,0,,Outros,Bom,Não existe,Perfeito estado,Seca,Perfeito estado,Não existe,Outras,60 km/h,Única,Faixa seccionada,,
2018-11-26,13:28:00,SEM VÍTIMA,FINALIZADA,JOANA BEZERRA,RUA CABO EUTROPIO,421,,NA FRENTE DO COLEGIO COSTA PORTO,RUA CABO EUTROPIO,421,NA FRENTE DO COLEGIO COSTA PORTO,JOANA BEZERRA,,SUBURBIO,ABALROAMENTO LONGITUDINAL,COLISÃO SEM VITIMAS,2,,,,,,,,,0,,Longo da via,Bom,Não existe,Perfeito estado,Seca,Perfeito estado,Não existe,Não há placas,,Dupla,Não existe,,
2018-11-26,14:40:00,SEM VÍTIMA,CANCELADA,BOA VIAGEM,RUA BARAO DE SOUZA LEAO,,,E/F AO MAR HOTEL,RUA BARAO DE SOUZA LEAO,,E/F AO MAR HOTEL,BOA VIAGEM,,,COLISÃO,COLISAO ENTRE AUTO E TAXI S/V,2,,,,,,,,,0,,,,,,,,,,,,,,
2018-11-26,15:04:00,SEM VÍTIMA,FINALIZADA,IMBIRIBEIRA,AV MARECHAL MASCARENHAS DE MORAES,,,EM FRENTE AO POSTO PETROBRAS / SENTIDO AFOGADOS,AV MARECHAL MASCARENHAS DE MORAES,,EM FRENTE AO POSTO PETROBRAS / SENTIDO AFOGADOS,IMBIRIBEIRA,289,CIDADE,ABALROAMENTO LONGITUDINAL,COLISÃO SEM VÍTIMA,2,,,,,,,,,0,,Longo da via,Bom,Sem defeito,Perfeito estado,Seca,Perfeito estado,Faixa de pedestre,Outras,60 km/h,Dupla,Canteiro central,,
2018-11-26,15:27:00,COM VÍTIMA,FINALIZADA,TAMARINEIRA,EST VELHA DE AGUA FRIA,637,,,EST VELHA DE AGUA FRIA,637,,TAMARINEIRA,,SUBURBIO,ABALROAMENTO LONGITUDINAL,AUTO E MOTO  COM VÍTIMA.,1,1,,,,,,,,1,,Longo da via,Bom,Não existe,Perfeito estado,Seca,Perfeito estado,Não existe,Não há placas,40 km/h,Dupla,Faixa contínua,,
2018-11-26,15:45:00,SEM VÍTIMA,FINALIZADA,CORDEIRO,AV GENERAL SAN MARTIN,330,,APOS O HOSP. GETULIO VARGAS A SEGUNDA RUA A ESQUERDA,AV GENERAL SAN MARTIN,330,APOS O HOSP. GETULIO VARGAS A SEGUNDA RUA A ESQUERDA,CORDEIRO,,SUBURBIO,COLISÃO TRASEIRA,COLISÃO SEM VITIMA,2,,,,,,,,,0,,Longo da via,,Sem defeito,Perfeito estado,Molhada,Perfeito estado,Faixa de pedestre,R-6a,,Dupla,Faixa contínua,,
2018-11-26,17:17:00,SEM VÍTIMA,FINALIZADA,COELHOS,RUA DOS COELHOS,,,LADO OPOSTO AO IMIP,RUA DOS COELHOS,,LADO OPOSTO AO IMIP,COELHOS,,CIDADE,ABALROAMENTO LONGITUDINAL,COLISÃO SEM VITIMAS,1,,,,,1,,,,0,,Longo da via,Bom,Não existe,Perfeito estado,Seca,,Não existe,Outras,40 km/h,Dupla,Faixa contínua,,
2018-11-26,17:55:00,SEM VÍTIMA,FINALIZADA,MADALENA,RUA NOBRE DE LACERDA,219,RUA MONSENHOR JULIO MARIA,,RUA NOBRE DE LACERDA,219,,MADALENA,,,ABALROAMENTO TRANSVERSAL,COLISÃO SEM VITIMA,2,,,,,,,,,0,,Cruzamento,Bom,Não existe,Perfeito estado,Seca,Mal conservada,Não existe,Placas Pare,,Única,Não existe,,
2018-11-26,18:09:00,SEM VÍTIMA,FINALIZADA,IBURA,AV ENGENHO SERRA VERDE,820,,,AV ENGENHO SERRA VERDE,820,,IBURA,,CIDADE,ABALROAMENTO LONGITUDINAL,FAIT UNO X CAMINHAO OBS:: EIXO DO VEICULO QUEBROU,1,,,,,,1,,,0,,Longo da via,Bom,Não existe,Perfeito estado,Seca,Perfeito estado,Não existe,Outras,,Única,Faixa seccionada,,
2018-11-26,18:14:00,SEM VÍTIMA,FINALIZADA,COQUEIRAL,RUA QUINZE DE NOVEMBRO,,,PRÓX A ESTAÇÃO COQUEIRAL,RUA QUINZE DE NOVEMBRO,,PRÓX A ESTAÇÃO COQUEIRAL,COQUEIRAL,,,ABALROAMENTO TRANSVERSAL,COLISÃO SEM VITIMAS,1,,,,,,1,,,0,,Longo da via,Bom,Não existe,Não existente,Seca,Perfeito estado,Não existe,Não há placas,,Dupla,Não existe,,
2018-11-26,18:51:00,COM VÍTIMA,FINALIZADA,VASCO DA GAMA,AV NORTE,6140,RUA AVIADOR PINTO RIBEIRO,ENF AO DESKONTAO,AV NORTE,6140,ENF AO DESKONTAO,VASCO DA GAMA,,SUBURBIO,COLISÃO COM CICLISTA,RENO X CICLISTA,1,,,1,,,,,,1,,Longo da via,Bom,Não existe,Perfeito estado,Seca,Perfeito estado,Faixa de pedestre,Outras,,Única,Faixa seccionada,,
2018-11-26,19:02:00,SEM VÍTIMA,FINALIZADA,ROSARINHO,RUA DR JOSE MARIA,,RUA DES MARTINS PEREIRA,,RUA DR JOSE MARIA,,,ROSARINHO,362,SUBURBIO,ABALROAMENTO LONGITUDINAL,COLISÃO SEM VITIMAS,2,,,,,,,,,0,,Cruzamento,Bom,Sem defeito,Não existente,Seca,Perfeito estado,,Não há placas,40 km/h,Dupla,Não existe,,
2018-11-26,20:54:00,SEM VÍTIMA,CANCELADA,BOA VIAGEM,RUA ERNESTO DE PAULA SANTOS,4100,AV BOA VIAGEM,EDF OASIS,RUA ERNESTO DE PAULA SANTOS,4100,EDF OASIS,BOA VIAGEM,113,,COLISÃO,DUAS MOTOS,,2,,,,,,,,0,,,,,,,,,,,,,,
2018-11-26,20:59:00,COM VÍTIMA,FINALIZADA,BOA VIAGEM,RUA PROFESSOR JOAO MEDEIROS,S/N,RUA DR RAUL LAFAYETTE,GALERIA UNIVERSAL / ACADEMIA R2,RUA PROFESSOR JOAO MEDEIROS,S/N,GALERIA UNIVERSAL / ACADEMIA R2,BOA VIAGEM,,CIDADE,COLISÃO TRASEIRA,COLISÃO COM VITIMA,,,1,,,1,,,,1,,Longo da via,Chuvoso,Não existe,,Molhada,Mal iluminada,Não existe,Não há placas,,Única,Faixa seccionada,,
2018-11-26,22:02:00,SEM VÍTIMA,FINALIZADA,BOA VIAGEM,RUA VISCONDE DE JEQUITINHONHA,,,,RUA VISCONDE DE JEQUITINHONHA,,,BOA VIAGEM,443,SUBURBIO,COLISÃO TRASEIRA,COLISÃO SEM VITIMA,1,,,,,1,,,,0,,Outros,Chuvoso,Sem defeito,Perfeito estado,Seca,Perfeito estado,,R-6a,,Única,Faixa contínua,,
2018-11-26,22:44:00,SEM VÍTIMA,FINALIZADA,GRAÇAS,AV RUI BARBOSA,,RUA DAS CREOULAS,SEMÁFORO Nº 102,AV RUI BARBOSA,,SEMÁFORO Nº 102,GRAÇAS,102,,ABALROAMENTO LONGITUDINAL,TAXI E MOTO,1,1,,,,,,,,0,,Cruzamento,Chuvoso,Sem defeito,Perfeito estado,Molhada,Perfeito estado,Faixa de pedestre,,,Única,Faixa contínua,,
2018-11-26,23:06:00,SEM VÍTIMA,FINALIZADA,SANTO AMARO,RUA ABDON BATISTA,306,,NA SAIDA DO HOSPITAL OSVALDO CRUZ POR TRAS DO HOSPITAL,RUA ABDON BATISTA,306,NA SAIDA DO HOSPITAL OSVALDO CRUZ POR TRAS DO HOSPITAL,SANTO AMARO,,CIDADE,CHOQUE VEÍCULO PARADO,SANDERO X CAMINHAO,1,,,,,,1,,,0,,Longo da via,Chuvoso,Não existe,Incompleta,Molhada,Mal iluminada,Não existe,Outras,,Dupla,Não existe,,
2018-11-27,07:34:00,SEM VÍTIMA,FINALIZADA,BOA VIAGEM,AV ANTONIO TORRES GALVAO,,,EM FRENTE A IGREJA EPISCOPAL,AV ANTONIO TORRES GALVAO,,EM FRENTE A IGREJA EPISCOPAL,BOA VIAGEM,,,COLISÃO,COLISÃO SEM VITIMAS,2,,,,,,,,,0,,,,,,,,,,,,,,
2018-11-27,07:50:00,SEM VÍTIMA,FINALIZADA,SANTO AMARO,AV JOAO DE BARROS,,,EM FRENTE AO EDIFICIO RIO VERDE,AV JOAO DE BARROS,,EM FRENTE AO EDIFICIO RIO VERDE,SANTO AMARO,,,COLISÃO,COLISÃO SEM VITIMAS,2,,,,,,,,,0,,,,,,,,,,,,,,
2018-11-27,08:12:00,SEM VÍTIMA,FINALIZADA,PARNAMIRIM,RUA JOAO TUDE DE MELO,,,SUBIDA DO VIADUTO SENTIDO TORRE,RUA JOAO TUDE DE MELO,,SUBIDA DO VIADUTO SENTIDO TORRE,PARNAMIRIM,,SUBURBIO,COLISÃO TRASEIRA,SEM VÍTIMAS. AGENTES NO LOCAL  VT RESERVA 01,1,1,,,,,,,,0,,Viaduto,Bom,Não existe,Perfeito estado,Seca,Perfeito estado,Não existe,Não há placas,,Única,Faixa seccionada,,
2018-11-27,08:41:00,SEM VÍTIMA,FINALIZADA,GRAÇAS,RUA DAS CREOULAS,218,AV RUI BARBOSA,EM FRENTE AO CENTRO DE DIAGN[OSTICO QUALIMAGEM,RUA DAS CREOULAS,218,EM FRENTE AO CENTRO DE DIAGN[OSTICO QUALIMAGEM,GRAÇAS,102,CIDADE,COLISÃO TRASEIRA,COLISÃO SEM VITIMAS,3,,,,,,,,,0,,Cruzamento,Chuvoso,Sem defeito,Perfeito estado,Seca,Perfeito estado,Faixa de pedestre,R-6a,30 km/h,Única,Faixa seccionada,,
2018-11-27,08:43:00,SEM VÍTIMA,FINALIZADA,ESPINHEIRO,RUA DO ESPINHEIRO,160,RUA BARAO DE ITAMARACA,EM FRENTE A FARMACIA EXTRAFARMA E DROGASIL,RUA DO ESPINHEIRO,160,EM FRENTE A FARMACIA EXTRAFARMA E DROGASIL,ESPINHEIRO,86,CIDADE,ABALROAMENTO LONGITUDINAL,DOIS AUTOS,2,,,,,,,,,0,,Cruzamento,Bom,Sem defeito,Perfeito estado,Seca,Perfeito estado,Faixa de pedestre,Não há placas,,Única,Faixa contínua,,
2018-11-27,08:44:00,SEM VÍTIMA,FINALIZADA,PRADO,AV ENGENHEIRO ABDIAS DE CARVALHO,,,SEMÁFORO 422,AV ENGENHEIRO ABDIAS DE CARVALHO,,SEMÁFORO 422,PRADO,422,CIDADE,ABALROAMENTO LONGITUDINAL,SEM VÍTIMAS,1,,,,,,1,,,0,,Longo da via,Bom,Sem defeito,Perfeito estado,Seca,Perfeito estado,Agente,Outras,60 km/h,Única,Canteiro central,,
2018-11-27,08:54:00,SEM VÍTIMA,FINALIZADA,PINA,RUA NOGUEIRA DE SOUZA,234,RUA CONSUL JOSEPH NOUJAIM,BARRACO GASTROBAR,RUA NOGUEIRA DE SOUZA,234,BARRACO GASTROBAR,PINA,658,CIDADE,ABALROAMENTO LONGITUDINAL,DOIS AUTOS,2,,,,,,,,,0,,Longo da via,Chuvoso,Sem defeito,Perfeito estado,Molhada,Perfeito estado,Faixa de pedestre,Não há placas,60 km/h,Única,Faixa seccionada,,
2018-11-27,09:01:00,SEM VÍTIMA,FINALIZADA,TAMARINEIRA,EST VELHA DE AGUA FRIA,908,,RESIDENCIAL VITA,EST VELHA DE AGUA FRIA,908,RESIDENCIAL VITA,TAMARINEIRA,,SUBURBIO,COLISÃO TRASEIRA,COLISÃO,2,,,,,,,,,0,,Longo da via,Bom,Não existe,Perfeito estado,Seca,Perfeito estado,Não existe,Não há placas,60 km/h,Única,Faixa contínua,,
2018-11-27,09:24:00,SEM VÍTIMA,FINALIZADA,ENCRUZILHADA,RUA LARGA DO FEITOZA,404,RUA MARECHAL DEODORO,EM FRENTE AO EDF RAFAELA GONÇALVES,RUA LARGA DO FEITOZA,404,EM FRENTE AO EDF RAFAELA GONÇALVES,ENCRUZILHADA,,,COLISÃO,DOIS AUTOS,2,,,,,,,,,0,,,,,,,,,,,,,,
2018-11-27,09:50:00,COM VÍTIMA,FINALIZADA,BOA VIAGEM,AV BOA VIAGEM,2334,,E/F AO EDF CATAMARÃ,AV BOA VIAGEM,2334,E/F AO EDF CATAMARÃ,BOA VIAGEM,,CIDADE,COLISÃO TRASEIRA,COM UMA VÍTIMA,1,1,,,,,,,,1,,Longo da via,Chuvoso,Não existe,Ilegível,Molhada,Mal conservada,Não existe,Não há placas,,Única,Faixa seccionada,,
2018-11-27,10:12:00,SEM VÍTIMA,FINALIZADA,IMBIRIBEIRA,AV MARECHAL MASCARENHAS DE MORAES,,,SOB O SEMÁFORO 471,AV MARECHAL MASCARENHAS DE MORAES,,SOB O SEMÁFORO 471,IMBIRIBEIRA,471,CIDADE,COLISÃO TRASEIRA,DOIS AUTOS / FABIA LIMA E GERSON NO QTH / PONTO FIXO DO TRT,2,,,,,,,,,0,,Longo da via,Chuvoso,Sem defeito,Perfeito estado,Molhada,Perfeito estado,,Não há placas,60 km/h,Única,Canteiro central,,
2018-11-27,10:37:00,SEM VÍTIMA,CANCELADA,COELHOS,RUA PADRE VENANCIO,,,EM FRENTE AO POSTO DE SAUDE DOS COELHOS E HOSPITAL IMIP,RUA PADRE VENANCIO,,EM FRENTE AO POSTO DE SAUDE DOS COELHOS E HOSPITAL IMIP,COELHOS,,,COLISÃO,DOIS AUTOS,2,,,,,,,,,0,,,,,,,,,,,,,,
2018-11-27,10:49:00,SEM VÍTIMA,FINALIZADA,PRADO,AV ENGENHEIRO ABDIAS DE CARVALHO,1466,,,AV ENGENHEIRO ABDIAS DE CARVALHO,1466,,PRADO,,SUBURBIO,COLISÃO TRASEIRA,TRES AUTOS,3,,,,,,,,,0,,Longo da via,Bom,Não existe,Perfeito estado,Seca,Perfeito estado,Não existe,R-6a,60 km/h,Única,Canteiro central,,