data,hora,natureza_acidente,situacao,bairro,endereco,numero,detalhe_endereco_acidente,complemento,endereco_cruzamento,numero_cruzamento,referencia_cruzamento,bairro_cruzamento,num_semaforo,sentido_via,tipo,descricao,auto,moto,ciclom,ciclista,pedestre,onibus,caminhao,viatura,outros,vitimas,vitimasfatais,acidente_verificado,tempo_clima,situacao_semaforo,sinalizacao,condicao_via,conservacao_via,ponto_controle,situacao_placa,velocidade_max_via,mao_direcao,divisao_via1,divisao_via2,divisao_via3
2018-11-27,11:03:00,SEM VÍTIMA,FINALIZADA,BOA VIAGEM,RUA SETUBAL,464,RUA VERDES MARES,,RUA SETUBAL,464,,BOA VIAGEM,,CIDADE,ABALROAMENTO TRANSVERSAL,SEM VÍTIMAS,2,,,,,,,,,0,,Cruzamento,Bom,Não existe,Perfeito estado,Seca,Perfeito estado,Faixa de retenção,Placas Pare,30 km/h,Única,Faixa seccionada,,
2018-11-27,11:30:00,COM VÍTIMA,FINALIZADA,JIQUIÁ,AV DR JOSE RUFINO,2113,,LADO OPOSTO AO POSTO IPIRANGA,AV DR JOSE RUFINO,2113,LADO OPOSTO AO POSTO IPIRANGA,JIQUIÁ,,CIDADE,ABALROAMENTO LONGITUDINAL,COLISÃO ENTRE AUTO  MOTO E MOTONETA,1,1,1,,,,,,,1,,Longo da via,Bom,Não existe,Perfeito estado,Seca,Perfeito estado,Não existe,Outras,,Dupla,Faixa contínua,,
2018-11-27,11:41:00,SEM VÍTIMA,FINALIZADA,MADALENA,AV VISCONDE DE ALBUQUERQUE,836,RUA DES LUIZ SALAZAR,EM FRENTE AO RESTAURANTE CANECA FINA,AV VISCONDE DE ALBUQUERQUE,836,EM FRENTE AO RESTAURANTE CANECA FINA,MADALENA,,SUBURBIO,ABALROAMENTO TRANSVERSAL,DOIS AUTOS,2,,,,,,,,,0,,Outros,Chuvoso,Não existe,Perfeito estado,Molhada,Perfeito estado,Não existe,Outras,,Única,Faixa seccionada,,
2018-11-27,12:15:00,SEM VÍTIMA,FINALIZADA,BAIRRO DO RECIFE,AV ALFREDO LISBOA,,,EM FRENTE A PRAÇA DO MARCO ZERO E A CAIXA,AV ALFREDO LISBOA,,EM FRENTE A PRAÇA DO MARCO ZERO E A CAIXA,BAIRRO DO RECIFE,,SUBURBIO,COLISÃO TRASEIRA,DOIS AUTOS,2,,,,,,,,,0,,Longo da via,Chuvoso,Não existe,Perfeito estado,Seca,Perfeito estado,Faixa de pedestre,Não há placas,30 km/h,Única,Não existe,,
2018-11-27,12:28:00,SEM VÍTIMA,FINALIZADA,BOA VIAGEM,AV DOM JOAO VI,,,,AV DOM JOAO VI,,,BOA VIAGEM,580,CIDADE,COLISÃO TRASEIRA,COLISÃO SEM VÍTIMA,1,1,,,,,,,,0,,Longo da via,Chuvoso,Sem defeito,Perfeito estado,Molhada,Perfeito estado,Faixa de pedestre,Outras,50 km/h,Dupla,Canteiro central,,
2018-11-27,12:53:00,SEM VÍTIMA,FINALIZADA,BONGI,AV ENGENHEIRO ABDIAS DE CARVALHO,962,,APOS O VIADUTO S/T CID E/F A DISTRIBUIIDORA DLP,AV ENGENHEIRO ABDIAS DE CARVALHO,962,APOS O VIADUTO S/T CID E/F A DISTRIBUIIDORA DLP,BONGI,,CIDADE,COLISÃO,COLISAO ENTRE MOTO E AUTO S/V,1,1,,,,,,,,0,,,,,,,,,,,,,,
2018-11-27,13:02:00,SEM VÍTIMA,FINALIZADA,BOA VIAGEM,RUA ERNESTO DE PAULA SANTOS,,RUA AMALIA BERNARDINO DE SOUZA,,RUA ERNESTO DE PAULA SANTOS,,,BOA VIAGEM,,SUBURBIO,ABALROAMENTO TRANSVERSAL,COLISAO ENTRE AUTO E MOTO S/V,1,1,,,,,,,,0,,Cruzamento,Chuvoso,Não existe,Incompleta,Molhada,Perfeito estado,Outros,Outras,,Única,Faixa seccionada,,
2018-11-27,13:09:00,SEM VÍTIMA,CANCELADA,DERBY,RUA FELICIANO GOMES,142,,POR TRAS DO BANCO BRADESCO,RUA FELICIANO GOMES,142,POR TRAS DO BANCO BRADESCO,DERBY,,,COLISÃO,DOIS AUTOS,2,,,,,,,,,0,,,,,,,,,,,,,,
2018-11-27,13:19:00,SEM VÍTIMA,FINALIZADA,AFOGADOS,RUA CRUCILANDIA,687,,AO LADO DO CLUBE VASSOURINHAS,RUA CRUCILANDIA,687,AO LADO DO CLUBE VASSOURINHAS,AFOGADOS,,,COLISÃO,DOIS AUTOS,2,,,,,,,,,0,,,,,,,,,,,,,,
2018-11-27,13:27:00,COM VÍTIMA,FINALIZADA,CAMPO GRANDE,RUA PROFESSOR FRANCISCO DA TRINDADE,,,ANTES DO CLUBE DAS PÁS NO FNAL DA RUA,RUA PROFESSOR FRANCISCO DA TRINDADE,,ANTES DO CLUBE DAS PÁS NO FNAL DA RUA,CAMPO GRANDE,,,ABALROAMENTO LONGITUDINAL,COLISÃO ENTRE AUTO  MOTO E CAMINHÃO.,1,1,,,,,1,,,2,,Longo da via,Bom,,Perfeito estado,Seca,Perfeito estado,Não existe,Não há placas,,Dupla,Faixa,,
2018-11-27,13:29:00,SEM VÍTIMA,FINALIZADA,AREIAS,AV DR JOSE RUFINO,1312,,,AV DR JOSE RUFINO,1312,,AREIAS,,SUBURBIO,ABALROAMENTO LONGITUDINAL,CARRO OFICIAl EXERCITO E AUTO,2,,,,,,,,,0,,Longo da via,Chuvoso,Não existe,Perfeito estado,Molhada,Perfeito estado,Não existe,R-6a,,Dupla,Faixa contínua,,
2018-11-27,14:15:00,SEM VÍTIMA,CANCELADA,JOANA BEZERRA,AV BEIRA RIO,,,EM FRENTE A ACADEMIA DA CIDADE,AV BEIRA RIO,,EM FRENTE A ACADEMIA DA CIDADE,JOANA BEZERRA,,,COLISÃO,COLISÃO SEM VÍTIMA,1,1,,,,,,,,0,,,,,,,,,,,,,,
2018-11-27,14:32:00,SEM VÍTIMA,CANCELADA,CASA AMARELA,AV PEDRO ALLAIN,54,,AO LADO DO SUPERMERCADO KANELA,AV PEDRO ALLAIN,54,AO LADO DO SUPERMERCADO KANELA,CASA AMARELA,,,COLISÃO,DOIS AUTOS,2,,,,,,,,,0,,,,,,,,,,,,,,
2018-11-27,15:58:00,SEM VÍTIMA,FINALIZADA,SANTO AMARO,RUA DOS PALMARES,,,,RUA DOS PALMARES,,,SANTO AMARO,,,ABALROAMENTO LONGITUDINAL,CAMINHÃO E AUTO GM NO LOCAL,1,,,,,,1,,,0,,Longo da via,Chuvoso,,Perfeito estado,Molhada,Perfeito estado,,,40 km/h,Única,,,
2018-11-27,16:35:00,SEM VÍTIMA,FINALIZADA,IMBIRIBEIRA,RUA CORONEL FABRICIANO,,,EM FRENTE A ESTAÇÃO TANCREDO NEVES,RUA CORONEL FABRICIANO,,EM FRENTE A ESTAÇÃO TANCREDO NEVES,IMBIRIBEIRA,,CIDADE,ABALROAMENTO TRANSVERSAL,ONIBUS E AUTO,1,,,,,1,,,,0,,,Chuvoso,Não existe,Incompleta,Molhada,Perfeito estado,,Não há placas,,Única,,,
2018-11-27,17:24:00,SEM VÍTIMA,FINALIZADA,PINA,AV ENGENHEIRO DOMINGOS FERREIRA,149,,,AV ENGENHEIRO DOMINGOS FERREIRA,149,,PINA,,SUBURBIO,ABALROAMENTO LONGITUDINAL,ONIBUS E AUTO,1,,,,,1,,,,0,,Longo da via,Chuvoso,Não existe,Perfeito estado,Molhada,Perfeito estado,,Não há placas,60 km/h,Única,Canteiro central,,
2018-11-27,17:24:00,SEM VÍTIMA,FINALIZADA,BOA VIAGEM,RUA DEZ DE JULHO,,AV VINTE DE JANEIRO,,RUA DEZ DE JULHO,,,BOA VIAGEM,572,SUBURBIO,ABALROAMENTO LONGITUDINAL,COLISAO ENTRE DOIS ONIBUS S/V,,,,,,2,,,,0,,Cruzamento,Chuvoso,Sem defeito,Perfeito estado,Molhada,Perfeito estado,Não existe,Não há placas,,Única,Faixa seccionada,,
2018-11-27,18:00:00,SEM VÍTIMA,FINALIZADA,BOA VIAGEM,RUA PROFESSOR ARNALDO CARNEIRO LEAO,,RUA ANTONIO FALCAO,PROX JAIRO ROCHA IMOBILIARIA,RUA PROFESSOR ARNALDO CARNEIRO LEAO,,PROX JAIRO ROCHA IMOBILIARIA,BOA VIAGEM,,SUBURBIO,COLISÃO FRONTAL,HB 20 X MOTO,1,1,,,,,,,,0,,Longo da via,Bom,Não existe,Perfeito estado,Seca,Perfeito estado,Outros,Outras,60 km/h,Dupla,Outros,,
2018-11-27,18:19:00,COM VÍTIMA,FINALIZADA,AFOGADOS,RUA JOAO IVO DA SILVA,,,FIORI,RUA JOAO IVO DA SILVA,,FIORI,AFOGADOS,,SUBURBIO,COLISÃO TRASEIRA,COLISÃO COM VITIMA/ AGUARDANDO ATENDIMENTO NO LOCAL,1,1,,,,,,,,1,,Longo da via,Bom,Não existe,Incompleta,Seca,Mal iluminada,Não existe,Outras,,Única,Faixa seccionada,,
2018-11-27,18:50:00,SEM VÍTIMA,FINALIZADA,PAISSANDU,AV GOVERNADOR AGAMENON MAGALHAES,,,EMPRESARIAL THOMAS EDSON,AV GOVERNADOR AGAMENON MAGALHAES,,EMPRESARIAL THOMAS EDSON,PAISSANDU,,CIDADE,COLISÃO TRASEIRA,COLISÃO SEM VITIMA,2,,,,,,,,,0,,Longo da via,Bom,Sem defeito,Perfeito estado,Seca,Perfeito estado,Outros,Placas Pare,,Dupla,Faixa seccionada,,
2018-11-27,19:01:00,SEM VÍTIMA,CANCELADA,BOA VIAGEM,RUA BARAO DE AGUA BRANCA,160,RUA DUQUE ESTRADA,PROX A POUSADA SOL E MAR,RUA BARAO DE AGUA BRANCA,160,PROX A POUSADA SOL E MAR,BOA VIAGEM,,,COLISÃO,TOYOTA COROLA X TOYTA ETIOS,2,,,,,,,,,0,,,,,,,,,,,,,,
2018-11-27,22:06:00,SEM VÍTIMA,FINALIZADA,PINA,PTE GOVERNADOR PAULO GUERRA,,,SENTIDO RIOMAR,PTE GOVERNADOR PAULO GUERRA,,SENTIDO RIOMAR,PINA,,SUBURBIO,ABALROAMENTO LONGITUDINAL,DOIS AUTO,2,,,,,,,,,0,,Longo da via,Bom,Não existe,Perfeito estado,Seca,Perfeito estado,Outros,Outras,,Única,Faixa seccionada,,
2018-11-27,22:30:00,COM VÍTIMA,FINALIZADA,JARDIM SÃO PAULO,RUA LEANDRO BARRETO,,RUA LORENA,POSTO DA CELPE Nº B07160D,RUA LEANDRO BARRETO,,POSTO DA CELPE Nº B07160D,JARDIM SÃO PAULO,,SUBURBIO,COLISÃO COM CICLISTA,ONIBUS X CICLISTA,,,,1,,1,,,,1,,Longo da via,Bom,Não existe,Ilegível,Seca,Mal iluminada,Não existe,Não há placas,30 km/h,Dupla,Canteiro central,,
2018-11-28,06:40:00,SEM VÍTIMA,FINALIZADA,ESPINHEIRO,RUA QUARENTA E OITO,,RUA CONS PORTELA,,RUA QUARENTA E OITO,,,ESPINHEIRO,11,CIDA,ABALROAMENTO LONGITUDINAL,SEM VITIMAS,2,,,,,,,,,0,,Cruzamento,Bom,Sem defeito,Perfeito estado,Seca,Perfeito estado,,Não há placas,40 km/h,Única,Faixa seccionada,,
2018-11-28,06:42:00,SEM VÍTIMA,FINALIZADA,BOA VISTA,AV GOVERNADOR AGAMENON MAGALHAES,,AV JOAO DE BARROS,,AV GOVERNADOR AGAMENON MAGALHAES,,,BOA VISTA,,CIDADE,ABALROAMENTO LONGITUDINAL,COLISÃO SEM VITIMAS,1,,,,,1,,,,0,,Cruzamento,Bom,Sem defeito,Perfeito estado,Seca,Perfeito estado,Não existe,Não há placas,,Única,Não existe,,
2018-11-28,07:49:00,SEM VÍTIMA,FINALIZADA,ESPINHEIRO,RUA DO ESPINHEIRO,,RUA SANTO ELIAS,,RUA DO ESPINHEIRO,,,ESPINHEIRO,,SUBURBIO,ABALROAMENTO TRANSVERSAL,COLISÃO SEM VITIMAS,2,,,,,,,,,0,,Cruzamento,Bom,Sem defeito,Perfeito estado,Seca,Perfeito estado,Faixa de pedestre,Outras,30 km/h,Única,Outros,,
2018-11-28,07:59:00,SEM VÍTIMA,FINALIZADA,ESPINHEIRO,RUA CONS PORTELA,,RUA QUARENTA E OITO,,RUA CONS PORTELA,,,ESPINHEIRO,11,SUBURBIO,ABALROAMENTO LONGITUDINAL,SEM VITIMAS  CTTU NO LOCAL VT 08,1,1,,,,,,,,0,,Cruzamento,Bom,Sem defeito,Perfeito estado,Seca,Perfeito estado,,Não há placas,40 km/h,Única,Faixa seccionada,,
2018-11-28,08:34:00,SEM VÍTIMA,FINALIZADA,,RUA MONTE CASTELO,35,,EM FRENTE AO POSTO IPIRANGA,RUA MONTE CASTELO,35,EM FRENTE AO POSTO IPIRANGA,,,SUBURBIO,ABALROAMENTO LONGITUDINAL,SEM VITIMAS  ENTRE UM CARRO FORTE E UM AUTO PASSEIO,1,,,,,,,1,,0,,Longo da via,Bom,Sem defeito,Perfeito estado,Seca,Perfeito estado,,Outras,,Única,Faixa seccionada,,
2018-11-28,09:33:00,SEM VÍTIMA,FINALIZADA,PINA,AV ANTONIO DE GOES,534,,A LOJA DE VEÍCULOS DETROIT CAR,AV ANTONIO DE GOES,534,A LOJA DE VEÍCULOS DETROIT CAR,PINA,538,CIDADE,COLISÃO TRASEIRA,SEM VITIMAS,2,,,,,,,,,0,,Longo da via,Bom,Sem defeito,Perfeito estado,Seca,Perfeito estado,Não existe,Outras,,Única,Canteiro central,,
2018-11-28,09:52:00,SEM VÍTIMA,FINALIZADA,MADALENA,EST DOS REMEDIOS,,AV JOSE GONCALVES DE MEDEIROS,NO SEMAFORO 353,EST DOS REMEDIOS,,NO SEMAFORO 353,MADALENA,353,CIDADE,ABALROAMENTO LONGITUDINAL,CAMINHÃO E AUTO GM PONTO FIXO,1,,,,,,1,,,0,,Longo da via,Bom,Sem defeito,Perfeito estado,Seca,Perfeito estado,Agente,Não há placas,,Única,Faixa contínua,,
2018-11-28,10:31:00,SEM VÍTIMA,FINALIZADA,SANTO AMARO,AV CRUZ CABUGA,,,E/F AO SHOPPING TACARUNA,AV CRUZ CABUGA,,E/F AO SHOPPING TACARUNA,SANTO AMARO,,CIDADE,COLISÃO,SEM VÍTIMAS,2,,,,,,,,,0,,,,,,,,,,,,,,
2018-11-28,10:48:00,SEM VÍTIMA,FINALIZADA,AFLITOS,AV CONS ROSA E SILVA,502,,APOS O HOSPITAL DO SERVIDOR EM FRENTE AO LAVA JATO AUTO BOX,AV CONS ROSA E SILVA,502,APOS O HOSPITAL DO SERVIDOR EM FRENTE AO LAVA JATO AUTO BOX,AFLITOS,,,COLISÃO,COLISÃO SEM VITIMAS,1,,,,,1,,,,0,,,,,,,,,,,,,,
2018-11-28,10:55:00,SEM VÍTIMA,FINALIZADA,IPSEP,RUA ITACARI,,RUA ITAJAI,EM FRENTE A EMPRESA DE SEGURANÇA,RUA ITACARI,,EM FRENTE A EMPRESA DE SEGURANÇA,IPSEP,,,ABALROAMENTO LONGITUDINAL,AUTO E MOTO,1,1,,,,,,,,0,,Longo da via,Bom,Não existe,Perfeito estado,Seca,Perfeito estado,Não existe,Outras,,Única,Não existe,,
2018-11-28,10:55:00,COM VÍTIMA,FINALIZADA,ESTÂNCIA,AV DR JOSE RUFINO,2059,,EM FRENTE AO POSTO DE GASOLINA IPIRANGA,AV DR JOSE RUFINO,2059,EM FRENTE AO POSTO DE GASOLINA IPIRANGA,ESTÂNCIA,,SUBURBIO,COLISÃO FRONTAL,COLISÃO COM VITIMA A ESPERA DO SAMU,1,1,,,,,,,,1,,Longo da via,Bom,Sem defeito,Perfeito estado,Seca,Perfeito estado,Faixa de pedestre,,,Dupla,Faixa,,
2018-11-28,11:16:00,SEM VÍTIMA,FINALIZADA,ESPINHEIRO,AV CONS ROSA E SILVA,315,,,AV CONS ROSA E SILVA,315,,ESPINHEIRO,,SUBURBIO,ABALROAMENTO LONGITUDINAL,COLISÃO SEM VITIMAS,2,,,,,,,,,0,,Longo da via,Bom,Sem defeito,Perfeito estado,Seca,Perfeito estado,Faixa de pedestre,Outras,,Única,Faixa seccionada,,
2018-11-28,11:17:00,SEM VÍTIMA,FINALIZADA,IMBIRIBEIRA,RUA MENDES JUNIOR,178,RUA ROCA SALES,,RUA MENDES JUNIOR,178,,IMBIRIBEIRA,,SUBURBIO,ABALROAMENTO TRANSVERSAL,AUTO E CAMINHÃO,1,,,,,,1,,,0,,,Bom,Não existe,Não existente,Seca,Perfeito estado,Não existe,Não há placas,,Dupla,Não existe,,
2018-11-28,11:45:00,SEM VÍTIMA,FINALIZADA,IMBIRIBEIRA,AV MARECHAL MASCARENHAS DE MORAES,440,,EM FRENTE A LOJA SO ARTE,AV MARECHAL MASCARENHAS DE MORAES,440,EM FRENTE A LOJA SO ARTE,IMBIRIBEIRA,,CIDADE,CHOQUE VEÍCULO PARADO,COLISÃO SEM VITIMAS,2,,,,,,,,,0,,Longo da via,Bom,Não existe,Ilegível,Seca,Mal conservada,Não existe,Não há placas,,Dupla,Faixa seccionada,,
2018-11-28,12:23:00,SEM VÍTIMA,CANCELADA,GRAÇAS,RUA AMELIA,,,EM FRENTE AO COLEGIO AGNES,RUA AMELIA,,EM FRENTE AO COLEGIO AGNES,GRAÇAS,,,COLISÃO,COLISÃO SEM VÍTIMA,1,,,,,,,,1,0,,,,,,,,,,,,,,
2018-11-28,12:43:00,SEM VÍTIMA,FINALIZADA,SANTO AMARO,AV GOVERNADOR AGAMENON MAGALHAES,,,EM FRENTE A JEEP,AV GOVERNADOR AGAMENON MAGALHAES,,EM FRENTE A JEEP,SANTO AMARO,,CIDADE,COLISÃO TRASEIRA,COLISÃO SEM VÍTIMA,3,,,,,,,,,0,,Longo da via,Bom,Sem defeito,Perfeito estado,Seca,Perfeito estado,Não existe,Não há placas,,Única,Faixa seccionada,,
2018-11-28,13:39:00,SEM VÍTIMA,FINALIZADA,BOA VIAGEM,RUA ERNESTO DE PAULA SANTOS,,RUA CORONEL ANIZIO RODRIGUES COELHO,,RUA ERNESTO DE PAULA SANTOS,,,BOA VIAGEM,,,ABALROAMENTO TRANSVERSAL,COLISAO ENTRE DOIS AUTOS S/V,2,,,,,,,,,0,,Cruzamento,Bom,Sem defeito,Perfeito estado,Seca,Perfeito estado,Outros,Outras,,Única,Faixa seccionada,,
2018-11-28,14:00:00,SEM VÍTIMA,FINALIZADA,ESPINHEIRO,RUA QUARENTA E OITO,,RUA CONS PORTELA,,RUA QUARENTA E OITO,,,ESPINHEIRO,11,CIDADE,ABALROAMENTO LONGITUDINAL,AUTO E ONIBUS,1,,,,,1,,,,0,,Cruzamento,Bom,Sem defeito,Perfeito estado,Seca,Perfeito estado,Outros,Outras,,Única,Não existe,,
2018-11-28,14:04:00,SEM VÍTIMA,FINALIZADA,DERBY,RUA HENRIQUE DIAS,,,EM FRENTE A FUNDAÇÃO JOAQUIM NABUCO,RUA HENRIQUE DIAS,,EM FRENTE A FUNDAÇÃO JOAQUIM NABUCO,DERBY,,CIDADE,ABALROAMENTO LONGITUDINAL,COLISÃO SEM VITIMA,2,,,,,,,,,0,,Longo da via,Bom,Não existe,Perfeito estado,Seca,Perfeito estado,Não existe,Outras,,Única,Canteiro central,,
2018-11-26,14:12:00,SEM VÍTIMA,FINALIZADA,MADALENA,RUA DEMOCRITO DE SOUZA FILHO,335,,EM FRENTE AO EMPRESARIAL GREEN TOWER,RUA DEMOCRITO DE SOUZA FILHO,335,EM FRENTE AO EMPRESARIAL GREEN TOWER,MADALENA,,CIDADE,ABALROAMENTO TRANSVERSAL,DOIS AUTOS,2,,,,,,,,,0,,Longo da via,Bom,Não existe,Perfeito estado,Seca,Perfeito estado,Não existe,R-6a,,Única,Não existe,,
2018-11-28,14:21:00,SEM VÍTIMA,FINALIZADA,VÁRZEA,AV CAXANGA,,,EM FRENTE AO POSTO SHELL / SENTIDO CAMARAGIBE,AV CAXANGA,,EM FRENTE AO POSTO SHELL / SENTIDO CAMARAGIBE,VÁRZEA,568,SUBURBIO,COLISÃO TRASEIRA,COLISÃO SEM VÍTIMA,1,1,,,,,,,,0,,Longo da via,Bom,Sem defeito,Perfeito estado,Seca,Perfeito estado,Faixa de pedestre,Outras,,Dupla,Canteiro central,,
2018-11-28,16:06:00,SEM VÍTIMA,FINALIZADA,AFOGADOS,RUA DA PAZ,,,EM FRENTE ALUMIAÇO,RUA DA PAZ,,EM FRENTE ALUMIAÇO,AFOGADOS,,SUBURBIO,COLISÃO TRASEIRA,COLISÃO SEM VÍTIMA,2,,,,,,,,,0,,Ponte,Bom,Sem defeito,Perfeito estado,Seca,Perfeito estado,Faixa de pedestre,R-6a,,Única,Faixa seccionada,,
2018-11-28,16:27:00,COM VÍTIMA,FINALIZADA,BOA VIAGEM,RUA VISCONDE DE JEQUITINHONHA,455,,,RUA VISCONDE DE JEQUITINHONHA,455,,BOA VIAGEM,,SUBURBIO,COLISÃO TRASEIRA,COLISAO ENTRE DOIS AUTOS S/V,1,,,,,,1,,,1,,Longo da via,Bom,Não existe,,Seca,Perfeito estado,Não existe,Outras,60 km/h,Única,Canteiro central,,
2018-11-28,17:48:00,SEM VÍTIMA,FINALIZADA,DERBY,AV GOVERNADOR AGAMENON MAGALHAES,,,EM FRENTE AO HOSPITAL DE RESTAURAÇÃO,AV GOVERNADOR AGAMENON MAGALHAES,,EM FRENTE AO HOSPITAL DE RESTAURAÇÃO,DERBY,,SUBURBIO,ABALROAMENTO LONGITUDINAL,JEEP X CAMINHAO REBOQUE DA PORTO SEG,1,,,,,,1,,,0,,Longo da via,Bom,Sem defeito,Perfeito estado,Seca,Perfeito estado,,,,Dupla,Faixa seccionada,,
2018-11-28,17:54:00,SEM VÍTIMA,FINALIZADA,MONTEIRO,EST DO ARRAIAL,,AV DR EURICO CHAVES,,EST DO ARRAIAL,,,MONTEIRO,107,,ABALROAMENTO LONGITUDINAL,ÔNIBUS X AUTO S/V.,1,,,,,1,,,,0,,Longo da via,Bom,Não existe,Perfeito estado,Seca,Perfeito estado,Não existe,Outras,,Única,Faixa seccionada,,
2018-11-28,18:04:00,COM VÍTIMA,FINALIZADA,PINA,AV ANTONIO DE GOES,,,EM FRENTE AO DPRF,AV ANTONIO DE GOES,,EM FRENTE AO DPRF,PINA,,CIDADE,COLISÃO TRASEIRA,COLISÃO ENTRE DUAS MOTOCICLETAS COM VÍTIMAS,,2,,,,,,,,1,,Longo da via,Bom,Não existe,Perfeito estado,Seca,Perfeito estado,,Não há placas,,Única,Canteiro central,,
2018-11-28,18:07:00,COM VÍTIMA,FINALIZADA,BOA VIAGEM,RUA VISCONDE DE JEQUITINHONHA,,,POR TRÁS DO EDF. MAR MEDITERRÂNEO,RUA VISCONDE DE JEQUITINHONHA,,POR TRÁS DO EDF. MAR MEDITERRÂNEO,BOA VIAGEM,,SUBURBIO,CAPOTAMENTO,AUTO,1,,,,,,,,,1,,Longo da via,Bom,Não existe,Não existente,Seca,Perfeito estado,Não existe,Não há placas,,Única,Canteiro central,,
2018-11-28,18:15:00,COM VÍTIMA,FINALIZADA,TORRE,AV BEIRA RIO,,,RUA MARCOS ANDRE,AV BEIRA RIO,,RUA MARCOS ANDRE,TORRE,,SUBURBIO,ABALROAMENTO TRANSVERSAL,COROLA X BROSS,1,1,,,,,,,,1,,Longo da via,Bom,Não existe,Perfeito estado,Seca,Perfeito estado,Não existe,Não há placas,,Dupla,Faixa contínua,,
2018-11-28,19:20:00,SEM VÍTIMA,FINALIZADA,AFOGADOS,EST DOS REMEDIOS,,EST DO BONGI,,EST DOS REMEDIOS,,,AFOGADOS,394,CIDADE,ABALROAMENTO LONGITUDINAL,AUTO X MOTO S/V,1,1,,,,,,,,0,,Longo da via,Bom,Sem defeito,Perfeito estado,Seca,Perfeito estado,Faixa de pedestre,Não há placas,,Única,Faixa seccionada,,
2018-11-28,20:08:00,COM VÍTIMA,FINALIZADA,SÃO JOSÉ,RUA DO PEIXOTO,874,RUA DA CONCORDIA,EM FRENTE À CAMPOSFRIO REFRIGERAÇÃO,RUA DO PEIXOTO,874,EM FRENTE À CAMPOSFRIO REFRIGERAÇÃO,SÃO JOSÉ,182,SUBURBIO,COLISÃO COM CICLISTA,ÔNIBUS X CICLISTA,,,,1,,1,,,,1,,Cruzamento,Bom,Sem defeito,Perfeito estado,Seca,Perfeito estado,,R-6a,,Única,Não existe,,
2018-11-28,21:15:00,SEM VÍTIMA,FINALIZADA,SANTO AMARO,AV CRUZ CABUGA,165,,EM FRENTE À IGREJA ASSEMBLÉIA DE DEUS,AV CRUZ CABUGA,165,EM FRENTE À IGREJA ASSEMBLÉIA DE DEUS,SANTO AMARO,523,CIDADE,COLISÃO TRASEIRA,ENTRE AUTOS S/V.,2,,,,,,,,,0,,Longo da via,Bom,Sem defeito,Perfeito estado,Seca,Perfeito estado,Faixa de pedestre,R-6a,,Dupla,Faixa contínua,,
2018-11-28,22:32:00,SEM VÍTIMA,CANCELADA,COHAB,RUA DR OTAVIO DE MORAES VASCONCELOS,,,PRÓX AO SUPERMECARDO TREVO,RUA DR OTAVIO DE MORAES VASCONCELOS,,PRÓX AO SUPERMECARDO TREVO,COHAB,,,COLISÃO,ÔNIBUS X MOTO S/V.,,1,,,,1,,,,0,,,,,,,,,,,,,,
2018-11-28,23:36:00,SEM VÍTIMA,CANCELADA,IPSEP,AV PRESIDENTE DUTRA,,,DESCIDA DO VIADUTO TANCREDO NEVES,AV PRESIDENTE DUTRA,,DESCIDA DO VIADUTO TANCREDO NEVES,IPSEP,,SUBURBIO,CHOQUE OBJETO FIXO,VEÍCULO CHOCOU-SE CONTRA ÁRVORE,1,,,,,,,,,0,,,,,,,,,,,,,,