data,hora,natureza_acidente,situacao,bairro,endereco,numero,detalhe_endereco_acidente,complemento,endereco_cruzamento,numero_cruzamento,referencia_cruzamento,bairro_cruzamento,num_semaforo,sentido_via,tipo,descricao,auto,moto,ciclom,ciclista,pedestre,onibus,caminhao,viatura,outros,vitimas,vitimasfatais,acidente_verificado,tempo_clima,situacao_semaforo,sinalizacao,condicao_via,conservacao_via,ponto_controle,situacao_placa,velocidade_max_via,mao_direcao,divisao_via1,divisao_via2,divisao_via3
2018-11-29,00:06:00,COM VÍTIMA,CANCELADA,ROSARINHO,RUA DR JOSE MARIA,,,EM FRENTE A PRAÇA DA SANTA // APÓS A CASA ROSADA,RUA DR JOSE MARIA,,EM FRENTE A PRAÇA DA SANTA // APÓS A CASA ROSADA,ROSARINHO,,,COLISÃO,COLISÃO ENTRE AUTO E MOTO  COM VÍTIMA.,1,1,,,,,,,,1,,,,,,,,,,,,,,
2018-11-29,04:30:00,SEM VÍTIMA,FINALIZADA,COELHOS,RUA DOS COELHOS,,RUA PADRE VENANCIO,PRÓXIMO A PONTE JOAQUIM CARDOSO,RUA DOS COELHOS,,PRÓXIMO A PONTE JOAQUIM CARDOSO,COELHOS,,SUBURBIO,ABALROAMENTO TRANSVERSAL,AUTO X ÔNIBUS S/V.,1,,,,,1,,,,0,,Cruzamento,Chuvoso,Não existe,Perfeito estado,Molhada,Perfeito estado,Não existe,Não há placas,,Dupla,Faixa contínua,,
2018-11-29,07:17:00,SEM VÍTIMA,FINALIZADA,MADALENA,EST DOS REMEDIOS,,,,EST DOS REMEDIOS,,,MADALENA,353,,ABALROAMENTO LONGITUDINAL,SM VÍTIMAS,2,,,,,,,,1,0,,Cruzamento,Bom,Sem defeito,Perfeito estado,Seca,Perfeito estado,Faixa de retenção,R-6a,,Única,,,
2018-11-29,07:43:00,SEM VÍTIMA,FINALIZADA,AFOGADOS,RUA DO FONSECA,1780,EST DOS REMEDIOS,AO LADO DA NISSAN,RUA DO FONSECA,1780,AO LADO DA NISSAN,AFOGADOS,,CIDADE,CHOQUE VEÍCULO PARADO,SEM VITIMAS,1,1,,,,,,,,0,,,Bom,Não existe,Incompleta,Seca,Perfeito estado,Não existe,Não há placas,,Dupla,Não existe,,
2018-11-29,08:33:00,COM VÍTIMA,FINALIZADA,ILHA DO LEITE,AV GOVERNADOR AGAMENON MAGALHAES,,,EM FRNTE AO HOSPITAL PORTUGUES,AV GOVERNADOR AGAMENON MAGALHAES,,EM FRNTE AO HOSPITAL PORTUGUES,ILHA DO LEITE,69,CIDADE,ABALROAMENTO LONGITUDINAL,COM UMA VITIMA AGUARDANDO SAMU,1,1,,,,,,,,1,,Longo da via,Bom,Sem defeito,Perfeito estado,Seca,Perfeito estado,Outros,Outras,60 km/h,Dupla,Canteiro central,,
2018-11-29,08:57:00,SEM VÍTIMA,FINALIZADA,ESPINHEIRO,AV CONS ROSA E SILVA,347,RUA CONFEDERACAO DO EQUADOR,EM FRENTE AO HOSPITAL DO SERVIDOR,AV CONS ROSA E SILVA,347,EM FRENTE AO HOSPITAL DO SERVIDOR,ESPINHEIRO,309,,COLISÃO TRASEIRA,COLISÃO SEM VITIMAS VT 13 QTH,2,,,,,,,,,0,,Longo da via,Bom,Sem defeito,Perfeito estado,Seca,Perfeito estado,Faixa de pedestre,Não há placas,,Única,Faixa contínua,,
2018-11-29,09:27:00,SEM VÍTIMA,FINALIZADA,SÃO JOSÉ,AV SUL,61,VDO PAPA JOAO PAULO II,SOB O VIADUTO JOANA BEZERRA,AV SUL,61,SOB O VIADUTO JOANA BEZERRA,SÃO JOSÉ,,CIDADE,COLISÃO TRASEIRA,SEM VITIMAS,2,,,,,,,,,0,,Longo da via,Bom,Não existe,Incompleta,Seca,Perfeito estado,Não existe,Não há placas,60 km/h,Dupla,Canteiro central,,
2018-11-29,11:55:00,COM VÍTIMA,CANCELADA,BOA VIAGEM,AV CONSELHEIRO AGUIAR,2770,,MOTOCICLETA CAIDA NA VIA  POSSSIVELMENTE ACIDENTE DE PERCURSO  CONFORME INFORMAÇÃO REPASSADA PELA ATENDENTE MONICA DO 0800.,AV CONSELHEIRO AGUIAR,2770,MOTOCICLETA CAIDA NA VIA  POSSSIVELMENTE ACIDENTE DE PERCURSO  CONFORME INFORMAÇÃO REPASSADA PELA ATENDENTE MONICA DO 0800.,BOA VIAGEM,,,COLISÃO,,,1,,,,,,,,1,,,,,,,,,,,,,,
2018-11-29,12:09:00,SEM VÍTIMA,FINALIZADA,BOA VISTA,RUA DO HOSPICIO,,,EM FRENTE AO EDF GARAGEM MARECHAL CASTELO BRANCO,RUA DO HOSPICIO,,EM FRENTE AO EDF GARAGEM MARECHAL CASTELO BRANCO,BOA VISTA,,CIDADE,ABALROAMENTO LONGITUDINAL,COLISAO ENTRE ONIBUS DO BRT E AUTO S/V,1,,,,,1,,,,0,,Longo da via,Bom,Sem defeito,Perfeito estado,Seca,Perfeito estado,,R-6a,,Dupla,Canteiro central,,
2018-11-29,12:14:00,SEM VÍTIMA,FINALIZADA,PINA,AV ANTONIO DE GOES,500,,FRENTE AO Nº 500,AV ANTONIO DE GOES,500,FRENTE AO Nº 500,PINA,,CIDADE,COLISÃO TRASEIRA,COLISO ENTRE QUATRO AUTO S/V,4,,,,,,,,,0,,Longo da via,Bom,Sem defeito,Perfeito estado,Seca,Perfeito estado,Agente,Outras,60 km/h,Única,Faixa seccionada,,
2018-11-29,12:14:00,SEM VÍTIMA,FINALIZADA,BOA VISTA,RUA DO PRINCIPE,,RUA DO HOSPICIO,EM FRENTE A CAMARA DOS VEREADORES DO RECIFE,RUA DO PRINCIPE,,EM FRENTE A CAMARA DOS VEREADORES DO RECIFE,BOA VISTA,31,,ABALROAMENTO LONGITUDINAL,COLISÃO SEM VÍTIMA,2,,,,,,,,,0,,Cruzamento,Bom,Sem defeito,Perfeito estado,Seca,Mal conservada,Faixa de pedestre,Não há placas,,Única,Faixa contínua,,
2018-11-29,12:25:00,SEM VÍTIMA,FINALIZADA,VÁRZEA,AV CAXANGA,,,EM FRENTE AO TERMINAL DE INTEGRAÇÃO,AV CAXANGA,,EM FRENTE AO TERMINAL DE INTEGRAÇÃO,VÁRZEA,262,SUBURBIO,ABALROAMENTO LONGITUDINAL,COLISÃO SEM VÍTIMA,1,,,,,,,1,,0,,Longo da via,Bom,Sem defeito,Perfeito estado,Seca,Perfeito estado,Faixa de pedestre,Outras,,Única,Faixa contínua,,
2018-11-29,12:36:00,SEM VÍTIMA,FINALIZADA,CASA AMARELA,RUA PADRE LEMOS,500,,EM FRENTE AOS CORREIOS,RUA PADRE LEMOS,500,EM FRENTE AOS CORREIOS,CASA AMARELA,,SUBURBIO,ABALROAMENTO LONGITUDINAL,AUTO E MOTO,1,1,,,,,,,,0,,Longo da via,Bom,Não existe,Perfeito estado,Seca,Perfeito estado,,,,Dupla,Faixa seccionada,,
2018-11-29,12:43:00,SEM VÍTIMA,FINALIZADA,TORRE,AV BEIRA RIO,,,EM FRENTE A ACADEMIA DA CIDADE,AV BEIRA RIO,,EM FRENTE A ACADEMIA DA CIDADE,TORRE,,SUBURBIO,COLISÃO TRASEIRA,SEM VÍTIMA,4,,,,,,,,,0,,Longo da via,Bom,Não existe,Perfeito estado,Seca,Perfeito estado,Não existe,R-6a,,Única,,,
2018-11-29,13:54:00,COM VÍTIMA,FINALIZADA,CASA AMARELA,AV NORTE,5795,,AO LADO DA PARADA DE ÔNIBUS NÚMERO 110044.,AV NORTE,5795,AO LADO DA PARADA DE ÔNIBUS NÚMERO 110044.,CASA AMARELA,95,SUBURBIO,ATROPELAMENTO,COM VÍTIMA,,1,,,1,,,,,1,,Longo da via,Bom,Não existe,Perfeito estado,Seca,Perfeito estado,Não existe,Outras,,Dupla,Faixa seccionada,,
2018-11-29,14:18:00,SEM VÍTIMA,FINALIZADA,VÁRZEA,AV CAXANGA,,,EM FRENTE A GMAG  PROX. AO T.I,AV CAXANGA,,EM FRENTE A GMAG  PROX. AO T.I,VÁRZEA,262,CIDADE,COLISÃO TRASEIRA,COLISAO ENTRE DOIS AUTOS S/V,2,,,,,,,,,0,,Longo da via,Bom,Sem defeito,Perfeito estado,Seca,Perfeito estado,Faixa de pedestre,Outras,,Única,Faixa contínua,,
2018-11-29,14:51:00,SEM VÍTIMA,FINALIZADA,CIDADE UNIVERSITÁRIA,RUA PROFESSOR CHAVES BATISTA,81,,,RUA PROFESSOR CHAVES BATISTA,81,,CIDADE UNIVERSITÁRIA,,CIDADE,ABALROAMENTO TRANSVERSAL,AUTO E CAMINHAO,1,,,,,,1,,,0,,Longo da via,Bom,Não existe,Perfeito estado,Seca,Perfeito estado,Não existe,Não há placas,,Única,Não existe,,
2018-11-29,14:52:00,COM VÍTIMA,FINALIZADA,COQUEIRAL,RUA PAULINO DE FARIAS,504,RUA ESCADA,PROXIMO A ESCOLA MORANGUINHO,RUA PAULINO DE FARIAS,504,PROXIMO A ESCOLA MORANGUINHO,COQUEIRAL,,CIDADE,COLISÃO FRONTAL,COLISÃO COM VÍTIMA,1,1,,,,,,,,1,,Cruzamento,Bom,Não existe,Incompleta,Seca,Perfeito estado,Outros,Outras,,Dupla,Não existe,,
2018-11-29,15:02:00,SEM VÍTIMA,FINALIZADA,BOA VIAGEM,AV CONSELHEIRO AGUIAR,1555,,,AV CONSELHEIRO AGUIAR,1555,,BOA VIAGEM,,CIDADE,ABALROAMENTO LONGITUDINAL,AUTO E ONIBUS ,1,,,,,1,,,,0,,Longo da via,Bom,Sem defeito,Perfeito estado,Seca,Perfeito estado,Faixa de pedestre,Outras,60 km/h,Única,Faixa contínua,,
2018-11-29,15:40:00,SEM VÍTIMA,FINALIZADA,IMBIRIBEIRA,RUA PAMPULHA,16,RUA ITAJAI,AO LADO DA PADARIA VALE DO RIO DOCE,RUA PAMPULHA,16,AO LADO DA PADARIA VALE DO RIO DOCE,IMBIRIBEIRA,,,ABALROAMENTO TRANSVERSAL,COLISAO ENTRE DOIS AUTOS S/V,2,,,,,,,,,0,,Cruzamento,Bom,Não existe,Perfeito estado,Seca,Perfeito estado,Outros,Placas Pare,,Única,Não existe,,
2018-11-29,16:09:00,SEM VÍTIMA,CANCELADA,VÁRZEA,AV AFONSO OLINDENSE,,,PROXIMO AO POSTO SHELL,AV AFONSO OLINDENSE,,PROXIMO AO POSTO SHELL,VÁRZEA,,,COLISÃO,COLISAO ENTRE AUTO E CAMINHÃO,1,,,,,,1,,,0,,,,,,,,,,,,,,
2018-11-29,17:16:00,SEM VÍTIMA,FINALIZADA,BOA VIAGEM,AV DOM JOAO VI,,,APROXIMADAMENTE METROS DO SEMÁFORO Nº 639,AV DOM JOAO VI,,APROXIMADAMENTE METROS DO SEMÁFORO Nº 639,BOA VIAGEM,,SUBURBIO,COLISÃO TRASEIRA,COLISÃO SEM VÍTIMA,2,,,,,,,,,0,,Longo da via,Bom,Não existe,Perfeito estado,Seca,Perfeito estado,Não existe,Não há placas,,Dupla,Faixa seccionada,,
2018-11-29,17:33:00,SEM VÍTIMA,FINALIZADA,PINA,AV HERCULANO BANDEIRA,591,,,AV HERCULANO BANDEIRA,591,,PINA,,,ABALROAMENTO LONGITUDINAL,COLISAO ENTRE DOIS AUTOS S/V,2,,,,,,,,,0,,Longo da via,Bom,Não existe,Perfeito estado,Seca,Perfeito estado,Outros,Outras,,Única,Faixa contínua,,
2018-11-29,18:12:00,SEM VÍTIMA,FINALIZADA,ESPINHEIRO,AV NORTE,2215,RUA JOSE DE SA CARNEIRO,MITSUBISH MOTOR 2215,AV NORTE,2215,MITSUBISH MOTOR 2215,ESPINHEIRO,665,SUBURBIO,COLISÃO TRASEIRA,GOL X MOTO,1,1,,,,,,,,0,,Cruzamento,Bom,Sem defeito,Perfeito estado,Seca,,Agente,Outras,,Dupla,Canteiro central,,
2018-11-29,18:22:00,SEM VÍTIMA,CANCELADA,BOMBA DO HEMETÉRIO,RUA BOMBA DO HEMETERIO,28,EST VELHA DE AGUA FRIA,PROX AO GIGANTE DO SAMBA,RUA BOMBA DO HEMETERIO,28,PROX AO GIGANTE DO SAMBA,BOMBA DO HEMETÉRIO,,,COLISÃO,ONIX X CLASSIC,2,,,,,,,,,0,,,,,,,,,,,,,,
2018-11-29,18:25:00,SEM VÍTIMA,CANCELADA,BOA VIAGEM,RUA TENENTE JOAO CICERO,4897,AV CONSELHEIRO AGUIAR,EM FRENTE À CIA DO CHOPP,RUA TENENTE JOAO CICERO,4897,EM FRENTE À CIA DO CHOPP,BOA VIAGEM,,,COLISÃO,ENTRE AUTOS S/V.,2,,,,,,,,,0,,,,,,,,,,,,,,
2018-11-29,18:29:00,SEM VÍTIMA,FINALIZADA,SANTO AMARO,RUA TREZE DE MAIO,914 A,RUA FREI CASSIMIRO,EM FRENTE AO Nº 914 A,RUA TREZE DE MAIO,914 A,EM FRENTE AO Nº 914 A,SANTO AMARO,,SUBURBIO,ABALROAMENTO LONGITUDINAL,MOTO X FAIT,1,1,,,,,,,,0,,Longo da via,Bom,Não existe,Perfeito estado,Seca,Perfeito estado,Não existe,Placas Pare,,Dupla,Não existe,,
2018-11-29,19:00:00,SEM VÍTIMA,CANCELADA,GRAÇAS,AV CONS ROSA E SILVA,172,,AO LADO DO CLUBE PORTUGUES,AV CONS ROSA E SILVA,172,AO LADO DO CLUBE PORTUGUES,GRAÇAS,,,COLISÃO,ONIBUS X FUSCA,1,,,,,1,,,,0,,,,,,,,,,,,,,
2018-11-29,19:39:00,SEM VÍTIMA,CANCELADA,SANTO AMARO,AV NORTE,,,ENCIMA DO VIADUTO,AV NORTE,,ENCIMA DO VIADUTO,SANTO AMARO,,SUBURBIO,ENGAVETAMENTO,TAXI X DOIS AUTOS,3,,,,,,,,,0,,,,,,,,,,,,,,
2018-11-29,20:08:00,COM VÍTIMA,FINALIZADA,TORREÃO,AV NORTE,,RUA GUADALUPE,,AV NORTE,,,TORREÃO,376,CIDADE,ABALROAMENTO TRANSVERSAL,PROXIMO A PRAÇA DA PICANHA,1,1,,,,,,,,1,,Cruzamento,Bom,Sem defeito,Perfeito estado,Seca,Perfeito estado,,Outras,,Dupla,Canteiro central,,
2018-11-29,20:33:00,SEM VÍTIMA,FINALIZADA,SANTO AMARO,AV PREFEITO ARTUR LIMA CAVALCANTI,,,,AV PREFEITO ARTUR LIMA CAVALCANTI,,,SANTO AMARO,243,SUBURBIO,ABALROAMENTO LONGITUDINAL,AUTO E ÔNIBUS S/V.,1,,,,,1,,,,0,,Longo da via,Bom,Sem defeito,Perfeito estado,Seca,Mal iluminada,Faixa de pedestre,Outras,,Única,Canteiro central,,
2018-11-29,21:12:00,SEM VÍTIMA,FINALIZADA,AFOGADOS,RUA IMPERIAL,,,,RUA IMPERIAL,,,AFOGADOS,352,SUBURBIO,CHOQUE VEÍCULO PARADO,FORD K X GOL,2,,,,,,,,,0,,Cruzamento,Bom,Sem defeito,Perfeito estado,Seca,Mal conservada,,R-6a,,Única,Não existe,,
2018-11-29,23:33:00,SEM VÍTIMA,FINALIZADA,VÁRZEA,RUA RORAIMA,11,,EM FRENTE AO Nº 11,RUA RORAIMA,11,EM FRENTE AO Nº 11,VÁRZEA,,SUBURBIO,CHOQUE VEÍCULO PARADO,SANDERO X FIAT IDEIA,3,,,,,,,,,0,,,Bom,Não existe,,Seca,,Não existe,Não há placas,,Dupla,Não existe,,
2018-11-30,00:17:00,SEM VÍTIMA,FINALIZADA,JARDIM SÃO PAULO,AV RECIFE,6840,,Nº 6840,AV RECIFE,6840,Nº 6840,JARDIM SÃO PAULO,,SUBURBIO,ABALROAMENTO LONGITUDINAL,COLISÃO ENTRE CAMINHÃO E MICRO ÔNIBUS S/V,,,,,,1,1,,,0,,Longo da via,Chuvoso,,Perfeito estado,Molhada,Perfeito estado,,Não há placas,,Única,Faixa seccionada,,
2018-11-30,03:50:00,COM VÍTIMA,FINALIZADA,PINA,AV HERCULANO BANDEIRA,,RUA ARQUITETO AUGUSTO REINALDO,EM FRENTE AO CONSULADO AMERICANO // PRÓX AO ATACADO DA CONSTRUÇÃO,AV HERCULANO BANDEIRA,,EM FRENTE AO CONSULADO AMERICANO // PRÓX AO ATACADO DA CONSTRUÇÃO,PINA,660,SUBURBIO,ABALROAMENTO TRANSVERSAL,COLISÃO ENTRE DOIS AUTOS  COM UMA VÍTIMA.,2,,,,,,,,,1,,Cruzamento,Bom,Intermitente,Perfeito estado,Seca,Perfeito estado,Faixa de pedestre,R-6a,,Única,Faixa,,
2018-11-30,04:15:00,COM VÍTIMA,FINALIZADA,VÁRZEA,AV AFONSO OLINDENSE,996,RUA JOSE NOYA,EM FRENTE A FARMACIA UNIÃO  PROX DO KIPREÇO MERCADO  PROX DA LOMBADA ELETRÔNICA,AV AFONSO OLINDENSE,996,EM FRENTE A FARMACIA UNIÃO  PROX DO KIPREÇO MERCADO  PROX DA LOMBADA ELETRÔNICA,VÁRZEA,,SUBURBIO,ABALROAMENTO TRANSVERSAL,COLISÃO ENTRE ÔNIBUS E AUTO C/V,1,,,,,1,,,,1,,Cruzamento,Bom,Não existe,Perfeito estado,Seca,Perfeito estado,Não existe,Não há placas,,Dupla,Faixa,,
2018-11-30,06:52:00,COM VÍTIMA,FINALIZADA,IMBIRIBEIRA,AV MARECHAL MASCARENHAS DE MORAES,1482,,E/F A LAZER ELETRO.,AV MARECHAL MASCARENHAS DE MORAES,1482,E/F A LAZER ELETRO.,IMBIRIBEIRA,287,CIDADE,COLISÃO TRASEIRA,COM DUAS VÍTIMAS.,1,1,,,,,,,,2,,Longo da via,Bom,Sem defeito,Perfeito estado,Seca,Perfeito estado,Não existe,Outras,60 km/h,Dupla,Faixa,,
2018-11-30,08:55:00,SEM VÍTIMA,FINALIZADA,CASA FORTE,RUA SANTANA,,RUA JORGE GOMES DE SA,AO LADO DO CPRH,RUA SANTANA,,AO LADO DO CPRH,CASA FORTE,,,COLISÃO,ENTRE UM AUTO PASSEIO E UM CAMINHÃO,1,,,,,,1,,,0,,,,,,,,,,,,,,
2018-11-30,09:23:00,SEM VÍTIMA,FINALIZADA,SANTO AMARO,AV CRUZ CABUGA,,RUA LEAO FALCAO,DE FRONTE AO HOSPITAL NAVAL DO RECIFE,AV CRUZ CABUGA,,DE FRONTE AO HOSPITAL NAVAL DO RECIFE,SANTO AMARO,,CIDADE,ABALROAMENTO LONGITUDINAL,SEM VÍTIMAS,2,,,,,,,,,0,,Outros,Bom,Não existe,Ilegível,Seca,Mal conservada,Não existe,Outras,,Dupla,Faixa seccionada,,
2018-11-30,10:08:00,SEM VÍTIMA,FINALIZADA,AFOGADOS,AV SUL,,,EM FRENTE A BORRACHARIA SUL,AV SUL,,EM FRENTE A BORRACHARIA SUL,AFOGADOS,,CIDADE,COLISÃO,SEM VITIMas,2,,,,,,,,,0,,,,,,,,,,,,,,
2018-11-30,10:13:00,SEM VÍTIMA,FINALIZADA,PARNAMIRIM,RUA JOAO TUDE DE MELO,,AV PARNAMIRIM,,RUA JOAO TUDE DE MELO,,,PARNAMIRIM,10,SUBURBIO,COLISÃO TRASEIRA,DOIS AUTOS E UM CARRO FORTE,3,,,,,,,,,0,,Longo da via,Bom,Sem defeito,Perfeito estado,Seca,Perfeito estado,Faixa de pedestre,Outras,,Única,Faixa seccionada,,
2018-11-30,10:31:00,SEM VÍTIMA,FINALIZADA,BONGI,RUA ISAAC MARKMAN,,,FRENTE A SECRETARIA ESTADUAL DE SAÚDE,RUA ISAAC MARKMAN,,FRENTE A SECRETARIA ESTADUAL DE SAÚDE,BONGI,,SUBURBIO,ABALROAMENTO LONGITUDINAL,SEM VÍTIMAS. VT 12 NO LOCAL,1,1,,,,,,,,0,,Longo da via,Bom,Não existe,Perfeito estado,Seca,Perfeito estado,Não existe,R-6a,,Dupla,Faixa contínua,,
2018-11-30,10:34:00,SEM VÍTIMA,DUPLICIDADE,CORDEIRO,AV GENERAL SAN MARTIN,,,,AV GENERAL SAN MARTIN,,,CORDEIRO,,,COLISÃO,,,,,,,,,,,0,,,,,,,,,,,,,,
2018-11-30,10:33:00,SEM VÍTIMA,FINALIZADA,CORDEIRO,AV GENERAL SAN MARTIN,,,EM FRENTE AO MINISTÉRIO DA AGRICULTURA,AV GENERAL SAN MARTIN,,EM FRENTE AO MINISTÉRIO DA AGRICULTURA,CORDEIRO,403,SUBURBIO,ABALROAMENTO TRANSVERSAL,DOIS AUTOS / VT 17 NO QTH,2,,,,,,,,,0,,Longo da via,Bom,Sem defeito,Perfeito estado,Seca,Perfeito estado,Faixa de pedestre,Outras,,Dupla,Faixa contínua,,
2018-11-30,10:36:00,SEM VÍTIMA,FINALIZADA,TAMARINEIRA,RUA CONEGO BARATA,,,EM FRENTE A FERREIRA COSTA E AO HOSPITAL DE PEDIATRIA HELENA MOURA,RUA CONEGO BARATA,,EM FRENTE A FERREIRA COSTA E AO HOSPITAL DE PEDIATRIA HELENA MOURA,TAMARINEIRA,,CIDADE,ABALROAMENTO LONGITUDINAL,SEM VITIMAS.VEÍCULO QUE TRANSPORTA PACIENTES PARA FAZER HEMODIALISE,2,,,,,,,,,0,,Longo da via,Bom,Não existe,Incompleta,Seca,Perfeito estado,Não existe,R-6a,,Dupla,Faixa seccionada,,
2018-11-30,10:37:00,SEM VÍTIMA,FINALIZADA,SANTO AMARO,AV MILITAR,,,PROX. A PONTE DO LIMOEIRO  E/F AO POSTO SHELL,AV MILITAR,,PROX. A PONTE DO LIMOEIRO  E/F AO POSTO SHELL,SANTO AMARO,,SUBURBIO,ABALROAMENTO LONGITUDINAL,DOIS AUTOS S/V,2,,,,,,,,,0,,Longo da via,Bom,Não existe,Perfeito estado,Seca,Perfeito estado,Não existe,Não há placas,60 km/h,Dupla,Canteiro central,,
2018-11-30,11:36:00,SEM VÍTIMA,CANCELADA,GRAÇAS,RUA ABELARDO,,RUA ALBERTO PAIVA,AO LADO DA ESCOLA DE INGLES SCHOOL,RUA ABELARDO,,AO LADO DA ESCOLA DE INGLES SCHOOL,GRAÇAS,,,COLISÃO,DOIS AUTOS S/V,,,,,,,,,,0,,,,,,,,,,,,,,
2018-11-30,11:56:00,SEM VÍTIMA,CANCELADA,BOA VISTA,RUA ALMEIDA CUNHA,,,AO LADO DA CATOLICA,RUA ALMEIDA CUNHA,,AO LADO DA CATOLICA,BOA VISTA,,,COLISÃO,DOIS AUTOS S/V,2,,,,,,,,,0,,,,,,,,,,,,,,
2018-11-30,13:02:00,SEM VÍTIMA,CANCELADA,AFOGADOS,AV SUL,,RUA ANTONIO MACARIO,PROX A POLICLINICA DE AFOGADOS,AV SUL,,PROX A POLICLINICA DE AFOGADOS,AFOGADOS,,,COLISÃO,MICRO-ONIBUS X HONDA CIT,1,,,,,1,,,,0,,,,,,,,,,,,,,
2018-11-30,13:07:00,COM VÍTIMA,FINALIZADA,ENCRUZILHADA,RUA PROFESSOR OTAVIO DE FREITAS,256,,EM FRENTE AO Nº 256,RUA PROFESSOR OTAVIO DE FREITAS,256,EM FRENTE AO Nº 256,ENCRUZILHADA,,,ABALROAMENTO LONGITUDINAL,COLISAO ENTRE AUTO E MOTO COM UMA VITIMA,1,,1,,,,,,,1,,Longo da via,Bom,Não existe,Não existente,Seca,Perfeito estado,Não existe,Não há placas,,Dupla,Não existe,,
2018-11-30,13:08:00,COM VÍTIMA,FINALIZADA,VÁRZEA,RUA PROFESSOR ANTONIO COELHO,495,RUA MARECHAL RONDON,EM FRENTE AO COLÉGIO PONTUAL,RUA PROFESSOR ANTONIO COELHO,495,EM FRENTE AO COLÉGIO PONTUAL,VÁRZEA,,SUBURBIO,ABALROAMENTO TRANSVERSAL,MOTO X TOYOTA X VT 21 DA CTTUNO LOCAL,1,1,,,,,,,,1,,Cruzamento,Bom,Não existe,Não existente,Seca,Perfeito estado,,Não há placas,,Dupla,Não existe,,
2018-11-30,13:11:00,SEM VÍTIMA,DUPLICIDADE,IMBIRIBEIRA,RUA IZABEL DE SOUZA,416,RUA PAMPULHA,POR TRAS DA RENAULT,RUA IZABEL DE SOUZA,416,POR TRAS DA RENAULT,IMBIRIBEIRA,450,,ENGAVETAMENTO,ENTRE TRES AUTOS,3,,,,,,,,,0,,,,,,,,,,,,,,
2018-11-30,13:14:00,COM VÍTIMA,DUPLICIDADE,VÁRZEA,RUA PROFESSOR ANTONIO COELHO,,RUA MARECHAL RONDON,COLÉGIO PONTUAL,RUA PROFESSOR ANTONIO COELHO,,COLÉGIO PONTUAL,VÁRZEA,,,COLISÃO,COLISÃO COM VITIMA,1,1,,,,,,,,1,,,,,,,,,,,,,,
2018-11-30,13:15:00,SEM VÍTIMA,CANCELADA,AFOGADOS,AV SUL,,,PROX AO POSTO DE SAUDE AGAMENOM MAGALHAES,AV SUL,,PROX AO POSTO DE SAUDE AGAMENOM MAGALHAES,AFOGADOS,,,COLISÃO,COLSAO ENTRE ONIBUS E AUTO S/V,1,,,,,1,,,,0,,,,,,,,,,,,,,
2018-11-30,13:19:00,SEM VÍTIMA,FINALIZADA,CAMPO GRANDE,RUA DR MACHADO,302,,E/F A PADARIA SANTO ANTONIO,RUA DR MACHADO,302,E/F A PADARIA SANTO ANTONIO,CAMPO GRANDE,,,COLISÃO,COLISAO ENTRE DOIS AUTOS S/V,2,,,,,,,,,0,,,,,,,,,,,,,,
2018-11-30,13:22:00,SEM VÍTIMA,FINALIZADA,BOA VIAGEM,AV ENGENHEIRO DOMINGOS FERREIRA,,RUA ARTUR MUNIZ,ENF AO EXTRA,AV ENGENHEIRO DOMINGOS FERREIRA,,ENF AO EXTRA,BOA VIAGEM,380,SUBURBIO,ABALROAMENTO LONGITUDINAL,KIA X ONIBUS ,1,,,,,1,,,,0,,Cruzamento,Bom,Sem defeito,Perfeito estado,Seca,Perfeito estado,Agente,R-6a,,Única,Canteiro central,,
2018-11-30,14:04:00,SEM VÍTIMA,FINALIZADA,GRAÇAS,RUA AMELIA,,,EM FRENTE POSTO SHELL,RUA AMELIA,,EM FRENTE POSTO SHELL,GRAÇAS,48,CIDADE,COLISÃO TRASEIRA,DOIS AUTOS S/V,2,,,,,,,,,0,,Longo da via,Bom,Sem defeito,Perfeito estado,Seca,Perfeito estado,Faixa de pedestre,Outras,,Única,Faixa seccionada,,
2018-11-30,14:13:00,SEM VÍTIMA,FINALIZADA,IMBIRIBEIRA,RUA PAMPULHA,,,,RUA PAMPULHA,,,IMBIRIBEIRA,430,CIDADE,COLISÃO TRASEIRA,COLISÃO ENTRE DOIS AUTOS,3,,,,,,,,,0,,Longo da via,Bom,,,Seca,Mal iluminada,Não existe,Não há placas,,Única,Faixa seccionada,,