data,hora,natureza_acidente,situacao,bairro,endereco,numero,detalhe_endereco_acidente,complemento,endereco_cruzamento,numero_cruzamento,referencia_cruzamento,bairro_cruzamento,num_semaforo,sentido_via,tipo,descricao,auto,moto,ciclom,ciclista,pedestre,onibus,caminhao,viatura,outros,vitimas,vitimasfatais,acidente_verificado,tempo_clima,situacao_semaforo,sinalizacao,condicao_via,conservacao_via,ponto_controle,situacao_placa,velocidade_max_via,mao_direcao,divisao_via1,divisao_via2,divisao_via3
2018-11-30,14:18:00,SEM VÍTIMA,FINALIZADA,ENCRUZILHADA,RUA QUARENTA E OITO,76,,PROX AO POSTO BR,RUA QUARENTA E OITO,76,PROX AO POSTO BR,ENCRUZILHADA,,CIDADE,COLISÃO TRASEIRA,TUCSON X FOX,2,,,,,,,,,0,,Longo da via,Bom,Não existe,Perfeito estado,Seca,Perfeito estado,Não existe,Não há placas,,Única,Faixa contínua,,
2018-11-30,15:08:00,SEM VÍTIMA,FINALIZADA,BOA VIAGEM,AV ENGENHEIRO DOMINGOS FERREIRA,,,ENF AO EXTRA,AV ENGENHEIRO DOMINGOS FERREIRA,,ENF AO EXTRA,BOA VIAGEM,380,SUBURBIO,COLISÃO TRASEIRA,HILUX X PRISMA X CRV X GOL,4,,,,,,,,,0,,Longo da via,Bom,Sem defeito,Perfeito estado,Seca,Perfeito estado,Faixa de pedestre,R-6a,,Única,Canteiro central,,
2018-11-30,15:32:00,SEM VÍTIMA,FINALIZADA,TAMARINEIRA,AV CONS ROSA E SILVA,1550,,E/F AO POSTO SHELL,AV CONS ROSA E SILVA,1550,E/F AO POSTO SHELL,TAMARINEIRA,214,SUBURBIO,ABALROAMENTO TRANSVERSAL,COLISAO ENTRE AUTO E MOTO S/V,1,1,,,,,,,,0,,Longo da via,Bom,Sem defeito,Perfeito estado,Seca,Perfeito estado,Não existe,Não há placas,,Única,Faixa seccionada,,
2018-11-30,16:16:00,SEM VÍTIMA,FINALIZADA,MACAXEIRA,AV NORTE,,,LADO OPOSTO AO PARQUE DA MACAXEIRA,AV NORTE,,LADO OPOSTO AO PARQUE DA MACAXEIRA,MACAXEIRA,,,COLISÃO TRASEIRA,COLISAO ENTRE DOIS AUTOS S/V,2,,,,,,,,,0,,Longo da via,Bom,Não existe,Incompleta,Seca,Perfeito estado,Não existe,Não há placas,,Dupla,Canteiro central,,
2018-11-30,16:33:00,SEM VÍTIMA,FINALIZADA,PINA,AV REPUBLICA DO LIBANO,355,,POLICLÍNICA PROFº NAIDE REGUEIRA TEODÓSIO,AV REPUBLICA DO LIBANO,355,POLICLÍNICA PROFº NAIDE REGUEIRA TEODÓSIO,PINA,,,CHOQUE OBJETO FIXO,CHOQUE ENTRE AUTO E PRISMA DE CONCRETO,1,,,,,,,,,0,,Longo da via,Bom,Não existe,Perfeito estado,Seca,Perfeito estado,Outros,R-6a,,Única,Faixa seccionada,,
2018-11-30,16:56:00,COM VÍTIMA,FINALIZADA,CIDADE UNIVERSITÁRIA,AV CAXANGA,,,AO LADO DO TERMINAL INTEGRADO,AV CAXANGA,,AO LADO DO TERMINAL INTEGRADO,CIDADE UNIVERSITÁRIA,270,CIDADE,ABALROAMENTO LONGITUDINAL,COLISÃO COM VITIMA. SEGUNDO VEÍCULO EVADIU-SE DO LOCAL DO ACIDDNTE  SEGUNDO POPULARES.,1,1,,,,,,,,1,,Longo da via,Bom,Sem defeito,Perfeito estado,Seca,Outros,Faixa de pedestre,R-6a,,Dupla,Canteiro central,,
2018-11-30,17:25:00,SEM VÍTIMA,FINALIZADA,,PRC PARQUE AMORIM,,,EM FRENTE AO WALMART,PRC PARQUE AMORIM,,EM FRENTE AO WALMART,,,SUBURBIO,ABALROAMENTO LONGITUDINAL,AUTO E ONIBUS S/V,1,,,,,1,,,,0,,Longo da via,Bom,Sem defeito,Perfeito estado,Seca,Perfeito estado,Faixa de pedestre,Não há placas,,Única,Faixa contínua,,
2018-11-30,17:36:00,SEM VÍTIMA,FINALIZADA,IMBIRIBEIRA,AV MARECHAL MASCARENHAS DE MORAES,,,EM FRENTE A RAUL ALTA PERFORMANCE,AV MARECHAL MASCARENHAS DE MORAES,,EM FRENTE A RAUL ALTA PERFORMANCE,IMBIRIBEIRA,,CIDADE,COLISÃO TRASEIRA,COLISAO ENTRE DOIS AUTOS S/V,2,,,,,,,,,0,,Longo da via,Bom,Sem defeito,Perfeito estado,Seca,Perfeito estado,Faixa de pedestre,Não há placas,60 km/h,Dupla,Canteiro central,,
2018-11-30,17:43:00,SEM VÍTIMA,FINALIZADA,AFOGADOS,RUA SAO MIGUEL,,,PROX QAO BANCO DO BRASIL S/T SUB,RUA SAO MIGUEL,,PROX QAO BANCO DO BRASIL S/T SUB,AFOGADOS,,SUBURBIO,ABALROAMENTO LONGITUDINAL,COLISAO NETRE ONIBUS E AUTO S/V,1,,,,,1,,,,0,,Longo da via,Bom,Não existe,Perfeito estado,Seca,Perfeito estado,Não existe,Outras,40 km/h,Dupla,Faixa contínua,,
2018-11-30,17:54:00,SEM VÍTIMA,FINALIZADA,IMBIRIBEIRA,AV MARECHAL MASCARENHAS DE MORAES,,,E/F A GRILLO FLORES S/T CID,AV MARECHAL MASCARENHAS DE MORAES,,E/F A GRILLO FLORES S/T CID,IMBIRIBEIRA,,CIDADE,ABALROAMENTO LONGITUDINAL,COLISAO ENTRE DOIS AUTOS S/V,2,,,,,,,,,0,,Cruzamento,Bom,Sem defeito,Perfeito estado,Seca,Perfeito estado,Faixa de pedestre,Outras,60 km/h,Dupla,Canteiro central,,
2018-11-30,18:02:00,SEM VÍTIMA,DUPLICIDADE,AFOGADOS,RUA SAO MIGUEL,350,RUA DO ROSARIO,PROXAO BANCO DO BRASIL,RUA SAO MIGUEL,350,PROXAO BANCO DO BRASIL,AFOGADOS,,,COLISÃO,ONIBUS X CELTA,1,,,,,1,,,,0,,,,,,,,,,,,,,
2018-11-30,18:05:00,SEM VÍTIMA,FINALIZADA,CAMPO GRANDE,RUA ODORICO MENDES,,RUA ESBERARD,,RUA ODORICO MENDES,,,CAMPO GRANDE,,CIDADE,COLISÃO FRONTAL,,1,1,,,,,,,,0,,,Bom,Não existe,Não existente,Seca,Perfeito estado,Não existe,,,,,,
2018-11-30,18:24:00,COM VÍTIMA,FINALIZADA,SAN MARTIN,AV GENERAL SAN MARTIN,134,RUA FLORA RICA,PROXA ESCOLA ADVENTISTA,AV GENERAL SAN MARTIN,134,PROXA ESCOLA ADVENTISTA,SAN MARTIN,371,CIDADE,ABALROAMENTO TRANSVERSAL,FAIT X MOTO,1,1,,,,,,,,1,,Cruzamento,Bom,Não existe,Perfeito estado,Seca,Perfeito estado,,Placas Pare,40 km/h,Dupla,Faixa contínua,,
2018-11-30,18:29:00,SEM VÍTIMA,EQUIPE EM DESLOCAMENTO,BOA VIAGEM,RUA CARLOS PEREIRA FALCAO,464,AV FERNANDO SIMOES BARBOSA,ENF ACADEMIA METCH FIT ANTIGA HI,RUA CARLOS PEREIRA FALCAO,464,ENF ACADEMIA METCH FIT ANTIGA HI,BOA VIAGEM,,,COLISÃO,DOIS AUTO,2,,,,,,,,,0,,,,,,,,,,,,,,
2018-11-30,18:50:00,SEM VÍTIMA,FINALIZADA,JARDIM SÃO PAULO,RUA BRAGANCA,68,,PRÓX À IGREJA BATISTA DE JD SÃO PAULO E PRAÇA EL SALVADOR,RUA BRAGANCA,68,PRÓX À IGREJA BATISTA DE JD SÃO PAULO E PRAÇA EL SALVADOR,JARDIM SÃO PAULO,,SUBURBIO,CHOQUE VEÍCULO PARADO,,1,,,,,,1,,,0,,Longo da via,Bom,Não existe,Incompleta,Seca,Perfeito estado,Não existe,Não há placas,,Dupla,Não existe,,
2018-11-30,19:50:00,SEM VÍTIMA,FINALIZADA,ESTÂNCIA,AV RECIFE,,,EM FRENTE AO PONTILHÃO DE SANTA LUZIA,AV RECIFE,,EM FRENTE AO PONTILHÃO DE SANTA LUZIA,ESTÂNCIA,,SUBURBIO,COLISÃO TRASEIRA,ENTRE AUTOS S/V.,2,,,,,,,,,0,,Longo da via,Bom,Não existe,Não existente,Seca,Perfeito estado,Não existe,Não há placas,,Dupla,Canteiro central,,
2018-11-30,19:55:00,SEM VÍTIMA,FINALIZADA,IMBIRIBEIRA,RUA JAMAICA,,RUA ITAJAI,PRÓX À IGREJA PRESBITERIANA,RUA JAMAICA,,PRÓX À IGREJA PRESBITERIANA,IMBIRIBEIRA,,CIDADE,ABALROAMENTO TRANSVERSAL,ENTRE AUTOS S/V.,2,,,,,,,,,0,,Longo da via,Bom,Sem defeito,Incompleta,Seca,,Faixa de pedestre,Não há placas,,Única,Não existe,,
2018-11-30,20:10:00,SEM VÍTIMA,CANCELADA,AREIAS,RUA AURORA CACOTE,,,PRÓX AO GALETUS,RUA AURORA CACOTE,,PRÓX AO GALETUS,AREIAS,,,COLISÃO,ENTRE AUTOS S/V.,2,,,,,,,,,0,,,,,,,,,,,,,,
2018-11-30,20:20:00,SEM VÍTIMA,CANCELADA,CASA AMARELA,RUA PADRE LEMOS,,EST DO ARRAIAL,ENF AO MERCADO PUBLICO DE CASA AMARELA,RUA PADRE LEMOS,,ENF AO MERCADO PUBLICO DE CASA AMARELA,CASA AMARELA,404,,COLISÃO,MONZA X UP,2,,,,,,,,,0,,,,,,,,,,,,,,
2018-11-30,20:21:00,SEM VÍTIMA,FINALIZADA,VÁRZEA,AV BARAO DE BONITO,,RUA ENGENHEIRO VASCONCELOS BITTENCOURT,,AV BARAO DE BONITO,,,VÁRZEA,,SUBURBIO,ABALROAMENTO TRANSVERSAL,ENTRE AUTOS S/V.,2,,,,,,,,,0,,Cruzamento,Bom,Não existe,Não existente,Seca,,Não existe,Não há placas,,Dupla,Não existe,,
2018-11-30,20:36:00,SEM VÍTIMA,FINALIZADA,COQUEIRAL,RUA DA CUSTODIA,95,,,RUA DA CUSTODIA,95,,COQUEIRAL,,,CHOQUE VEÍCULO PARADO,ÔNIBUS X AUTO S/V.,1,,,,,1,,,,0,,Longo da via,Bom,Não existe,Perfeito estado,Seca,Mal iluminada,Não existe,Outras,,Única,Não existe,,
2018-11-30,21:06:00,SEM VÍTIMA,FINALIZADA,MADALENA,EST DOS REMEDIOS,,RUA BENFICA,,EST DOS REMEDIOS,,,MADALENA,51,SUBURBIO,ABALROAMENTO LONGITUDINAL,ONIBUS X IDEIA,1,,,,,1,,,,0,,Longo da via,Bom,Sem defeito,Perfeito estado,Seca,Perfeito estado,Agente,R-32,60 km/h,Única,Faixa contínua,,
2018-12-01,00:01:00,SEM VÍTIMA,FINALIZADA,CORDEIRO,AV ENGENHEIRO ABDIAS DE CARVALHO,,,DEFRONTE AO Nº 1800,AV ENGENHEIRO ABDIAS DE CARVALHO,,DEFRONTE AO Nº 1800,CORDEIRO,58,SUBURBIO,COLISÃO TRASEIRA,COLISÃO ENTRE DOIS AUTOS S/V,2,,,,,,,,,0,,Longo da via,Bom,Sem defeito,Perfeito estado,Seca,Perfeito estado,Faixa de pedestre,,,Única,Canteiro central,,
2018-12-01,00:36:00,SEM VÍTIMA,CANCELADA,BOA VIAGEM,RUA ERNESTO DE PAULA SANTOS,,,EM FRENTE AO POSTO BR  NA DESCIDA DO VIADUTO TANCREDO NEVES  SENTIDO BOA VIAGEM,RUA ERNESTO DE PAULA SANTOS,,EM FRENTE AO POSTO BR  NA DESCIDA DO VIADUTO TANCREDO NEVES  SENTIDO BOA VIAGEM,BOA VIAGEM,,,COLISÃO,COLISÃO ENTRE DOIS AUTOS  S/V.,2,,,,,,,,,0,,,,,,,,,,,,,,
2018-12-01,03:25:00,COM VÍTIMA,FINALIZADA,DOIS UNIDOS,RUA DIVISOPOLIS,21,,PRÓX A QUADRA DO ALTO DO CAPITÃO // PRÓX AO TERMINAL DE ÔNIBUS,RUA DIVISOPOLIS,21,PRÓX A QUADRA DO ALTO DO CAPITÃO // PRÓX AO TERMINAL DE ÔNIBUS,DOIS UNIDOS,,SUBURBIO,COLISÃO FRONTAL,COLISÃO ENTRE ÔNIBUS E MOTO,,1,,,,1,,,,1,,Longo da via,Bom,Não existe,Incompleta,Seca,Perfeito estado,Não existe,Não há placas,30 km/h,Dupla,Não existe,,
2018-12-01,04:02:00,SEM VÍTIMA,FINALIZADA,AFOGADOS,RUA COSME VIANA,,EST DO BONGI,,RUA COSME VIANA,,,AFOGADOS,100,CIDADE,ABALROAMENTO TRANSVERSAL,COLISÃO ENTRE DOIS AUTOS S/V,2,,,,,,,,,0,,Cruzamento,Bom,Intermitente,Perfeito estado,Seca,Perfeito estado,Faixa de pedestre,Não há placas,60 km/h,Única,Faixa seccionada,,
2018-12-01,05:09:00,SEM VÍTIMA,FINALIZADA,BOA VISTA,RUA JOAO FERNANDES VIEIRA,321,,EM FRENTE AO EDF LAMEGO // EM FRENTE A UNIBRA,RUA JOAO FERNANDES VIEIRA,321,EM FRENTE AO EDF LAMEGO // EM FRENTE A UNIBRA,BOA VISTA,,CIDADE,CHOQUE VEÍCULO PARADO,COLISÃO ENTRE DOIS AUTOS S/V,2,,,,,,,,,0,,Longo da via,Bom,Não existe,Incompleta,Seca,Perfeito estado,,R-6a,,Única,Faixa seccionada,,
2018-12-01,09:02:00,SEM VÍTIMA,FINALIZADA,IMBIRIBEIRA,AV MARECHAL MASCARENHAS DE MORAES,2931,,,AV MARECHAL MASCARENHAS DE MORAES,2931,,IMBIRIBEIRA,631,CIDADE,COLISÃO TRASEIRA,COLISÃO SEM VITIMAS,2,,,,,,,,,0,,Longo da via,Bom,Sem defeito,Perfeito estado,Seca,Perfeito estado,Outros,Outras,60 km/h,Única,Canteiro central,,
2018-12-01,09:12:00,SEM VÍTIMA,FINALIZADA,SÃO JOSÉ,AV DANTAS BARRETO,,,EM FRENTE A LIVRARIA MANANCIAL,AV DANTAS BARRETO,,EM FRENTE A LIVRARIA MANANCIAL,SÃO JOSÉ,,,COLISÃO,COLISÃO SEM VITIMAS,2,,,,,,,,,0,,,,,,,,,,,,,,
2018-12-01,09:24:00,COM VÍTIMA,FINALIZADA,VASCO DA GAMA,RUA VASCO DA GAMA,1296,RUA VILA UM POR TODOS,EM FRENTE A DELEGACIA DO VASCO DA GAMA,RUA VASCO DA GAMA,1296,EM FRENTE A DELEGACIA DO VASCO DA GAMA,VASCO DA GAMA,,CIDADE,ABALROAMENTO TRANSVERSAL,COLISÃO COM VITIMA A ESPERA DO SAMU,1,1,,,,,,,,1,,Longo da via,Bom,Não existe,Não existente,Seca,Perfeito estado,,R-6a,,Dupla,,,
2018-12-01,10:14:00,SEM VÍTIMA,FINALIZADA,CORDEIRO,RUA ANTERO MOTA,2200,RUA GENERAL MENA BARRETO,,RUA ANTERO MOTA,2200,,CORDEIRO,,SUBURBIO,ABALROAMENTO LONGITUDINAL,COLISÃO SEM VITIMAS,2,,,,,,,,,0,,Longo da via,Bom,Não existe,Perfeito estado,Seca,Perfeito estado,Não existe,Não há placas,,Dupla,Não existe,,
2018-12-01,11:41:00,SEM VÍTIMA,FINALIZADA,TORRE,RUA CONDE DE IRAJA,,,NA PONTE DA TORRE,RUA CONDE DE IRAJA,,NA PONTE DA TORRE,TORRE,639,,COLISÃO,COLISAO ENTRE ONIBUS E AUTO S/V,1,,,,,1,,,,0,,,,,,,,,,,,,,
2018-12-01,11:36:00,SEM VÍTIMA,FINALIZADA,IMBIRIBEIRA,AV MARECHAL MASCARENHAS DE MORAES,1866,,E/F A LOJA DE CARRO SAEL S/T SUB,AV MARECHAL MASCARENHAS DE MORAES,1866,E/F A LOJA DE CARRO SAEL S/T SUB,IMBIRIBEIRA,,SUBURBIO,ABALROAMENTO LONGITUDINAL,COLISAO ENTRE DOIS AUTOS S/V,2,,,,,,,,,0,,Longo da via,Bom,Não existe,Perfeito estado,Seca,Perfeito estado,Não existe,Outras,,Dupla,Faixa seccionada,,
2018-12-01,12:22:00,SEM VÍTIMA,FINALIZADA,MANGUEIRA,RUA DR JOAO ELISIO,107,,EM FRENTE AO SALÃO E BARBEARIA SEIS DE OUTUBRO,RUA DR JOAO ELISIO,107,EM FRENTE AO SALÃO E BARBEARIA SEIS DE OUTUBRO,MANGUEIRA,,,COLISÃO,COLISÃO SEM VÍTIMA,1,1,,,,,,,,0,,,,,,,,,,,,,,
2018-12-01,12:23:00,SEM VÍTIMA,FINALIZADA,IBURA,AV DOIS RIOS,,,PROX. A SUBIDA DA LADEIRA DA COHAB  EM BAIXO DO VIADUTO  PROX. AO HOTEL MALICE,AV DOIS RIOS,,PROX. A SUBIDA DA LADEIRA DA COHAB  EM BAIXO DO VIADUTO  PROX. AO HOTEL MALICE,IBURA,,,COLISÃO,DOIS AUTOS  SV,2,,,,,,,,,0,,,,,,,,,,,,,,
2018-12-01,12:46:00,SEM VÍTIMA,FINALIZADA,IMBIRIBEIRA,AV MARECHAL MASCARENHAS DE MORAES,4861,,FACULDADE FPS,AV MARECHAL MASCARENHAS DE MORAES,4861,FACULDADE FPS,IMBIRIBEIRA,,CIDADE,COLISÃO TRASEIRA,,2,,,,,,,,,0,,Longo da via,Bom,Sem defeito,Perfeito estado,Seca,Perfeito estado,Não existe,Outras,60 km/h,Única,Faixa contínua,,Faixa seccionada
2018-12-01,13:34:00,COM VÍTIMA,FINALIZADA,BOA VIAGEM,AV ENGENHEIRO DOMINGOS FERREIRA,40,,EM FRENTE AO ARMAZÉM BEIRA MAR,AV ENGENHEIRO DOMINGOS FERREIRA,40,EM FRENTE AO ARMAZÉM BEIRA MAR,BOA VIAGEM,,SUBURBIO,ABALROAMENTO LONGITUDINAL,MOTO X AUTO,1,1,,,,,,,,1,,Longo da via,Bom,Não existe,Perfeito estado,Seca,Perfeito estado,,Outras,60 km/h,Única,Faixa,,
2018-12-01,13:36:00,SEM VÍTIMA,CANCELADA,ESTÂNCIA,AV DR JOSE RUFINO,501,RUA BARAO DE BUIQUE,PROX. A PADARIA SITIENCE,AV DR JOSE RUFINO,501,PROX. A PADARIA SITIENCE,ESTÂNCIA,,,COLISÃO,ONIBUS E AUTO,1,,,,,1,,,,0,,,,,,,,,,,,,,
2018-12-01,14:00:00,SEM VÍTIMA,FINALIZADA,SANTO AMARO,AV DANTAS BARRETO,251,RUA SIQUEIRA CAMPOS,,AV DANTAS BARRETO,251,,SANTO AMARO,141,CIDADE,COLISÃO FRONTAL,COLISÃO SEM VÍTIMA,2,,,,,,,,,0,,Longo da via,Bom,Sem defeito,Perfeito estado,Seca,Perfeito estado,Não existe,,,Dupla,Canteiro central,,
2018-12-01,14:26:00,SEM VÍTIMA,FINALIZADA,SÃO JOSÉ,RUA IMPERIAL,981,TRV DO RAPOSO,,RUA IMPERIAL,981,,SÃO JOSÉ,510,SUBURBIO,ABALROAMENTO TRANSVERSAL,COLISÃO SEM VÍTIMA,2,,,,,,,,,0,,Cruzamento,Bom,Sem defeito,Perfeito estado,Seca,Perfeito estado,Faixa de pedestre,R-6a,40 km/h,Única,Faixa seccionada,,
2018-12-01,14:35:00,SEM VÍTIMA,FINALIZADA,SANTO AMARO,AV CRUZ CABUGA,,AV NORTE,,AV CRUZ CABUGA,,,SANTO AMARO,34,,ABALROAMENTO LONGITUDINAL,COLISAO ENTRE DOIS AUTOS S/V,2,,,,,,,,,0,,Cruzamento,Bom,Sem defeito,Perfeito estado,Seca,Perfeito estado,Faixa de pedestre,Placas Dê a preferência,,Dupla,Canteiro central,,
2018-12-01,14:45:00,SEM VÍTIMA,FINALIZADA,MACAXEIRA,RUA MARIA AMALIA,7,,NO ALTO DO BURITI E/F A QUADRA DO CAMPO DA UNIAO,RUA MARIA AMALIA,7,NO ALTO DO BURITI E/F A QUADRA DO CAMPO DA UNIAO,MACAXEIRA,,SUBURBIO,COLISÃO TRASEIRA,COLISO ENTRE DOIS AUTOS S/V,2,,,,,,,,,0,,Longo da via,Bom,Não existe,Perfeito estado,Seca,Perfeito estado,Não existe,Não há placas,,Dupla,Não existe,,
2018-12-01,14:50:00,SEM VÍTIMA,FINALIZADA,CAMPO GRANDE,RUA FRANKLIN TAVORA,650,RUA OLIVEIRA FONSECA,,RUA FRANKLIN TAVORA,650,,CAMPO GRANDE,,SUBURBIO,ABALROAMENTO LONGITUDINAL,COLISÃO SEM VÍTIMA,2,,,,,,,,,0,,Cruzamento,Bom,Não existe,Perfeito estado,Seca,Perfeito estado,Não existe,Não há placas,,Dupla,Não existe,,
2018-12-01,14:59:00,SEM VÍTIMA,FINALIZADA,SÃO JOSÉ,AV SUL,,,EM FRENTE AS TORRES GEMEAS,AV SUL,,EM FRENTE AS TORRES GEMEAS,SÃO JOSÉ,,,COLISÃO,DOIS AUTOS S/V,2,,,,,,,,,0,,,,,,,,,,,,,,
2018-12-01,15:34:00,COM VÍTIMA,FINALIZADA,BOA VISTA,AV CONDE DA BOA VISTA,,,PRÓXIMO A RUA DA SOLEDADE,AV CONDE DA BOA VISTA,,PRÓXIMO A RUA DA SOLEDADE,BOA VISTA,,SUBURBIO,ACID. DE PERCURSO,SEGUNDO INFORMAÇÃO DO AGENTE CTTU A VÍTIMA VINHA SURFANDO NO ONIBUS E CAIU NA VIA  ONIBUS NÃO IDENTIFIICADO,,,,,,1,,,,1,,Longo da via,Bom,Não existe,Perfeito estado,Seca,Perfeito estado,Não existe,Não há placas,,Única,Faixa,,
2018-12-01,16:22:00,COM VÍTIMA,FINALIZADA,MADALENA,RUA LOPES DE CARVALHO,73,,PROX. AO RESTAURANTE JIN SAN,RUA LOPES DE CARVALHO,73,PROX. AO RESTAURANTE JIN SAN,MADALENA,,CIDADE,COLISÃO TRASEIRA,AUTOS E MOTO C/V,1,1,,,,,,,,1,,Longo da via,Bom,Não existe,Não existente,Seca,Perfeito estado,Não existe,Não há placas,,Única,Faixa seccionada,,
2018-12-01,17:28:00,SEM VÍTIMA,FINALIZADA,DOIS UNIDOS,AV HILDEBRANDO DE VASCONCELOS,78,RUA ALUISIO PINTO,AO LADO DE NIKOLAS DEPÓSITO DE OVOS,AV HILDEBRANDO DE VASCONCELOS,78,AO LADO DE NIKOLAS DEPÓSITO DE OVOS,DOIS UNIDOS,,CIDADE,ABALROAMENTO LONGITUDINAL,DOIS AUTOS S/V,2,,,,,,,,,0,,Longo da via,Bom,Não existe,Não existente,Seca,Perfeito estado,Não existe,Não há placas,,Dupla,Não existe,,
2018-12-01,18:31:00,SEM VÍTIMA,FINALIZADA,TORRÕES,RUA CLAUDIO BROTHERHOOD,,,EM FRENTE AO Nº 985-A,RUA CLAUDIO BROTHERHOOD,,EM FRENTE AO Nº 985-A,TORRÕES,,SUBURBIO,ABALROAMENTO LONGITUDINAL,AUTO X ÔNIBUS S/V.,1,,,,,1,,,,0,,Longo da via,Bom,Não existe,Perfeito estado,Seca,Perfeito estado,Não existe,Não há placas,,Dupla,Não existe,,
2018-12-01,18:38:00,SEM VÍTIMA,FINALIZADA,AFOGADOS,RUA DA PAZ,,EST DOS REMEDIOS,,RUA DA PAZ,,,AFOGADOS,53,SUBURBIO,ABALROAMENTO LONGITUDINAL,COLISÃO SEM VITIMA,1,,,,,1,,,,0,,Cruzamento,Bom,Sem defeito,Perfeito estado,Seca,Perfeito estado,Faixa de pedestre,,,Única,,,
2018-12-01,19:05:00,SEM VÍTIMA,FINALIZADA,TOTÓ,AV LIBERDADE,1647,RUA JUVENCIO MARQUES DA CUNHA,,AV LIBERDADE,1647,,TOTÓ,440,SUBURBIO,ABALROAMENTO LONGITUDINAL,AUTO X ÔNIBUS S/V.,1,,,,,1,,,,0,,Cruzamento,Bom,Sem defeito,Perfeito estado,Seca,Perfeito estado,Não existe,Não há placas,60 km/h,Dupla,Não existe,,
2018-12-01,20:28:00,SEM VÍTIMA,CANCELADA,ARRUDA,RUA BOM CONSELHO,442,,PRÓX AO COLÉGIO ALFREDO FREIRE,RUA BOM CONSELHO,442,PRÓX AO COLÉGIO ALFREDO FREIRE,ARRUDA,,,COLISÃO,ENTRE AUTOS S/V.,2,,,,,,,,,0,,,,,,,,,,,,,,
2018-12-01,20:50:00,SEM VÍTIMA,FINALIZADA,BOA VISTA,RUA GERVASIO PIRES,74,RUA DA SANTA CRUZ,,RUA GERVASIO PIRES,74,,BOA VISTA,221,SUBURBIO,ABALROAMENTO TRANSVERSAL,ENTRE AUTOS S/V.,2,,,,,,,,,0,,Cruzamento,Bom,Sem defeito,Perfeito estado,Seca,Perfeito estado,,,,Única,,,
2018-12-01,23:15:00,SEM VÍTIMA,FINALIZADA,MACAXEIRA,AV JOSE AMERICO DE ALMEIDA,37,,PRÓXIMO AO ESPETINHO,AV JOSE AMERICO DE ALMEIDA,37,PRÓXIMO AO ESPETINHO,MACAXEIRA,,SUBURBIO,COLISÃO TRASEIRA,ENTRE AUTOS E MOTO S/V.,2,1,,,,,,,,0,,Longo da via,Bom,Não existe,Não existente,Seca,Perfeito estado,Faixa de retenção,Não há placas,30 km/h,Dupla,Canteiro central,,
2018-12-02,01:23:00,SEM VÍTIMA,FINALIZADA,MADALENA,EST DOS REMEDIOS,,AV JOSE GONCALVES DE MEDEIROS,SEMÁFORO 353,EST DOS REMEDIOS,,SEMÁFORO 353,MADALENA,353,SUBURBIO,ABALROAMENTO TRANSVERSAL,,2,,,,,,,,,0,,Cruzamento,Bom,Sem defeito,Perfeito estado,Seca,Perfeito estado,,,,Dupla,,,
2018-12-02,01:45:00,COM VÍTIMA,FINALIZADA,MONTEIRO,AV DEZESSETE DE AGOSTO,50,,EM FRENTE A PRAÇA DE MONTEIRO,AV DEZESSETE DE AGOSTO,50,EM FRENTE A PRAÇA DE MONTEIRO,MONTEIRO,,CIDADE,CHOQUE OBJETO FIXO,VEÍCULO CHOCOU-SE COM UM MURO C/V,1,,,,,,,,,4,,Longo da via,Bom,Não existe,Perfeito estado,Seca,Perfeito estado,Não existe,Não há placas,60 km/h,Dupla,Faixa contínua,,