data,hora,natureza_acidente,situacao,bairro,endereco,numero,detalhe_endereco_acidente,complemento,endereco_cruzamento,numero_cruzamento,referencia_cruzamento,bairro_cruzamento,num_semaforo,sentido_via,tipo,descricao,auto,moto,ciclom,ciclista,pedestre,onibus,caminhao,viatura,outros,vitimas,vitimasfatais,acidente_verificado,tempo_clima,situacao_semaforo,sinalizacao,condicao_via,conservacao_via,ponto_controle,situacao_placa,velocidade_max_via,mao_direcao,divisao_via1,divisao_via2,divisao_via3
2018-12-02,06:20:00,COM VÍTIMA,FINALIZADA,PRADO,AV ENGENHEIRO ABDIAS DE CARVALHO,,,EM FRENTE A FACULDADE ESTACIO,AV ENGENHEIRO ABDIAS DE CARVALHO,,EM FRENTE A FACULDADE ESTACIO,PRADO,,SUBURBIO,COLISÃO TRASEIRA,COLISÃO EM SEGUIDA DE ATROPELAMENTO VITIMA A ESPERA DO SAMU OBS SOLICITA ETILOMETRO NO LOCAL UM DOS CONDUTORES ENCONTRA SE COM SINTOMAS DE EMBRIAGUEZ,2,,,,1,,,,,1,,Longo da via,Bom,Não existe,Perfeito estado,Seca,Perfeito estado,Outros,R-6a,,Dupla,Canteiro central,,
2018-12-02,07:38:00,SEM VÍTIMA,FINALIZADA,MADALENA,RUA BENFICA,,,EM FRENTE AO INTERNACIONAL,RUA BENFICA,,EM FRENTE AO INTERNACIONAL,MADALENA,,CIDADE,ABALROAMENTO LONGITUDINAL,ONIBUS E AUTO,1,,,,,1,,,,0,,Longo da via,Bom,Sem defeito,Perfeito estado,Seca,Perfeito estado,Faixa de pedestre,Outras,40 km/h,Única,Canteiro central,,
2018-12-02,08:56:00,SEM VÍTIMA,FINALIZADA,CASA FORTE,RUA LEONARDO BEZERRA CAVALCANTE,610,,,RUA LEONARDO BEZERRA CAVALCANTE,610,,CASA FORTE,485,SUBURBIO,COLISÃO TRASEIRA,DOIS AUTOS BATEDOR E INSP NO LOCAL,2,,,,,,,,,0,,Longo da via,Bom,Sem defeito,Perfeito estado,Seca,Perfeito estado,Faixa de pedestre,Não há placas,,Única,Faixa contínua,,
2018-12-02,09:05:00,SEM VÍTIMA,FINALIZADA,DOIS IRMÃOS,RUA DOIS IRMAOS,523,,,RUA DOIS IRMAOS,523,,DOIS IRMÃOS,,CIDADE,ABALROAMENTO TRANSVERSAL,DOIS AUTOS,2,,,,,,,,,0,,Longo da via,Bom,Não existe,Perfeito estado,Seca,Perfeito estado,Agente,Não há placas,60 km/h,Dupla,Faixa contínua,,
2018-12-02,09:27:00,SEM VÍTIMA,FINALIZADA,CORDEIRO,AV INACIO MONTEIRO,160,,,AV INACIO MONTEIRO,160,,CORDEIRO,,SUBURBIO,ABALROAMENTO TRANSVERSAL,SEM VÍTIMAS.,1,,,,,1,,,,0,,Longo da via,Bom,Não existe,Perfeito estado,Seca,Perfeito estado,Outros,Não há placas,40 km/h,Dupla,Faixa contínua,,
2018-12-02,09:30:00,SEM VÍTIMA,FINALIZADA,BOA VISTA,AV GUARARAPES,,,SOBRE A PONTE DUARTE COELHO,AV GUARARAPES,,SOBRE A PONTE DUARTE COELHO,BOA VISTA,14,,COLISÃO TRASEIRA,COLISÃO SEM VITIMAS,2,,,,,,,,,0,,Longo da via,Bom,Sem defeito,Perfeito estado,Seca,Perfeito estado,Agente,Não há placas,,Dupla,Blocos,,
2018-12-02,11:28:00,SEM VÍTIMA,FINALIZADA,,AV GOVERNADOR AGAMENON MAGALHAES,,AV JOAO DE BARROS,EM CIMA DO VIADUTO JOÃO DE BARROS,AV GOVERNADOR AGAMENON MAGALHAES,,EM CIMA DO VIADUTO JOÃO DE BARROS,,,SUBURBIO,COLISÃO TRASEIRA,COLISÃO SEM VITIMAS,2,,,,,,,,,0,,Viaduto,Bom,Não existe,Perfeito estado,Seca,Perfeito estado,Não existe,Não há placas,60 km/h,Única,Faixa seccionada,,
2018-12-02,12:41:00,SEM VÍTIMA,FINALIZADA,MADALENA,AV VISCONDE DE ALBUQUERQUE,439,RUA BARTOLOMEU DE GUSMAO,,AV VISCONDE DE ALBUQUERQUE,439,,MADALENA,,SUBURBIO,ABALROAMENTO LONGITUDINAL,COLISÃO SEM VITIMA,2,,,,,,,,,0,,Longo da via,Bom,Não existe,Perfeito estado,Seca,Perfeito estado,Não existe,Não há placas,60 km/h,Única,,,
2018-12-02,12:54:00,COM VÍTIMA,FINALIZADA,CASA AMARELA,AV NORTE,5147,,ENFRENTE AO REI DA PICANHA,AV NORTE,5147,ENFRENTE AO REI DA PICANHA,CASA AMARELA,,CIDADE,ABALROAMENTO LONGITUDINAL,COLISÃO COM VITIMA  ESTA EM ATENDIMENTO DO SAMU,1,1,,,,,,,,1,,Longo da via,Bom,Não existe,Perfeito estado,Seca,Perfeito estado,,Outras,,Dupla,,,
2018-12-02,14:40:00,SEM VÍTIMA,CANCELADA,DERBY,PRC DO DERBY,,,NA PRAÇA PROX. A ESTAÇÃO DO BRT,PRC DO DERBY,,NA PRAÇA PROX. A ESTAÇÃO DO BRT,DERBY,,CIDADE,COLISÃO,COLISÃO SEM VITIMA,1,,,,,1,,,,0,,,,,,,,,,,,,,
2018-12-02,15:08:00,COM VÍTIMA,FINALIZADA,AFOGADOS,AV SUL,,RUA DOUTOR LEONIDAS CRAVO GAMA,NO SEMÁFORO 320  PONTE DE AFOGADOS,AV SUL,,NO SEMÁFORO 320  PONTE DE AFOGADOS,AFOGADOS,320,CIDADE,ABALROAMENTO TRANSVERSAL,COLISÃO COM VÍTIMA,1,1,,,,,,,,1,,Longo da via,Bom,Sem defeito,Perfeito estado,Seca,Perfeito estado,Faixa de retenção,Outras,,Dupla,Faixa seccionada,,Blocos
2018-12-02,15:42:00,COM VÍTIMA,FINALIZADA,PRADO,RUA PADRE TEOFILO TWORZ,295,RUA SANTA EDWIRGES,EM FRENTE A IGREJA PRESBITERIANA DO PRADO,RUA PADRE TEOFILO TWORZ,295,EM FRENTE A IGREJA PRESBITERIANA DO PRADO,PRADO,,CIDADE,ABALROAMENTO TRANSVERSAL,COLISÃO COM VÍTIMA,2,,,,,,,,,2,,Cruzamento,Bom,Não existe,Perfeito estado,Seca,Perfeito estado,Faixa de retenção,Não há placas,,Dupla,Outros,,
2018-12-02,15:44:00,SEM VÍTIMA,FINALIZADA,ENCRUZILHADA,EST DE BELEM,29 A,,,EST DE BELEM,29 A,,ENCRUZILHADA,42,CIDADE,ABALROAMENTO LONGITUDINAL,COLISÃO SEM VITIMA,1,,,,,1,,,,0,,Longo da via,Bom,Sem defeito,Perfeito estado,Seca,Perfeito estado,Outros,Outras,,Dupla,Faixa contínua,,
2018-12-02,15:45:00,COM VÍTIMA,FINALIZADA,BOA VIAGEM,AV ENGENHEIRO DOMINGOS FERREIRA,1187,RUA BALTAZAR PEREIRA,ESCOLA MUNICIPAL MENINO JESUS. CLÍNIA ESPECIALIDADE MÉDICA,AV ENGENHEIRO DOMINGOS FERREIRA,1187,ESCOLA MUNICIPAL MENINO JESUS. CLÍNIA ESPECIALIDADE MÉDICA,BOA VIAGEM,,SUBURBIO,ACID. DE PERCURSO,QUEDA DE MOTOCICLETA - VÍTIMA SOCORRIDA PELOS BOMBEIROS. 2 VÍTIMAS.,,1,,,,,,,,2,,Longo da via,Bom,Sem defeito,Perfeito estado,Seca,Perfeito estado,Não existe,Não há placas,60 km/h,Única,Canteiro central,,Faixa
2018-12-02,16:51:00,SEM VÍTIMA,CANCELADA,BOA VIAGEM,RUA SETUBAL,156,,EM FRENTE A CASA DO DOCE,RUA SETUBAL,156,EM FRENTE A CASA DO DOCE,BOA VIAGEM,,,COLISÃO,COLISÃO SEM VÍTIMA,1,,,,,1,,,,0,,,,,,,,,,,,,,
2018-12-02,17:21:00,SEM VÍTIMA,FINALIZADA,ILHA DO LEITE,RUA PAISSANDU,,,OPOSTO AO BANCO BRADESCO,RUA PAISSANDU,,OPOSTO AO BANCO BRADESCO,ILHA DO LEITE,69,SUBURBIO,ABALROAMENTO TRANSVERSAL,COLISÃO SEM VITIMA,2,,,,,,,,,0,,Longo da via,Bom,Sem defeito,Perfeito estado,Seca,Perfeito estado,Faixa de pedestre,Outras,,Dupla,Faixa seccionada,,Canteiro central
2018-12-02,18:42:00,SEM VÍTIMA,CANCELADA,GRAÇAS,RUA DO CUPIM,150,RUA BRUNO MAIA,APOS O CLUB PORTUGUÊS A SEGUNDA RUA A ESQUERDA,RUA DO CUPIM,150,APOS O CLUB PORTUGUÊS A SEGUNDA RUA A ESQUERDA,GRAÇAS,,,COLISÃO,COLISÃO SEM VITIMAS,2,,,,,,,,,0,,,,,,,,,,,,,,
2018-12-02,18:52:00,SEM VÍTIMA,CANCELADA,BOA VIAGEM,RUA REMIGIO,S/N,,NO GIRADOURO SENTIDO JORDAO,RUA REMIGIO,S/N,NO GIRADOURO SENTIDO JORDAO,BOA VIAGEM,,,COLISÃO,MOTO X GOL,1,1,,,,,,,,0,,,,,,,,,,,,,,
2018-12-02,19:09:00,SEM VÍTIMA,FINALIZADA,ILHA DO RETIRO,EST DOS REMEDIOS,,RUA PADRE TEOFILO TWORZ,PROX. A HYUNDAI,EST DOS REMEDIOS,,PROX. A HYUNDAI,ILHA DO RETIRO,390,CIDADE,ABALROAMENTO LONGITUDINAL,COLISÃO SEM VITIMAS,2,,,,,,,,,0,,Cruzamento,Bom,Sem defeito,Incompleta,Seca,Mal iluminada,Faixa de retenção,Não há placas,,Única,Faixa contínua,,
2018-12-02,19:16:00,SEM VÍTIMA,CANCELADA,GRAÇAS,RUA AMELIA,,RUA JOAO RAMOS,,RUA AMELIA,,,GRAÇAS,177,,COLISÃO,HRV X MOTO,1,1,,,,,,,,0,,,,,,,,,,,,,,
2018-12-02,19:30:00,SEM VÍTIMA,FINALIZADA,MANGUEIRA,RUA TANGUARA,672,,,RUA TANGUARA,672,,MANGUEIRA,,CIDADE,ABALROAMENTO LONGITUDINAL,COLISÃO SEM VITIMA,2,,,,,,,,,0,,Longo da via,Bom,Não existe,Perfeito estado,Seca,Perfeito estado,Outros,Outras,,Dupla,Outros,,
2018-12-02,19:59:00,SEM VÍTIMA,CANCELADA,AFOGADOS,RUA COSME VIANA,,RUA TRES DE AGOSTO,AO LADO DO EROS HOTEL,RUA COSME VIANA,,AO LADO DO EROS HOTEL,AFOGADOS,,,COLISÃO,ONIBUS X VOYAGE,1,,,,,1,,,,0,,,,,,,,,,,,,,
2018-12-02,20:14:00,SEM VÍTIMA,FINALIZADA,IPSEP,RUA ADERBAL DE MELO,169,,,RUA ADERBAL DE MELO,169,,IPSEP,,,ABALROAMENTO LONGITUDINAL,FOX X FIESTA,2,,,,,,,,,0,,Longo da via,Bom,Não existe,Incompleta,Seca,Perfeito estado,Não existe,Outras,,Dupla,Não existe,,
2018-12-02,21:04:00,SEM VÍTIMA,FINALIZADA,IPUTINGA,RUA EMILIANO BRAGA,,,AO LADO DO PARAIBANOS,RUA EMILIANO BRAGA,,AO LADO DO PARAIBANOS,IPUTINGA,,CIDADE,COLISÃO TRASEIRA,COLISÃO SEM VITIMAS,2,,,,,,,,,0,,Longo da via,Bom,Não existe,Perfeito estado,Seca,Perfeito estado,Outros,Outras,,Dupla,Faixa contínua,,
2018-12-02,21:33:00,SEM VÍTIMA,CANCELADA,BOA VIAGEM,RUA ANTONIO FALCAO,,,AO LADO DO HOTEL BRISTON,RUA ANTONIO FALCAO,,AO LADO DO HOTEL BRISTON,BOA VIAGEM,,,COLISÃO,COLISÃO SEM VITIMA,2,,,,,,,,,0,,,,,,,,,,,,,,
2018-12-02,22:07:00,SEM VÍTIMA,FINALIZADA,MACAXEIRA,RUA NOVA DESCOBERTA,43,,,RUA NOVA DESCOBERTA,43,,MACAXEIRA,,CIDADE,COLISÃO TRASEIRA,CLASSIC X FIESTA X SIENA,3,,,,,,,,,0,,Longo da via,Bom,Sem defeito,Incompleta,Seca,Mal iluminada,Faixa de pedestre,Não há placas,,Dupla,Não existe,,
2018-12-03,05:21:00,SEM VÍTIMA,FINALIZADA,ROSARINHO,RUA ALMIRANTE NORONHA DE CARVALHO,,AV SANTOS DUMONT,,RUA ALMIRANTE NORONHA DE CARVALHO,,,ROSARINHO,,,ABALROAMENTO TRANSVERSAL,COLISÃO ENTRE DOIS AUTOS  S/V,2,,,,,,,,,0,,Cruzamento,Bom,Não existe,Não existente,Seca,Perfeito estado,Não existe,Placas Pare,,,Não existe,,
2018-12-03,06:30:00,SEM VÍTIMA,CANCELADA,BOA VIAGEM,RUA GENERAL AMERICANO FREIRE,764,,APOS A PADARIA LORENA PRIMEIRA A DIREITA,RUA GENERAL AMERICANO FREIRE,764,APOS A PADARIA LORENA PRIMEIRA A DIREITA,BOA VIAGEM,,,COLISÃO,COLISÃO SEM VITIMAS,2,,,,,,,,,0,,,,,,,,,,,,,,
2018-12-03,06:33:00,SEM VÍTIMA,FINALIZADA,IMBIRIBEIRA,AV MARECHAL MASCARENHAS DE MORAES,5137,,EM FRENTE AO AEROPORTO / SENT JABOATAO / PRIMEIRO ACESSO / LADO DIREITO,AV MARECHAL MASCARENHAS DE MORAES,5137,EM FRENTE AO AEROPORTO / SENT JABOATAO / PRIMEIRO ACESSO / LADO DIREITO,IMBIRIBEIRA,,SUBURBIO,COLISÃO,ONIBUS E AUTO,1,,,,,1,,,,0,,Longo da via,Bom,Desligado,Perfeito estado,Seca,Perfeito estado,Não existe,Outras,60 km/h,Dupla,Canteiro central,,
2018-12-03,06:58:00,COM VÍTIMA,EQUIPE EM DESLOCAMENTO,ROSARINHO,AV NORTE,3109,,EM FRENTE A PADARIA ROSARINHO  SENT. CIDADE,AV NORTE,3109,EM FRENTE A PADARIA ROSARINHO  SENT. CIDADE,ROSARINHO,,,COLISÃO,DOIS AUTOS E CAMINHÃO,2,,,,,,1,,,1,,,,,,,,,,,,,,
2018-12-03,07:47:00,SEM VÍTIMA,CANCELADA,FUNDÃO,AV BEBERIBE,2766,RUA MAJOR DAVINO,EM FRENTE AO MERCADINHO KLM,AV BEBERIBE,2766,EM FRENTE AO MERCADINHO KLM,FUNDÃO,,SUBURBIO,COLISÃO,SEM VITIMAS,1,1,,,,,,,,0,,,,,,,,,,,,,,
2018-12-03,07:48:00,COM VÍTIMA,CANCELADA,ALTO JOSÉ BONIFÁCIO,RUA CORREGO DO EUCLIDES,,,EM FRENTE A ESCOLA MUNICIPAL CORREGO DO EUCLIDES,RUA CORREGO DO EUCLIDES,,EM FRENTE A ESCOLA MUNICIPAL CORREGO DO EUCLIDES,ALTO JOSÉ BONIFÁCIO,,,COLISÃO,COLISÃO COM 1 VITIMA A ESPERA DOS BOMBEIROS,,,,1,,1,,,,1,,,,,,,,,,,,,,
2018-12-03,07:52:00,SEM VÍTIMA,FINALIZADA,ROSARINHO,AV NORTE,,,EM FRENTE A PADARIA ROSARINHO,AV NORTE,,EM FRENTE A PADARIA ROSARINHO,ROSARINHO,,CIDADE,COLISÃO TRASEIRA,DOIS AUTOS E CAMINHÃO,2,,,,,,1,,,0,,Longo da via,Bom,Sem defeito,Perfeito estado,Seca,Perfeito estado,Faixa de pedestre,R-6a,,Dupla,Canteiro central,,
2018-12-03,07:58:00,SEM VÍTIMA,FINALIZADA,PRADO,RUA RODRIGUES DE MENDONCA,31,,POR TRAS DO JOCKEY CLUBE  EM FRENTE AO REFERENCIAL SEGURANÇA PRIVADA,RUA RODRIGUES DE MENDONCA,31,POR TRAS DO JOCKEY CLUBE  EM FRENTE AO REFERENCIAL SEGURANÇA PRIVADA,PRADO,,,ABALROAMENTO LONGITUDINAL,ONIBUS E AUTO,1,,,,,1,,,,0,,Longo da via,Bom,Não existe,Incompleta,Seca,Perfeito estado,Não existe,Outras,,Única,Não existe,,
2018-12-03,08:02:00,SEM VÍTIMA,FINALIZADA,TAMARINEIRA,RUA SEBASTIAO ALVES,,AV PARNAMIRIM,,RUA SEBASTIAO ALVES,,,TAMARINEIRA,10,CIDADE,ABALROAMENTO LONGITUDINAL,DOIS AUTOS / GM NO QTH,2,,,,,,,,,0,,Cruzamento,Bom,Sem defeito,Perfeito estado,Seca,Perfeito estado,Faixa de pedestre,,,Única,Não existe,,
2018-12-03,08:50:00,SEM VÍTIMA,FINALIZADA,AREIAS,AV DR JOSE RUFINO,955,,,AV DR JOSE RUFINO,955,,AREIAS,,,ABALROAMENTO TRANSVERSAL,CAMINHAO E AUTO,1,,,,,,1,,,0,,Longo da via,Bom,Não existe,Não existente,Seca,Perfeito estado,Não existe,Não há placas,,Dupla,Faixa contínua,,
2018-12-03,09:19:00,SEM VÍTIMA,FINALIZADA,IPSEP,AV RECIFE,2959,,,AV RECIFE,2959,,IPSEP,,SUBURBIO,COLISÃO TRASEIRA,QUATRO AUTOS,5,,,,,,,,,0,,Longo da via,Bom,Não existe,Perfeito estado,Seca,Perfeito estado,Não existe,R-6a,,Única,Canteiro central,,
2018-12-03,09:34:00,SEM VÍTIMA,FINALIZADA,BOA VISTA,RUA DO RIACHUELO,325,RUA AURORA,EM FRENTE AOS CORREIOS,RUA DO RIACHUELO,325,EM FRENTE AOS CORREIOS,BOA VISTA,,,COLISÃO TRASEIRA,SEM VITIMAS,1,,,,,1,,,,0,,Cruzamento,Bom,Sem defeito,Perfeito estado,Seca,Perfeito estado,Não existe,Não há placas,40 km/h,Dupla,Não existe,,
2018-12-03,09:35:00,SEM VÍTIMA,FINALIZADA,PRADO,RUA SANTA EDWIRGES,131,RUA PADRE TEOFILO TWORZ,EM FRENTE A IGREJA PRESBITERIANA,RUA SANTA EDWIRGES,131,EM FRENTE A IGREJA PRESBITERIANA,PRADO,,,COLISÃO FRONTAL,,2,,,,,,,,,0,,Cruzamento,Bom,Não existe,Ilegível,Seca,Perfeito estado,Não existe,Não há placas,,,Não existe,,
2018-12-03,09:44:00,SEM VÍTIMA,FINALIZADA,PINA,AV ANTONIO DE GOES,820,,,AV ANTONIO DE GOES,820,,PINA,103,CIDADE,ABALROAMENTO TRANSVERSAL,DOIS AUTOS,2,,,,,,,,,0,,Cruzamento,Bom,Sem defeito,Perfeito estado,Seca,Perfeito estado,,Não há placas,60 km/h,Única,Canteiro central,,
2018-12-03,09:50:00,SEM VÍTIMA,FINALIZADA,SANTO AMARO,RUA AFONSO PENA,,RUA BERNARDO GUIMARAES,,RUA AFONSO PENA,,,SANTO AMARO,,,COLISÃO,DOIS AUTOS,2,,,,,,,,,0,,,,,,,,,,,,,,
2018-12-03,09:51:00,SEM VÍTIMA,FINALIZADA,BOA VISTA,RUA PALMARES,,,SEMÁFORO DE Nº 171,RUA PALMARES,,SEMÁFORO DE Nº 171,BOA VISTA,171,CIDADE,COLISÃO TRASEIRA,COLISÃO SEM VITIMAS,1,,,,,,1,,,0,,Longo da via,Bom,Sem defeito,Perfeito estado,Seca,Perfeito estado,Não existe,Não há placas,,Única,Canteiro central,,
2018-12-03,10:01:00,COM VÍTIMA,FINALIZADA,CAMPO GRANDE,AV PROFESSOR JOSE DOS ANJOS,,RUA JERONIMO VILELA,EM FRENTE A ASSEMBLEIA DE DEUS,AV PROFESSOR JOSE DOS ANJOS,,EM FRENTE A ASSEMBLEIA DE DEUS,CAMPO GRANDE,642,CIDADE,ABALROAMENTO LONGITUDINAL,COM UMA VITIMA SAMU NO LOCAL  CTTU NO LOCAL VT11,1,1,,,,,,,,1,,Cruzamento,Bom,Sem defeito,Perfeito estado,Seca,Perfeito estado,Faixa de pedestre,Outras,,Dupla,Canteiro central,,
2018-12-03,10:09:00,SEM VÍTIMA,FINALIZADA,BAIRRO DO RECIFE,PTE CONDE MAURICIO DE NASSAU,,,,PTE CONDE MAURICIO DE NASSAU,,,BAIRRO DO RECIFE,,,ABALROAMENTO LONGITUDINAL,SEM VITIMAS,,,,,,1,1,,,0,,Longo da via,Bom,Sem defeito,Perfeito estado,Seca,Perfeito estado,Faixa de pedestre,,,Única,Faixa,,
2018-12-03,10:13:00,SEM VÍTIMA,DUPLICIDADE,,RUA PRIMEIRO DE MARCO,,,EM FRENTE DO BANCO ITAU,RUA PRIMEIRO DE MARCO,,EM FRENTE DO BANCO ITAU,,,,COLISÃO,DOIS AUTOS,,,,,,,,,,0,,,,,,,,,,,,,,
2018-12-03,10:30:00,SEM VÍTIMA,FINALIZADA,IMBIRIBEIRA,RUA ZEFERINO PINHO,185,,POR TRAS DA CONCESSIONARIA HONDA EM FRENTE A ANTIGA AGENCIA DOS CORREIOS,RUA ZEFERINO PINHO,185,POR TRAS DA CONCESSIONARIA HONDA EM FRENTE A ANTIGA AGENCIA DOS CORREIOS,IMBIRIBEIRA,,SUBURBIO,ABALROAMENTO LONGITUDINAL,COLISÃO SEM VITIMAS,,,,,,,2,,,0,,Longo da via,Bom,Não existe,Perfeito estado,Seca,Perfeito estado,,Não há placas,40 km/h,Dupla,Não existe,,
2018-12-03,10:33:00,SEM VÍTIMA,FINALIZADA,MADALENA,RUA ANTONIO VIEIRA,180,RUA PIO IX,PROX. AO CENTRO ISRAELITA DE PERNAMBUCO,RUA ANTONIO VIEIRA,180,PROX. AO CENTRO ISRAELITA DE PERNAMBUCO,MADALENA,,,COLISÃO,DOIS AUTOS,2,,,,,,,,,0,,,,,,,,,,,,,,
2018-12-03,10:49:00,SEM VÍTIMA,FINALIZADA,VÁRZEA,RUA EMILIANO BRAGA,,RUA PROFESSOR ANTONIO COELHO,,RUA EMILIANO BRAGA,,,VÁRZEA,,SUBURBIO,ABALROAMENTO TRANSVERSAL,DOIS AUTOS,2,,,,,,,,,0,,Cruzamento,Bom,Não existe,Perfeito estado,Seca,Perfeito estado,Outros,Placas Pare,40 km/h,Única,Não existe,,
2018-12-03,10:50:00,COM VÍTIMA,FINALIZADA,IMBIRIBEIRA,AV MARECHAL MASCARENHAS DE MORAES,,,EM FRENTE AO AEROPORTO E A LOCALIZA,AV MARECHAL MASCARENHAS DE MORAES,,EM FRENTE AO AEROPORTO E A LOCALIZA,IMBIRIBEIRA,218,CIDADE,ATROPELAMENTO,ATROPELAMENTO EM SEGUIDA DE COLISÃO VITIMA A ESPERA DO SAMU,1,1,,,1,,,,,1,,Longo da via,Bom,Sem defeito,Perfeito estado,Seca,Perfeito estado,Não existe,Outras,60 km/h,Dupla,Faixa,,Canteiro central
2018-12-03,11:47:00,SEM VÍTIMA,FINALIZADA,HIPÓDROMO,EST DE BELEM,190,RUA DONA JULIETA,EDF JULIO II,EST DE BELEM,190,EDF JULIO II,HIPÓDROMO,,CIDADE,ABALROAMENTO LONGITUDINAL,SEM VITIMAS,2,,,,,,,,,0,,Longo da via,Bom,Não existe,Perfeito estado,Seca,Perfeito estado,Não existe,R-6a,60 km/h,Dupla,Faixa seccionada,,
2018-12-03,12:05:00,SEM VÍTIMA,FINALIZADA,SANTO AMARO,RUA MAJOR CODECEIRA,165,,EM FRENTE A ESCOLA DE DANÇA DANCY DAYS,RUA MAJOR CODECEIRA,165,EM FRENTE A ESCOLA DE DANÇA DANCY DAYS,SANTO AMARO,,,COLISÃO TRASEIRA,SEM VITIMAS,2,,,,,,,,,0,,Longo da via,Bom,Não existe,Não existente,Seca,Perfeito estado,Não existe,Não há placas,30 km/h,Única,Não existe,,
2018-12-03,12:08:00,SEM VÍTIMA,CANCELADA,TORRE,RUA VITORIANO PALHARES,,,AO LADO DO ESTACIONAMENTO DO ATACADO DOS PRESENTES,RUA VITORIANO PALHARES,,AO LADO DO ESTACIONAMENTO DO ATACADO DOS PRESENTES,TORRE,,,COLISÃO,COLISÃO SEM VÍTIMA,2,,,,,,,,,0,,,,,,,,,,,,,,
2018-12-03,12:11:00,COM VÍTIMA,CANCELADA,BOA VIAGEM,RUA DOS NAVEGANTES,1030,,PROX. AO HOLIDAY,RUA DOS NAVEGANTES,1030,PROX. AO HOLIDAY,BOA VIAGEM,,,COLISÃO,DOIS AUTOS,2,,,,,,,,,1,,,,,,,,,,,,,,
2018-12-03,12:29:00,SEM VÍTIMA,FINALIZADA,BOA VISTA,RUA JOAQUIM NABUCO,,,EM FRENTE A RESTAURAÇÃO/ SENTIDO BOA VIAGEM,RUA JOAQUIM NABUCO,,EM FRENTE A RESTAURAÇÃO/ SENTIDO BOA VIAGEM,BOA VISTA,174,CIDADE,COLISÃO TRASEIRA,COLISÃO SEM VÍTIMA,2,,,,,,,,,0,,Cruzamento,Bom,Sem defeito,Perfeito estado,Seca,Perfeito estado,Agente,Não há placas,,Única,,,
2018-12-03,12:31:00,COM VÍTIMA,FINALIZADA,BOA VISTA,RUA BISPO CARDOSO AYRES,,RUA FREI MIGUELINHO,EM FRENTE A FACULDADE ESUDA,RUA BISPO CARDOSO AYRES,,EM FRENTE A FACULDADE ESUDA,BOA VISTA,,,COLISÃO,COM UMA VITIMA AGUARDANDO SAMU,1,1,,,,,,,,1,,,,,,,,,,,,,,
2018-12-03,12:36:00,SEM VÍTIMA,FINALIZADA,SÃO JOSÉ,RUA FLORIANO PEIXOTO,,,EM FRENTE AO BANCO BRADESCO,RUA FLORIANO PEIXOTO,,EM FRENTE AO BANCO BRADESCO,SÃO JOSÉ,,CIDADE,ABALROAMENTO LONGITUDINAL,SEM VITIMAS,1,,,,,1,,,,0,,Longo da via,Bom,Não existe,Perfeito estado,Seca,Perfeito estado,Não existe,Outras,,Única,Faixa seccionada,,
2018-12-03,12:39:00,SEM VÍTIMA,FINALIZADA,PRADO,AV ENGENHEIRO ABDIAS DE CARVALHO,1099,,,AV ENGENHEIRO ABDIAS DE CARVALHO,1099,,PRADO,,CIDADE,ABALROAMENTO LONGITUDINAL,COLISÃO SEM VÍTIMA,1,,,,,,1,,,0,,Longo da via,Bom,Não existe,Perfeito estado,Seca,Perfeito estado,Não existe,Placas Pare,,Única,Faixa seccionada,,
2018-12-03,12:42:00,SEM VÍTIMA,FINALIZADA,SANTO AMARO,AV GOVERNADOR AGAMENON MAGALHAES,,,EM FRENTE A UNICORDS E POSTO DE GASOLINA BR SENT. BOA VIAGEM,AV GOVERNADOR AGAMENON MAGALHAES,,EM FRENTE A UNICORDS E POSTO DE GASOLINA BR SENT. BOA VIAGEM,SANTO AMARO,379,CIDADE,COLISÃO TRASEIRA,DOIS AUTOS,2,,,,,,,,,0,,Longo da via,Bom,Sem defeito,Perfeito estado,Seca,Perfeito estado,Faixa de pedestre,Não há placas,60 km/h,Única,Faixa contínua,,