data,hora,natureza_acidente,situacao,bairro,endereco,numero,detalhe_endereco_acidente,complemento,endereco_cruzamento,numero_cruzamento,referencia_cruzamento,bairro_cruzamento,num_semaforo,sentido_via,tipo,descricao,auto,moto,ciclom,ciclista,pedestre,onibus,caminhao,viatura,outros,vitimas,vitimasfatais,acidente_verificado,tempo_clima,situacao_semaforo,sinalizacao,condicao_via,conservacao_via,ponto_controle,situacao_placa,velocidade_max_via,mao_direcao,divisao_via1,divisao_via2,divisao_via3
2018-12-05,20:39:00,SEM VÍTIMA,FINALIZADA,CASA AMARELA,EST DO ARRAIAL,1365,RUA PROFESSOR ALVARO LIMA,,EST DO ARRAIAL,1365,,CASA AMARELA,,SUBURBIO,COLISÃO TRASEIRA,CLASSIC X S 10,2,,,,,,,,,0,,Longo da via,Bom,Não existe,Perfeito estado,Seca,Perfeito estado,,,,Única,,,
2018-12-05,20:59:00,SEM VÍTIMA,FINALIZADA,DERBY,AV GOVERNADOR AGAMENON MAGALHAES,,RUA DOM BOSCO,,AV GOVERNADOR AGAMENON MAGALHAES,,,DERBY,174,SUBURBIO,ABALROAMENTO LONGITUDINAL,ENTRE AUTOS S/V.,2,,,,,,,,,0,,Cruzamento,Bom,Sem defeito,Perfeito estado,Seca,Perfeito estado,Não existe,Não há placas,,Dupla,Canteiro central,,
2018-12-05,22:42:00,SEM VÍTIMA,FINALIZADA,MADALENA,AV VISCONDE DE ALBUQUERQUE,401,RUA LOPES DE CARVALHO,,AV VISCONDE DE ALBUQUERQUE,401,,MADALENA,,SUBURBIO,ABALROAMENTO TRANSVERSAL,FRONTIE X FOX,2,,,,,,,,,0,,Longo da via,Bom,Sem defeito,Perfeito estado,Seca,Perfeito estado,Não existe,Placas Pare,,Única,Faixa seccionada,,
2018-12-05,23:01:00,SEM VÍTIMA,FINALIZADA,SAN MARTIN,AV JOAO CABRAL DE MELO NETO,,,ENCIMA DA PONTE // SENTIDO AV RECIFE,AV JOAO CABRAL DE MELO NETO,,ENCIMA DA PONTE // SENTIDO AV RECIFE,SAN MARTIN,,,COLISÃO TRASEIRA,DOIS AUTO,2,,,,,,,,,0,,Longo da via,Bom,Não existe,Perfeito estado,Seca,Perfeito estado,Não existe,Não há placas,,Dupla,Canteiro central,,
2018-12-06,06:00:00,COM VÍTIMA,FINALIZADA,CASA AMARELA,EST DAS UBAIAS ,763,RUA CONS NABUCO,EM FRENTE AO POSTO BR,EST DAS UBAIAS ,763,EM FRENTE AO POSTO BR,CASA AMARELA,655,CIDADE,COLISÃO FRONTAL,COM UMA VITIMA AGUARDANDO SAMU,1,1,,,,,,,,1,,Longo da via,Chuvoso,Sem defeito,Perfeito estado,Seca,Perfeito estado,Não existe,Outras,,Dupla,Faixa contínua,,
2018-12-06,06:57:00,COM VÍTIMA,FINALIZADA,VASCO DA GAMA,RUA ALTO DO EUCALIPTO,86,,SUBIDA DA RUA ALTO DO EUCALIPTO,RUA ALTO DO EUCALIPTO,86,SUBIDA DA RUA ALTO DO EUCALIPTO,VASCO DA GAMA,,CIDADE,CHOQUE VEÍCULO PARADO,MOTO R AUTO,1,1,,,,,,,,1,,Longo da via,Bom,Não existe,Não existente,Molhada,Perfeito estado,Não existe,Não há placas,,Dupla,Não existe,,
2018-12-06,07:21:00,SEM VÍTIMA,FINALIZADA,MADALENA,RUA JOSE OSORIO,975,,FRENTE CERTIFICAR - VISTORIAS AUTOMOTIVAS,RUA JOSE OSORIO,975,FRENTE CERTIFICAR - VISTORIAS AUTOMOTIVAS,MADALENA,,SUBURBIO,COLISÃO TRASEIRA,SEM VITIMAS,3,,,,,,,,,0,,Longo da via,Bom,Não existe,Perfeito estado,Seca,Perfeito estado,Não existe,R-6a,,Dupla,Faixa contínua,,
2018-12-06,07:42:00,SEM VÍTIMA,CANCELADA,DOIS IRMÃOS,RUA MANUEL DE MEDEIROS,,,EM FRENTE UNIVERSIDADE RURAL,RUA MANUEL DE MEDEIROS,,EM FRENTE UNIVERSIDADE RURAL,DOIS IRMÃOS,,,COLISÃO,SEM VITIMAS,2,,,,,,,,,0,,,,,,,,,,,,,,
2018-12-06,07:50:00,SEM VÍTIMA,FINALIZADA,IMBIRIBEIRA,RUA SARGENTO SILVINO DE MACEDO,445,RUA BARAO DE AGUA BRANCA,,RUA SARGENTO SILVINO DE MACEDO,445,,IMBIRIBEIRA,,CIDADE,ABALROAMENTO TRANSVERSAL,SEM VITIMAS,2,,,,,,,,,0,,Outros,Bom,Não existe,Ilegível,Seca,Perfeito estado,Não existe,Não há placas,,Dupla,Não existe,,
2018-12-06,07:54:00,COM VÍTIMA,CANCELADA,JORDÃO,AV BEIRA RIO,31A,RUA DA PAZ,PROX. A RECICLAGEM,AV BEIRA RIO,31A,PROX. A RECICLAGEM,JORDÃO,,,COLISÃO,DOIS AUTOS C/V,2,,,,,,,,,2,,,,,,,,,,,,,,
2018-12-06,08:02:00,SEM VÍTIMA,FINALIZADA,JARDIM SÃO PAULO,AV SAO PAULO,668,,,AV SAO PAULO,668,,JARDIM SÃO PAULO,507,,COLISÃO TRASEIRA,SEM VITIMAS,2,,,,,,,,,0,,Longo da via,Bom,Sem defeito,Perfeito estado,Seca,Perfeito estado,Faixa de pedestre,Não há placas,,Dupla,Faixa contínua,,
2018-12-06,08:02:00,SEM VÍTIMA,FINALIZADA,ESPINHEIRO,RUA AMELIA,,RUA DR VICENTE MEIRA,ESPINHEIRO SHOPPING,RUA AMELIA,,ESPINHEIRO SHOPPING,ESPINHEIRO,,SUBURBIO,COLISÃO FRONTAL,DOIS AUTOS S/V,2,,,,,,,,,0,,Longo da via,Bom,Sem defeito,Perfeito estado,Seca,Perfeito estado,,Outras,40 km/h,Única,,,
2018-12-06,08:08:00,SEM VÍTIMA,FINALIZADA,ZUMBI,AV CAXANGA,916,,,AV CAXANGA,916,,ZUMBI,,SUBURBIO,COLISÃO TRASEIRA,SEM VÍTIMAS VT 20 NO LOCAL,3,,,,,,,,,0,,Longo da via,Bom,Não existe,Perfeito estado,Seca,Perfeito estado,Não existe,R-6a,,Dupla,Canteiro central,,
2018-12-06,08:34:00,SEM VÍTIMA,CANCELADA,AFOGADOS,RUA SAO MIGUEL,1316,RUA MADRESSILVA,E/F A UM GALPÃO NOME NÃO INFORMADO.,RUA SAO MIGUEL,1316,E/F A UM GALPÃO NOME NÃO INFORMADO.,AFOGADOS,,,COLISÃO,SEM VÍTIMAS.,,,,,,,,,,0,,,,,,,,,,,,,,
2018-12-06,08:48:00,SEM VÍTIMA,CANCELADA,IMBIRIBEIRA,AV MARECHAL MASCARENHAS DE MORAES,69 97B,,SAIDA DO VIADUTO DO JORDAO PARA MASCARENHAS DE MORAIS / EM FRENTE A MADEIRA PORTA LARGA,AV MARECHAL MASCARENHAS DE MORAES,69 97B,SAIDA DO VIADUTO DO JORDAO PARA MASCARENHAS DE MORAIS / EM FRENTE A MADEIRA PORTA LARGA,IMBIRIBEIRA,,,COLISÃO,,2,,,,,,,,,0,,,,,,,,,,,,,,
2018-12-06,09:17:00,SEM VÍTIMA,FINALIZADA,IMBIRIBEIRA,AV MARECHAL MASCARENHAS DE MORAES,997,,TÚNEL FELIPE CAMARÃO,AV MARECHAL MASCARENHAS DE MORAES,997,TÚNEL FELIPE CAMARÃO,IMBIRIBEIRA,,CIDADE,ABALROAMENTO LONGITUDINAL,AUTO E CAMINHAO PIPA,1,,,,,,1,,,0,,Longo da via,Bom,Não existe,Perfeito estado,Seca,Perfeito estado,Outros,Não há placas,,Única,Canteiro central,,
2018-12-06,10:02:00,SEM VÍTIMA,FINALIZADA,BOA VIAGEM,AV BOA VIAGEM,6800,,,AV BOA VIAGEM,6800,,BOA VIAGEM,,CIDADE,ABALROAMENTO LONGITUDINAL,DOIS AUTOS,2,,,,,,,,,0,,Longo da via,Bom,Não existe,Ilegível,Seca,Perfeito estado,Não existe,Não há placas,,Única,Não existe,,
2018-12-06,10:48:00,COM VÍTIMA,FINALIZADA,CASA AMARELA,EST DO ARRAIAL,4230,,EM FRENTE A COMERCIAL TOSCANO,EST DO ARRAIAL,4230,EM FRENTE A COMERCIAL TOSCANO,CASA AMARELA,,SUBURBIO,COLISÃO COM CICLISTA,MOTO E CICLISTA,,1,,1,,,,,,2,,Longo da via,Bom,Não existe,Perfeito estado,Seca,Perfeito estado,Não existe,Não há placas,40 km/h,Única,Faixa,,
2018-12-06,10:48:00,SEM VÍTIMA,FINALIZADA,ESPINHEIRO,AV NORTE,,RUA ANTONIO SIMOES,EM FRENTE A OFICINA DE SEU MARIO / FINAL DO VIADUTO DA AV NORTE,AV NORTE,,EM FRENTE A OFICINA DE SEU MARIO / FINAL DO VIADUTO DA AV NORTE,ESPINHEIRO,,CIDADE,CHOQUE OBJETO FIXO,,1,,,,,,,,,0,,Longo da via,Bom,Não existe,Perfeito estado,Seca,Perfeito estado,Não existe,Não há placas,60 km/h,Dupla,Canteiro central,,
2018-12-06,11:03:00,SEM VÍTIMA,FINALIZADA,ARRUDA,AV BEBERIBE,,RUA BOLIVAR,E/F AO ARMAZEM CORAL,AV BEBERIBE,,E/F AO ARMAZEM CORAL,ARRUDA,,CIDADE,ABALROAMENTO TRANSVERSAL,SEM VÍTIMAS,2,,,,,,,,,0,,Cruzamento,Bom,Não existe,Perfeito estado,Seca,Perfeito estado,Não existe,R-6a,,Dupla,Faixa seccionada,,
2018-12-06,11:08:00,COM VÍTIMA,FINALIZADA,BOA VIAGEM,AV CONSELHEIRO AGUIAR,4221,RUA PEDRO BERGAMO,EM FRENTE AO GALETUS,AV CONSELHEIRO AGUIAR,4221,EM FRENTE AO GALETUS,BOA VIAGEM,,CIDADE,ABALROAMENTO LONGITUDINAL,AUTO E MOTO C/V,1,1,,,,,,,,1,,Longo da via,Bom,Não existe,Perfeito estado,Seca,Perfeito estado,Não existe,Não há placas,,Única,Faixa,,
2018-12-06,11:16:00,SEM VÍTIMA,FINALIZADA,BARRO,AV DR JOSE RUFINO,2327,RUA DOROTHEA VIEIRA,HA DEZ METROS DA IGREJA DO BARRO,AV DR JOSE RUFINO,2327,HA DEZ METROS DA IGREJA DO BARRO,BARRO,539,SUBURBIO,COLISÃO,SEM VITIMAS,1,,,,,1,,,,0,,,,,,,,,,,,,,
2018-12-06,11:35:00,SEM VÍTIMA,FINALIZADA,TAMARINEIRA,AV NORTE,,AV PROFESSOR JOSE DOS ANJOS,EM FRENTE AO POSTO BR,AV NORTE,,EM FRENTE AO POSTO BR,TAMARINEIRA,364,SUBURBIO,CHOQUE OBJETO FIXO,SEM VITMAS CHOCOU-SE COM O MEIO FIO E O SEMAFORO ,1,,,,,,,,,0,,Longo da via,Bom,Sem defeito,Perfeito estado,Seca,Perfeito estado,Faixa de pedestre,Outras,,Dupla,Canteiro central,,
2018-12-06,11:59:00,SEM VÍTIMA,CANCELADA,TORRE,RUA CONDE DE IRAJA,602,,E/F AO EXTRABOM,RUA CONDE DE IRAJA,602,E/F AO EXTRABOM,TORRE,,,COLISÃO,COLISAO ENTRE CAMINHAO E AUTOS S/V,1,,,,,,1,,,0,,,,,,,,,,,,,,
2018-12-06,12:10:00,SEM VÍTIMA,FINALIZADA,CORDEIRO,AV ENGENHEIRO ABDIAS DE CARVALHO,2840,,E/F AO CAMARAO O LEO PISTA LOCAL,AV ENGENHEIRO ABDIAS DE CARVALHO,2840,E/F AO CAMARAO O LEO PISTA LOCAL,CORDEIRO,,SUBURBIO,CHOQUE VEÍCULO PARADO,COLISAO ENTRE DOIS AUTOS S/V,2,,,,,,,,,0,,Longo da via,Bom,Não existe,Perfeito estado,Seca,Perfeito estado,Não existe,,,Dupla,Faixa seccionada,,
2018-12-06,12:52:00,SEM VÍTIMA,FINALIZADA,SÃO JOSÉ,RUA IMPERIAL,981,TRV DO RAPOSO,,RUA IMPERIAL,981,,SÃO JOSÉ,510,,ABALROAMENTO TRANSVERSAL,COLISAO ENTRE AUTO E MOTO S/V,1,1,,,,,,,,0,,Cruzamento,Bom,Sem defeito,Perfeito estado,Seca,Perfeito estado,Faixa de pedestre,Não há placas,,Única,Faixa seccionada,,
2018-12-06,12:52:00,SEM VÍTIMA,FINALIZADA,TORRE,RUA REAL DA TORRE,1335,,,RUA REAL DA TORRE,1335,,TORRE,,,ABALROAMENTO LONGITUDINAL,AUTO E CAMINHAO TANQUE S/V,1,,,,,,1,,,0,,Longo da via,Bom,Não existe,Perfeito estado,Seca,Perfeito estado,Não existe,R-6a,,Única,,,
2018-12-06,12:59:00,SEM VÍTIMA,CANCELADA,PAISSANDU,AV GOVERNADOR AGAMENON MAGALHAES,,,APOS O HOSPITAL PORTUGUES  PISTA LOCAL  SENTIDO BOA VIAGEM  NA CURVA DO CANAL  ANTES DE PASSAR POR BAIXO DO VIADUTO.,AV GOVERNADOR AGAMENON MAGALHAES,,APOS O HOSPITAL PORTUGUES  PISTA LOCAL  SENTIDO BOA VIAGEM  NA CURVA DO CANAL  ANTES DE PASSAR POR BAIXO DO VIADUTO.,PAISSANDU,,,COLISÃO,ENTRE DOIS AUTOS S/V,2,,,,,,,,,0,,,,,,,,,,,,,,
2018-12-06,13:13:00,SEM VÍTIMA,CANCELADA,ÁGUA FRIA,AV BEBERIBE,2243,,E/F AO SUPERMERCAO SOBERANO,AV BEBERIBE,2243,E/F AO SUPERMERCAO SOBERANO,ÁGUA FRIA,,,COLISÃO,COLISAO ENTRE AUTO E TAXI S/V,2,,,,,,,,,0,,,,,,,,,,,,,,
2018-12-06,14:03:00,SEM VÍTIMA,FINALIZADA,ILHA DO LEITE,AV GOVERNADOR AGAMENON MAGALHAES,,RUA DR JOAO ASFORA,AO LADO DA CAIXA ECONOMICA,AV GOVERNADOR AGAMENON MAGALHAES,,AO LADO DA CAIXA ECONOMICA,ILHA DO LEITE,,,ABALROAMENTO TRANSVERSAL,COLISAO ENTRE DOIS AUTOS,2,,,,,,,,,0,,Não informado,Bom,Não existe,Perfeito estado,Seca,Perfeito estado,,,,Dupla,Canal,,
2018-12-06,14:11:00,SEM VÍTIMA,FINALIZADA,BOA VIAGEM,AV CONSELHEIRO AGUIAR,,RUA RIBEIRO DE BRITO,,AV CONSELHEIRO AGUIAR,,,BOA VIAGEM,147,CIDADE,ABALROAMENTO LONGITUDINAL,COLISO ENTRE DOIS AUTOS S/V,2,,,,,,,,,0,,Longo da via,Bom,Sem defeito,Perfeito estado,Seca,Perfeito estado,Faixa de pedestre,Não há placas,,Única,Faixa contínua,,
2018-12-06,14:21:00,SEM VÍTIMA,FINALIZADA,SÃO JOSÉ,AV SUL,,,LADO OPOSTO AO CATAMARAN,AV SUL,,LADO OPOSTO AO CATAMARAN,SÃO JOSÉ,,CIDADE,COLISÃO TRASEIRA,COLISÃO SEGUIDA DE CHOQUE,3,,,,,,,,,0,,Longo da via,Bom,Não existe,Perfeito estado,Seca,Perfeito estado,Não existe,Outras,,Única,Faixa seccionada,,
2018-12-06,15:00:00,SEM VÍTIMA,CANCELADA,SANTO AMARO,AV GOVERNADOR AGAMENON MAGALHAES,,,POR TRÁS DO SHOPPING TACARUNA,AV GOVERNADOR AGAMENON MAGALHAES,,POR TRÁS DO SHOPPING TACARUNA,SANTO AMARO,,,COLISÃO,COLISÃO ENTRE TRÊS AUTOS SEM VÍTIMAS,3,,,,,,,,,0,,,,,,,,,,,,,,
2018-12-06,15:12:00,SEM VÍTIMA,FINALIZADA,PINA,RUA BARAO DE SANTO ANGELO,55,,AO LADO DO SHOPPING RIOMAR,RUA BARAO DE SANTO ANGELO,55,AO LADO DO SHOPPING RIOMAR,PINA,,SUBURBIO,ABALROAMENTO LONGITUDINAL,COLISAO ENTRE DOISS AUTOS S/V,2,,,,,,,,,0,,Longo da via,Bom,Não existe,Perfeito estado,Seca,Perfeito estado,Não existe,Não há placas,,Única,Não existe,,
2018-12-06,15:27:00,SEM VÍTIMA,FINALIZADA,MADALENA,AV VISCONDE DE ALBUQUERQUE,267,RUA JOSE OSORIO,E/F A FARMACIA INDEPENDENTE,AV VISCONDE DE ALBUQUERQUE,267,E/F A FARMACIA INDEPENDENTE,MADALENA,50,S,ABALROAMENTO LONGITUDINAL,COLISAO ENTRE AUTO E CAMINHAO REBOQUE S/,1,,,,,,1,,,0,,Longo da via,Bom,Sem defeito,Perfeito estado,Seca,Perfeito estado,Faixa de pedestre,Não há placas,,Única,Não existe,,
2018-12-06,15:46:00,SEM VÍTIMA,FINALIZADA,SANTO AMARO,AV CRUZ CABUGA,165,,,AV CRUZ CABUGA,165,,SANTO AMARO,,CIDADE,ABALROAMENTO LONGITUDINAL,AUTO E ONIBUS,1,,,,,1,,,,0,,Longo da via,Bom,Não existe,Ilegível,Seca,Perfeito estado,Não existe,Outras,,Dupla,Faixa contínua,,
2018-12-06,15:48:00,SEM VÍTIMA,FINALIZADA,BOA VIAGEM,AV ENGENHEIRO DOMINGOS FERREIRA,,,E/F A START VEICULOS,AV ENGENHEIRO DOMINGOS FERREIRA,,E/F A START VEICULOS,BOA VIAGEM,,SUBURBIO,ABALROAMENTO LONGITUDINAL,COLISAO ENTRE DOIS AUTOS /V,2,,,,,,,,,0,,Longo da via,Bom,Não existe,Perfeito estado,Seca,Perfeito estado,,Não há placas,,Única,Não existe,,
2018-12-06,16:11:00,SEM VÍTIMA,FINALIZADA,BONGI,RUA ISAAC MARKMAN,372,,,RUA ISAAC MARKMAN,372,,BONGI,,,COLISÃO TRASEIRA,AUTO E MOTO C/V,2,,,,,,,,,0,,Longo da via,Bom,Não existe,Perfeito estado,Seca,Perfeito estado,Não existe,R-34,,Dupla,Faixa seccionada,,
2018-12-06,16:41:00,SEM VÍTIMA,FINALIZADA,BOA VIAGEM,RUA HENRIQUE CAPITULINO,,RUA DOS NAVEGANTES,,RUA HENRIQUE CAPITULINO,,,BOA VIAGEM,,,ABALROAMENTO TRANSVERSAL,COLISAO ENTRE DOIS AUTOS S/V BATEDOR DA MOTO 29 E 02 NO LOCAL,2,,,,,,,,,0,,Cruzamento,Bom,Não existe,Perfeito estado,Seca,Perfeito estado,Outros,Placas Pare,,Dupla,Faixa seccionada,,
2018-12-06,16:51:00,SEM VÍTIMA,FINALIZADA,CORDEIRO,RUA HONORIO CORREIA,49,,CASA DE FESTA PRA BRINCAR,RUA HONORIO CORREIA,49,CASA DE FESTA PRA BRINCAR,CORDEIRO,,,CHOQUE VEÍCULO PARADO,COLISAO ENTRE AUTO E CAMINHAO S/V,1,,,,,,1,,,0,,Longo da via,Bom,Não existe,Perfeito estado,Seca,Perfeito estado,Outros,Outras,,Única,Outros,,
2018-12-06,16:57:00,SEM VÍTIMA,FINALIZADA,IPUTINGA,RUA CORDISLANDIA,811,,BONITA MODAS,RUA CORDISLANDIA,811,BONITA MODAS,IPUTINGA,,CIDADE,ABALROAMENTO LONGITUDINAL,COLISAO ENTRE AUTO E MOTO S/V,1,1,,,,,,,,0,,Longo da via,Bom,Não existe,Perfeito estado,Seca,Perfeito estado,Não existe,Não há placas,,Dupla,Não existe,,
2018-12-06,17:12:00,SEM VÍTIMA,FINALIZADA,BOA VIAGEM,AV ARMINDO MOURA,500,RUA GENERAL CHARLES DE GAULLE,,AV ARMINDO MOURA,500,,BOA VIAGEM,,CIDADE,ABALROAMENTO LONGITUDINAL,COLISAO ENTRE CAMINHAO E AUTO S/V,1,,,,,,1,,,0,,Não informado,Bom,Não existe,Perfeito estado,Seca,Perfeito estado,Não existe,,,Dupla,Faixa seccionada,,
2018-12-06,19:19:00,SEM VÍTIMA,FINALIZADA,CABANGA,AV SATURNINO DE BRITO,,,EM FRENTE À COMPESA // PONTE GOV. PAULO GUERRA,AV SATURNINO DE BRITO,,EM FRENTE À COMPESA // PONTE GOV. PAULO GUERRA,CABANGA,,,ABALROAMENTO LONGITUDINAL,AUTO X CAMINHÃO S/V.,1,,,,,,1,,,0,,Longo da via,Bom,Não existe,Perfeito estado,Seca,Mal iluminada,Não existe,Outras,,Única,Faixa seccionada,,
2018-12-06,19:54:00,SEM VÍTIMA,CANCELADA,CAÇOTE,AV RECIFE,,,EM FRENTE AO WALMART // SENT BOA VIAGEM,AV RECIFE,,EM FRENTE AO WALMART // SENT BOA VIAGEM,CAÇOTE,337,,COLISÃO,AUTO X CAMINHÃO S/V.,1,,,,,,1,,,0,,,,,,,,,,,,,,
2018-12-06,20:06:00,SEM VÍTIMA,FINALIZADA,CABANGA,AV SATURNINO DE BRITO,,RUA COMANDANTE ANTONIO MANHAES DE MATTOS,ANTES DA LOMBADA ELETRONICA PROX A COMPESA,AV SATURNINO DE BRITO,,ANTES DA LOMBADA ELETRONICA PROX A COMPESA,CABANGA,,SUBURBIO,COLISÃO TRASEIRA,ONIBUS X FAIT BRAVO,1,,,,,1,,,,0,,Não informado,Bom,Não existe,Ilegível,Seca,Mal iluminada,,Não há placas,,Única,Faixa seccionada,,
2018-12-06,20:18:00,SEM VÍTIMA,FINALIZADA,IBURA,AV DOIS RIOS,,,EM FRENTE AO POSTO MAIS,AV DOIS RIOS,,EM FRENTE AO POSTO MAIS,IBURA,518,SUBURBIO,ABALROAMENTO TRANSVERSAL,AUTO X ÔNIBUS S/V.,1,,,,,,1,,,0,,Longo da via,Bom,Sem defeito,Perfeito estado,Seca,Perfeito estado,Faixa de pedestre,R-6a,,Dupla,Faixa contínua,,
2018-12-06,22:49:00,SEM VÍTIMA,FINALIZADA,IBURA,AV RIO LARGO,,,ENF A CRISMOVES MAGAZINE,AV RIO LARGO,,ENF A CRISMOVES MAGAZINE,IBURA,,SUBURBIO,CHOQUE VEÍCULO PARADO,VT DA RADIO PATRULHA X ONIBUS,1,,,,,1,,1,,0,,Longo da via,Bom,Não existe,Não existente,Seca,Mal conservada,Faixa de pedestre,Outras,,Dupla,Não existe,,
2018-12-06,22:58:00,SEM VÍTIMA,FINALIZADA,ESTÂNCIA,AV RECIFE,,,RESIDENCIAL INÊS AUDUAZZA,AV RECIFE,,RESIDENCIAL INÊS AUDUAZZA,ESTÂNCIA,494,,ABALROAMENTO LONGITUDINAL,ONIX X SANDERO,2,,,,,,,,,0,,Longo da via,Bom,Sem defeito,Perfeito estado,Seca,Mal iluminada,Faixa de pedestre,Não há placas,,Dupla,Canteiro central,,
2018-12-06,23:59:00,SEM VÍTIMA,FINALIZADA,BOA VIAGEM,RUA MARIA CAROLINA,,,EM FRENTE A ROMARRI,RUA MARIA CAROLINA,,EM FRENTE A ROMARRI,BOA VIAGEM,,,COLISÃO TRASEIRA,COLISÃO ENTRE DOIS AUTOS  S/V,2,,,,,,,,,0,,Longo da via,Bom,Não existe,Ilegível,Seca,Perfeito estado,Não existe,Placas Pare,,,Não existe,,
2018-12-07,07:36:00,COM VÍTIMA,FINALIZADA,SÃO JOSÉ,CAIS DO APOLO,,,EM FRENTE AO TRIBUNAL REGIONAL FEDERAL E O ESTACIONAMENTO DA PCR.,CAIS DO APOLO,,EM FRENTE AO TRIBUNAL REGIONAL FEDERAL E O ESTACIONAMENTO DA PCR.,SÃO JOSÉ,,CIDADE,ABALROAMENTO TRANSVERSAL,MOTO E AUTO,1,1,,,,,,,,1,,Cruzamento,Bom,Sem defeito,Perfeito estado,Seca,Perfeito estado,Não existe,Outras,60 km/h,Única,Faixa seccionada,,
2018-12-07,07:52:00,SEM VÍTIMA,FINALIZADA,AFOGADOS,EST DOS REMEDIOS,1918,RUA DONA MARIA VIEIRA,,EST DOS REMEDIOS,1918,,AFOGADOS,,SUBURBIO,ABALROAMENTO TRANSVERSAL,TAXI E AUTO,2,,,,,,,,,0,,Cruzamento,Bom,Não existe,Perfeito estado,Seca,Perfeito estado,Não existe,Placas Pare,,Única,,,
2018-12-07,07:58:00,SEM VÍTIMA,FINALIZADA,MONTEIRO,AV DEZESSETE DE AGOSTO,2656,,AO LADO DA PRAÇA DO MONTEIRO,AV DEZESSETE DE AGOSTO,2656,AO LADO DA PRAÇA DO MONTEIRO,MONTEIRO,,CIDADE,ABALROAMENTO LONGITUDINAL,SEM VÍTIMAS.,2,,,,,,,,,0,,Longo da via,Bom,Não existe,Perfeito estado,Seca,Perfeito estado,Não existe,R-6a,60 km/h,Dupla,Faixa seccionada,,
2018-12-07,08:20:00,COM VÍTIMA,FINALIZADA,APIPUCOS,RUA DE APIPUCOS,600,,EM FRENTE AO HOTEL SENZALA. ROSE BELTRÃO RECEPÇÕES.,RUA DE APIPUCOS,600,EM FRENTE AO HOTEL SENZALA. ROSE BELTRÃO RECEPÇÕES.,APIPUCOS,,CIDADE,ACID. DE PERCURSO,MOTORISTA INFORMA QUE O ONIBUS ESTARIA MUITO E A MANGUEIRA DA PORTA ESTOUROU E UMA PASSAGEIRA CAIU SAMU NO LOCAL,,,,,,1,,,,1,,Longo da via,Bom,Não existe,Perfeito estado,Seca,Perfeito estado,Não existe,Não há placas,60 km/h,Dupla,Faixa contínua,,
2018-12-07,08:21:00,SEM VÍTIMA,CANCELADA,AREIAS,AV RECIFE,,,E/F AO MAKRO  SENTIDO BOA VIAGEM,AV RECIFE,,E/F AO MAKRO  SENTIDO BOA VIAGEM,AREIAS,,,COLISÃO,SEM VÍTIMAS,2,,,,,,,,,0,,,,,,,,,,,,,,
2018-12-07,10:03:00,SEM VÍTIMA,FINALIZADA,ÁGUA FRIA,EST VELHA DE AGUA FRIA,253,,ROTATÓRIA,EST VELHA DE AGUA FRIA,253,ROTATÓRIA,ÁGUA FRIA,,CIDADE,COLISÃO TRASEIRA,SEM VÍTIMAS. VT 11 NO LOCAL,1,,,,,1,,,,0,,Não informado,Bom,Não existe,Perfeito estado,Seca,Perfeito estado,Não existe,Placas Dê a preferência,,Dupla,Canteiro central,,Blocos