data,hora,natureza_acidente,situacao,bairro,endereco,numero,detalhe_endereco_acidente,complemento,endereco_cruzamento,numero_cruzamento,referencia_cruzamento,bairro_cruzamento,num_semaforo,sentido_via,tipo,descricao,auto,moto,ciclom,ciclista,pedestre,onibus,caminhao,viatura,outros,vitimas,vitimasfatais,acidente_verificado,tempo_clima,situacao_semaforo,sinalizacao,condicao_via,conservacao_via,ponto_controle,situacao_placa,velocidade_max_via,mao_direcao,divisao_via1,divisao_via2,divisao_via3
2018-12-08,14:54:00,SEM VÍTIMA,FINALIZADA,GRAÇAS,RUA ALBERTO PAIVA,,,EM FRENTE A GERENCIA OPERACIONAL DE FISCALIZAÇÃO EMLURB,RUA ALBERTO PAIVA,,EM FRENTE A GERENCIA OPERACIONAL DE FISCALIZAÇÃO EMLURB,GRAÇAS,,SUBURBIO,ABALROAMENTO LONGITUDINAL,COLISÃO SEM VÍTIMA,1,,,,,,1,,,0,,Longo da via,Bom,Não existe,Perfeito estado,Seca,Perfeito estado,Outros,Outras,,Única,Faixa contínua,,Faixa seccionada
2018-12-08,16:15:00,COM VÍTIMA,FINALIZADA,IPSEP,AV PRESIDENTE DUTRA,,,NA DESCIDA DO VIATUDO TANCREDO NEVES  NO SENTIDO DA BR,AV PRESIDENTE DUTRA,,NA DESCIDA DO VIATUDO TANCREDO NEVES  NO SENTIDO DA BR,IPSEP,,SUBURBIO,COLISÃO TRASEIRA,COLISÃO COM VITIMAS,1,1,,,,,,,,1,,Longo da via,Bom,Não existe,Perfeito estado,Seca,Perfeito estado,Não existe,Não há placas,,Dupla,Faixa contínua,,
2018-12-08,16:29:00,SEM VÍTIMA,FINALIZADA,IPUTINGA,AV CAXANGA,,,EM FRENTE AO GOLF CLUBE,AV CAXANGA,,EM FRENTE AO GOLF CLUBE,IPUTINGA,,SUBURBIO,COLISÃO TRASEIRA,COLISÃO SEM VÍTIMA,2,,,,,,,,,0,,Longo da via,Bom,Não existe,Perfeito estado,Seca,Perfeito estado,Não existe,R-6a,,Dupla,Canteiro central,,
2018-12-08,16:45:00,COM VÍTIMA,FINALIZADA,CASA AMARELA,EST DO ARRAIAL,2949,,E/F AO COLEGIO REINO MAGICO,EST DO ARRAIAL,2949,E/F AO COLEGIO REINO MAGICO,CASA AMARELA,,SUBURBIO,ABALROAMENTO LONGITUDINAL,COLISAO ENTRE AUTO E MOTO COM UMA VITIMA,2,1,,,,,,,,1,,Longo da via,Bom,Não existe,Perfeito estado,Seca,Perfeito estado,Não existe,R-6a,,Única,Faixa seccionada,,
2018-12-08,18:47:00,SEM VÍTIMA,FINALIZADA,MADALENA,RUA BELARMINO CARNEIRO,74,RUA ANTONIO VIEIRA,,RUA BELARMINO CARNEIRO,74,,MADALENA,,SUBURBIO,ABALROAMENTO TRANSVERSAL,COLISÃO ENTRE DOIS AUTOS S/V,2,,,,,,,,,0,,Cruzamento,Bom,Não existe,Não existente,Seca,Mal iluminada,Não existe,Placas Pare,,Dupla,Não existe,,
2018-12-08,19:07:00,SEM VÍTIMA,FINALIZADA,BOA VIAGEM,RUA VISCONDE DE JEQUITINHONHA,,,EM FRENTE AO RESTAURANTE ENTRE AMIGOS,RUA VISCONDE DE JEQUITINHONHA,,EM FRENTE AO RESTAURANTE ENTRE AMIGOS,BOA VIAGEM,,CIDADE,ABALROAMENTO LONGITUDINAL,ENTRE AUTOS S/V.,2,,,,,,,,,0,,Longo da via,Bom,Não existe,Ilegível,Seca,Perfeito estado,Não existe,Outras,,Única,Não existe,,
2018-12-08,19:17:00,COM VÍTIMA,EQUIPE EM DESLOCAMENTO,BARRO,AV DR JOSE RUFINO,,RUA DOMINGOS TEOTONIO,PROX DO COLEGIO IMACULADA CONCEIÇÃO  SEMÁFORO 213,AV DR JOSE RUFINO,,PROX DO COLEGIO IMACULADA CONCEIÇÃO  SEMÁFORO 213,BARRO,,,COLISÃO,COLISÃO ENTRE AUTO E MOTO C/V,1,1,,,,,,,,1,,,,,,,,,,,,,,
2018-12-08,19:26:00,SEM VÍTIMA,FINALIZADA,BOA VIAGEM,RUA PADRE LUIZ MARQUES TEIXEIRA,121,,MAURA LINDA,RUA PADRE LUIZ MARQUES TEIXEIRA,121,MAURA LINDA,BOA VIAGEM,,SUBURBIO,CHOQUE VEÍCULO PARADO,ENGAVETAMENTO ENVOLMENDO CINCO VEÍCULOS S/V,5,,,,,,,,,0,,Longo da via,Bom,Não existe,Incompleta,Seca,Perfeito estado,Não existe,Não há placas,,Dupla,Não existe,,
2018-12-08,19:39:00,SEM VÍTIMA,CANCELADA,CAXANGÁ,AV JOAQUIM RIBEIRO,,,EM FRENTE À CAPELA NOSSA SENHORA DO PERPÉTUO SOCORRO,AV JOAQUIM RIBEIRO,,EM FRENTE À CAPELA NOSSA SENHORA DO PERPÉTUO SOCORRO,CAXANGÁ,,,COLISÃO,ENTRE AUTOS S/V.,2,,,,,,,,,0,,,,,,,,,,,,,,
2018-12-09,01:27:00,SEM VÍTIMA,CANCELADA,JORDÃO,AV MARIA IRENE,1227,,EM FRENTE A LOJA MARIA MIUDA  PROX DO PIT STOP MS DISTRIBUIÇÃO,AV MARIA IRENE,1227,EM FRENTE A LOJA MARIA MIUDA  PROX DO PIT STOP MS DISTRIBUIÇÃO,JORDÃO,,,COLISÃO,COLISÃO ENTRE AUTO E MOTO S/V,1,1,,,,,,,,0,,,,,,,,,,,,,,
2018-12-09,01:40:00,SEM VÍTIMA,FINALIZADA,ESTÂNCIA,AV RECIFE,,,,AV RECIFE,,,ESTÂNCIA,259,,COLISÃO TRASEIRA,COLISÃO ENTRE DOIS AUTOS S/V,2,,,,,,,,,0,,Longo da via,Bom,Sem defeito,Incompleta,Seca,Mal conservada,Faixa de pedestre,Não há placas,60 km/h,Única,Faixa contínua,,Faixa seccionada
2018-12-09,06:17:00,SEM VÍTIMA,FINALIZADA,PRADO,RUA JOAO IVO DA SILVA,,,E/F A FIORI  SENTIDO AFOGADOS,RUA JOAO IVO DA SILVA,,E/F A FIORI  SENTIDO AFOGADOS,PRADO,,SUBURBIO,COLISÃO TRASEIRA,SEM VÍTIMAS,1,,,,,1,,,,0,,Longo da via,Bom,Não existe,Perfeito estado,Seca,Perfeito estado,,,,Única,,,
2018-12-09,06:32:00,COM VÍTIMA,FINALIZADA,MADALENA,RUA JOSE OSORIO,124,,DE FRONTE AO C.COSNI EM FRENTE AO POSTO DE GASOLINA CAPUNGA,RUA JOSE OSORIO,124,DE FRONTE AO C.COSNI EM FRENTE AO POSTO DE GASOLINA CAPUNGA,MADALENA,,SUBURBIO,ABALROAMENTO LONGITUDINAL,COLISÃO COM VITIMA A ESPERA DO SAMU,1,1,,,,,,,,1,,Longo da via,Bom,Não existe,Perfeito estado,Seca,Perfeito estado,Não existe,Outras,,Única,Faixa seccionada,,
2018-12-09,06:58:00,SEM VÍTIMA,FINALIZADA,IMBIRIBEIRA,AV MARECHAL MASCARENHAS DE MORAES,,,EM FRENTE A LOJA LASER ELETRO,AV MARECHAL MASCARENHAS DE MORAES,,EM FRENTE A LOJA LASER ELETRO,IMBIRIBEIRA,288,CIDADE,ABALROAMENTO LONGITUDINAL,COLISÃO SEM VITIMAS,2,,,,,,,,,0,,Longo da via,Bom,Sem defeito,Perfeito estado,Seca,Perfeito estado,Faixa de retenção,R-6a,60 km/h,Única,Faixa seccionada,,
2018-12-09,08:01:00,COM VÍTIMA,FINALIZADA,IMBIRIBEIRA,AV MARECHAL MASCARENHAS DE MORAES,,RUA JORNALISTA CLEOFHAS DE OLIVEIRA,E/F A VENEZA MAQUINAS  SENTIDO CABO DE SANTO AGOSTINHO E LADO OPOSTO AO GERALDÃO.,AV MARECHAL MASCARENHAS DE MORAES,,E/F A VENEZA MAQUINAS  SENTIDO CABO DE SANTO AGOSTINHO E LADO OPOSTO AO GERALDÃO.,IMBIRIBEIRA,290,SUBURBIO,ABALROAMENTO LONGITUDINAL,COM UMA VÍTIMA. O SAMU FOI ACIONADO POR UM DOS CONDUTORES MAS  FAMILIARES DA VÍTIMA OSOCORRERAM POR CONTA PROPRIA.,1,,,,,1,,,,1,,Longo da via,Bom,Sem defeito,Perfeito estado,Seca,Perfeito estado,Faixa de pedestre,Não há placas,,Única,Faixa,,
2018-12-09,09:08:00,SEM VÍTIMA,FINALIZADA,IBURA,AV RECIFE,,AV DOIS RIOS,,AV RECIFE,,,IBURA,16,,COLISÃO FRONTAL,COLISÃO SEM VITIMAS,2,,,,,,,,,0,,Cruzamento,Bom,Sem defeito,Perfeito estado,Seca,Perfeito estado,Faixa de pedestre,Outras,,,,,
2018-12-09,10:53:00,COM VÍTIMA,FINALIZADA,TORRÕES,AV BICENTENARIO DA REVOLUCAO FRANCESA,1015,RUA ZUMBI DOS PALMARES,EM FRENTE AS LOJAS FRANCES,AV BICENTENARIO DA REVOLUCAO FRANCESA,1015,EM FRENTE AS LOJAS FRANCES,TORRÕES,,SUBURBIO,CHOQUE VEÍCULO PARADO,AUTO E MOTO,1,1,,,,,,,,1,,Cruzamento,Bom,Não existe,Incompleta,Seca,Perfeito estado,Outros,Outras,,Dupla,Não existe,,
2018-12-09,12:24:00,COM VÍTIMA,FINALIZADA,ESTÂNCIA,RUA ANTONIO CARNEIRO,151,AV DR JOSE RUFINO,AO LADO DA ASTROTUR,RUA ANTONIO CARNEIRO,151,AO LADO DA ASTROTUR,ESTÂNCIA,,SUBURBIO,CHOQUE VEÍCULO PARADO,COLISÃO COM VÍTIMA,3,,,,,,,,,1,,Longo da via,Bom,Não existe,Perfeito estado,Seca,Perfeito estado,Não existe,Outras,30 km/h,Única,Não existe,,
2018-12-09,13:02:00,SEM VÍTIMA,FINALIZADA,SANTO AMARO,RUA AURORA,,,LADO OPOSTO AO TRIBUNAL DE CONTAS DO ESTADO DE PERNAMBUCO,RUA AURORA,,LADO OPOSTO AO TRIBUNAL DE CONTAS DO ESTADO DE PERNAMBUCO,SANTO AMARO,,SUBURBIO,ABALROAMENTO LONGITUDINAL,DOIS AUTOS,2,,,,,,,,,0,,Não informado,Bom,Não existe,Perfeito estado,Seca,Perfeito estado,,Não há placas,,Única,Faixa seccionada,,Canteiro central
2018-12-09,15:50:00,COM VÍTIMA,FINALIZADA,SANTO AMARO,AV CRUZ CABUGA,,,EM FRENTE AO SHOPPING TACARUNA,AV CRUZ CABUGA,,EM FRENTE AO SHOPPING TACARUNA,SANTO AMARO,470,SUBURBIO,COLISÃO TRASEIRA,MOTO E AUTO,1,1,,,,,,,,1,,Longo da via,Bom,Sem defeito,Perfeito estado,Seca,Perfeito estado,Faixa de pedestre,Não há placas,,Dupla,Canteiro central,,
2018-12-09,16:32:00,SEM VÍTIMA,CANCELADA,SAN MARTIN,RUA JOSE VELOSO,129,RUA COMENDADOR FRANCO FERREIRA,AO LADO DA CAVALARIA,RUA JOSE VELOSO,129,AO LADO DA CAVALARIA,SAN MARTIN,,,COLISÃO,DOIS AUTOS,2,,,,,,,,,0,,,,,,,,,,,,,,
2018-12-09,18:57:00,SEM VÍTIMA,FINALIZADA,GUABIRABA,AV VEREADOR OTACILIO AZEVEDO,,RUA SENHOR DO BONFIM,FRENTE AO POSTE Nº BO 88220,AV VEREADOR OTACILIO AZEVEDO,,FRENTE AO POSTE Nº BO 88220,GUABIRABA,,SUBURBIO,ABALROAMENTO TRANSVERSAL,FAIT X FIESTA,2,,,,,,,,,0,,Longo da via,Bom,Não existe,Incompleta,Seca,Perfeito estado,,Outras,,Dupla,Não existe,,
2018-12-09,21:09:00,SEM VÍTIMA,FINALIZADA,ESPINHEIRO,RUA ALFREDO DE CASTRO,,AV JOAO DE BARROS,SELF SERVICE TIA MARLENE,RUA ALFREDO DE CASTRO,,SELF SERVICE TIA MARLENE,ESPINHEIRO,,SUBURBIO,ABALROAMENTO LONGITUDINAL,ONIBUS X FORD,1,,,,,1,,,,0,,Não informado,Bom,Não existe,Perfeito estado,Seca,Perfeito estado,,,,Única,,,
2018-12-09,21:35:00,SEM VÍTIMA,FINALIZADA,DOIS IRMÃOS,RUA MANOEL DE MORAIS,,,ENF PRINCIPAL DA UNIVERSIDADE FEDERAL,RUA MANOEL DE MORAIS,,ENF PRINCIPAL DA UNIVERSIDADE FEDERAL,DOIS IRMÃOS,,CIDADE,COLISÃO TRASEIRA,FORD K X ESPRINT,2,,,,,,,,,0,,Longo da via,Bom,Não existe,Perfeito estado,Seca,Perfeito estado,Não existe,Não há placas,,Dupla,Faixa seccionada,,
2018-12-09,21:48:00,SEM VÍTIMA,CANCELADA,BOA VIAGEM,RUA RIBEIRO DE BRITO,1111,RUA SALGUEIRO,PROX A RUA DOS NAVEGANTES,RUA RIBEIRO DE BRITO,1111,PROX A RUA DOS NAVEGANTES,BOA VIAGEM,,,COLISÃO,AUTO MOTO,1,1,,,,,,,,0,,,,,,,,,,,,,,
2018-12-09,22:39:00,SEM VÍTIMA,FINALIZADA,VÁRZEA,RUA PROFESSOR ANTONIO COELHO,,RUA EMILIANO BRAGA,,RUA PROFESSOR ANTONIO COELHO,,,VÁRZEA,,SUBURBIO,ABALROAMENTO TRANSVERSAL,COLISÃO SEM VITIMAS,1,1,,,,,,,,0,,Cruzamento,Bom,Não existe,Perfeito estado,Seca,Perfeito estado,Não existe,Placas Pare,,Dupla,Faixa seccionada,,
2018-12-09,23:31:00,SEM VÍTIMA,FINALIZADA,SÃO JOSÉ,RUA IMPERIAL,,RUA DO PEIXOTO,NA FRENTE DA IGRAJA DE SÃO JOSÉ,RUA IMPERIAL,,NA FRENTE DA IGRAJA DE SÃO JOSÉ,SÃO JOSÉ,207,CIDADE,ABALROAMENTO TRANSVERSAL,COLISÃO SEM VITIMAS,1,,,,,1,,,,0,,Não informado,Bom,Sem defeito,Perfeito estado,Seca,Perfeito estado,Não existe,Outras,,Única,,,
2018-12-10,04:20:00,SEM VÍTIMA,FINALIZADA,MADALENA,EST DOS REMEDIOS,,AV JOSE GONCALVES DE MEDEIROS,,EST DOS REMEDIOS,,,MADALENA,353,SUBURBIO,ABALROAMENTO TRANSVERSAL,COLISÃO ENTRE DOIS AUTOS S/V,2,,,,,,,,,0,,Cruzamento,Chuvoso,Sem defeito,Perfeito estado,Molhada,Perfeito estado,Faixa de pedestre,Não há placas,,Única,Faixa contínua,,
2018-12-10,05:21:00,SEM VÍTIMA,FINALIZADA,DERBY,AV GOVERNADOR AGAMENON MAGALHAES,,,PRÓXIMO AO TRE,AV GOVERNADOR AGAMENON MAGALHAES,,PRÓXIMO AO TRE,DERBY,37,,COLISÃO TRASEIRA,COLISÃO ENTRE DOIS AUTOS S/V,2,,,,,,,,,0,,Longo da via,Chuvoso,Sem defeito,Perfeito estado,Molhada,Perfeito estado,Faixa de pedestre,,,Dupla,Canal,,
2018-12-10,05:36:00,COM VÍTIMA,FINALIZADA,SÃO JOSÉ,AV SUL,,,NA ENTRADA DO CABANGA. PONTILHÃO.,AV SUL,,NA ENTRADA DO CABANGA. PONTILHÃO.,SÃO JOSÉ,,CIDADE,ABALROAMENTO TRANSVERSAL,COLISÃO ENTRE AUTO E ÔNIBUS,1,,,,,1,,,,2,,Cruzamento,Chuvoso,Sem defeito,Perfeito estado,Molhada,Perfeito estado,Faixa de pedestre,Outras,,Única,Canteiro central,,
2018-12-10,07:12:00,SEM VÍTIMA,FINALIZADA,BOA VISTA,RUA JOAO FERNANDES VIEIRA,,,PRAÇA PARQUE AMORIM,RUA JOAO FERNANDES VIEIRA,,PRAÇA PARQUE AMORIM,BOA VISTA,,SUBURBIO,ABALROAMENTO LONGITUDINAL,SEM VÍTIMAS,1,,,,,1,,,,0,,Longo da via,Bom,Sem defeito,Perfeito estado,Seca,Perfeito estado,Não existe,Não há placas,,Única,Não existe,,
2018-12-10,07:21:00,SEM VÍTIMA,FINALIZADA,VÁRZEA,RUA GASTAO VIDIGAL,,AV JOAQUIM RIBEIRO,SEMÁFORO Nº 281,RUA GASTAO VIDIGAL,,SEMÁFORO Nº 281,VÁRZEA,281,CIDADE,ABALROAMENTO LONGITUDINAL,DOIS AUTOS,2,,,,,,,,,0,,Não informado,Bom,Sem defeito,Não existente,Seca,Perfeito estado,Não existe,Não há placas,,Dupla,Não existe,,
2018-12-10,07:51:00,SEM VÍTIMA,FINALIZADA,AFOGADOS,EST DOS REMEDIOS,1161,,PROX. AO MERCADINHO ARAGUAIA E BELO AUTO PEÇAS,EST DOS REMEDIOS,1161,PROX. AO MERCADINHO ARAGUAIA E BELO AUTO PEÇAS,AFOGADOS,,CIDADE,COLISÃO TRASEIRA,DOIS AUTOS,3,,,,,,,,,0,,Longo da via,Bom,Não existe,Perfeito estado,Seca,Perfeito estado,Não existe,Não há placas,,Única,Faixa contínua,,Faixa seccionada
2018-12-10,07:52:00,SEM VÍTIMA,FINALIZADA,MADALENA,RUA JOSE OSORIO,592,,ALIANÇA AUTOMOVEIS,RUA JOSE OSORIO,592,ALIANÇA AUTOMOVEIS,MADALENA,,SUBURBIO,COLISÃO TRASEIRA,COLISÃO SEM VITIMAS,1,1,,,,,,,,0,,Longo da via,Bom,Não existe,Perfeito estado,,Perfeito estado,Não existe,Outras,,Dupla,Faixa contínua,,
2018-12-10,07:58:00,SEM VÍTIMA,FINALIZADA,AFOGADOS,AV SUL,,,AO LADO DA ESTAÇÃO LARGO DA PAZ,AV SUL,,AO LADO DA ESTAÇÃO LARGO DA PAZ,AFOGADOS,,CIDADE,ABALROAMENTO LONGITUDINAL,COLISÃO SEM VITIMAS,1,,,,,,1,,,0,,Longo da via,Bom,Não existe,Perfeito estado,Seca,Perfeito estado,,Outras,,Única,,,
2018-12-10,08:15:00,SEM VÍTIMA,FINALIZADA,IBURA,RUA DES THOMAZ CYRILO WANDERLEY,119,RUA ARQUITETO REINALDO ALVES MAIA,PRÓXIMO A ESCOLA MUNICIPAL UR 05,RUA DES THOMAZ CYRILO WANDERLEY,119,PRÓXIMO A ESCOLA MUNICIPAL UR 05,IBURA,,SUBURBIO,ABALROAMENTO LONGITUDINAL,SEM VITIMAS,2,,,,,,,,,0,,Outros,Bom,Não existe,Não existente,Seca,Perfeito estado,Não existe,Não há placas,,Dupla,Não existe,,
2018-12-10,09:52:00,SEM VÍTIMA,FINALIZADA,MANGABEIRA,AV PROFESSOR JOSE DOS ANJOS,,AV NORTE,SESC CASA AMARELA,AV PROFESSOR JOSE DOS ANJOS,,SESC CASA AMARELA,MANGABEIRA,,,ABALROAMENTO LONGITUDINAL,COLISÃO SEM VITIMAS,1,,,,,,1,,,0,,Longo da via,Bom,Sem defeito,Perfeito estado,Seca,Perfeito estado,Agente,R-6a,,Dupla,Canteiro central,,
2018-12-10,10:12:00,SEM VÍTIMA,FINALIZADA,CAXANGÁ,AV CAXANGA,4251,,E/F A CAXANGÁ VEÍCULOS,AV CAXANGA,4251,E/F A CAXANGÁ VEÍCULOS,CAXANGÁ,,CIDADE,ABALROAMENTO LONGITUDINAL,SEM VÍTIMAS,2,,,,,,,,,0,,Longo da via,Bom,Não existe,Perfeito estado,Seca,Perfeito estado,Não existe,Não há placas,,Dupla,Faixa contínua,Faixa seccionada,Canteiro central
2018-12-10,10:12:00,SEM VÍTIMA,FINALIZADA,PINA,AV ANTONIO DE GOES,820,,EM FRENTE AO DNIT  SENT. CIDADE,AV ANTONIO DE GOES,820,EM FRENTE AO DNIT  SENT. CIDADE,PINA,,CIDADE,COLISÃO TRASEIRA,AUTO E CAMINHÃO,2,,,,,,1,,,0,,Longo da via,Bom,Não existe,Perfeito estado,Seca,Perfeito estado,Não existe,Não há placas,60 km/h,Única,Canteiro central,,
2018-12-10,10:32:00,SEM VÍTIMA,FINALIZADA,CORDEIRO,AV GENERAL SAN MARTIN,,,SOB O SEMÁFORO 185,AV GENERAL SAN MARTIN,,SOB O SEMÁFORO 185,CORDEIRO,185,CIDADE,COLISÃO TRASEIRA,SEM VITIMAS,2,,,,,,,,,0,,Longo da via,Bom,Sem defeito,Perfeito estado,Seca,Perfeito estado,Agente,R-6a,,Dupla,Faixa contínua,,
2018-12-10,10:33:00,SEM VÍTIMA,FINALIZADA,IMBIRIBEIRA,RUA IZABEL DE SOUZA,,RUA ITACARI,EM FRENTE A CONTSERV,RUA IZABEL DE SOUZA,,EM FRENTE A CONTSERV,IMBIRIBEIRA,,,ABALROAMENTO LONGITUDINAL,SEM VÍTIMAS,1,,,,,,1,,,0,,Não informado,Bom,Não existe,Perfeito estado,Seca,Perfeito estado,Não existe,Não há placas,40 km/h,Dupla,Faixa contínua,,
2018-12-10,10:43:00,SEM VÍTIMA,FINALIZADA,ESPINHEIRO,RUA AMELIA,304,RUA DO CUPIM,AO LADO DO EXTRA FARMA,RUA AMELIA,304,AO LADO DO EXTRA FARMA,ESPINHEIRO,,CIDADE,ABALROAMENTO TRANSVERSAL,AUTO E MOTO,1,1,,,,,,,,0,,Longo da via,Bom,Não existe,Perfeito estado,Seca,Perfeito estado,Não existe,Outras,,Única,Faixa seccionada,,
2018-12-10,12:08:00,SEM VÍTIMA,FINALIZADA,ILHA DO RETIRO,RUA SPORT CLUBE DO RECIFE,,,E/F AO CLUBE DO SPORT S/T CID,RUA SPORT CLUBE DO RECIFE,,E/F AO CLUBE DO SPORT S/T CID,ILHA DO RETIRO,,CIDADE,COLISÃO TRASEIRA,COLISAO ENTRE AUTO E TAXI AUTOS S/V,2,,,,,,,,,0,,Longo da via,Bom,Não existe,Perfeito estado,Seca,Perfeito estado,Não existe,R-6a,,Dupla,Canteiro central,,
2018-12-10,12:25:00,SEM VÍTIMA,FINALIZADA,GRAÇAS,RUA DR BANDEIRA FILHO,,,AO LADO DO CLUBE PORTUGUES,RUA DR BANDEIRA FILHO,,AO LADO DO CLUBE PORTUGUES,GRAÇAS,,,COLISÃO,COLISÃO SEM VÍTIMA,2,,,,,,,,,0,,,,,,,,,,,,,,
2018-12-10,12:49:00,SEM VÍTIMA,FINALIZADA,ESPINHEIRO,RUA BARAO DE ITAMARACA,,,EM FRENTE AO SUPERMERCADO SOBERANO,RUA BARAO DE ITAMARACA,,EM FRENTE AO SUPERMERCADO SOBERANO,ESPINHEIRO,,,COLISÃO,COLISÃO SEM VÍTIMA,2,,,,,,,,,0,,,,,,,,,,,,,,
2018-12-10,12:53:00,SEM VÍTIMA,FINALIZADA,PARNAMIRIM,RUA JOAO TUDE DE MELO,,,EM FRENTE A COMPESA,RUA JOAO TUDE DE MELO,,EM FRENTE A COMPESA,PARNAMIRIM,,,COLISÃO TRASEIRA,COLISO ENTRE DOIS AUTOS /V,2,,,,,,,,,0,,Longo da via,Bom,Sem defeito,Perfeito estado,Seca,Perfeito estado,Faixa de pedestre,Outras,,Única,Faixa seccionada,,
2018-12-10,13:01:00,SEM VÍTIMA,FINALIZADA,AREIAS,RUA IPOJUCA,232,,FRENTE A FARMACIA IPOJUCA,RUA IPOJUCA,232,FRENTE A FARMACIA IPOJUCA,AREIAS,,SUBURBIO,ABALROAMENTO LONGITUDINAL,AUTO E ONIBUS S/V,1,,,,,1,,,,0,,Longo da via,Bom,Não existe,Não existente,Seca,Perfeito estado,Não existe,Não há placas,,Dupla,Não existe,,
2018-12-10,13:08:00,SEM VÍTIMA,FINALIZADA,ESPINHEIRO,AV GOVERNADOR AGAMENON MAGALHAES,,,EM FRENTE A JEEP  SENTIDO DERBY,AV GOVERNADOR AGAMENON MAGALHAES,,EM FRENTE A JEEP  SENTIDO DERBY,ESPINHEIRO,,SUBURBIO,ABALROAMENTO LONGITUDINAL,AUTO E ONIBUS S/V,1,,,,,1,,,,0,,Longo da via,Bom,Não existe,Perfeito estado,Seca,Perfeito estado,,Outras,60 km/h,Dupla,Canteiro central,,
2018-12-10,13:16:00,SEM VÍTIMA,FINALIZADA,SANTO AMARO,AV CRUZ CABUGA,,,E/F AO GINASIO PERNAMBUCANO,AV CRUZ CABUGA,,E/F AO GINASIO PERNAMBUCANO,SANTO AMARO,,CIDADE,COLISÃO TRASEIRA,COLISAO ENTRE ONIBUS E AUTO S/V,1,,,,,1,,,,0,,Longo da via,Bom,Não existe,Perfeito estado,Seca,Perfeito estado,Não existe,Outras,,Dupla,Faixa contínua,,
2018-12-10,13:28:00,COM VÍTIMA,FINALIZADA,CORDEIRO,RUA N S DA SAUDE,219,RUA DR GASTAO DA SILVEIRA,ANTES DA ASSEMBLEIA DE DEUS  SENTIDO CAXANGA,RUA N S DA SAUDE,219,ANTES DA ASSEMBLEIA DE DEUS  SENTIDO CAXANGA,CORDEIRO,,CAXANGÁ,COLISÃO COM CICLISTA,AUTO E CICLISTA,1,,,1,,,,,,1,,Longo da via,Bom,Não existe,Perfeito estado,Seca,Perfeito estado,Outros,Não há placas,,Dupla,Faixa contínua,,
2018-12-10,13:31:00,COM VÍTIMA,FINALIZADA,AFLITOS,AV CONS ROSA E SILVA,1250,RUA TEIXEIRA PINTO,APOS O CAMPO DO NAUTICO.,AV CONS ROSA E SILVA,1250,APOS O CAMPO DO NAUTICO.,AFLITOS,,,ABALROAMENTO LONGITUDINAL,COLISAO ENTRE AUTO E MOTO COM UMA VITIMA,1,1,,,,,,,,1,,Não informado,Bom,Não existe,Perfeito estado,Seca,Perfeito estado,Não existe,Não há placas,60 km/h,Única,Faixa seccionada,,
2018-12-10,13:59:00,SEM VÍTIMA,FINALIZADA,DERBY,RUA JENER DE SOUZA,,,BATALHÃO DA POLÍCIA MILITAR,RUA JENER DE SOUZA,,BATALHÃO DA POLÍCIA MILITAR,DERBY,,CIDADE,COLISÃO TRASEIRA,COLISAO ENTRE AUTO E ONIBUS /V,1,,,,,1,,,,0,,Longo da via,Bom,Não existe,Perfeito estado,Seca,Perfeito estado,Não existe,Outras,,Dupla,Faixa contínua,,