data,hora,natureza_acidente,situacao,bairro,endereco,numero,detalhe_endereco_acidente,complemento,endereco_cruzamento,numero_cruzamento,referencia_cruzamento,bairro_cruzamento,num_semaforo,sentido_via,tipo,descricao,auto,moto,ciclom,ciclista,pedestre,onibus,caminhao,viatura,outros,vitimas,vitimasfatais,acidente_verificado,tempo_clima,situacao_semaforo,sinalizacao,condicao_via,conservacao_via,ponto_controle,situacao_placa,velocidade_max_via,mao_direcao,divisao_via1,divisao_via2,divisao_via3
2018-12-10,14:12:00,SEM VÍTIMA,FINALIZADA,ROSARINHO,AV NORTE,3533,,AO LADO DO BO Nº 3533,AV NORTE,3533,AO LADO DO BO Nº 3533,ROSARINHO,,CIDADE,COLISÃO TRASEIRA,COLISAO ENTRE DOIS AUTOS S/V,2,,,,,,,,,0,,Longo da via,Bom,Não existe,Incompleta,Seca,Perfeito estado,Não existe,Não há placas,,Dupla,Faixa seccionada,,
2018-12-10,14:39:00,SEM VÍTIMA,FINALIZADA,AFOGADOS,RUA NICOLAU PEREIRA,21,AV SUL,ESQUINA COM A AV SUL,RUA NICOLAU PEREIRA,21,ESQUINA COM A AV SUL,AFOGADOS,,SUBURBIO,ABALROAMENTO LONGITUDINAL,COLISÃO SEM VÍTIMA,2,,,,,,,,,0,,Outros,Bom,Não existe,Perfeito estado,Seca,Perfeito estado,,Outras,,Única,,,
2018-12-10,15:08:00,SEM VÍTIMA,FINALIZADA,GRAÇAS,AV RUI BARBOSA,715,,EM FRENTE AO Nº 715,AV RUI BARBOSA,715,EM FRENTE AO Nº 715,GRAÇAS,,CIDADE,ABALROAMENTO LONGITUDINAL,DOIS AUTOS S/V,2,,,,,,,,,0,,Longo da via,Bom,Não existe,Perfeito estado,Seca,Perfeito estado,Não existe,R-6a,,Única,Faixa seccionada,,
2018-12-10,15:18:00,SEM VÍTIMA,PENDENTE,IBURA,AV DOIS RIOS,,,ESQUINA DO POSTO DE GASOLINA MAIS,AV DOIS RIOS,,ESQUINA DO POSTO DE GASOLINA MAIS,IBURA,618,,COLISÃO,COLISAO ENTRE DOIS AUTOS S/V,1,,,,,1,,,,0,,,,,,,,,,,,,,
2018-12-10,15:40:00,SEM VÍTIMA,FINALIZADA,PINA,AV ANTONIO DE GOES,194,,EM FRENTE AO POSTO FEDERAL,AV ANTONIO DE GOES,194,EM FRENTE AO POSTO FEDERAL,PINA,226,CIDADE,ABALROAMENTO LONGITUDINAL,COLISÃO SEM VÍTIMA,1,,,,,1,,,,0,,Outros,Bom,Sem defeito,Perfeito estado,Seca,Perfeito estado,Faixa de pedestre,Outras,60 km/h,Única,Faixa seccionada,Canteiro central,
2018-12-10,16:02:00,COM VÍTIMA,FINALIZADA,ENGENHO DO MEIO,RUA GOVERNADOR LOPO GARRO,353,,AO LADO DO COLEEGIO SOUZA VERAS. EM FRENTE AO EDIFÍCIO PARQUE DOS NOBRES.,RUA GOVERNADOR LOPO GARRO,353,AO LADO DO COLEEGIO SOUZA VERAS. EM FRENTE AO EDIFÍCIO PARQUE DOS NOBRES.,ENGENHO DO MEIO,,CIDADE,CHOQUE VEÍCULO PARADO,COLISAO ENTRE DOIS AUTOS S/V,2,,,,,,,,,1,,Longo da via,Bom,Não existe,Incompleta,Seca,Perfeito estado,Não existe,Placas Pare,30 km/h,Dupla,Faixa seccionada,,
2018-12-10,16:25:00,COM VÍTIMA,FINALIZADA,PINA,AV SATURNINO DE BRITO,,PTE GOVERNADOR PAULO GUERRA,EM FRENTE A COMPESA/ SENTIDO BOA VIAGEM,AV SATURNINO DE BRITO,,EM FRENTE A COMPESA/ SENTIDO BOA VIAGEM,PINA,,,COLISÃO TRASEIRA,COLISÃO SEM VÍTIMA,,2,,,,,,,,1,,Longo da via,Bom,Não existe,Perfeito estado,Seca,Perfeito estado,Não existe,Não há placas,,Única,Faixa,,
2018-12-10,16:57:00,SEM VÍTIMA,FINALIZADA,PINA,RUA MANOEL DE BRITO,,AV CONSUL JOSEPH NOUJAIM,,RUA MANOEL DE BRITO,,,PINA,659,,COLISÃO TRASEIRA,COLISÃO SEM VÍTIMA,2,,,,,,,,,0,,Cruzamento,Bom,Sem defeito,Perfeito estado,Seca,Perfeito estado,Faixa de pedestre,Outras,,Única,Faixa contínua,,
2018-12-10,16:59:00,SEM VÍTIMA,FINALIZADA,SANTO ANTÔNIO,AV MARTINS DE BARROS,,,SOB O SEMÁFORO 194,AV MARTINS DE BARROS,,SOB O SEMÁFORO 194,SANTO ANTÔNIO,194,CIDADE,COLISÃO TRASEIRA,AUTO E ONIBUS ,1,,,,,1,,,,0,,Longo da via,Bom,Sem defeito,Perfeito estado,Seca,Perfeito estado,Faixa de pedestre,R-6b,60 km/h,Única,Faixa contínua,,
2018-12-10,17:01:00,SEM VÍTIMA,FINALIZADA,BOA VIAGEM,RUA COSMORAMA,80,,GALERIA DOMINGOS BARBOSA,RUA COSMORAMA,80,GALERIA DOMINGOS BARBOSA,BOA VIAGEM,,SUBURBIO,ABALROAMENTO LONGITUDINAL,COLISAO ENTRE DDOIS AUTOS S/V,2,,,,,,,,,0,,Longo da via,Bom,Não existe,Perfeito estado,Seca,Perfeito estado,Não existe,R-6a,,Dupla,Faixa seccionada,,
2018-12-10,17:19:00,SEM VÍTIMA,FINALIZADA,SANTO ANTÔNIO,PRC DA REPUBLICA,,AV DANTAS BARRETO,AO LADO DO PALACIO DA JUSTIÇA,PRC DA REPUBLICA,,AO LADO DO PALACIO DA JUSTIÇA,SANTO ANTÔNIO,,CIDADE,ABALROAMENTO LONGITUDINAL,COLISÃO SEM VÍTIMA  ENTRE AUTO E MOTO.,1,1,,,,,,,,0,,Cruzamento,Bom,Não existe,Perfeito estado,Seca,Perfeito estado,Não existe,Não há placas,40 km/h,Única,Faixa seccionada,,
2018-12-10,17:26:00,SEM VÍTIMA,FINALIZADA,,AV ENGENHEIRO AGAMENON DE MAGALHAES MELO,,,NA SUBIDO DO VIADUTO DA JOAO DE BARROS  SENTIDO OLINDA  EM FRENTE AO CIRCULO MILITAR,AV ENGENHEIRO AGAMENON DE MAGALHAES MELO,,NA SUBIDO DO VIADUTO DA JOAO DE BARROS  SENTIDO OLINDA  EM FRENTE AO CIRCULO MILITAR,,,SUBURBIO,COLISÃO TRASEIRA,ENTRE DOIS AUTOS,2,,,,,,,,,0,,Viaduto,Bom,Não existe,Ilegível,Seca,Mal iluminada,Não existe,Não há placas,,Única,Não existe,,
2018-12-10,17:44:00,SEM VÍTIMA,FINALIZADA,SANTO AMARO,RUA TREZE DE MAIO,,RUA FREI CASSIMIRO,,RUA TREZE DE MAIO,,,SANTO AMARO,,SUBURBIO,ABALROAMENTO TRANSVERSAL,AUTO E MOTO S/V,1,1,,,,,,,,0,,Longo da via,Bom,Não existe,Perfeito estado,Seca,Perfeito estado,Não existe,R-6a,,Dupla,Faixa seccionada,,
2018-12-10,18:00:00,SEM VÍTIMA,FINALIZADA,PINA,RUA JORNALISTA ADETH LEITE,,,PROX A GALERIA CENTRO SUL,RUA JORNALISTA ADETH LEITE,,PROX A GALERIA CENTRO SUL,PINA,,,ABALROAMENTO LONGITUDINAL,FOX X POLO,2,,,,,,,,,0,,Longo da via,Bom,Não existe,Perfeito estado,Seca,Perfeito estado,,Não há placas,,Única,Faixa seccionada,,
2018-12-10,18:19:00,SEM VÍTIMA,FINALIZADA,SÃO JOSÉ,RUA SAO JOAO,,AV DANTAS BARRETO,,RUA SAO JOAO,,,SÃO JOSÉ,54,SUBURBIO,ABALROAMENTO LONGITUDINAL,SANDERO X CLASSIC,2,,,,,,,,,0,,Cruzamento,Bom,Sem defeito,Perfeito estado,Seca,Perfeito estado,Faixa de pedestre,Outras,,Dupla,Canteiro central,,
2018-12-10,18:28:00,SEM VÍTIMA,CANCELADA,PINA,RUA TOME GIBSON,,RUA AMAZONAS,PROX DA BARRACA DO LUCIANO,RUA TOME GIBSON,,PROX DA BARRACA DO LUCIANO,PINA,,,COLISÃO,COLISÃO ENTRE DOIS AUTOS S/V,2,,,,,,,,,0,,,,,,,,,,,,,,
2018-12-10,18:51:00,SEM VÍTIMA,FINALIZADA,MADALENA,AV VISCONDE DE ALBUQUERQUE,,RUA JOSE OSORIO,EM FRENTE A FARMÁCIA INDEPENDENTE,AV VISCONDE DE ALBUQUERQUE,,EM FRENTE A FARMÁCIA INDEPENDENTE,MADALENA,50,SUBURBIO,CHOQUE OBJETO FIXO,AUTO CHOCOU-SE CONTRA O POSTE DO SEMÁFORO,1,,,,,,,,,0,,Cruzamento,Bom,Sem defeito,Perfeito estado,Seca,Perfeito estado,Faixa de pedestre,R-6a,,Única,Não existe,,
2018-12-10,18:55:00,SEM VÍTIMA,FINALIZADA,BONGI,RUA ISAAC MARKMAN,,RUA DONA MARIA AUGUSTA NOGUEIRA,,RUA ISAAC MARKMAN,,,BONGI,,SUBURBIO,ABALROAMENTO LONGITUDINAL,COLISÃO ENTRE DOIS AUTOS S/V,2,,,,,,,,,0,,Longo da via,Bom,Não existe,Incompleta,Seca,Perfeito estado,Faixa de pedestre,Placas Pare,30 km/h,Dupla,Faixa contínua,,
2018-12-10,18:56:00,SEM VÍTIMA,FINALIZADA,IMBIRIBEIRA,RUA ARQUITETO FERNANDO ALMEIDA,,RUA ARQUITETO FERNANDO ALMEIDA,,RUA ARQUITETO FERNANDO ALMEIDA,,,IMBIRIBEIRA,,SUBURBIO,ABALROAMENTO TRANSVERSAL,LOGAN X CLASSIC,2,,,,,,,,,0,,Longo da via,Bom,Não existe,Perfeito estado,Seca,Perfeito estado,Não existe,Não há placas,,Dupla,Faixa seccionada,,
2018-12-10,19:06:00,SEM VÍTIMA,DUPLICIDADE,IMBIRIBEIRA,RUA ARQUITETO LUIZ NUNES,343,RUA ARQUITETO FERNANDO ALMEIDA,EM FRENTE AO AUTO TORK,RUA ARQUITETO LUIZ NUNES,343,EM FRENTE AO AUTO TORK,IMBIRIBEIRA,,,COLISÃO,COLISÃO ENTRE DOIS AUTOS S/V,2,,,,,,,,,0,,,,,,,,,,,,,,
2018-12-10,20:02:00,COM VÍTIMA,FINALIZADA,DERBY,RUA DR SEVERINO PINHEIRO,,,AO LADO DO QUARTEL DA POLICIA MILITAR,RUA DR SEVERINO PINHEIRO,,AO LADO DO QUARTEL DA POLICIA MILITAR,DERBY,,CIDADE,ABALROAMENTO LONGITUDINAL,COLISÃO ENTRE AUTO E MOTO C/V,1,1,,,,,,,,1,,Longo da via,Bom,Não existe,Perfeito estado,Seca,Perfeito estado,,Não há placas,,Dupla,Blocos,,
2018-12-10,20:19:00,SEM VÍTIMA,CANCELADA,PRADO,AV ENGENHEIRO ABDIAS DE CARVALHO,,RUA JOAO IVO DA SILVA,PROX DO HABIBS  EM FRENTE AO POSTO LEÃO DA ILHA,AV ENGENHEIRO ABDIAS DE CARVALHO,,PROX DO HABIBS  EM FRENTE AO POSTO LEÃO DA ILHA,PRADO,,CIDADE,COLISÃO,COLISÃO ENTRE DOIS AUTOS S/V,2,,,,,,,,,0,,,,,,,,,,,,,,
2018-12-11,03:03:00,COM VÍTIMA,FINALIZADA,ÁGUA FRIA,RUA DA REGENERACAO,315,RUA BOM CONSELHO,,RUA DA REGENERACAO,315,,ÁGUA FRIA,,CIDADE,ABALROAMENTO TRANSVERSAL,COLISÃO COM VITIMA.,2,,,,,,,,,1,,Cruzamento,Bom,Não existe,Não existente,Seca,Perfeito estado,Não existe,Não há placas,,Dupla,Não existe,,
2018-12-11,06:51:00,SEM VÍTIMA,FINALIZADA,SAN MARTIN,AV ENGENHEIRO ABDIAS DE CARVALHO,,,E/F A CHESF,AV ENGENHEIRO ABDIAS DE CARVALHO,,E/F A CHESF,SAN MARTIN,422,CIDADE,ABALROAMENTO LONGITUDINAL,SEM VÍTIMAS,2,,,,,,,,,0,,Longo da via,Bom,Sem defeito,Perfeito estado,Seca,Perfeito estado,Não existe,Outras,,Dupla,Canteiro central,,
2018-12-11,07:06:00,COM VÍTIMA,FINALIZADA,CORDEIRO,AV CAXANGA,,,EM FRENTE AO RESIDENCIAL CAXANGA. LADO OPOSTO A IGREJA ASSEMBLÉIA DE DEUS.,AV CAXANGA,,EM FRENTE AO RESIDENCIAL CAXANGA. LADO OPOSTO A IGREJA ASSEMBLÉIA DE DEUS.,CORDEIRO,,CIDADE,ABALROAMENTO LONGITUDINAL,,2,1,,,,,,,,1,,Longo da via,Bom,Não existe,Perfeito estado,Seca,Perfeito estado,Não existe,R-6a,,Dupla,Canteiro central,,
2018-12-11,07:30:00,SEM VÍTIMA,FINALIZADA,ARRUDA,RUA CLARA,,,CANAL DO JACAREZINHO,RUA CLARA,,CANAL DO JACAREZINHO,ARRUDA,,SUBURBIO,ABALROAMENTO LONGITUDINAL,COLISÃO SEM VITIMAS,2,,,,,,,,,0,,Outros,Bom,Não existe,Perfeito estado,Seca,Perfeito estado,,Placas Pare,,Dupla,,,
2018-12-11,08:02:00,SEM VÍTIMA,FINALIZADA,VÁRZEA,RUA GENERAL POLIDORO,192,RUA JOAO SALES MENEZES,,RUA GENERAL POLIDORO,192,,VÁRZEA,,CIDADE,ABALROAMENTO LONGITUDINAL,SEM VÍTIMAS,1,,,,,1,,,,0,,Cruzamento,Bom,Não existe,Perfeito estado,Seca,Perfeito estado,Outros,Placas Pare,30 km/h,Dupla,Faixa contínua,,
2018-12-11,08:15:00,COM VÍTIMA,FINALIZADA,CAMPO GRANDE,EST DE BELEM,1555,,EM FRENTE A PRAÇA DE CAMPO GRANDE,EST DE BELEM,1555,EM FRENTE A PRAÇA DE CAMPO GRANDE,CAMPO GRANDE,458,CIDADE,ABALROAMENTO LONGITUDINAL,MOTO E AUTO,1,1,,,,,,,,2,,Longo da via,Bom,Sem defeito,Perfeito estado,Seca,Perfeito estado,Faixa de pedestre,R-6a,40 km/h,Dupla,Faixa seccionada,,
2018-12-11,08:20:00,SEM VÍTIMA,FINALIZADA,GRAÇAS,RUA DAS CREOULAS,,AV RUI BARBOSA,E/F AO BANCO ITAU,RUA DAS CREOULAS,,E/F AO BANCO ITAU,GRAÇAS,102,,COLISÃO,SEM VÍTIMAS,1,2,,,,,,,,0,,,,,,,,,,,,,,
2018-12-11,08:29:00,SEM VÍTIMA,FINALIZADA,AFOGADOS,EST DOS REMEDIOS,,,EM FRENTE A CONCESSIONARIA HYUNDAI,EST DOS REMEDIOS,,EM FRENTE A CONCESSIONARIA HYUNDAI,AFOGADOS,390,CIDADE,ABALROAMENTO LONGITUDINAL,COLISÃO SEM VITIMAS,2,,,,,,,,,0,,Longo da via,Bom,Sem defeito,Incompleta,Seca,Perfeito estado,Faixa de retenção,Outras,,Única,Faixa seccionada,,
2018-12-11,08:32:00,SEM VÍTIMA,FINALIZADA,BOA VIAGEM,AV BOA VIAGEM,1710,,,AV BOA VIAGEM,1710,,BOA VIAGEM,,CIDADE,COLISÃO TRASEIRA,MOTO E AUTO,1,1,,,,,,,,0,,Longo da via,Bom,Não existe,Perfeito estado,Seca,Perfeito estado,Não existe,Não há placas,60 km/h,Única,Faixa seccionada,,
2018-12-11,09:06:00,SEM VÍTIMA,FINALIZADA,VÁRZEA,AV CAXANGA,,,SOBRE A PONTE DA CAXANGÁ,AV CAXANGA,,SOBRE A PONTE DA CAXANGÁ,VÁRZEA,,CIDADE,COLISÃO TRASEIRA,SEM VÍTIMAS,2,,,,,,,,,0,,Longo da via,Bom,Não existe,Perfeito estado,Seca,Perfeito estado,Não existe,Não há placas,,Única,Faixa seccionada,,
2018-12-11,09:07:00,SEM VÍTIMA,FINALIZADA,BOA VIAGEM,AV DOM JOAO VI,,RUA ANTONIO FALCAO,EDF MARIA EMÍLIA,AV DOM JOAO VI,,EDF MARIA EMÍLIA,BOA VIAGEM,,,ABALROAMENTO LONGITUDINAL,COLISÃO SEM VITIMAS,2,,,,,,,,,0,,Longo da via,Bom,Não existe,Perfeito estado,Seca,Perfeito estado,Outros,Placas Pare,,Única,,,
2018-12-11,09:26:00,SEM VÍTIMA,FINALIZADA,PINA,RUA AMAZONAS,,RUA TOME GIBSON,,RUA AMAZONAS,,,PINA,,SUBURBIO,ABALROAMENTO TRANSVERSAL,COLISÃO SEM VITIMAS,2,,,,,,,,,0,,Cruzamento,Bom,Não existe,Perfeito estado,Seca,Perfeito estado,,Placas Pare,40 km/h,Única,Não existe,,
2018-12-11,09:33:00,SEM VÍTIMA,FINALIZADA,IMBIRIBEIRA,AV MARECHAL MASCARENHAS DE MORAES,,,Nº 1511,AV MARECHAL MASCARENHAS DE MORAES,,Nº 1511,IMBIRIBEIRA,,CIDADE,COLISÃO TRASEIRA,SEM VITIMAS,1,1,,,,,,,,0,,Longo da via,Bom,Sem defeito,Perfeito estado,Seca,Perfeito estado,Faixa de pedestre,,60 km/h,Dupla,Canteiro central,,
2018-12-11,09:51:00,SEM VÍTIMA,FINALIZADA,BOA VIAGEM,AV CONSELHEIRO AGUIAR,434,,E/F A GALERIA PONTO DO AÇAÍ  AO LADO DO BANCO ITAU,AV CONSELHEIRO AGUIAR,434,E/F A GALERIA PONTO DO AÇAÍ  AO LADO DO BANCO ITAU,BOA VIAGEM,,,COLISÃO,SEM VÍTIMAS,2,,,,,,,,,0,,,,,,,,,,,,,,
2018-12-11,09:52:00,SEM VÍTIMA,FINALIZADA,MACAXEIRA,AV NORTE,7386,,IGREJA DE JESUS CRISTO DOS SANTOS DOS ÚLTIMOS DIAS,AV NORTE,7386,IGREJA DE JESUS CRISTO DOS SANTOS DOS ÚLTIMOS DIAS,MACAXEIRA,,SUBURBIO,ABALROAMENTO LONGITUDINAL,SEM VITIMAS,2,,,,,,,,,0,,Longo da via,Bom,Não existe,Perfeito estado,Seca,Perfeito estado,Não existe,R-6a,60 km/h,Única,Faixa seccionada,,
2018-12-11,10:17:00,SEM VÍTIMA,FINALIZADA,BOA VIAGEM,RUA BARAO DE SOUZA LEAO,1395,RUA WALDEMAR NERY CARNEIRO MONTEIRO,EM FRENTE AO BAITA BURGER,RUA BARAO DE SOUZA LEAO,1395,EM FRENTE AO BAITA BURGER,BOA VIAGEM,,SUBURBIO,ABALROAMENTO TRANSVERSAL,COLISÃO SEM VITIMAS,2,,,,,,,,,0,,Não informado,Bom,Não existe,Perfeito estado,Seca,Perfeito estado,Não existe,Outras,40 km/h,Única,Faixa seccionada,,
2018-12-11,11:10:00,SEM VÍTIMA,FINALIZADA,PRADO,RUA PINTO JUNIOR,182,RUA SANTA EDWIRGES,,RUA PINTO JUNIOR,182,,PRADO,354,SUBURBIO,COLISÃO TRASEIRA,COLISÃO SEM VITIMAS,2,,,,,,,,,0,,Longo da via,Bom,Sem defeito,Perfeito estado,Seca,Perfeito estado,Não existe,Não há placas,,Única,Não existe,,
2018-12-11,11:22:00,SEM VÍTIMA,FINALIZADA,ALTO DO MANDU,AV DR EURICO CHAVES,441,,LADO OPOSTO A REGYS FOGÕES,AV DR EURICO CHAVES,441,LADO OPOSTO A REGYS FOGÕES,ALTO DO MANDU,,CIDADE,ABALROAMENTO LONGITUDINAL,COLISÃO SEM VITIMAS,1,,,,,1,,,,0,,Longo da via,Bom,Não existe,Perfeito estado,Seca,Perfeito estado,Não existe,Não há placas,,Dupla,Não existe,,
2018-12-11,11:23:00,SEM VÍTIMA,FINALIZADA,PINA,AV CONSELHEIRO AGUIAR,,,EM FRENTE A PIZZARIA CLOCK TIME,AV CONSELHEIRO AGUIAR,,EM FRENTE A PIZZARIA CLOCK TIME,PINA,138,CIDADE,ABALROAMENTO LONGITUDINAL,SEM VÍTIMAS. GM (PONTO FIXO) NO LOCAL.,2,,,,,,,,,0,,Longo da via,Bom,Sem defeito,Perfeito estado,Seca,Perfeito estado,Agente,Não há placas,60 km/h,Única,Faixa seccionada,,
2018-12-11,11:25:00,COM VÍTIMA,FINALIZADA,TORRE,RUA REAL DA TORRE,,RUA CONDE DE IRAJA,XXX,RUA REAL DA TORRE,,XXX,TORRE,106,SUBURBIO,COLISÃO COM CICLISTA,COLISÃO ENTRE AUTO E CICLISTA.,1,,,1,,,,,,1,,Cruzamento,Bom,Sem defeito,Perfeito estado,Seca,Perfeito estado,Faixa de pedestre,R-6a,,Única,,Faixa contínua,
2018-12-11,11:39:00,SEM VÍTIMA,FINALIZADA,PINA,AV ANTONIO DE GOES,,,SEMÁFORO Nº 103,AV ANTONIO DE GOES,,SEMÁFORO Nº 103,PINA,103,CIDADE,COLISÃO TRASEIRA,COLISÃO SEM VITIMAS GM QTH,2,,,,,,,,,0,,Longo da via,Bom,Sem defeito,Perfeito estado,Seca,Perfeito estado,Faixa de pedestre,Outras,60 km/h,Única,Faixa contínua,Faixa seccionada,Canteiro central
2018-12-11,11:45:00,SEM VÍTIMA,FINALIZADA,BOA VIAGEM,AV ENGENHEIRO DOMINGOS FERREIRA,1761,,AO LADO DO EXTRA E/F A DENTAL SORRISO S/T CID,AV ENGENHEIRO DOMINGOS FERREIRA,1761,AO LADO DO EXTRA E/F A DENTAL SORRISO S/T CID,BOA VIAGEM,,SUBURBIO,COLISÃO TRASEIRA,SEM VÍTIMAS.,1,1,,,,,,,,0,,Longo da via,Bom,Sem defeito,Perfeito estado,Seca,Perfeito estado,Outros,Outras,,Única,Canteiro central,,
2018-12-11,11:46:00,SEM VÍTIMA,CANCELADA,PINA,AV CONSELHEIRO AGUIAR,,,EM FRENTE AO POSTO DE GASOLINA FEDERAL E AO JCPM,AV CONSELHEIRO AGUIAR,,EM FRENTE AO POSTO DE GASOLINA FEDERAL E AO JCPM,PINA,,CABANGA,COLISÃO,COLISÃO SEM VITIMAS,,,,,,1,1,,,0,,,,,,,,,,,,,,
2018-12-11,11:47:00,SEM VÍTIMA,FINALIZADA,TORRE,RUA REAL DA TORRE,1342,,,RUA REAL DA TORRE,1342,,TORRE,,,ABALROAMENTO TRANSVERSAL,VT 16 DA CTTU ESTA FAZENDO B.O SEM VITIMAS,1,,,,,,1,,,0,,Longo da via,Bom,Não existe,Perfeito estado,Seca,Perfeito estado,Não existe,Não há placas,,Única,Faixa contínua,,
2018-12-11,11:49:00,COM VÍTIMA,FINALIZADA,IMBIRIBEIRA,AV MARECHAL MASCARENHAS DE MORAES,474,,EM FRENTE A SPORT CAR SOM E ACESSÓRIOS.,AV MARECHAL MASCARENHAS DE MORAES,474,EM FRENTE A SPORT CAR SOM E ACESSÓRIOS.,IMBIRIBEIRA,279,CIDADE,COLISÃO TRASEIRA,COM UMA VÍTIMA,1,1,,,,,,,,1,,Longo da via,Bom,Sem defeito,Perfeito estado,Seca,Perfeito estado,Não existe,Não há placas,,Única,Canteiro central,,
2018-12-11,12:08:00,SEM VÍTIMA,FINALIZADA,JARDIM SÃO PAULO,AV SAO PAULO,625,,OPOSTO A FARMÁCIA PAGUE MENOS,AV SAO PAULO,625,OPOSTO A FARMÁCIA PAGUE MENOS,JARDIM SÃO PAULO,,,ABALROAMENTO LONGITUDINAL,AUTO E CAMINHAO S/V,1,,,,,,1,,,0,,Longo da via,Bom,Sem defeito,Perfeito estado,Seca,Perfeito estado,Faixa de pedestre,Outras,,Dupla,Faixa seccionada,,
2018-12-11,12:32:00,SEM VÍTIMA,FINALIZADA,ESPINHEIRO,RUA VIGARIO BARRETO,43,,SAÍDA DO ESTACIONAMENTO DO IOR,RUA VIGARIO BARRETO,43,SAÍDA DO ESTACIONAMENTO DO IOR,ESPINHEIRO,,SUBURBIO,ABALROAMENTO TRANSVERSAL,COLISAO ENTRE DOIS AUTOS S/V,2,,,,,,,,,0,,Longo da via,Bom,Não existe,,Seca,Perfeito estado,Não existe,Outras,,Dupla,Não existe,,
2018-12-11,13:02:00,SEM VÍTIMA,FINALIZADA,PINA,AV ANTONIO DE GOES,,AV CONSELHEIRO AGUIAR,SOB O SEMÁFORO 226,AV ANTONIO DE GOES,,SOB O SEMÁFORO 226,PINA,226,CIDADE,ABALROAMENTO LONGITUDINAL,XX,,,,,,1,1,,,0,,Cruzamento,Bom,Sem defeito,Perfeito estado,Seca,Perfeito estado,Faixa de pedestre,Não há placas,60 km/h,Única,Faixa seccionada,Canteiro central,
2018-12-11,14:10:00,SEM VÍTIMA,FINALIZADA,ILHA DO RETIRO,RUA SPORT CLUBE DO RECIFE,,RUA PROFESSOR BENEDITO MONTEIRO,RUA AO LADO DA JURANDIR PIRES,RUA SPORT CLUBE DO RECIFE,,RUA AO LADO DA JURANDIR PIRES,ILHA DO RETIRO,,SUBURBIO,ABALROAMENTO LONGITUDINAL,AUTO E CAMINHAO S/V,1,,,,,,1,,,0,,Longo da via,Bom,Sem defeito,Perfeito estado,Seca,Perfeito estado,Faixa de pedestre,Não há placas,,Dupla,Canteiro central,,
2018-12-11,15:10:00,SEM VÍTIMA,FINALIZADA,MADALENA,RUA BENFICA,505,,E/F AO CLUBE INTERNACIONAL PROX AO GIRADOURO,RUA BENFICA,505,E/F AO CLUBE INTERNACIONAL PROX AO GIRADOURO,MADALENA,515,CIDADE,ABALROAMENTO LONGITUDINAL,,1,,,,,1,,,,0,,Longo da via,Bom,Sem defeito,Perfeito estado,Seca,Perfeito estado,Não existe,Outras,,Única,Faixa seccionada,,
2018-12-11,15:32:00,SEM VÍTIMA,FINALIZADA,IMBIRIBEIRA,AV MARECHAL MASCARENHAS DE MORAES,2508,,,AV MARECHAL MASCARENHAS DE MORAES,2508,,IMBIRIBEIRA,,SUBURBIO,COLISÃO TRASEIRA,ENTRE TRES AUTOS S/V,3,,,,,,,,,0,,Longo da via,Bom,Sem defeito,Perfeito estado,Seca,Perfeito estado,Não existe,Outras,,Dupla,Faixa seccionada,Canteiro central,
2018-12-11,16:06:00,SEM VÍTIMA,CANCELADA,AREIAS,AV RECIFE,758,,EM FRENTE A SELECT VEICULOS  SENTIDO BR  PROX. AO ANTIGO INSS,AV RECIFE,758,EM FRENTE A SELECT VEICULOS  SENTIDO BR  PROX. AO ANTIGO INSS,AREIAS,619,,COLISÃO,AUTO E CAMINHAO S/V,,,,,,,,,,0,,,,,,,,,,,,,,