data,hora,natureza_acidente,situacao,bairro,endereco,numero,detalhe_endereco_acidente,complemento,endereco_cruzamento,numero_cruzamento,referencia_cruzamento,bairro_cruzamento,num_semaforo,sentido_via,tipo,descricao,auto,moto,ciclom,ciclista,pedestre,onibus,caminhao,viatura,outros,vitimas,vitimasfatais,acidente_verificado,tempo_clima,situacao_semaforo,sinalizacao,condicao_via,conservacao_via,ponto_controle,situacao_placa,velocidade_max_via,mao_direcao,divisao_via1,divisao_via2,divisao_via3
2018-12-13,08:09:00,SEM VÍTIMA,FINALIZADA,AFOGADOS,AV SUL,82,RUA NICOLAU PEREIRA,ALUMIAÇO,AV SUL,82,ALUMIAÇO,AFOGADOS,,CIDADE,COLISÃO TRASEIRA,SEM VITMAS,2,,,,,,,,,0,,Longo da via,Bom,Não existe,Perfeito estado,Seca,Perfeito estado,Não existe,Não há placas,,Única,Faixa seccionada,,
2018-12-13,08:21:00,SEM VÍTIMA,FINALIZADA,AFOGADOS,RUA QUITERIO INACIO DE MELLO,,,PRÓXIMO AO SEMÁFORO DE Nº 333,RUA QUITERIO INACIO DE MELLO,,PRÓXIMO AO SEMÁFORO DE Nº 333,AFOGADOS,,SUBURBIO,ABALROAMENTO LONGITUDINAL,COLISÃO ENTRE DOIS AUTOS,2,,,,,,,,,0,,Longo da via,Bom,Sem defeito,Perfeito estado,Seca,Perfeito estado,Não existe,Não há placas,,Única,Faixa contínua,Faixa seccionada,
2018-12-13,08:46:00,SEM VÍTIMA,FINALIZADA,MADALENA,RUA BENFICA,,RUA ARLINDO GOUVEIA,CLUB INTERNACIONAL,RUA BENFICA,,CLUB INTERNACIONAL,MADALENA,515,SUB/CID,ABALROAMENTO LONGITUDINAL,AUTO X MOTO,1,1,,,,,,,,0,,Longo da via,Bom,Sem defeito,Perfeito estado,Seca,Perfeito estado,Faixa de pedestre,Placas Pare,,Única,Faixa,,
2018-12-19,08:32:00,SEM VÍTIMA,FINALIZADA,SANTO ANTÔNIO,RUA IMPERADOR PEDRO SEGUNDO,,,PRAÇA 17,RUA IMPERADOR PEDRO SEGUNDO,,PRAÇA 17,SANTO ANTÔNIO,,SUBURBIO,COLISÃO TRASEIRA,VIATURA PM E MOTO,,1,,,,,,1,,0,,Longo da via,Bom,Sem defeito,Ilegível,Seca,Perfeito estado,Não existe,R-6b,,Única,Não existe,,
2018-12-13,09:23:00,SEM VÍTIMA,FINALIZADA,SÃO JOSÉ,C SANTA RITA,,,NA ENTRADA DO TERMINAL DO CAIS DE SANTA RITA,C SANTA RITA,,NA ENTRADA DO TERMINAL DO CAIS DE SANTA RITA,SÃO JOSÉ,571,,COLISÃO,SEM VITIMAS,2,,,,,,,,,0,,,,,,,,,,,,,,
2018-12-13,10:25:00,SEM VÍTIMA,FINALIZADA,BOA VIAGEM,RUA RAUL AZEDO,70,RUA FREI LEANDRO,,RUA RAUL AZEDO,70,,BOA VIAGEM,,SUBURBIO,ABALROAMENTO TRANSVERSAL,SEM VÍTIMAS,2,,,,,,,,,0,,Cruzamento,Bom,Não existe,Ilegível,Seca,Perfeito estado,Faixa de retenção,Não há placas,40 km/h,Única,Não existe,,
2018-12-13,10:26:00,SEM VÍTIMA,FINALIZADA,CASA AMARELA,AV NORTE,6485,,EM FRENTE A MATERNIDADE BARROS LIMA / LADO DIREITO,AV NORTE,6485,EM FRENTE A MATERNIDADE BARROS LIMA / LADO DIREITO,CASA AMARELA,,CIDADE,COLISÃO TRASEIRA,MOTO E AUTO,1,1,,,,,,,,0,,Longo da via,Bom,Sem defeito,Perfeito estado,Seca,Perfeito estado,Não existe,R-6a,,Única,Faixa seccionada,,
2018-12-13,11:20:00,SEM VÍTIMA,FINALIZADA,MADALENA,AV VISCONDE DE ALBUQUERQUE,,RUA JANUARIO BARBOSA,,AV VISCONDE DE ALBUQUERQUE,,,MADALENA,,,ABALROAMENTO TRANSVERSAL,COLISÃO SEM VITIMAS,2,,,,,,,,,0,,Cruzamento,Bom,Não existe,Não existente,Seca,Perfeito estado,Não existe,Não há placas,,Única,Faixa contínua,,
2018-12-13,11:29:00,SEM VÍTIMA,FINALIZADA,PINA,AV REPUBLICA ARABE UNIDA,253,,LADO OPOSTO Nº 253- RPO POLICIA MILITAR,AV REPUBLICA ARABE UNIDA,253,LADO OPOSTO Nº 253- RPO POLICIA MILITAR,PINA,,SUBURBIO,ABALROAMENTO LONGITUDINAL,DOIS AUTOS,2,,,,,,,,,0,,Longo da via,Bom,Sem defeito,Perfeito estado,Seca,Perfeito estado,Faixa de pedestre,Outras,,Única,Faixa seccionada,,
2018-12-13,11:44:00,SEM VÍTIMA,FINALIZADA,BOA VISTA,AV CONDE DA BOA VISTA,770,,EM FRENTE A LOJA LEADER,AV CONDE DA BOA VISTA,770,EM FRENTE A LOJA LEADER,BOA VISTA,,SUBURBIO,ABALROAMENTO TRANSVERSAL,COLISÃO SEM VITIMAS,1,1,,,,,,,,0,,Longo da via,Bom,Não existe,Perfeito estado,Seca,Perfeito estado,Faixa de pedestre,R-6c,40 km/h,Dupla,Faixa contínua,,
2018-12-13,12:11:00,SEM VÍTIMA,FINALIZADA,BOA VIAGEM,AV ENGENHEIRO DOMINGOS FERREIRA,,,EM FRENTE AO HAPVIDA,AV ENGENHEIRO DOMINGOS FERREIRA,,EM FRENTE AO HAPVIDA,BOA VIAGEM,,,COLISÃO TRASEIRA,COLISÃO SEM VÍTIMA,3,,,,,,,,,0,,Longo da via,Bom,Não existe,Perfeito estado,Seca,Perfeito estado,Não existe,Não há placas,60 km/h,Única,Canteiro central,,
2018-12-13,13:26:00,SEM VÍTIMA,FINALIZADA,ROSARINHO,RUA AMARO COUTINHO,623,RUA DR ENEAS DE LUCENA,EM FRENTE AO EDIFICIO GRAN PARC ROSARINHO,RUA AMARO COUTINHO,623,EM FRENTE AO EDIFICIO GRAN PARC ROSARINHO,ROSARINHO,,CIDADE,ABALROAMENTO TRANSVERSAL,COLISÃO SEM VÍTIMA,2,,,,,,,,,0,,Longo da via,Chuvoso,Não existe,Perfeito estado,Molhada,Perfeito estado,Outros,Outras,,Dupla,Não existe,,
2018-12-13,13:26:00,SEM VÍTIMA,FINALIZADA,BOA VIAGEM,RUA PROFESSOR JOAO MEDEIROS,,RUA PADRE CARAPUCEIRO,,RUA PROFESSOR JOAO MEDEIROS,,,BOA VIAGEM,321,SUBURBIO,ABALROAMENTO LONGITUDINAL,COLISAO ENTRE AUTO E CAMINHAO S/V,1,,,,,,1,,,0,,Longo da via,Bom,Sem defeito,Perfeito estado,Seca,Perfeito estado,Faixa de pedestre,Não há placas,,Única,Faixa seccionada,,
2018-12-13,13:41:00,SEM VÍTIMA,FINALIZADA,PINA,AV CONSELHEIRO AGUIAR,,,EM FRENTE AO NÚCLEO DA POLÍCIA MILITAR DE PERNAMBUCO,AV CONSELHEIRO AGUIAR,,EM FRENTE AO NÚCLEO DA POLÍCIA MILITAR DE PERNAMBUCO,PINA,366,CIDADE,COLISÃO TRASEIRA,COLISÃO SEM VÍTIMA,1,,,,,1,,,,0,,Longo da via,Bom,Sem defeito,Perfeito estado,Seca,Perfeito estado,Faixa de pedestre,Não há placas,,Única,Faixa seccionada,,
2018-12-13,13:54:00,COM VÍTIMA,FINALIZADA,CORDEIRO,RUA ODETE MONTEIRO,450,,E/F AO COLEGIO MUNICIPAL DACI RIBEIRO,RUA ODETE MONTEIRO,450,E/F AO COLEGIO MUNICIPAL DACI RIBEIRO,CORDEIRO,219,SUBURBIO,ABALROAMENTO TRANSVERSAL,COLISAO ENTRE AUTO E MOTO S/V,1,1,,,,,,,,1,,Longo da via,Chuvoso,Sem defeito,Perfeito estado,Molhada,Perfeito estado,Faixa de pedestre,Outras,60 km/h,Dupla,Faixa contínua,,
2018-12-13,14:05:00,SEM VÍTIMA,DUPLICIDADE,BOA VIAGEM,AV CONSELHEIRO AGUIAR,,RUA FRANCA PEREIRA,EM FRENTE A DELEGACIA,AV CONSELHEIRO AGUIAR,,EM FRENTE A DELEGACIA,BOA VIAGEM,,,COLISÃO,AUTO E ONIBUS S/V,1,,,,,1,,,,0,,,,,,,,,,,,,,
2018-12-13,14:25:00,SEM VÍTIMA,FINALIZADA,ARRUDA,AV BEBERIBE,,,ARMAZEM CANAL DA CONSTRUÇAO,AV BEBERIBE,,ARMAZEM CANAL DA CONSTRUÇAO,ARRUDA,,CID/SUB,ABALROAMENTO LONGITUDINAL,COLISÃO SEM VÍTIMA,1,,,,,1,,,,0,,Longo da via,Bom,Não existe,Perfeito estado,Seca,Perfeito estado,,Não há placas,,Dupla,Faixa,,
2018-12-13,14:29:00,SEM VÍTIMA,FINALIZADA,ESTÂNCIA,AV RECIFE,3096,,EM FRENTE AUTOSPORT VEÍCULOS,AV RECIFE,3096,EM FRENTE AUTOSPORT VEÍCULOS,ESTÂNCIA,212,,ABALROAMENTO LONGITUDINAL,AUTO E MOTO S/V,1,1,,,,,,,,0,,Longo da via,Bom,Sem defeito,Perfeito estado,Seca,Perfeito estado,Faixa de pedestre,Outras,60 km/h,Única,Faixa contínua,Faixa seccionada,
2018-12-13,15:14:00,SEM VÍTIMA,FINALIZADA,TAMARINEIRA,RUA CONEGO BARATA,342,,SEMÁFORO 342,RUA CONEGO BARATA,342,SEMÁFORO 342,TAMARINEIRA,,,COLISÃO TRASEIRA,ENTRE TRES AUTOS E UM CAMINHAO  S/V,3,,,,,,1,,,0,,Longo da via,Chuvoso,Sem defeito,Perfeito estado,Molhada,Perfeito estado,Faixa de pedestre,R-6a,,Dupla,Canteiro central,,
2018-12-13,15:15:00,SEM VÍTIMA,FINALIZADA,MADALENA,RUA JOSE BONIFACIO,74,RUA URIEL PAES BARRETO,,RUA JOSE BONIFACIO,74,,MADALENA,,,ABALROAMENTO TRANSVERSAL,COLISAO ENTRE DOIS AUTOS S/V,2,,,,,,,,,0,,Cruzamento,Bom,Não existe,Incompleta,Seca,Perfeito estado,Não existe,Placas Pare,,Dupla,Não existe,,
2018-12-13,15:25:00,SEM VÍTIMA,FINALIZADA,BOA VIAGEM,AV MARECHAL JUAREZ TAVORA,1330,AV VINTE DE JANEIRO,,AV MARECHAL JUAREZ TAVORA,1330,,BOA VIAGEM,,SUBURBIO,ABALROAMENTO LONGITUDINAL,COLISÃO ENTRE DOIS AUTOS,2,,,,,,,,,0,,Cruzamento,Bom,Não existe,Perfeito estado,Seca,Perfeito estado,Não existe,Não há placas,,Dupla,Não existe,,
2018-12-13,15:46:00,SEM VÍTIMA,FINALIZADA,MADALENA,RUA JOSE OSORIO,77,,EM FRENTE AO Nº 77,RUA JOSE OSORIO,77,EM FRENTE AO Nº 77,MADALENA,387,SUBURBIO,COLISÃO TRASEIRA,COLISAO ENTRE DOIS AUTOS S/V GM,2,,,,,,,,,0,,Longo da via,Bom,Sem defeito,Perfeito estado,Seca,Perfeito estado,Agente,R-6a,50 km/h,Única,Faixa seccionada,,
2018-12-13,17:00:00,SEM VÍTIMA,FINALIZADA,CIDADE UNIVERSITÁRIA,RUA ACADEMICO HELIO RAMOS,396,,RUA AMARO GOMES POROCA,RUA ACADEMICO HELIO RAMOS,396,RUA AMARO GOMES POROCA,CIDADE UNIVERSITÁRIA,520,SUBURBIO,ABALROAMENTO TRANSVERSAL,COLISAO ENTRE ONIBUS E AUTO S/V,1,,,,,1,,,,0,,Cruzamento,Bom,Sem defeito,Perfeito estado,Seca,Perfeito estado,Faixa de pedestre,Outras,60 km/h,Dupla,Faixa contínua,,
2018-12-13,18:14:00,SEM VÍTIMA,FINALIZADA,IMBIRIBEIRA,AV GENERAL MAC ARTHUR,115,RUA ITAJUBA,PRÓX À ESTAÇÃO ANTÔNIO FALCÃO // EM FRENTE À PADEIRÃO,AV GENERAL MAC ARTHUR,115,PRÓX À ESTAÇÃO ANTÔNIO FALCÃO // EM FRENTE À PADEIRÃO,IMBIRIBEIRA,,SUBURBIO,ABALROAMENTO TRANSVERSAL,AUTO X AMBULÂNCIA,1,,,,,,,,1,0,,Cruzamento,Bom,Não existe,Perfeito estado,,,Não existe,Não há placas,,Única,Faixa seccionada,,
2018-12-13,18:24:00,SEM VÍTIMA,FINALIZADA,AFOGADOS,RUA VINTE E UM DE ABRIL,,,SOB O SEMÁFORO Nº 334,RUA VINTE E UM DE ABRIL,,SOB O SEMÁFORO Nº 334,AFOGADOS,334,SUBURBIO,ABALROAMENTO LONGITUDINAL,COLISÃO SEM VITIMAS,2,,,,,,,,,0,,Longo da via,Bom,Sem defeito,Incompleta,Seca,Mal iluminada,Não existe,,,Dupla,Não existe,,
2018-12-13,19:22:00,SEM VÍTIMA,FINALIZADA,BOA VIAGEM,RUA ALMIRANTE SALDANHA DA GAMA,,,LADO OPOSTO AO Nº 45,RUA ALMIRANTE SALDANHA DA GAMA,,LADO OPOSTO AO Nº 45,BOA VIAGEM,,SUBURBIO,CHOQUE VEÍCULO PARADO,,1,,,,,,1,,1,0,,Longo da via,Bom,Não existe,Perfeito estado,Seca,Perfeito estado,,,,Dupla,,,
2018-12-13,19:41:00,SEM VÍTIMA,FINALIZADA,MADALENA,AV BEIRA RIO,,,EM FRENTE AO Nº 80,AV BEIRA RIO,,EM FRENTE AO Nº 80,MADALENA,,SUBURBIO,ABALROAMENTO LONGITUDINAL,COLISÃO SEM VITIMA,2,,,,,,,,,0,,Longo da via,Bom,Não existe,Perfeito estado,Seca,Perfeito estado,Não existe,Não há placas,,Única,Faixa seccionada,,
2018-12-13,20:06:00,SEM VÍTIMA,FINALIZADA,BOA VIAGEM,RUA FRANCISCO DA CUNHA,,,EM FRENTE AO TAYSAN,RUA FRANCISCO DA CUNHA,,EM FRENTE AO TAYSAN,BOA VIAGEM,,CIDADE,COLISÃO COM CICLISTA,AUTO X CICLISTA,1,,,1,,,,,,0,,Longo da via,Bom,Não existe,Perfeito estado,Seca,Perfeito estado,Agente,R-6a,,Única,Não existe,,
2018-12-13,20:45:00,COM VÍTIMA,FINALIZADA,BARRO,AV DR JOSE RUFINO,,,PONTE DO BARRO // APÓS IGREJA DO BARRO,AV DR JOSE RUFINO,,PONTE DO BARRO // APÓS IGREJA DO BARRO,BARRO,615,SUBURBIO,ABALROAMENTO LONGITUDINAL,AUTO X MOTO,1,1,,,,,,,,1,,Longo da via,Bom,Não existe,Incompleta,Seca,Mal iluminada,Não existe,Não há placas,,Dupla,Não existe,,
2018-12-13,22:56:00,SEM VÍTIMA,FINALIZADA,PARNAMIRIM,RUA SEBASTIAO ALVES,,,LADO OPOSTO DO Nº 489,RUA SEBASTIAO ALVES,,LADO OPOSTO DO Nº 489,PARNAMIRIM,,,ABALROAMENTO TRANSVERSAL,DOIS AUTOS,2,,,,,,,,,0,,Cruzamento,Bom,Não existe,Incompleta,Seca,Perfeito estado,Não existe,Não há placas,,Única,Não existe,,
2018-12-14,00:00:00,SEM VÍTIMA,FINALIZADA,AFOGADOS,RUA JOAO IVO DA SILVA,,RUA PADRE TEOFILO TWORZ,,RUA JOAO IVO DA SILVA,,,AFOGADOS,499,SUBURBIO,ABALROAMENTO TRANSVERSAL,COLISÃO ENTRE DOIS AUTOS S/V,2,,,,,,,,,0,,Cruzamento,Bom,Sem defeito,Perfeito estado,Seca,Perfeito estado,Agente,,,Única,,,
2018-12-14,02:07:00,SEM VÍTIMA,FINALIZADA,CASA AMARELA,EST DO ARRAIAL,,RUA PADRE LEMOS,,EST DO ARRAIAL,,,CASA AMARELA,404,SUBURBIO,COLISÃO TRASEIRA,,2,,,,,,,,,0,,Cruzamento,Bom,Sem defeito,Perfeito estado,Seca,Perfeito estado,,,60 km/h,Dupla,Faixa contínua,,
2018-12-14,04:04:00,COM VÍTIMA,FINALIZADA,TEJIPIÓ,AV DR JOSE RUFINO,,RUA ITANHENGA,EM FRENTE AO 4 BPCON,AV DR JOSE RUFINO,,EM FRENTE AO 4 BPCON,TEJIPIÓ,208,SUBURBIO,ABALROAMENTO TRANSVERSAL,COLISÃO ENTRE AUTO E ÔNIBUS C/V,1,,,,,1,,,,2,,Cruzamento,Bom,Sem defeito,Perfeito estado,Seca,Perfeito estado,Faixa de pedestre,R-6a,40 km/h,Dupla,Faixa contínua,,
2018-12-14,07:31:00,COM VÍTIMA,FINALIZADA,SANTO AMARO,AV DA SAUDADE ,,RUA TREZE DE MAIO,EM FRENTE AO CEMITERIO DE SANTO AMARO,AV DA SAUDADE ,,EM FRENTE AO CEMITERIO DE SANTO AMARO,SANTO AMARO,,CIDADE,COLISÃO,COLISÃO COM VITIMA A ESPERA DO SAMU,2,,,,,,,,,1,,Cruzamento,Bom,Sem defeito,Perfeito estado,Seca,Perfeito estado,Faixa de pedestre,Placas Pare,40 km/h,Dupla,Faixa,,
2018-12-14,07:32:00,COM VÍTIMA,FINALIZADA,IMBIRIBEIRA,AV MARECHAL MASCARENHAS DE MORAES,,,EM FRENTE AO AEROPORTO / SENT JABOATAO / SOBRE OS TRILHOS DO TREM,AV MARECHAL MASCARENHAS DE MORAES,,EM FRENTE AO AEROPORTO / SENT JABOATAO / SOBRE OS TRILHOS DO TREM,IMBIRIBEIRA,,SUBURBIO,ABALROAMENTO TRANSVERSAL,MOTO / CAVALO / CARROÇA,,1,,,,,,,1,1,,Cruzamento,Bom,Não existe,Perfeito estado,Seca,Perfeito estado,Não existe,Placas Dê a preferência,60 km/h,Dupla,Canteiro central,,
2018-12-14,08:10:00,SEM VÍTIMA,FINALIZADA,BOA VIAGEM,AV CONSELHEIRO AGUIAR,,RUA RIBEIRO DE BRITO,EM BAIXO SEMAFORO 147,AV CONSELHEIRO AGUIAR,,EM BAIXO SEMAFORO 147,BOA VIAGEM,147,CIDADE,ABALROAMENTO LONGITUDINAL,COLISÃO SEM VITIMAS GM QTH,2,,,,,,,,,0,,Cruzamento,Bom,Sem defeito,Perfeito estado,Seca,Perfeito estado,Faixa de pedestre,Outras,,Única,Faixa contínua,,
2018-12-14,08:16:00,SEM VÍTIMA,FINALIZADA,DOIS IRMÃOS,EST DOS PINTOS,17,,,EST DOS PINTOS,17,,DOIS IRMÃOS,,SUBURBIO,CHOQUE VEÍCULO PARADO,SEM VITIMAs,1,,,,,1,,,,0,,Longo da via,Bom,Não existe,Incompleta,Seca,Perfeito estado,,Não há placas,30 km/h,Dupla,,,
2018-12-14,08:26:00,SEM VÍTIMA,FINALIZADA,PAISSANDU,AV GOVERNADOR AGAMENON MAGALHAES,,,VIA LOCAL ANTES DA ENTRADA DE ACESSO DAS AMBULANCIAS DO HRP,AV GOVERNADOR AGAMENON MAGALHAES,,VIA LOCAL ANTES DA ENTRADA DE ACESSO DAS AMBULANCIAS DO HRP,PAISSANDU,,SUBURBIO,ABALROAMENTO LONGITUDINAL,DOIS AUTOS,2,,,,,,,,,0,,Longo da via,Bom,Sem defeito,Perfeito estado,Seca,Perfeito estado,Não existe,Outras,60 km/h,Dupla,Canteiro central,Canal,
2018-12-14,08:48:00,SEM VÍTIMA,FINALIZADA,ILHA DO RETIRO,AV ENGENHEIRO ABDIAS DE CARVALHO,,,EM FRENTE AO CAMPO DO SPORT,AV ENGENHEIRO ABDIAS DE CARVALHO,,EM FRENTE AO CAMPO DO SPORT,ILHA DO RETIRO,,,COLISÃO,DOIS AUTOS,2,,,,,,,,,0,,,,,,,,,,,,,,
2018-12-14,09:17:00,SEM VÍTIMA,FINALIZADA,ESPINHEIRO,RUA VIGARIO BARRETO,127,,EM FRENTE AO EDIFICIO BARRETO COSTA,RUA VIGARIO BARRETO,127,EM FRENTE AO EDIFICIO BARRETO COSTA,ESPINHEIRO,,,COLISÃO,SEM VITIMA  AUTO PASSEIO E MOTO  CONDUTOR DO AUTO PASSEIO COM SINTOMAS DE EMBRIAGUES,1,1,,,,,,,,0,,,,,,,,,,,,,,
2018-12-14,09:34:00,SEM VÍTIMA,FINALIZADA,PINA,RUA MANOEL DE BRITO,,,NA SAIDA DO TUNEL  AO LADO DO POSTO BR,RUA MANOEL DE BRITO,,NA SAIDA DO TUNEL  AO LADO DO POSTO BR,PINA,,CIDADE,COLISÃO TRASEIRA,SEM VITIMAS  NA SAIDA DO TUNEL DO PINA,2,,,,,,,,,0,,Longo da via,Bom,Não existe,Perfeito estado,Seca,Perfeito estado,Não existe,Não há placas,60 km/h,Única,,,
2018-10-10,09:53:00,SEM VÍTIMA,FINALIZADA,,AV DANTAS BARRETO,,RUA NOSSA SRA DO CARMO,EM FRENTE AO SEMÁFORO 284,AV DANTAS BARRETO,,EM FRENTE AO SEMÁFORO 284,,,CID/SUB,COLISÃO TRASEIRA,,1,,,,,,1,,,0,,Cruzamento,Bom,Sem defeito,Perfeito estado,Seca,Perfeito estado,Outros,Outras,40 km/h,Única,Canteiro central,,
2018-12-14,10:32:00,SEM VÍTIMA,FINALIZADA,CASA FORTE,RUA AFONSO DE ALBUQUERQUE MELO,587,RUA LEONARDO BEZERRA CAVALCANTE,EM FRENTE A LOJA MUNDO PET,RUA AFONSO DE ALBUQUERQUE MELO,587,EM FRENTE A LOJA MUNDO PET,CASA FORTE,,CIDADE,ABALROAMENTO LONGITUDINAL,COLISÃO SEM VITIMAS,2,,,,,,,,,0,,Não informado,Bom,Sem defeito,Perfeito estado,Seca,Perfeito estado,Não existe,Outras,,Única,Faixa seccionada,,
2018-12-14,10:48:00,SEM VÍTIMA,CANCELADA,ESPINHEIRO,RUA CONS PORTELA,665,RUA DO ESPINHEIRO,EM FRENTE A GELERIA CONSELHEIRO PORTELA,RUA CONS PORTELA,665,EM FRENTE A GELERIA CONSELHEIRO PORTELA,ESPINHEIRO,,,COLISÃO,SEM VITIMAS,1,,,,,1,,,,0,,,,,,,,,,,,,,
2018-12-14,11:25:00,SEM VÍTIMA,FINALIZADA,CABANGA,AV ENGENHEIRO JOSE ESTELITA,,,POSTE DA CELPE 09-R,AV ENGENHEIRO JOSE ESTELITA,,POSTE DA CELPE 09-R,CABANGA,,SUBURBIO,ABALROAMENTO LONGITUDINAL,COLISÃO SEM VITIMAS,1,,,,,,1,,,0,,Longo da via,Bom,Não existe,Perfeito estado,Seca,Perfeito estado,Não existe,R-19,60 km/h,Dupla,Faixa seccionada,Canteiro central,
2018-12-14,12:05:00,SEM VÍTIMA,FINALIZADA,JOANA BEZERRA,AV BEIRA RIO,,,EM FRENTE A ACADEMIA DA CIDADE,AV BEIRA RIO,,EM FRENTE A ACADEMIA DA CIDADE,JOANA BEZERRA,,CIDADE,ABALROAMENTO TRANSVERSAL,COLISÃO SEM VÍTIMA,2,,,,,,,,,0,,Não informado,Bom,Não existe,Perfeito estado,Seca,Perfeito estado,,Placas Pare,,Dupla,Faixa contínua,,
2018-12-14,12:14:00,SEM VÍTIMA,CANCELADA,IPUTINGA,RUA SAO MATEUS,,,GALERIA AMANDA MARANHÃO,RUA SAO MATEUS,,GALERIA AMANDA MARANHÃO,IPUTINGA,,SUBURBIO,COLISÃO,COLISÃO SEM VITIMAS,,1,,,,,1,,,0,,,,,,,,,,,,,,
2018-12-14,13:24:00,SEM VÍTIMA,FINALIZADA,SÃO JOSÉ,RUA FLORIANO PEIXOTO,,,APÓS O SEMÁFORO Nº 668,RUA FLORIANO PEIXOTO,,APÓS O SEMÁFORO Nº 668,SÃO JOSÉ,,CIDADE,ABALROAMENTO LONGITUDINAL,COLISAO ENTRE AUTO E ONIBUS S/V,1,,,,,1,,,,0,,Longo da via,Bom,Sem defeito,Perfeito estado,Seca,Perfeito estado,Outros,Outras,40 km/h,Única,Faixa seccionada,,
2018-12-14,13:27:00,SEM VÍTIMA,FINALIZADA,BOA VIAGEM,RUA CAMBOIM,992,,,RUA CAMBOIM,992,,BOA VIAGEM,,SUBURBIO,CHOQUE VEÍCULO PARADO,COLISÃO SEM VÍTIMA,2,,,,,,,,,0,,Longo da via,Bom,Não existe,Não existente,Seca,Mal conservada,Não existe,Não há placas,,Dupla,Não existe,,
2018-12-14,13:29:00,COM VÍTIMA,FINALIZADA,BOA VISTA,AV CONDE DA BOA VISTA,126,,ENTFRENTE AO BRADESCO,AV CONDE DA BOA VISTA,126,ENTFRENTE AO BRADESCO,BOA VISTA,,SUBURBIO,ATROPELAMENTO,PEDESTRE E MOTOCICLISTA,,1,,,1,,,,,1,,Longo da via,Bom,Não existe,Perfeito estado,Seca,Perfeito estado,Não existe,R-6c,40 km/h,Dupla,Canteiro central,,
2018-12-14,13:40:00,COM VÍTIMA,FINALIZADA,BOA VIAGEM,RUA DR JOSE PACIFICO PEREIRA,92,,E/F A PRISMA DISTRIBUIDORA DE RESINAS TERMOPLÁSTICA,RUA DR JOSE PACIFICO PEREIRA,92,E/F A PRISMA DISTRIBUIDORA DE RESINAS TERMOPLÁSTICA,BOA VIAGEM,,SUBURBIO,COLISÃO TRASEIRA,COLISAO ENTRE AUTO E MOTO COM DUAS VITIMAS,1,1,,,,,,,,1,,Longo da via,Bom,Não existe,Perfeito estado,Seca,Perfeito estado,Não existe,Placas Dê a preferência,,Dupla,Não existe,,
2018-12-14,14:01:00,SEM VÍTIMA,FINALIZADA,ÁGUA FRIA,EST VELHA DE AGUA FRIA,,,NA ROTATÓRIA DA ENTRADA DA BOMBA DO HEMETÉRIO,EST VELHA DE AGUA FRIA,,NA ROTATÓRIA DA ENTRADA DA BOMBA DO HEMETÉRIO,ÁGUA FRIA,,SUBURBIO,ABALROAMENTO LONGITUDINAL,COLISÃO SEM VÍTIMA,1,,,,,1,,,,0,,Não informado,Bom,Não existe,Perfeito estado,Seca,Perfeito estado,Não existe,Placas Dê a preferência,40 km/h,Dupla,Faixa seccionada,,
2018-12-14,14:11:00,SEM VÍTIMA,FINALIZADA,TORRE,RUA JOSE BONIFACIO,1141,,EM FRENTE AO EDIFICIO ACACIA,RUA JOSE BONIFACIO,1141,EM FRENTE AO EDIFICIO ACACIA,TORRE,,CIDADE,ABALROAMENTO LONGITUDINAL,COLISÃO SEM VÍTIMA,1,1,,,,,,,,0,,Longo da via,Bom,Sem defeito,Perfeito estado,Seca,Perfeito estado,Não existe,R-6a,,Única,Faixa seccionada,Canteiro central,