data,hora,natureza_acidente,situacao,bairro,endereco,numero,detalhe_endereco_acidente,complemento,endereco_cruzamento,numero_cruzamento,referencia_cruzamento,bairro_cruzamento,num_semaforo,sentido_via,tipo,descricao,auto,moto,ciclom,ciclista,pedestre,onibus,caminhao,viatura,outros,vitimas,vitimasfatais,acidente_verificado,tempo_clima,situacao_semaforo,sinalizacao,condicao_via,conservacao_via,ponto_controle,situacao_placa,velocidade_max_via,mao_direcao,divisao_via1,divisao_via2,divisao_via3
2018-12-17,20:52:00,COM VÍTIMA,FINALIZADA,DERBY,AV GOVERNADOR AGAMENON MAGALHAES,,RUA DOM BOSCO,PROX. A DOM BOSCO,AV GOVERNADOR AGAMENON MAGALHAES,,PROX. A DOM BOSCO,DERBY,174,SUBURBIO,ATROPELAMENTO,,,1,,,1,,,,,1,,Cruzamento,Bom,Sem defeito,Perfeito estado,Seca,Perfeito estado,Faixa de pedestre,Outras,60 km/h,Dupla,Faixa contínua,,
2018-12-17,21:53:00,SEM VÍTIMA,FINALIZADA,DOIS UNIDOS,RUA EXP TEODORO SATIVA,84,,,RUA EXP TEODORO SATIVA,84,,DOIS UNIDOS,,SUBURBIO,ABALROAMENTO LONGITUDINAL,TAXI X ONIBUS,1,,,,,1,,,,0,,Outros,Bom,Não existe,Não existente,Seca,Mal iluminada,Não existe,Não há placas,,Dupla,Não existe,,
2018-12-17,22:00:00,COM VÍTIMA,FINALIZADA,TORRE,AV BEIRA RIO,701,,,AV BEIRA RIO,701,,TORRE,387,SUBURBIO,ABALROAMENTO LONGITUDINAL,MERIVA X MOTO,1,1,,,,,,,,1,,Longo da via,Bom,Sem defeito,Perfeito estado,Seca,Perfeito estado,,,,Dupla,Faixa contínua,,
2018-12-18,06:03:00,SEM VÍTIMA,FINALIZADA,AREIAS,AV RECIFE,,,E/F AO MAKRO  SENTIDO VÁRZEA,AV RECIFE,,E/F AO MAKRO  SENTIDO VÁRZEA,AREIAS,,SUBURBIO,COLISÃO TRASEIRA,SEM VÍTIMAS,1,,,,,1,,,,0,,Longo da via,Bom,Não existe,Perfeito estado,Seca,Perfeito estado,Não existe,Outras,,Dupla,Canteiro central,,
2018-12-18,07:17:00,SEM VÍTIMA,FINALIZADA,ESPINHEIRO,RUA CONS PORTELA,169,RUA SANTO ELIAS,EM FRENTE AO Nº 169,RUA CONS PORTELA,169,EM FRENTE AO Nº 169,ESPINHEIRO,,SUBURBIO,ABALROAMENTO LONGITUDINAL,COLISÃO SEM VITIMAS,2,,,,,,,,,0,,Outros,Bom,Não existe,Perfeito estado,Seca,Perfeito estado,Não existe,,,Única,Faixa seccionada,,
2018-12-18,07:40:00,SEM VÍTIMA,FINALIZADA,DOIS IRMÃOS,RUA RIBEIRO PESSOA,,,ENTRADA DE DOIS IRMÃOS  EM FRENTE A UPA DA CAXANGA,RUA RIBEIRO PESSOA,,ENTRADA DE DOIS IRMÃOS  EM FRENTE A UPA DA CAXANGA,DOIS IRMÃOS,281,SUBURBIO,COLISÃO TRASEIRA,SEM VITIMAS,1,,,,,,1,,,0,,Longo da via,Bom,Sem defeito,Perfeito estado,Seca,Perfeito estado,Faixa de pedestre,Outras,,Dupla,Não existe,,
2018-12-18,08:01:00,SEM VÍTIMA,FINALIZADA,MADALENA,RUA PADRE LANDIM,104,,,RUA PADRE LANDIM,104,,MADALENA,,CIDADE,COLISÃO TRASEIRA,SEM VITIMAS,2,,,,,,,,,0,,Longo da via,Bom,Não existe,Perfeito estado,Seca,Perfeito estado,Não existe,R-6a,,Única,Faixa contínua,,
2018-12-18,08:05:00,SEM VÍTIMA,FINALIZADA,BAIRRO DO RECIFE,AV MILITAR,,,AO LADO DO POSTO BR,AV MILITAR,,AO LADO DO POSTO BR,BAIRRO DO RECIFE,,CIDADE,ABALROAMENTO LONGITUDINAL,COLISÃO ENTRE AUTO E CARRETA SEM VÍTIMAS,1,,,,,,1,,,0,,Outros,Bom,Não existe,Perfeito estado,Seca,,Não existe,Não há placas,,Dupla,Canteiro central,,
2018-12-18,08:11:00,SEM VÍTIMA,FINALIZADA,BOA VIAGEM,RUA GENERAL EDSON AMANCIO RAMALHO,,,POR TRAS DO COLEGIO MOTIVO,RUA GENERAL EDSON AMANCIO RAMALHO,,POR TRAS DO COLEGIO MOTIVO,BOA VIAGEM,,CIDADE,COLISÃO TRASEIRA,COLISÃO SEM VITIMAS,3,,,,,,,,,0,,Longo da via,Bom,,Perfeito estado,Seca,Perfeito estado,Não existe,Não há placas,40 km/h,Única,Faixa seccionada,,
2018-12-18,08:27:00,SEM VÍTIMA,FINALIZADA,MADALENA,AV JOSE GONCALVES DE MEDEIROS,245,RUA COMENDADOR BENTO AGUIAR,EM FRENTE A FARMACIA PAGUE MENOS,AV JOSE GONCALVES DE MEDEIROS,245,EM FRENTE A FARMACIA PAGUE MENOS,MADALENA,,CIDADE,ABALROAMENTO TRANSVERSAL,SEM VITIMAS,1,1,,,,,,,,0,,Cruzamento,Bom,Não existe,Não existente,Seca,Perfeito estado,Não existe,,30 km/h,Dupla,Não existe,,
2018-12-18,08:41:00,COM VÍTIMA,FINALIZADA,SAN MARTIN,AV ENGENHEIRO ABDIAS DE CARVALHO,1800,,EM FRENTE A FUNASE,AV ENGENHEIRO ABDIAS DE CARVALHO,1800,EM FRENTE A FUNASE,SAN MARTIN,,CIDADE,ATROPELAMENTO,PEDESTRE SOCORRIDO PELO SAMU,1,,,,1,,,,,1,,Longo da via,Bom,Não existe,Perfeito estado,Seca,Perfeito estado,Não existe,Outras,,Dupla,Faixa seccionada,Canteiro central,
2018-12-18,08:44:00,SEM VÍTIMA,FINALIZADA,BOA VIAGEM,AV BOA VIAGEM,2574,,E/F AO EDF. PORTO DAS ROCHAS  SENTIDO PINA APÓS A PADARIA BOA VIAGEM,AV BOA VIAGEM,2574,E/F AO EDF. PORTO DAS ROCHAS  SENTIDO PINA APÓS A PADARIA BOA VIAGEM,BOA VIAGEM,,CIDADE,ABALROAMENTO TRANSVERSAL,SEM VÍTIMAS,1,,,,,,,1,,0,,Longo da via,Bom,Não existe,Perfeito estado,Seca,Perfeito estado,Outros,Outras,60 km/h,Única,Faixa seccionada,,
2018-12-18,08:55:00,SEM VÍTIMA,FINALIZADA,VÁRZEA,AV CAXANGA,,,AO LADO DA UPA DA CAXANGA,AV CAXANGA,,AO LADO DA UPA DA CAXANGA,VÁRZEA,281,CIDADE,COLISÃO TRASEIRA,COLISÃO SEM VITIMAS VT 12 QTH,2,,,,,,,,,0,,Longo da via,Bom,Sem defeito,Perfeito estado,Seca,Perfeito estado,Faixa de pedestre,R-6a,,Única,,,
2018-12-18,09:00:00,SEM VÍTIMA,FINALIZADA,BOA VIAGEM,RUA VISCONDE DE JEQUITINHONHA,,AV ARMINDO MOURA,,RUA VISCONDE DE JEQUITINHONHA,,,BOA VIAGEM,258,SUBURBIO,ABALROAMENTO LONGITUDINAL,COLISÃO SEM VITIMAS,1,,,,,1,,,,0,,Cruzamento,Bom,Sem defeito,Perfeito estado,Seca,Perfeito estado,Faixa de pedestre,,,Única,Canal,,
2018-12-18,09:02:00,SEM VÍTIMA,FINALIZADA,JAQUEIRA,AV PARNAMIRIM,,RUA JOAO TUDE DE MELO,,AV PARNAMIRIM,,,JAQUEIRA,10,CIDADE,COLISÃO TRASEIRA,SEM VÍTIMAS. GM PONTO FIXO NO LOCAL.,2,,,,,,,,,0,,Cruzamento,Bom,Sem defeito,Perfeito estado,Seca,Perfeito estado,Agente,,,Única,Não existe,,
2018-12-18,09:10:00,SEM VÍTIMA,FINALIZADA,ENCRUZILHADA,AV BEBERIBE,525,,AO LADO DO Nº 525,AV BEBERIBE,525,AO LADO DO Nº 525,ENCRUZILHADA,,,COLISÃO TRASEIRA,COLISÃO ENTRE AUTO E ÔNIBUS SEM VÍTIMAS,1,,,,,1,,,,0,,Longo da via,Bom,Não existe,Perfeito estado,Seca,Perfeito estado,Não existe,Outras,,Dupla,Faixa contínua,,
2018-12-18,09:12:00,SEM VÍTIMA,FINALIZADA,PAISSANDU,AV GOVERNADOR AGAMENON MAGALHAES,4318,,DE ESQUINA COM O HOSPITAL PORTUGUES EM FRENTE AO EMPRESARIAL RENATO DIAS,AV GOVERNADOR AGAMENON MAGALHAES,4318,DE ESQUINA COM O HOSPITAL PORTUGUES EM FRENTE AO EMPRESARIAL RENATO DIAS,PAISSANDU,,SUBURBIO,COLISÃO TRASEIRA,COLISÃO SEM VITIMAS,1,,,,,1,,,,0,,Longo da via,Bom,Sem defeito,Perfeito estado,Seca,Perfeito estado,,Não há placas,60 km/h,Dupla,Canteiro central,,
2018-12-18,09:17:00,SEM VÍTIMA,FINALIZADA,IPSEP,RUA RIO AMAZONAS,,AV RAIMUNDO DINIZ,,RUA RIO AMAZONAS,,,IPSEP,,CIDADE,COLISÃO FRONTAL,SEM VÍTIMAS,2,,,,,,,,,0,,Não informado,Bom,Não existe,Não existente,Seca,Perfeito estado,Não existe,Não há placas,30 km/h,Dupla,Não existe,,
2018-12-18,09:47:00,SEM VÍTIMA,CANCELADA,ILHA DO RETIRO,AV JOSE GONCALVES DE MEDEIROS,,AV ENGENHEIRO ABDIAS DE CARVALHO,E/F AO SPORT CLUBE DO RECIFE,AV JOSE GONCALVES DE MEDEIROS,,E/F AO SPORT CLUBE DO RECIFE,ILHA DO RETIRO,355,,COLISÃO,SEM VÍTIMAS,1,1,,,,,,,,0,,,,,,,,,,,,,,
2018-12-18,10:04:00,SEM VÍTIMA,FINALIZADA,ILHA JOANA BEZERRA,RUA JARAGUARI,7,,,RUA JARAGUARI,7,,ILHA JOANA BEZERRA,,CIDADE,ABALROAMENTO LONGITUDINAL,COLISÃO SEM VITIMAS,,,,,,1,1,,,0,,Longo da via,Bom,Não existe,Incompleta,Seca,,Não existe,R-6a,,Dupla,Não existe,,
2018-12-18,10:28:00,SEM VÍTIMA,FINALIZADA,SANTO AMARO,AV ENGENHEIRO AGAMENON DE MAGALHAES MELO,,,,AV ENGENHEIRO AGAMENON DE MAGALHAES MELO,,,SANTO AMARO,465,SUBURBIO,ABALROAMENTO LONGITUDINAL,SEM VÍTIMAS,2,,,,,,,,,0,,Longo da via,Bom,Sem defeito,Perfeito estado,Seca,Perfeito estado,Não existe,Não há placas,,Única,Faixa contínua,,
2018-12-18,10:30:00,SEM VÍTIMA,FINALIZADA,COQUEIRAL,RUA FALCAO DE LACERDA,,,TRIGO COMÉRCIO,RUA FALCAO DE LACERDA,,TRIGO COMÉRCIO,COQUEIRAL,285,SUBURBIO,ABALROAMENTO LONGITUDINAL,SEM VITIMAS VT 15 NO LOCAL,2,1,,,,,,,,0,,Não informado,Bom,Sem defeito,Perfeito estado,Seca,Perfeito estado,Faixa de pedestre,Outras,60 km/h,Dupla,,,
2018-12-18,10:45:00,SEM VÍTIMA,FINALIZADA,APIPUCOS,AV DEZESSETE DE AGOSTO,568,,EM FRENTE A CASA DE RECEPÇÕES ARCADIA,AV DEZESSETE DE AGOSTO,568,EM FRENTE A CASA DE RECEPÇÕES ARCADIA,APIPUCOS,,SUBURBIO,CHOQUE OBJETO FIXO,SEM VITIMAS,1,,,,,,,,,0,,,,,,,,,,,,,,
2018-12-18,10:58:00,SEM VÍTIMA,FINALIZADA,PINA,RUA MANOEL DE BRITO,,,DENTRO DO ESTACIONAMENTO DO 19º BPMPE,RUA MANOEL DE BRITO,,DENTRO DO ESTACIONAMENTO DO 19º BPMPE,PINA,,,CHOQUE OBJETO FIXO,MICROÔNIBUS CHOCOU SE COM UM POSTE(EQUIPE DO IC JA ESTEVE NO LOCAL),,,,,,1,,,,0,,,,,,,,,,,,,,
2018-12-18,11:15:00,SEM VÍTIMA,FINALIZADA,SAN MARTIN,AV ENGENHEIRO ABDIAS DE CARVALHO,,AV GENERAL SAN MARTIN,PRÓXIMO AO SEMÁFORO 058,AV ENGENHEIRO ABDIAS DE CARVALHO,,PRÓXIMO AO SEMÁFORO 058,SAN MARTIN,58,CIDADE,ABALROAMENTO LONGITUDINAL,COLISÃO SEM VITIMAS,2,,,,,,,,,0,,Cruzamento,Bom,Sem defeito,Perfeito estado,Seca,Perfeito estado,Faixa de pedestre,R-6a,,Dupla,Canteiro central,,
2018-12-18,11:15:00,SEM VÍTIMA,FINALIZADA,BAIRRO DO RECIFE,PTE BUARQUE DE MACEDO,,CAIS DO APOLO,BANCO DO BRASIL,PTE BUARQUE DE MACEDO,,BANCO DO BRASIL,BAIRRO DO RECIFE,19,SUBURBIO,ABALROAMENTO LONGITUDINAL,,,,,,,1,1,,,0,,Ponte,,Sem defeito,Perfeito estado,Seca,Perfeito estado,Faixa de pedestre,Outras,40 km/h,Única,Faixa seccionada,,
2018-12-18,11:32:00,SEM VÍTIMA,FINALIZADA,IPSEP,AV RECIFE,1260,AV SENADOR ROBERT KENNEDY,,AV RECIFE,1260,,IPSEP,319,SUBURBIO,COLISÃO TRASEIRA,SEM VÍTIMAS,2,,,,,,,,,0,,Cruzamento,Bom,Sem defeito,Perfeito estado,Seca,Perfeito estado,Faixa de pedestre,Outras,,Dupla,Canteiro central,,
2018-12-18,11:38:00,SEM VÍTIMA,FINALIZADA,IBURA,AV SERRA DA MANTIQUEIRA,,AV CHAPADA DO ARARIPE,AO LADO DA ASSMBLEIA DE DEUS,AV SERRA DA MANTIQUEIRA,,AO LADO DA ASSMBLEIA DE DEUS,IBURA,,SUBURBIO,COLISÃO FRONTAL,COLISÃO SEM VITIMAS,1,1,,,,,,,,0,,Não informado,Bom,Não existe,Não existente,Seca,Perfeito estado,Não existe,Não há placas,30 km/h,Dupla,Não existe,,
2018-12-18,11:38:00,COM VÍTIMA,FINALIZADA,IMBIRIBEIRA,AV MARECHAL MASCARENHAS DE MORAES,1043,,EM FRENTE A CONCESSIONARIA MEIRA LINS,AV MARECHAL MASCARENHAS DE MORAES,1043,EM FRENTE A CONCESSIONARIA MEIRA LINS,IMBIRIBEIRA,,CIDADE,COLISÃO TRASEIRA,COM UMA VITIMA  SAMU NO LOCAL LOCAL DESCARACTERIZADO,1,1,,,,,,,,1,,Longo da via,Bom,Não existe,Perfeito estado,Seca,Perfeito estado,Não existe,Outras,,Dupla,Canteiro central,,
2018-12-18,12:11:00,SEM VÍTIMA,FINALIZADA,TAMARINEIRA,AV NORTE,3889,,NA FRENTE A FABRICA DE CIMENTO NASSAU/ POSTO DE COMBUSTIVEL DA AV NORTE,AV NORTE,3889,NA FRENTE A FABRICA DE CIMENTO NASSAU/ POSTO DE COMBUSTIVEL DA AV NORTE,TAMARINEIRA,,CIDADE,ABALROAMENTO LONGITUDINAL,COLISÃO SEM VITIMAS,1,1,,,,,,,,0,,Longo da via,Bom,Não existe,Perfeito estado,Seca,Perfeito estado,Não existe,Outras,,Dupla,Canteiro central,,
2018-12-18,12:13:00,SEM VÍTIMA,FINALIZADA,CASA FORTE,AV DEZESSETE DE AGOSTO,2133,AV DR SEIXAS,PROX. A CAFETERIA CHÁ COM CHITA,AV DEZESSETE DE AGOSTO,2133,PROX. A CAFETERIA CHÁ COM CHITA,CASA FORTE,646,CIDADE,COLISÃO TRASEIRA,DOIS AUTOS S/V,2,,,,,,,,,0,,Não informado,Bom,Sem defeito,Perfeito estado,Seca,Perfeito estado,,R-6a,,Dupla,Faixa contínua,,
2018-12-18,12:34:00,SEM VÍTIMA,FINALIZADA,SANTO AMARO,AV GOVERNADOR AGAMENON MAGALHAES,,,,AV GOVERNADOR AGAMENON MAGALHAES,,,SANTO AMARO,379,CIDADE,COLISÃO TRASEIRA,COLISAO ENTRE TRES AUTOS S/V,3,,,,,,,,,0,,Longo da via,Bom,Sem defeito,Perfeito estado,Seca,Perfeito estado,Faixa de pedestre,Não há placas,,Única,Faixa seccionada,,
2018-12-18,13:04:00,SEM VÍTIMA,FINALIZADA,VÁRZEA,RUA GASTAO VIDIGAL,,AV CAXANGA,,RUA GASTAO VIDIGAL,,,VÁRZEA,281,CIDADE,ABALROAMENTO LONGITUDINAL,COLISÃO SEM VITIMA,1,1,,,,,,,,0,,Cruzamento,Bom,Sem defeito,Ilegível,Seca,Perfeito estado,Não existe,Não há placas,,Dupla,Não existe,,
2018-12-18,13:09:00,COM VÍTIMA,FINALIZADA,CIDADE UNIVERSITÁRIA,AV PROFESSOR LUIZ FREIRE,,RUA ACADEMICO HELIO RAMOS,EM FRENTE A ESCOLA PAULO ROSAS  PROX. A UFPE,AV PROFESSOR LUIZ FREIRE,,EM FRENTE A ESCOLA PAULO ROSAS  PROX. A UFPE,CIDADE UNIVERSITÁRIA,,SUBURBIO,COLISÃO FRONTAL,AUTO MOTO C/V,1,1,,,,,,,,1,,Esquina,Bom,Não existe,Incompleta,Seca,Outros,Não existe,Placas Pare,,Dupla,Faixa,,
2018-12-18,13:48:00,SEM VÍTIMA,FINALIZADA,AREIAS,AV RECIFE,936,,ANTIGO PREDIO DA PREVIDÊNCIA SOCIAL/ E/F A CHURRASCARIA PAJUÇARA,AV RECIFE,936,ANTIGO PREDIO DA PREVIDÊNCIA SOCIAL/ E/F A CHURRASCARIA PAJUÇARA,AREIAS,,SUBURBIO,COLISÃO,,1,,,,,1,,,,0,,,,,,,,,,,,,,
2018-12-18,13:48:00,SEM VÍTIMA,FINALIZADA,BOA VIAGEM,RUA CAPITAO ZUZINHA,,,OPOSTO AO Nº 286,RUA CAPITAO ZUZINHA,,OPOSTO AO Nº 286,BOA VIAGEM,420,CIDADE,ABALROAMENTO LONGITUDINAL,COLISAO ENTRE DOIS AUTOS S/V,2,,,,,,,,,0,,Longo da via,Bom,Sem defeito,Perfeito estado,Seca,Perfeito estado,,Não há placas,,Única,Faixa seccionada,,
2018-12-18,14:19:00,SEM VÍTIMA,PENDENTE,JOANA BEZERRA,,,,NA SUBIDA DO VIADUTO CAPITAO TENUSO  SENTIDO PINA,,,NA SUBIDA DO VIADUTO CAPITAO TENUSO  SENTIDO PINA,JOANA BEZERRA,,SUBURBIO,COLISÃO,COLISÃO SEM VITIMA,1,,,,,,1,,,0,,,,,,,,,,,,,,
2018-12-18,14:52:00,SEM VÍTIMA,CANCELADA,SANTO AMARO,AV DR JAYME DA FONTE,,AV GOVERNADOR AGAMENON MAGALHAES,AO LADO DO CAMPO,AV DR JAYME DA FONTE,,AO LADO DO CAMPO,SANTO AMARO,49,SUBURBIO,COLISÃO,COLISÃO SEM VITIMA,2,,,,,,,,,0,,,,,,,,,,,,,,
2018-12-18,14:55:00,SEM VÍTIMA,FINALIZADA,PINA,AVENIDA CELSO FURTADO (VIA MANGUE),,,EM CIMA DO VIADUTO.  NO FINAL DA VIA MANGUE  SENTIDO PINA,AVENIDA CELSO FURTADO (VIA MANGUE),,EM CIMA DO VIADUTO.  NO FINAL DA VIA MANGUE  SENTIDO PINA,PINA,,SUBURBIO,COLISÃO TRASEIRA,DOIS AUTOS S/V,2,,,,,,,,,0,,Longo da via,Bom,Não existe,Perfeito estado,Seca,Perfeito estado,,Não há placas,,Única,Não existe,,
2018-12-18,15:26:00,SEM VÍTIMA,FINALIZADA,BOA VIAGEM,AV FERNANDO SIMOES BARBOSA,,,,AV FERNANDO SIMOES BARBOSA,,,BOA VIAGEM,321,SUBURBIO,ABALROAMENTO LONGITUDINAL,COLISÃO SEM VITIMA,2,,,,,,,,,0,,Longo da via,Bom,Sem defeito,Perfeito estado,Seca,Perfeito estado,Não existe,Outras,,Dupla,Canteiro central,,
2018-12-18,15:29:00,COM VÍTIMA,FINALIZADA,CASA FORTE,AV DEZESSETE DE AGOSTO,223,,AO AO LADO DA CULTURA INGLESA,AV DEZESSETE DE AGOSTO,223,AO AO LADO DA CULTURA INGLESA,CASA FORTE,,,ATROPELAMENTO,VEICULO ATROPELOU UM PEDESTRE,1,,,,1,,,,,1,,,,,,,,,,,,,,
2018-12-18,16:11:00,SEM VÍTIMA,FINALIZADA,IPSEP,AV RECIFE,,,OFICINA ALINHAUTO,AV RECIFE,,OFICINA ALINHAUTO,IPSEP,,CIDADE,COLISÃO TRASEIRA,SEM VITMA,1,,,,,1,,,,0,,Longo da via,Bom,Não existe,Incompleta,Seca,Perfeito estado,Não existe,Não há placas,,Dupla,Canteiro central,,
2018-12-18,16:54:00,SEM VÍTIMA,FINALIZADA,ILHA DO RETIRO,PRC DA BANDEIRA,62,,PRÓXIMO AO TUNEL CHICO SCIECE,PRC DA BANDEIRA,62,PRÓXIMO AO TUNEL CHICO SCIECE,ILHA DO RETIRO,,SUBURBIO,ABALROAMENTO LONGITUDINAL,AUTO E MICRO ÔNIBUS,1,,,,,1,,,,0,,Longo da via,Bom,Não existe,Perfeito estado,Seca,Perfeito estado,Não existe,Outras,,Única,,,
2018-12-18,17:13:00,SEM VÍTIMA,EQUIPE EM DESLOCAMENTO,BOA VIAGEM,RUA DES JOAO PAES,796,,EDIF. ILHA DE ITAMARACÁ  NA RUA DA FERREIRA PINTO,RUA DES JOAO PAES,796,EDIF. ILHA DE ITAMARACÁ  NA RUA DA FERREIRA PINTO,BOA VIAGEM,,,COLISÃO,COLISÃO SEM VITIMAS,2,,,,,,,,,0,,,,,,,,,,,,,,
2018-12-18,17:21:00,SEM VÍTIMA,FINALIZADA,CAÇOTE,AV RECIFE,1540,,EM FRENTE A SÃO PAULO VEÍCULOS  PRÓXIMO A ENTRADA DO IBURA.,AV RECIFE,1540,EM FRENTE A SÃO PAULO VEÍCULOS  PRÓXIMO A ENTRADA DO IBURA.,CAÇOTE,212,SUBURBIO,COLISÃO TRASEIRA,COLISÃO SEM VÍTIMAS ENTRE 2 AUTOS,2,,,,,,,,,0,,Longo da via,Bom,Sem defeito,Perfeito estado,Seca,Perfeito estado,Faixa de pedestre,Não há placas,,Única,Faixa seccionada,,
2018-12-18,18:11:00,COM VÍTIMA,FINALIZADA,ÁGUA FRIA,EST VELHA DE AGUA FRIA,703,,APOS DNCS S/T AV NORTE,EST VELHA DE AGUA FRIA,703,APOS DNCS S/T AV NORTE,ÁGUA FRIA,,CIDADE,ABALROAMENTO LONGITUDINAL,COLISAO ENTRE AUTO E MOTO COM UMA VITIMA,1,1,,,,,,,,1,,Longo da via,Bom,Não existe,Perfeito estado,Seca,Mal iluminada,Não existe,Outras,,Dupla,Faixa contínua,Faixa seccionada,
2018-12-18,18:14:00,SEM VÍTIMA,FINALIZADA,SÃO JOSÉ,AV SUL,,,LADO OPOSTO GRANDE CONSÓRCIO DO RECIFE,AV SUL,,LADO OPOSTO GRANDE CONSÓRCIO DO RECIFE,SÃO JOSÉ,,CIDADE,COLISÃO,AUTOS S/V,2,,,,,,,,1,0,,Longo da via,Bom,Não existe,Perfeito estado,Seca,Perfeito estado,Não existe,,60 km/h,Dupla,Faixa seccionada,,
2018-12-18,18:49:00,SEM VÍTIMA,FINALIZADA,ESPINHEIRO,AV JOAO DE BARROS,,AV GOVERNADOR AGAMENON MAGALHAES,,AV JOAO DE BARROS,,,ESPINHEIRO,,SUBURBIO,ABALROAMENTO LONGITUDINAL,AUTO X CAMINHÃO S/V.,1,,,,,,1,,,0,,Cruzamento,Bom,Não existe,Perfeito estado,Seca,Perfeito estado,Não existe,Outras,60 km/h,Única,Faixa seccionada,,
2018-12-18,19:33:00,SEM VÍTIMA,FINALIZADA,BOA VISTA,RUA AURORA,,PTE PRINCESA IZABEL,,RUA AURORA,,,BOA VISTA,22,CIDADE,ABALROAMENTO LONGITUDINAL,ONIBUS BRT X ONIX OBS: VT DA CTTU 03 ESTA NO LOCAL,1,,,,,1,,,,0,,Cruzamento,Bom,Sem defeito,Perfeito estado,Seca,Mal iluminada,Faixa de pedestre,R-6a,,Única,Faixa contínua,,
2018-12-18,19:59:00,SEM VÍTIMA,FINALIZADA,MACAXEIRA,AV NORTE,,,ENF A ANTIGA FABRICA DA MACAXEIRA,AV NORTE,,ENF A ANTIGA FABRICA DA MACAXEIRA,MACAXEIRA,,,CHOQUE,CARRETA CHOCA-SE COM POSTE QUE ESTA PEGANDO A METADE DA VIA,,,,,,,,,1,0,,,,,,,,,,,,,,
2018-12-18,20:08:00,SEM VÍTIMA,FINALIZADA,SÃO JOSÉ,RUA IMPERIAL,,TRV PADRE AZEVEDO,SEMÁFORO DE Nº 511,RUA IMPERIAL,,SEMÁFORO DE Nº 511,SÃO JOSÉ,511,SUBURBIO,ABALROAMENTO LONGITUDINAL,AUTO X CICLISTA,1,,,1,,,,,,0,,Cruzamento,Bom,Sem defeito,Perfeito estado,Seca,Perfeito estado,Faixa de pedestre,Não há placas,,Única,Faixa contínua,,
2018-12-19,00:17:00,COM VÍTIMA,FINALIZADA,BOA VIAGEM,AV ENGENHEIRO DOMINGOS FERREIRA,2041,RUA PROFESSOR OSIAS RIBEIRO,EM FRENTE AO LAÇA BURGUER . DELIKATA.,AV ENGENHEIRO DOMINGOS FERREIRA,2041,EM FRENTE AO LAÇA BURGUER . DELIKATA.,BOA VIAGEM,,SUBURBIO,COLISÃO TRASEIRA,COLISÃO ENTRE MOTO E VIATURA DA PM  C/V,,1,,,,,,1,,3,,Longo da via,Bom,Não existe,Perfeito estado,Seca,Perfeito estado,Não existe,,60 km/h,Única,Faixa seccionada,,
2018-12-19,01:39:00,COM VÍTIMA,FINALIZADA,PARNAMIRIM,AV DEZESSETE DE AGOSTO,,PRC RADIO JORNAL DO COMERCIO,PRÓX AO SHOPPING PLAZA,AV DEZESSETE DE AGOSTO,,PRÓX AO SHOPPING PLAZA,PARNAMIRIM,345,CIDADE,COLISÃO TRASEIRA,COLISÃO ENTRE AUTO E MOTO  C/V,1,1,,,,,,,,1,,Longo da via,Bom,Sem defeito,Perfeito estado,Seca,Mal iluminada,Faixa de pedestre,Outras,,Dupla,Faixa,,
2018-12-19,06:48:00,COM VÍTIMA,CANCELADA,AFOGADOS,RUA SAO MIGUEL,432,,EM FRENTE AO ANTIGO COLEGIO MONTEIRO LOBATO,RUA SAO MIGUEL,432,EM FRENTE AO ANTIGO COLEGIO MONTEIRO LOBATO,AFOGADOS,,,COLISÃO,COM UMA VITIMA aguardando SAMU,1,1,,,,,,,,1,,,,,,,,,,,,,,
2018-12-19,07:12:00,SEM VÍTIMA,CANCELADA,ÁGUA FRIA,AV BEBERIBE,1937,,AO LADO DO MERCADO DE AGUA FRIA,AV BEBERIBE,1937,AO LADO DO MERCADO DE AGUA FRIA,ÁGUA FRIA,,CIDADE,COLISÃO,DOIS AUTOS,2,,,,,,,,,0,,,,,,,,,,,,,,