data,hora,natureza_acidente,situacao,bairro,endereco,numero,detalhe_endereco_acidente,complemento,endereco_cruzamento,numero_cruzamento,referencia_cruzamento,bairro_cruzamento,num_semaforo,sentido_via,tipo,descricao,auto,moto,ciclom,ciclista,pedestre,onibus,caminhao,viatura,outros,vitimas,vitimasfatais,acidente_verificado,tempo_clima,situacao_semaforo,sinalizacao,condicao_via,conservacao_via,ponto_controle,situacao_placa,velocidade_max_via,mao_direcao,divisao_via1,divisao_via2,divisao_via3
2018-12-20,11:01:00,COM VÍTIMA,FINALIZADA,DERBY,PTE ESTACIO COIMBRA,,,SOBRE A PONTE DO DERBY. QUARTEL DO DERBY.,PTE ESTACIO COIMBRA,,SOBRE A PONTE DO DERBY. QUARTEL DO DERBY.,DERBY,,CIDADE,COLISÃO TRASEIRA,DUAS MOTOS,,2,,,,,,,,1,,Ponte,Bom,Não existe,Perfeito estado,Seca,Perfeito estado,Não existe,Não há placas,,Dupla,Faixa contínua,,
2018-12-20,11:22:00,SEM VÍTIMA,FINALIZADA,BOA VISTA,RUA GERVASIO PIRES,165,RUA PALMARES,,RUA GERVASIO PIRES,165,,BOA VISTA,,CIDADE,CHOQUE OBJETO FIXO,VEÍCULO CHOCOU SE COM UM POSTE,1,,,,,,,,,0,,Cruzamento,Bom,Não existe,Perfeito estado,Seca,Perfeito estado,Não existe,Não há placas,30 km/h,Única,Não existe,,
2018-12-20,12:24:00,SEM VÍTIMA,FINALIZADA,IPSEP,AV RECIFE,,,E/F AO ATACAMAX ATACADO S/T,AV RECIFE,,E/F AO ATACAMAX ATACADO S/T,IPSEP,,,COLISÃO,COLISAO ENTRE CAMINHAO E AUTO S/V,1,,,,,,1,,,0,,,,,,,,,,,,,,
2018-12-20,12:36:00,SEM VÍTIMA,FINALIZADA,SAN MARTIN,RUA FARROUPILHA,165 B,RUA SIGISMUNDO CABRAL DE MELO,,RUA FARROUPILHA,165 B,,SAN MARTIN,,SUBURBIO,ABALROAMENTO TRANSVERSAL,COLISAO ENRE DOIS AUTOS S/V,2,,,,,,,,,0,,Cruzamento,Bom,Não existe,Perfeito estado,Seca,Perfeito estado,Não existe,Não há placas,,Dupla,Não existe,,
2018-12-20,12:56:00,SEM VÍTIMA,CANCELADA,CORDEIRO,RUA ODETE MONTEIRO,,,NA FRENTYE DA ESCOLA MUNICIPAL DARCY RIBEIRO,RUA ODETE MONTEIRO,,NA FRENTYE DA ESCOLA MUNICIPAL DARCY RIBEIRO,CORDEIRO,,,COLISÃO,COLISÃO SEM VITIMA,1,1,,,,,,,,0,,,,,,,,,,,,,,
2018-12-20,13:13:00,SEM VÍTIMA,FINALIZADA,SAN MARTIN,AV GENERAL SAN MARTIN,,,LADO OPOSTO AO 1449,AV GENERAL SAN MARTIN,,LADO OPOSTO AO 1449,SAN MARTIN,,SUBURBIO,COLISÃO TRASEIRA,COLISAO ENTRE ONIBUS E AUTO S/V,1,,,,,,1,,,0,,Longo da via,Bom,Não existe,Perfeito estado,Seca,Perfeito estado,Não existe,R-6a,,Dupla,Faixa contínua,,
2018-12-20,13:21:00,COM VÍTIMA,CANCELADA,PARNAMIRIM,RUA FERREIRA LOPES,,RUA DO MARQUES,COLGIO JOSE VIRELA,RUA FERREIRA LOPES,,COLGIO JOSE VIRELA,PARNAMIRIM,,,COLISÃO,COLISÃO COM VITIMA,2,1,,,,,,,,1,,,,,,,,,,,,,,
2018-12-20,13:42:00,COM VÍTIMA,FINALIZADA,ÁGUA FRIA,AV BEBERIBE,2243,RUA PROFESSORA LOURDES DUTRA,EM FRENTE AO SOBERANO. AO LADO DO MERCADINHO DOIS IRMÃOS.,AV BEBERIBE,2243,EM FRENTE AO SOBERANO. AO LADO DO MERCADINHO DOIS IRMÃOS.,ÁGUA FRIA,,SUBURBIO,ABALROAMENTO TRANSVERSAL,COLISÃO COM VITIMA,1,1,,,,,,,,1,,Esquina,Bom,Não existe,Perfeito estado,Molhada,Perfeito estado,Não existe,Outras,,Dupla,Faixa contínua,Faixa seccionada,
2018-12-20,13:54:00,COM VÍTIMA,FINALIZADA,PAISSANDU,AV GOVERNADOR AGAMENON MAGALHAES,,RUA PAISSANDU,SENTIDO OLINDA / BOA VIAGEM.,AV GOVERNADOR AGAMENON MAGALHAES,,SENTIDO OLINDA / BOA VIAGEM.,PAISSANDU,69,CIDADE,ABALROAMENTO LONGITUDINAL,,1,1,,,,,,,,1,,Longo da via,Bom,Sem defeito,Perfeito estado,Seca,Perfeito estado,Faixa de pedestre,R-19,60 km/h,Única,Faixa,,
2018-12-20,14:07:00,SEM VÍTIMA,FINALIZADA,CAXANGÁ,AV CAXANGA,,,EM FRENTE AO POSTO IPIRANGA,AV CAXANGA,,EM FRENTE AO POSTO IPIRANGA,CAXANGÁ,,CIDADE,COLISÃO TRASEIRA,COLISÃO SEM VÍTIMA,2,,,,,,,,,0,,Longo da via,Bom,Não existe,Perfeito estado,Seca,Perfeito estado,Não existe,R-6a,,Única,Faixa seccionada,Canteiro central,
2018-12-20,14:12:00,SEM VÍTIMA,FINALIZADA,MADALENA,RUA DR NAPOLEAO LAUREANO,231,RUA NOBRE DE LACERDA,IMÓVEL DE Nº 231,RUA DR NAPOLEAO LAUREANO,231,IMÓVEL DE Nº 231,MADALENA,,CIDADE,ABALROAMENTO TRANSVERSAL,COLISÃO SEM VÍTIMA,2,,,,,,,,,0,,Cruzamento,Bom,Não existe,Não existente,Seca,Perfeito estado,Não existe,Outras,,Dupla,Não existe,,
2018-12-20,14:19:00,SEM VÍTIMA,FINALIZADA,BOA VISTA,AV GOVERNADOR AGAMENON MAGALHAES,,RUA JOAQUIM FELIPE,E/F AO WALMART AO LADO DA IGREJA DA CAPUNGA,AV GOVERNADOR AGAMENON MAGALHAES,,E/F AO WALMART AO LADO DA IGREJA DA CAPUNGA,BOA VISTA,,,COLISÃO,COLISAO ENTRE CARRO FORTE E AUTO S/V,1,,,,,,1,,,0,,,,,,,,,,,,,,
2018-12-20,14:20:00,SEM VÍTIMA,FINALIZADA,JAQUEIRA,RUA DEPUTADO PEDRO PIRES FERREIRA,,,PARQUE DA JAQUEIRA,RUA DEPUTADO PEDRO PIRES FERREIRA,,PARQUE DA JAQUEIRA,JAQUEIRA,,SUBURBIO,ABALROAMENTO TRANSVERSAL,COLISÃO SEM VÍTIMA,2,,,,,,,,,0,,Longo da via,Bom,Não existe,Perfeito estado,Seca,Perfeito estado,,Outras,30 km/h,Dupla,,,
2018-12-20,14:45:00,SEM VÍTIMA,FINALIZADA,BOA VIAGEM,AV ENGENHEIRO DOMINGOS FERREIRA,,,PROX AO EMPRESARIAL PAULO MIRANDA AO LADO DA DROGARIA SAO PAULO,AV ENGENHEIRO DOMINGOS FERREIRA,,PROX AO EMPRESARIAL PAULO MIRANDA AO LADO DA DROGARIA SAO PAULO,BOA VIAGEM,,,COLISÃO,COLISAO ENTRE TRES AUTOS S/V,3,,,,,,,,,0,,,,,,,,,,,,,,
2018-12-20,15:13:00,SEM VÍTIMA,FINALIZADA,IPSEP,RUA PINTOR ANTONIO ALBUQUERQUE,16,,ESQUINA DA ENTRADA DESTA RUA AO MLADO DO POSTO SHEL,RUA PINTOR ANTONIO ALBUQUERQUE,16,ESQUINA DA ENTRADA DESTA RUA AO MLADO DO POSTO SHEL,IPSEP,,,COLISÃO,COLISAO ENTRE CAMINHAO E ONIBUS S/V,,,,,,1,1,,,0,,,,,,,,,,,,,,
2018-12-20,15:29:00,SEM VÍTIMA,PENDENTE,IMBIRIBEIRA,AV MARECHAL MASCARENHAS DE MORAES,,,PROX A CONTINENTAL LOJA DE PNEUS AO LADO DO MURO DO AEROPORTO S/T CID,AV MARECHAL MASCARENHAS DE MORAES,,PROX A CONTINENTAL LOJA DE PNEUS AO LADO DO MURO DO AEROPORTO S/T CID,IMBIRIBEIRA,,,COLISÃO,COLISAO ENTRE ONIBUS E AUTO S/V,1,,,,,1,,,,0,,,,,,,,,,,,,,
2018-12-20,15:35:00,SEM VÍTIMA,FINALIZADA,SANTO AMARO,AV PREFEITO ARTUR LIMA CAVALCANTI,,,APÓS A PONTE LIMOEIRO A DIREITA/ SENTIDO CAMPO GRANDE,AV PREFEITO ARTUR LIMA CAVALCANTI,,APÓS A PONTE LIMOEIRO A DIREITA/ SENTIDO CAMPO GRANDE,SANTO AMARO,,SUBURBIO,ABALROAMENTO LONGITUDINAL,COLISÃO SEM VÍTIMA,2,,,,,,,,,0,,Longo da via,Bom,Não existe,Perfeito estado,Seca,Perfeito estado,Não existe,Outras,40 km/h,Dupla,Canteiro central,,
2018-12-20,15:53:00,COM VÍTIMA,FINALIZADA,CASA AMARELA,RUA PADRE LEMOS,485,,EM FRENTE AO CORREIOS,RUA PADRE LEMOS,485,EM FRENTE AO CORREIOS,CASA AMARELA,,SUBURBIO,ABALROAMENTO TRANSVERSAL,COLISÃO COM VÍTIMA,1,1,,,,,,,,1,,Longo da via,Bom,Não existe,Perfeito estado,Seca,Perfeito estado,Não existe,Não há placas,40 km/h,Dupla,Faixa seccionada,,
2018-12-20,16:13:00,SEM VÍTIMA,FINALIZADA,VÁRZEA,RUA MARECHAL MANOEL LUIS OSORIO,447,RUA PROFESSOR ANTONIO COELHO,,RUA MARECHAL MANOEL LUIS OSORIO,447,,VÁRZEA,,SUBURBIO,ABALROAMENTO TRANSVERSAL,COLISAO ENTRE DOIS AUTOS S/V,2,,,,,,,,,0,,Cruzamento,Bom,Não existe,Não existente,Seca,Perfeito estado,Não existe,Não há placas,,Dupla,Não existe,,
2018-12-20,16:52:00,SEM VÍTIMA,FINALIZADA,PINA,RUA TOME GIBSON,,AV ENGENHEIRO DOMINGOS FERREIRA,SOB O SEMÁFORO Nº 200,RUA TOME GIBSON,,SOB O SEMÁFORO Nº 200,PINA,,,ABALROAMENTO LONGITUDINAL,COLISÃO SEM VÍTIMA,2,,,,,,,,,0,,Cruzamento,Bom,Sem defeito,Perfeito estado,Seca,Perfeito estado,,Outras,,Dupla,Não existe,,
2018-12-20,16:52:00,SEM VÍTIMA,FINALIZADA,SANTO AMARO,AV VISCONDE DE SUASSUNA,,,EM FRENTE AO MPPE,AV VISCONDE DE SUASSUNA,,EM FRENTE AO MPPE,SANTO AMARO,,SUBURBIO,ABALROAMENTO LONGITUDINAL,EVENTO COM AUTORIDADE MÁXIMA DO MUNICÍPIO,2,,,,,,,,,0,,Longo da via,Bom,Sem defeito,Perfeito estado,Seca,Perfeito estado,Não existe,Não há placas,,Única,Faixa seccionada,,
2018-12-20,17:01:00,SEM VÍTIMA,FINALIZADA,ILHA DO RETIRO,RUA SPORT CLUBE DO RECIFE,,,EM FRENTE A FACULDADE DE ADMINISTRAÇÃO E DIREITO,RUA SPORT CLUBE DO RECIFE,,EM FRENTE A FACULDADE DE ADMINISTRAÇÃO E DIREITO,ILHA DO RETIRO,481,,COLISÃO TRASEIRA,COLISAO ENTRE AUTO E MOTO S/V,1,1,,,,,,,,0,,Longo da via,Bom,Sem defeito,Perfeito estado,Seca,Perfeito estado,Faixa de pedestre,Outras,,Dupla,Canteiro central,,
2018-12-20,17:01:00,COM VÍTIMA,FINALIZADA,ZUMBI,RUA CONS THEODORO,25,,,RUA CONS THEODORO,25,,ZUMBI,,SUBURBIO,COLISÃO COM CICLISTA,MOTO DA POLICIA E BICICLETA COM DUAS CRIANÇAS,,1,,1,,,,,,2,,Longo da via,Bom,Não existe,Não existente,Seca,Perfeito estado,Não existe,Placas Pare,,Dupla,Faixa contínua,,
2018-12-20,17:44:00,SEM VÍTIMA,CANCELADA,SANTO AMARO,RUA SAO GERALDO,,,PROX. A SDS,RUA SAO GERALDO,,PROX. A SDS,SANTO AMARO,,,COLISÃO,COLISÃO SEM VITIMA,2,,,,,,,,,0,,,,,,,,,,,,,,
2018-12-20,17:52:00,SEM VÍTIMA,FINALIZADA,JORDÃO,AV MARIA IRENE,,,ENFRENTE AO POSTO DE COMBUSTIVEL IPIRANGA E A PRAÇA DO JORDÃO,AV MARIA IRENE,,ENFRENTE AO POSTO DE COMBUSTIVEL IPIRANGA E A PRAÇA DO JORDÃO,JORDÃO,,SUBURBIO,ABALROAMENTO TRANSVERSAL,COLISÃO SEM VITIMA,1,1,,,,,,,,0,,Longo da via,Bom,Não existe,Não existente,Seca,Perfeito estado,Não existe,Não há placas,60 km/h,Dupla,Não existe,,
2018-12-20,18:03:00,SEM VÍTIMA,EQUIPE EM DESLOCAMENTO,SANTO AMARO,AV VISCONDE DE SUASSUNA,,,ENFRENTE AO EDIF. PROMOTOR PAULO CAVALCANTI,AV VISCONDE DE SUASSUNA,,ENFRENTE AO EDIF. PROMOTOR PAULO CAVALCANTI,SANTO AMARO,,,COLISÃO,COLISÃO SEM VITIMA,2,,,,,,,,,0,,,,,,,,,,,,,,
2018-12-20,18:23:00,SEM VÍTIMA,FINALIZADA,BOA VISTA,AV DANTAS BARRETO,,,PROX A FARMACIA DO TRABALHADOR E O BRT SENTIDO PRC DO CARMO,AV DANTAS BARRETO,,PROX A FARMACIA DO TRABALHADOR E O BRT SENTIDO PRC DO CARMO,BOA VISTA,,,COLISÃO,ONIBUS X AUTO,1,,,,,1,,,,0,,Longo da via,Bom,Não existe,Perfeito estado,Seca,Perfeito estado,Não existe,Não há placas,,Única,Canteiro central,,
2018-12-20,18:49:00,SEM VÍTIMA,CANCELADA,DERBY,AV GOVERNADOR AGAMENON MAGALHAES,,,PROX. AO MEMORIAL SÃO JOSÉ  SENTIDO OLINDA,AV GOVERNADOR AGAMENON MAGALHAES,,PROX. AO MEMORIAL SÃO JOSÉ  SENTIDO OLINDA,DERBY,,CIDADE,COLISÃO,COLISÃO SEM VITIMAS,2,,,,,,,,,0,,,,,,,,,,,,,,
2018-12-20,18:52:00,SEM VÍTIMA,FINALIZADA,SANTO ANTÔNIO,PRC DA REPUBLICA,,,SOB O SEMÁFORO Nº 488,PRC DA REPUBLICA,,SOB O SEMÁFORO Nº 488,SANTO ANTÔNIO,488,,COLISÃO TRASEIRA,,4,,,,,,,,,0,,Longo da via,Bom,Sem defeito,Perfeito estado,Seca,Perfeito estado,Faixa de pedestre,Outras,40 km/h,Única,Faixa contínua,,
2018-12-20,18:58:00,SEM VÍTIMA,FINALIZADA,MADALENA,RUA JOSE OSORIO,706,,EM FRENTE A REALIZE CAR,RUA JOSE OSORIO,706,EM FRENTE A REALIZE CAR,MADALENA,,SUBURBIO,COLISÃO TRASEIRA,DOIS AUTO,2,,,,,,,,,0,,Longo da via,Bom,Não existe,Perfeito estado,Seca,Perfeito estado,Não existe,Não há placas,,Dupla,Faixa contínua,,
2018-12-20,19:15:00,SEM VÍTIMA,FINALIZADA,BOA VIAGEM,RUA ERNESTO DE PAULA SANTOS,848,,EDF CASTELO DE YORK,RUA ERNESTO DE PAULA SANTOS,848,EDF CASTELO DE YORK,BOA VIAGEM,304,CIDADE,ABALROAMENTO LONGITUDINAL,TAXI X PALIO,2,,,,,,,,,0,,Longo da via,Bom,Sem defeito,Perfeito estado,Seca,Perfeito estado,Faixa de pedestre,Outras,,Única,Faixa contínua,,
2018-12-20,19:21:00,SEM VÍTIMA,FINALIZADA,GRAÇAS,RUA CONS PORTELA,,AV CONS ROSA E SILVA,BOM PREÇO,RUA CONS PORTELA,,BOM PREÇO,GRAÇAS,,SUBURBIO,ABALROAMENTO LONGITUDINAL,COLISÃO SEM VITIMAS,1,,,,,1,,,,0,,Cruzamento,Bom,Sem defeito,Perfeito estado,Seca,Perfeito estado,Faixa de pedestre,Outras,,Única,Faixa seccionada,,
2018-12-20,19:39:00,SEM VÍTIMA,FINALIZADA,SANTO AMARO,AV CRUZ CABUGA,,RUA MORAES DE INHAMA,PRAÇA 11 DE JULHO,AV CRUZ CABUGA,,PRAÇA 11 DE JULHO,SANTO AMARO,344,,ABALROAMENTO LONGITUDINAL,FORD K X CAMINHAO,1,,,,,,1,,,0,,Longo da via,Bom,Sem defeito,Perfeito estado,Seca,Perfeito estado,Não existe,Outras,,Dupla,Faixa contínua,,
2018-12-20,19:51:00,COM VÍTIMA,FINALIZADA,TORRE,RUA JOSE BONIFACIO,,,EM FRENTE A IGREJA BATISTA,RUA JOSE BONIFACIO,,EM FRENTE A IGREJA BATISTA,TORRE,576,,COLISÃO TRASEIRA,COLISÃO COM VITIMA,2,,,,,,,,,1,,Longo da via,Bom,Sem defeito,Perfeito estado,Seca,Perfeito estado,Faixa de pedestre,Outras,,Única,Faixa seccionada,,
2018-12-20,20:25:00,SEM VÍTIMA,FINALIZADA,JARDIM SÃO PAULO,RUA LORENA,104,RUA BRAGANCA,,RUA LORENA,104,,JARDIM SÃO PAULO,,SUBURBIO,ABALROAMENTO TRANSVERSAL,COLISÃO SEM VITIMAS,2,,,,,,,,,0,,Cruzamento,Bom,Sem defeito,,Seca,Perfeito estado,Não existe,Placas Pare,,,,,
2018-12-20,21:08:00,COM VÍTIMA,FINALIZADA,JARDIM SÃO PAULO,RUA LORENA,,RUA LEANDRO BARRETO,PROX ACADEMIA WM NA DECIDA DO VIADUTO DE JARDIM SAO PAULO,RUA LORENA,,PROX ACADEMIA WM NA DECIDA DO VIADUTO DE JARDIM SAO PAULO,JARDIM SÃO PAULO,,SUBURBIO,ABALROAMENTO TRANSVERSAL,CHEVROLET CLASSIC X MOTO OBS::: VT 11 DA CTTU NO LOCAL,1,1,,,,,,,,1,,Cruzamento,Bom,Não existe,Incompleta,Seca,Mal iluminada,Não existe,Não há placas,,Dupla,Não existe,,
2018-12-20,21:11:00,SEM VÍTIMA,FINALIZADA,TEJIPIÓ,AV DR JOSE RUFINO,,,POSTO IPIRANGA,AV DR JOSE RUFINO,,POSTO IPIRANGA,TEJIPIÓ,,SUBURBIO,ABALROAMENTO LONGITUDINAL,COLISÃO SEM VITIMAS,1,,,,,,1,,,0,,Longo da via,Bom,Não existe,Perfeito estado,Seca,Perfeito estado,,,,Dupla,Faixa contínua,,
2018-12-20,21:40:00,SEM VÍTIMA,CANCELADA,BOA VIAGEM,AV MARECHAL JUAREZ TAVORA,313,,ENF A FABRICA DA NESTLE,AV MARECHAL JUAREZ TAVORA,313,ENF A FABRICA DA NESTLE,BOA VIAGEM,,,CHOQUE,CAMARO CHOCOU-SE COM ARVORE OBS:: MOTORISTA ABANDONOU O VEICULO OCUPANDO UMA DAS FAIXAS (ATRAVESSADO),1,,,,,,,,1,0,,,,,,,,,,,,,,
2018-12-20,22:14:00,SEM VÍTIMA,CANCELADA,AREIAS,RUA MAJOR CHAGAS DE OLIVEIRA,,,PROX AO HOTEL OLIMPIKUS,RUA MAJOR CHAGAS DE OLIVEIRA,,PROX AO HOTEL OLIMPIKUS,AREIAS,,,COLISÃO,FISTA X PALIO,2,,,,,,,,,0,,,,,,,,,,,,,,
2018-12-20,23:18:00,SEM VÍTIMA,FINALIZADA,AFOGADOS,RUA COSME VIANA,,,,RUA COSME VIANA,,,AFOGADOS,499,SUBURBIO,COLISÃO TRASEIRA,TAXI X HRV,2,,,,,,,,,0,,Cruzamento,Bom,Sem defeito,Perfeito estado,Seca,Perfeito estado,Faixa de pedestre,R-6a,,Única,Faixa contínua,Canteiro central,
2018-12-20,23:41:00,COM VÍTIMA,FINALIZADA,AREIAS,AV DR JOSE RUFINO,1243,,ENF AO SUPERMERCADO ARCO-MIX,AV DR JOSE RUFINO,1243,ENF AO SUPERMERCADO ARCO-MIX,AREIAS,,CIDADE,COLISÃO TRASEIRA,PEUGEOT X MOTO,1,1,,,,,,,,1,,Longo da via,Bom,Não existe,Incompleta,Seca,Perfeito estado,Não existe,Não há placas,,Dupla,Faixa seccionada,,
2018-12-20,23:58:00,SEM VÍTIMA,FINALIZADA,SANTO ANTÔNIO,PRC DA REPUBLICA,,AV MARTINS DE BARROS,,PRC DA REPUBLICA,,,SANTO ANTÔNIO,,CIDADE,ABALROAMENTO TRANSVERSAL,UNO X COBALT,2,,,,,,,,,0,,Cruzamento,Bom,Sem defeito,Perfeito estado,Seca,Perfeito estado,Faixa de pedestre,Não há placas,60 km/h,Dupla,Faixa contínua,,
2018-12-21,01:15:00,SEM VÍTIMA,FINALIZADA,CASA FORTE,AV DEZESSETE DE AGOSTO,1316,,EM FRENTE A PRAÇA DE CASA FORTE,AV DEZESSETE DE AGOSTO,1316,EM FRENTE A PRAÇA DE CASA FORTE,CASA FORTE,,SUBURBIO,ABALROAMENTO LONGITUDINAL,COLISÃO ENTRE DOIS AUTOS S/V,2,,,,,,,,,0,,Longo da via,Bom,Não existe,Perfeito estado,Seca,Mal iluminada,Não existe,Não há placas,,Dupla,Faixa contínua,,
2018-12-21,01:24:00,SEM VÍTIMA,CANCELADA,BOA VIAGEM,AV ENGENHEIRO DOMINGOS FERREIRA,,,PRÓX AO POSTO TOTAL // PRÓX A ASSISTÊNCIA DA SAMSUNG,AV ENGENHEIRO DOMINGOS FERREIRA,,PRÓX AO POSTO TOTAL // PRÓX A ASSISTÊNCIA DA SAMSUNG,BOA VIAGEM,,,COLISÃO,COLISÃO ENTRE AUTO E MOTO S/V,1,1,,,,,,,,0,,,,,,,,,,,,,,
2018-12-21,01:45:00,SEM VÍTIMA,FINALIZADA,HIPÓDROMO,RUA PROFESSOR JERONIMO GUEIROS,,RUA MEM DE SA,,RUA PROFESSOR JERONIMO GUEIROS,,,HIPÓDROMO,495,,ABALROAMENTO TRANSVERSAL,COLISÃO ENTRE DOIS AUTOS S/V,2,,,,,,,,,0,,Cruzamento,Bom,Sem defeito,Incompleta,Seca,Mal iluminada,Não existe,Outras,,Dupla,Canal,,
2018-12-21,02:04:00,SEM VÍTIMA,FINALIZADA,BOA VIAGEM,RUA PADRE CARAPUCEIRO,,RUA PROFESSOR JOAO MEDEIROS,,RUA PADRE CARAPUCEIRO,,,BOA VIAGEM,321,CIDADE,ABALROAMENTO TRANSVERSAL,COLISÃO ENTRE DOIS AUTOS  SEM VÍTIMAS.,2,,,,,,,,,0,,Cruzamento,Bom,Sem defeito,Perfeito estado,Seca,Perfeito estado,Faixa de pedestre,Não há placas,60 km/h,Única,Faixa contínua,,
2018-12-21,07:21:00,SEM VÍTIMA,FINALIZADA,ESTÂNCIA,RUA JOAO TEIXEIRA,48,,ENTRE O ATACAREJO SHOPPING E COLEGIO VISÃO,RUA JOAO TEIXEIRA,48,ENTRE O ATACAREJO SHOPPING E COLEGIO VISÃO,ESTÂNCIA,,CIDADE,ABALROAMENTO LONGITUDINAL,CAMINHÃO E AUTO,1,,,,,,1,,,0,,Longo da via,Bom,Sem defeito,Perfeito estado,Seca,Perfeito estado,Faixa de pedestre,Outras,,Única,Não existe,,
2018-12-21,08:31:00,SEM VÍTIMA,FINALIZADA,IMBIRIBEIRA,AV MARECHAL MASCARENHAS DE MORAES,,,AO LADO DO ATACADO DOS PRESENTES NA ENTRADA DA ESTAÇÃO TANCREDO NEVES,AV MARECHAL MASCARENHAS DE MORAES,,AO LADO DO ATACADO DOS PRESENTES NA ENTRADA DA ESTAÇÃO TANCREDO NEVES,IMBIRIBEIRA,,,COLISÃO,COLISÃO SEM VITIMAS,1,,,,,1,,,,0,,,,,,,,,,,,,,
2018-12-21,09:05:00,SEM VÍTIMA,FINALIZADA,BOA VIAGEM,RUA MARQUES DE VALENCA,223,RUA FRANCISCO DE BARROS BARRETO,,RUA MARQUES DE VALENCA,223,,BOA VIAGEM,,CIDADE,ABALROAMENTO TRANSVERSAL,DOIS AUTOS,2,,,,,,,,,0,,Cruzamento,Bom,Não existe,,Seca,,Não existe,Placas Pare,,Dupla,Não existe,,
2018-12-21,09:39:00,SEM VÍTIMA,FINALIZADA,ILHA JOANA BEZERRA,AV BEIRA RIO,,,AO LADO DO CANAL PROX A ACADEMIA DA CIDADE,AV BEIRA RIO,,AO LADO DO CANAL PROX A ACADEMIA DA CIDADE,ILHA JOANA BEZERRA,,SUBURBIO,COLISÃO TRASEIRA,COLISÃO SEM VITIMAS,4,,,,,,,,,0,,Longo da via,Bom,Não existe,Perfeito estado,Seca,Perfeito estado,Não existe,Não há placas,,Única,Faixa contínua,,
2018-12-21,09:53:00,SEM VÍTIMA,FINALIZADA,NOVA DESCOBERTA,RUA ALTO DA BRASILEIRA,,,EM FRENTE AO COLEGIO PROFESSOR MAURO MOTA,RUA ALTO DA BRASILEIRA,,EM FRENTE AO COLEGIO PROFESSOR MAURO MOTA,NOVA DESCOBERTA,,,COLISÃO,VAN E AUTO PASSAIO,1,,,,,1,,,,0,,,,,,,,,,,,,,
2018-12-19,08:11:00,COM VÍTIMA,FINALIZADA,ESPINHEIRO,RUA CONS PORTELA,504,RUA QUARENTA E OITO,E/F A FARMACIA PAGUE MENOS,RUA CONS PORTELA,504,E/F A FARMACIA PAGUE MENOS,ESPINHEIRO,11,SUBURBIO,ABALROAMENTO LONGITUDINAL,COM UMA VÍTIMA. VT 07,1,1,,,,,,,,1,,Cruzamento,Bom,Sem defeito,Perfeito estado,Seca,Perfeito estado,Faixa de pedestre,R-6a,40 km/h,Única,Faixa contínua,,
2018-12-21,10:21:00,SEM VÍTIMA,FINALIZADA,AFOGADOS,EST DOS REMEDIOS,,,E/F A CONCESSIONÁRIA CITROEN,EST DOS REMEDIOS,,E/F A CONCESSIONÁRIA CITROEN,AFOGADOS,,CIDADE,COLISÃO TRASEIRA,SEM VÍTIMAS,3,,,,,1,,,,0,,Longo da via,Bom,Não existe,Perfeito estado,Seca,Perfeito estado,Não existe,Não há placas,,Única,Faixa seccionada,,
2018-12-21,10:45:00,SEM VÍTIMA,FINALIZADA,ILHA DO RETIRO,RUA SPORT CLUBE DO RECIFE,,,SPORT CLUB DO RECIFE,RUA SPORT CLUBE DO RECIFE,,SPORT CLUB DO RECIFE,ILHA DO RETIRO,355,SUBURBIO,ABALROAMENTO LONGITUDINAL,AMBULANCIA E AUTO PASSEIO,1,,,,,,,1,,0,,Longo da via,Bom,Sem defeito,Perfeito estado,Seca,Perfeito estado,Não existe,Outras,,Dupla,Canteiro central,,
2018-12-21,11:11:00,COM VÍTIMA,FINALIZADA,PARNAMIRIM,AV PARNAMIRIM,,RUA JOAO TUDE DE MELO,AO LADO DO SHOPPING PARNAMIRIM.,AV PARNAMIRIM,,AO LADO DO SHOPPING PARNAMIRIM.,PARNAMIRIM,,SUBURBIO,ABALROAMENTO LONGITUDINAL,DOIS AUTO E MOTO,2,1,,,,,,,,1,,Longo da via,Bom,Não existe,Perfeito estado,Seca,Perfeito estado,Outros,Outras,,Dupla,Faixa seccionada,,